series,x,y
KDE,-0.5,0.0
KDE,0.0,0.0
KDE,-0.498046875,0.0
KDE,-0.494140625,0.0
KDE,-0.490234375,0.0
KDE,-0.486328125,0.0
KDE,-0.482421875,0.0
KDE,-0.478515625,0.0
KDE,-0.474609375,0.0
KDE,-0.470703125,0.0
KDE,-0.466796875,0.0
KDE,-0.462890625,0.0
KDE,-0.458984375,0.0
KDE,-0.455078125,0.0
KDE,-0.451171875,0.0
KDE,-0.447265625,0.0
KDE,-0.443359375,0.0
KDE,-0.439453125,0.0
KDE,-0.435546875,0.0
KDE,-0.431640625,0.0
KDE,-0.427734375,0.0
KDE,-0.423828125,0.0
KDE,-0.419921875,0.0
KDE,-0.416015625,0.0
KDE,-0.412109375,0.0
KDE,-0.408203125,0.0
KDE,-0.404296875,0.0
KDE,-0.400390625,0.0
KDE,-0.396484375,0.0
KDE,-0.392578125,0.0
KDE,-0.388671875,0.0
KDE,-0.384765625,0.0
KDE,-0.380859375,0.0
KDE,-0.376953125,0.0
KDE,-0.373046875,0.0
KDE,-0.369140625,0.0
KDE,-0.365234375,0.0
KDE,-0.361328125,0.0
KDE,-0.357421875,0.0
KDE,-0.353515625,0.0
KDE,-0.349609375,0.0
KDE,-0.345703125,0.0
KDE,-0.341796875,0.0
KDE,-0.337890625,0.0
KDE,-0.333984375,0.0
KDE,-0.330078125,0.0
KDE,-0.326171875,0.0
KDE,-0.322265625,0.0
KDE,-0.318359375,0.0
KDE,-0.314453125,0.0
KDE,-0.310546875,0.0
KDE,-0.306640625,0.0
KDE,-0.302734375,0.0
KDE,-0.298828125,0.0
KDE,-0.294921875,0.0
KDE,-0.291015625,0.0
KDE,-0.287109375,0.0
KDE,-0.283203125,0.0
KDE,-0.279296875,0.0
KDE,-0.275390625,0.0
KDE,-0.271484375,0.0
KDE,-0.267578125,0.0
KDE,-0.263671875,0.0
KDE,-0.259765625,0.0
KDE,-0.255859375,0.0
KDE,-0.251953125,0.0
KDE,-0.248046875,0.0
KDE,-0.244140625,0.0
KDE,-0.240234375,0.0
KDE,-0.236328125,0.0
KDE,-0.232421875,0.0
KDE,-0.228515625,0.0
KDE,-0.224609375,0.0
KDE,-0.220703125,0.0
KDE,-0.216796875,0.0
KDE,-0.212890625,0.0
KDE,-0.208984375,0.0
KDE,-0.205078125,0.0
KDE,-0.201171875,0.0
KDE,-0.197265625,0.0
KDE,-0.193359375,0.0
KDE,-0.189453125,0.0
KDE,-0.185546875,0.0
KDE,-0.181640625,0.0
KDE,-0.177734375,0.0
KDE,-0.173828125,0.0
KDE,-0.169921875,0.0
KDE,-0.166015625,0.0
KDE,-0.162109375,0.0
KDE,-0.158203125,0.0
KDE,-0.154296875,0.0
KDE,-0.150390625,0.0
KDE,-0.146484375,0.0
KDE,-0.142578125,0.0
KDE,-0.138671875,0.0
KDE,-0.134765625,0.0
KDE,-0.130859375,0.0
KDE,-0.126953125,0.0
KDE,-0.123046875,0.0
KDE,-0.119140625,0.0
KDE,-0.115234375,0.0
KDE,-0.111328125,0.0
KDE,-0.107421875,0.0
KDE,-0.103515625,0.0
KDE,-0.099609375,0.0
KDE,-0.095703125,0.0
KDE,-0.091796875,1.183320098639012e-12
KDE,-0.087890625,2.4363681773042213e-11
KDE,-0.083984375,2.6263515278552186e-10
KDE,-0.080078125,1.749156295584637e-09
KDE,-0.076171875,7.754581909398765e-09
KDE,-0.072265625,2.469033224114194e-08
KDE,-0.068359375,6.160082155246768e-08
KDE,-0.064453125,1.334677460819041e-07
KDE,-0.060546875,2.790180790967236e-07
KDE,-0.056640625,5.92163617074736e-07
KDE,-0.052734375,1.2323735149011921e-06
KDE,-0.048828125,2.377530092818521e-06
KDE,-0.044921875,4.12727363552344e-06
KDE,-0.041015625,6.387536276791062e-06
KDE,-0.037109375,8.831845881164862e-06
KDE,-0.033203125,1.1056293234531062e-05
KDE,-0.029296875,1.2845631836610957e-05
KDE,-0.025390625,1.4323558558796619e-05
KDE,-0.021484375,1.5929262583332305e-05
KDE,-0.017578125,1.8430680308543398e-05
KDE,-0.013671875,2.3090112274597315e-05
KDE,-0.009765625,3.168825113348768e-05
KDE,-0.005859375,4.6088517865607286e-05
KDE,-0.001953125,6.759930864564787e-05
KDE,0.001953125,9.670406588529314e-05
KDE,0.005859375,0.0001333286769646593
KDE,0.009765625,0.00017750947421301552
KDE,0.013671875,0.00023014488052279137
KDE,0.017578125,0.0002933145947958426
KDE,0.021484375,0.00036999941063592016
KDE,0.025390625,0.0004637918300257205
KDE,0.029296875,0.0005793972287460673
KDE,0.033203125,0.0007245239915164058
KDE,0.037109375,0.0009153476672829664
KDE,0.041015625,0.0011950414171327732
KDE,0.044921875,0.0016907646679914917
KDE,0.048828125,0.0027788578641669524
KDE,0.052734375,0.005508416901737451
KDE,0.056640625,0.012039655220903497
KDE,0.060546875,0.024749176068251763
KDE,0.064453125,0.04389412250753575
KDE,0.068359375,0.06700813569265805
KDE,0.072265625,0.09113203237645558
KDE,0.076171875,0.11463820360793543
KDE,0.080078125,0.13707672513059158
KDE,0.083984375,0.15844164770531566
KDE,0.087890625,0.1788110583962128
KDE,0.091796875,0.19826319526060154
KDE,0.095703125,0.21686721750544474
KDE,0.099609375,0.2346872393057466
KDE,0.103515625,0.2517849820741139
KDE,0.107421875,0.2682148460768522
KDE,0.111328125,0.28401958178382686
KDE,0.115234375,0.2992368900614864
KDE,0.119140625,0.3139052642153977
KDE,0.123046875,0.32806038474605903
KDE,0.126953125,0.3417332430340082
KDE,0.130859375,0.35495156489449015
KDE,0.134765625,0.3677384187417102
KDE,0.138671875,0.38011336898211173
KDE,0.142578125,0.39209650648364147
KDE,0.146484375,0.40370755807143455
KDE,0.150390625,0.4149644535613712
KDE,0.154296875,0.42588543975969034
KDE,0.158203125,0.4364879777717832
KDE,0.162109375,0.4467871365494187
KDE,0.166015625,0.4567980743170555
KDE,0.169921875,0.46653457000459203
KDE,0.173828125,0.4760049774827661
KDE,0.177734375,0.4852149276600441
KDE,0.181640625,0.49417218813860664
KDE,0.185546875,0.5028868288537764
KDE,0.189453125,0.5113696086235199
KDE,0.193359375,0.5196316664383395
KDE,0.197265625,0.5276838907875248
KDE,0.201171875,0.5355353255597505
KDE,0.205078125,0.5431927347749722
KDE,0.208984375,0.5506615168815369
KDE,0.212890625,0.5579464152580975
KDE,0.216796875,0.5650527255059861
KDE,0.220703125,0.5719878267752028
KDE,0.224609375,0.5787605405962054
KDE,0.228515625,0.5853776709550144
KDE,0.232421875,0.5918418593053196
KDE,0.236328125,0.5981543943739074
KDE,0.240234375,0.604318644341371
KDE,0.244140625,0.6103409466594077
KDE,0.248046875,0.6162300899159306
KDE,0.251953125,0.6219933354540002
KDE,0.255859375,0.6276323648559308
KDE,0.259765625,0.6331467808694728
KDE,0.263671875,0.638539939927616
KDE,0.267578125,0.6438183177600947
KDE,0.271484375,0.6489882878696105
KDE,0.275390625,0.6540556109013023
KDE,0.279296875,0.6590252024885733
KDE,0.283203125,0.6638997545949044
KDE,0.287109375,0.6686799471933751
KDE,0.291015625,0.6733671146379385
KDE,0.294921875,0.6779642449844315
KDE,0.298828125,0.6824734283585003
KDE,0.302734375,0.686895300110413
KDE,0.306640625,0.6912318015299008
KDE,0.310546875,0.6954860217092842
KDE,0.314453125,0.6996594119038446
KDE,0.318359375,0.7037517878875029
KDE,0.322265625,0.7077633432174696
KDE,0.326171875,0.7116958631503283
KDE,0.330078125,0.715552594853958
KDE,0.333984375,0.7193366364953487
KDE,0.337890625,0.7230497345534653
KDE,0.341796875,0.7266926266892343
KDE,0.345703125,0.730265346290342
KDE,0.349609375,0.7337682229485541
KDE,0.353515625,0.7372038097757316
KDE,0.357421875,0.7405764626106139
KDE,0.361328125,0.7438893343561359
KDE,0.365234375,0.7471425523842309
KDE,0.369140625,0.7503346857740023
KDE,0.373046875,0.7534655413539887
KDE,0.376953125,0.7565380427263121
KDE,0.380859375,0.7595573275211008
KDE,0.384765625,0.7625266530031783
KDE,0.388671875,0.7654460048693619
KDE,0.392578125,0.7683157120074454
KDE,0.396484375,0.7711374989524014
KDE,0.400390625,0.7739112094946267
KDE,0.404296875,0.7766349491359699
KDE,0.408203125,0.779309463323767
KDE,0.412109375,0.7819393814988995
KDE,0.416015625,0.7845296157314684
KDE,0.419921875,0.787081667530206
KDE,0.423828125,0.7895932288017659
KDE,0.427734375,0.7920614066069378
KDE,0.431640625,0.7944863966522976
KDE,0.435546875,0.7968710284632836
KDE,0.439453125,0.7992168996552257
KDE,0.443359375,0.8015232220714784
KDE,0.447265625,0.8037899478071323
KDE,0.451171875,0.8060194904548327
KDE,0.455078125,0.8082148002398374
KDE,0.458984375,0.8103775536006308
KDE,0.462890625,0.8125080821817637
KDE,0.466796875,0.814605974033045
KDE,0.470703125,0.8166708107186527
KDE,0.474609375,0.8187026079751167
KDE,0.478515625,0.820701884575981
KDE,0.482421875,0.8226691430457643
KDE,0.486328125,0.824604604519584
KDE,0.490234375,0.8265088309380858
KDE,0.494140625,0.8283827720900423
KDE,0.498046875,0.8302274775764847
KDE,0.501953125,0.8320440883061484
KDE,0.505859375,0.8338333890375103
KDE,0.509765625,0.8355957479482543
KDE,0.513671875,0.8373317517063482
KDE,0.517578125,0.8390424436685613
KDE,0.521484375,0.8407292005983488
KDE,0.525390625,0.842393711306099
KDE,0.529296875,0.8440377259065083
KDE,0.533203125,0.8456621049062966
KDE,0.537109375,0.8472663253121295
KDE,0.541015625,0.8488494723954225
KDE,0.544921875,0.8504117166772539
KDE,0.548828125,0.851954593407387
KDE,0.552734375,0.8534796248996763
KDE,0.556640625,0.8549871121821058
KDE,0.560546875,0.856476017183522
KDE,0.564453125,0.8579448327379329
KDE,0.568359375,0.8593931698159392
KDE,0.572265625,0.8608219101448259
KDE,0.576171875,0.8622317647586739
KDE,0.580078125,0.8636226505494764
KDE,0.583984375,0.8649942076671614
KDE,0.587890625,0.8663461881714263
KDE,0.591796875,0.8676788451412829
KDE,0.595703125,0.8689934166521781
KDE,0.599609375,0.8702911835256842
KDE,0.603515625,0.8715721783385111
KDE,0.607421875,0.8728358388931251
KDE,0.611328125,0.8740825056842524
KDE,0.615234375,0.875313493735364
KDE,0.619140625,0.8765296958845302
KDE,0.623046875,0.877731233422598
KDE,0.626953125,0.8789183337514018
KDE,0.630859375,0.8800911869511255
KDE,0.634765625,0.881249603610619
KDE,0.638671875,0.8823934107722289
KDE,0.642578125,0.8835224440088557
KDE,0.646484375,0.8846364946956763
KDE,0.650390625,0.8857360598069496
KDE,0.654296875,0.8868223748472475
KDE,0.658203125,0.8878957920199649
KDE,0.662109375,0.8889552848424608
KDE,0.666015625,0.8899998856673107
KDE,0.669921875,0.8910298827556736
KDE,0.673828125,0.8920469060982262
KDE,0.677734375,0.8930524994731462
KDE,0.681640625,0.8940469138559979
KDE,0.685546875,0.8950301749492844
KDE,0.689453125,0.8960029894806277
KDE,0.693359375,0.8969655873938475
KDE,0.697265625,0.897917237040114
KDE,0.701171875,0.8988577590746699
KDE,0.705078125,0.8997882112581763
KDE,0.708984375,0.9007095412041852
KDE,0.712890625,0.9016215278339745
KDE,0.716796875,0.9025231272416016
KDE,0.720703125,0.9034131049165929
KDE,0.724609375,0.9042907326760691
KDE,0.728515625,0.9051564622713111
KDE,0.732421875,0.9060113503161289
KDE,0.736328125,0.906855924115408
KDE,0.740234375,0.9076903071406877
KDE,0.744140625,0.9085148571798547
KDE,0.748046875,0.90932991159492
KDE,0.751953125,0.9101351829670679
KDE,0.755859375,0.9109300367111732
KDE,0.759765625,0.9117144840368729
KDE,0.763671875,0.9124892518067559
KDE,0.767578125,0.9132547479784823
KDE,0.771484375,0.9140109185733081
KDE,0.775390625,0.9147578578701901
KDE,0.779296875,0.9154958603961139
KDE,0.783203125,0.9162256338856553
KDE,0.787109375,0.916948257031695
KDE,0.791015625,0.9176639807901712
KDE,0.794921875,0.9183717168623377
KDE,0.798828125,0.91907043861106
KDE,0.802734375,0.9197604086195003
KDE,0.806640625,0.9204423560269314
KDE,0.810546875,0.9211161538040472
KDE,0.814453125,0.9217813325011456
KDE,0.818359375,0.9224381547755232
KDE,0.822265625,0.9230870984355493
KDE,0.826171875,0.9237280499052194
KDE,0.830078125,0.9243604603644846
KDE,0.833984375,0.9249837015261003
KDE,0.837890625,0.9255976998890508
KDE,0.841796875,0.9262033656240466
KDE,0.845703125,0.9268018811307179
KDE,0.849609375,0.9273940121388236
KDE,0.853515625,0.9279801950397895
KDE,0.857421875,0.9285604790095141
KDE,0.861328125,0.9291344161808692
KDE,0.865234375,0.9297018610925357
KDE,0.869140625,0.9302635527292479
KDE,0.873046875,0.930819940261565
KDE,0.876953125,0.9313704033900335
KDE,0.880859375,0.9319145575903329
KDE,0.884765625,0.932453034534387
KDE,0.888671875,0.9329867481566986
KDE,0.892578125,0.9335162386853814
KDE,0.896484375,0.9340414540443059
KDE,0.900390625,0.9345622301456018
KDE,0.904296875,0.9350788607261334
KDE,0.908203125,0.9355913947648056
KDE,0.912109375,0.9360990815247202
KDE,0.916015625,0.936601320409417
KDE,0.919921875,0.9370982818054868
KDE,0.923828125,0.9375903118758613
KDE,0.927734375,0.938077305842096
KDE,0.931640625,0.9385587433358903
KDE,0.935546875,0.9390342923331196
KDE,0.939453125,0.9395042567262553
KDE,0.943359375,0.9399694544931579
KDE,0.947265625,0.9404308788763985
KDE,0.951171875,0.9408892984408496
KDE,0.955078125,0.9413448105597944
KDE,0.958984375,0.9417966716344134
KDE,0.962890625,0.9422438585404596
KDE,0.966796875,0.9426860769009704
KDE,0.970703125,0.943123833883611
KDE,0.974609375,0.9435574646645508
KDE,0.978515625,0.9439868731082849
KDE,0.982421875,0.9444122412071472
KDE,0.986328125,0.9448340921944688
KDE,0.990234375,0.9452524145722766
KDE,0.994140625,0.9456666261197196
KDE,0.998046875,0.9460767248056807
KDE,1.001953125,0.9464834215997501
KDE,1.005859375,0.9468868929237589
KDE,1.009765625,0.94728635467009
KDE,1.013671875,0.9476810099631825
KDE,1.017578125,0.9480708712739554
KDE,1.021484375,0.9484567954964744
KDE,1.025390625,0.9488398769737346
KDE,1.029296875,0.9492205331934884
KDE,1.033203125,0.9495983694805317
KDE,1.037109375,0.949972987829332
KDE,1.041015625,0.9503445496749114
KDE,1.044921875,0.9507135043320224
KDE,1.048828125,0.9510800347481037
KDE,1.052734375,0.9514439928777297
KDE,1.056640625,0.9518051350844402
KDE,1.060546875,0.9521632252733399
KDE,1.064453125,0.9525181407024375
KDE,1.068359375,0.9528697299676698
KDE,1.072265625,0.9532174734408979
KDE,1.076171875,0.9535606915612883
KDE,1.080078125,0.9538993563561443
KDE,1.083984375,0.9542344281567029
KDE,1.087890625,0.954567129351658
KDE,1.091796875,0.9548980375088061
KDE,1.095703125,0.9552268308836159
KDE,1.099609375,0.9555527490939089
KDE,1.103515625,0.955875270325213
KDE,1.107421875,0.9561944289827695
KDE,1.111328125,0.9565106779108707
KDE,1.115234375,0.9568243720853842
KDE,1.119140625,0.9571353064795345
KDE,1.123046875,0.9574428959927446
KDE,1.126953125,0.9577469176980872
KDE,1.130859375,0.958048034575027
KDE,1.134765625,0.9583473589915341
KDE,1.138671875,0.9586456880517124
KDE,1.142578125,0.9589433770110655
KDE,1.146484375,0.9592405965852738
KDE,1.150390625,0.9595374810437647
KDE,1.154296875,0.9598341099266314
KDE,1.158203125,0.9601303941926154
KDE,1.162109375,0.960425901385574
KDE,1.166015625,0.9607199192346669
KDE,1.169921875,0.9610119515267334
KDE,1.173828125,0.9613020653795916
KDE,1.177734375,0.9615907564400648
KDE,1.181640625,0.9618786741818397
KDE,1.185546875,0.9621662655408334
KDE,1.189453125,0.9624536548554339
KDE,1.193359375,0.9627409075642832
KDE,1.197265625,0.9630279715139636
KDE,1.201171875,0.9633143742314599
KDE,1.205078125,0.963599280668624
KDE,1.208984375,0.9638819356853787
KDE,1.212890625,0.9641622146677816
KDE,1.216796875,0.9644406153155003
KDE,1.220703125,0.964717266427877
KDE,1.224609375,0.9649911240458869
KDE,1.228515625,0.9652606920918086
KDE,1.232421875,0.9655252752575764
KDE,1.236328125,0.9657852287397691
KDE,1.240234375,0.9660414308152825
KDE,1.244140625,0.9662947361743017
KDE,1.248046875,0.966545588807234
KDE,1.251953125,0.9667939565400919
KDE,1.255859375,0.9670394849485083
KDE,1.259765625,0.9672815097409242
KDE,1.263671875,0.9675194560551947
KDE,1.267578125,0.9677537107646343
KDE,1.271484375,0.9679854374320077
KDE,1.275390625,0.9682151704080738
KDE,1.279296875,0.9684424326113364
KDE,1.283203125,0.9686667696726453
KDE,1.287109375,0.968888149952061
KDE,1.291015625,0.9691064133396157
KDE,1.294921875,0.9693211945357662
KDE,1.298828125,0.969532403344398
KDE,1.302734375,0.9697403525389672
KDE,1.306640625,0.9699456340639068
KDE,1.310546875,0.9701489981597647
KDE,1.314453125,0.9703509888720606
KDE,1.318359375,0.9705517080640133
KDE,1.322265625,0.970751181017015
KDE,1.326171875,0.9709496122262276
KDE,1.330078125,0.9711469012415328
KDE,1.333984375,0.9713424893502038
KDE,1.337890625,0.9715359873473097
KDE,1.341796875,0.9717275078704666
KDE,1.345703125,0.971917413084304
KDE,1.349609375,0.9721057964013965
KDE,1.353515625,0.9722923567936167
KDE,1.357421875,0.9724770079196116
KDE,1.361328125,0.9726601736126478
KDE,1.365234375,0.9728423222139571
KDE,1.369140625,0.9730235876380823
KDE,1.373046875,0.9732039183503595
KDE,1.376953125,0.9733833149193569
KDE,1.380859375,0.9735619238441945
KDE,1.384765625,0.9737400473208622
KDE,1.388671875,0.9739179608692488
KDE,1.392578125,0.9740957109677609
KDE,1.396484375,0.9742731162928627
KDE,1.400390625,0.9744499153261216
KDE,1.404296875,0.9746258649911034
KDE,1.408203125,0.9748010124620451
KDE,1.412109375,0.9749758886740805
KDE,1.416015625,0.9751508487110023
KDE,1.419921875,0.9753254248921018
KDE,1.423828125,0.9754986982383034
KDE,1.427734375,0.9756699325483167
KDE,1.431640625,0.975838723952864
KDE,1.435546875,0.976004947163968
KDE,1.439453125,0.9761687085066054
KDE,1.443359375,0.9763302173714326
KDE,1.447265625,0.9764897618991438
KDE,1.451171875,0.9766477883189247
KDE,1.455078125,0.9768047473534532
KDE,1.458984375,0.9769608645531696
KDE,1.462890625,0.9771162433250565
KDE,1.466796875,0.9772708983943995
KDE,1.470703125,0.9774244993654341
KDE,1.474609375,0.9775765075369904
KDE,1.478515625,0.977726758475583
KDE,1.482421875,0.9778755952106576
KDE,1.486328125,0.9780232480104877
KDE,1.490234375,0.9781694262183719
KDE,1.494140625,0.9783136545770211
KDE,1.498046875,0.9784557344815286
KDE,1.501953125,0.9785959108266991
KDE,1.505859375,0.9787346968769112
KDE,1.509765625,0.9788725162707326
KDE,1.513671875,0.9790096834194516
KDE,1.517578125,0.9791466619242911
KDE,1.521484375,0.9792838983165297
KDE,1.525390625,0.9794214932004385
KDE,1.529296875,0.9795592772099019
KDE,1.533203125,0.9796969036520338
KDE,1.537109375,0.9798338847147137
KDE,1.541015625,0.9799698832789062
KDE,1.544921875,0.9801049010692443
KDE,1.548828125,0.980239110105406
KDE,1.552734375,0.9803726747187399
KDE,1.556640625,0.9805056082760518
KDE,1.560546875,0.9806375977961481
KDE,1.564453125,0.9807681362612739
KDE,1.568359375,0.9808970077680647
KDE,1.572265625,0.9810245698721413
KDE,1.576171875,0.981151306416579
KDE,1.580078125,0.9812773018387402
KDE,1.583984375,0.9814025959556258
KDE,1.587890625,0.9815276001746026
KDE,1.591796875,0.981652654796646
KDE,1.595703125,0.9817775954506135
KDE,1.599609375,0.9819020066766807
KDE,1.603515625,0.9820255945443785
KDE,1.607421875,0.9821482796436551
KDE,1.611328125,0.982270116710415
KDE,1.615234375,0.9823911777298348
KDE,1.619140625,0.9825114368629843
KDE,1.623046875,0.9826307100318792
KDE,1.626953125,0.9827488612884581
KDE,1.630859375,0.9828661340829085
KDE,1.634765625,0.9829830641374172
KDE,1.638671875,0.9830999963995222
KDE,1.642578125,0.9832168210315037
KDE,1.646484375,0.9833331263191286
KDE,1.650390625,0.9834485016147265
KDE,1.654296875,0.9835628681668207
KDE,1.658203125,0.9836764916689852
KDE,1.662109375,0.983789495563779
KDE,1.666015625,0.9839016416286027
KDE,1.669921875,0.9840127090261719
KDE,1.673828125,0.9841228673929129
KDE,1.677734375,0.9842325630891319
KDE,1.681640625,0.9843421074755725
KDE,1.685546875,0.9844516847034942
KDE,1.689453125,0.984561631224527
KDE,1.693359375,0.9846722267867714
KDE,1.697265625,0.9847833279532094
KDE,1.701171875,0.9848945117017737
KDE,1.705078125,0.9850054438639336
KDE,1.708984375,0.9851159472791143
KDE,1.712890625,0.9852259496632142
KDE,1.716796875,0.9853354835609752
KDE,1.720703125,0.98544457432139
KDE,1.724609375,0.9855531720500067
KDE,1.728515625,0.9856612649645881
KDE,1.732421875,0.9857689539056604
KDE,1.736328125,0.9858764415383101
KDE,1.740234375,0.9859840344680928
KDE,1.744140625,0.9860920323038774
KDE,1.748046875,0.9862004829890773
KDE,1.751953125,0.9863090613627314
KDE,1.755859375,0.986417411783351
KDE,1.759765625,0.9865255771698599
KDE,1.763671875,0.9866337478868648
KDE,1.767578125,0.9867418776510214
KDE,1.771484375,0.9868498040259444
KDE,1.775390625,0.9869573250728824
KDE,1.779296875,0.987064096045049
KDE,1.783203125,0.9871697637800707
KDE,1.787109375,0.987274215327645
KDE,1.791015625,0.9873776149794927
KDE,1.794921875,0.9874802755698757
KDE,1.798828125,0.9875825021759274
KDE,1.802734375,0.9876844344377175
KDE,1.806640625,0.987786072862221
KDE,1.810546875,0.9878875205719174
KDE,1.814453125,0.9879889234589642
KDE,1.818359375,0.9880901366113689
KDE,1.822265625,0.988190805578681
KDE,1.826171875,0.988290659367795
KDE,1.830078125,0.9883894934401285
KDE,1.833984375,0.9884870723734057
KDE,1.837890625,0.9885832324720562
KDE,1.841796875,0.9886780644025325
KDE,1.845703125,0.9887719291587024
KDE,1.849609375,0.9888653112541449
KDE,1.853515625,0.988958566640758
KDE,1.857421875,0.9890517899721049
KDE,1.861328125,0.9891450277287489
KDE,1.865234375,0.989238262202898
KDE,1.869140625,0.989331195643297
KDE,1.873046875,0.9894235296008249
KDE,1.876953125,0.9895153143644438
KDE,1.880859375,0.989606765765993
KDE,1.884765625,0.9896979781390727
KDE,1.888671875,0.9897890215875189
KDE,1.892578125,0.9898799993189848
KDE,1.896484375,0.9899708739927161
KDE,1.900390625,0.9900615094050719
KDE,1.904296875,0.9901518608707359
KDE,1.908203125,0.9902418812182218
KDE,1.912109375,0.9903313720015028
KDE,1.916015625,0.9904202042670167
KDE,1.919921875,0.9905085744158431
KDE,1.923828125,0.9905969037424935
KDE,1.927734375,0.9906854559232018
KDE,1.931640625,0.9907741351323757
KDE,1.935546875,0.990862758459123
KDE,1.939453125,0.9909512818654639
KDE,1.943359375,0.9910396052193454
KDE,1.947265625,0.9911274385955454
KDE,1.951171875,0.9912146113701852
KDE,1.955078125,0.9913012685032238
KDE,1.958984375,0.9913874872003069
KDE,1.962890625,0.9914731394527995
KDE,1.966796875,0.9915582907998901
KDE,1.970703125,0.9916431293439989
KDE,1.974609375,0.9917275265647735
KDE,1.978515625,0.9918112187586459
KDE,1.982421875,0.9918942742045748
KDE,1.986328125,0.9919768933553772
KDE,1.990234375,0.9920589114822522
KDE,1.994140625,0.9921399513043663
KDE,1.998046875,0.992219982807269
KDE,2.001953125,0.9922993565683232
KDE,2.005859375,0.9923783213077758
KDE,2.009765625,0.9924569254320169
KDE,2.013671875,0.9925352831513278
KDE,2.017578125,0.9926134475358555
KDE,2.021484375,0.9926912993913972
KDE,2.025390625,0.99276885001022
KDE,2.029296875,0.9928463482439749
KDE,2.033203125,0.9929239817076718
KDE,2.037109375,0.993001547260733
KDE,2.041015625,0.9930784950023297
KDE,2.044921875,0.9931543840678158
KDE,2.048828125,0.9932291370722335
KDE,2.052734375,0.993302860586597
KDE,2.056640625,0.9933757981154318
KDE,2.060546875,0.9934483189714365
KDE,2.064453125,0.993520625696937
KDE,2.068359375,0.9935925881515009
KDE,2.072265625,0.9936638769502474
KDE,2.076171875,0.9937342820273506
KDE,2.080078125,0.9938040446742158
KDE,2.083984375,0.9938737450603722
KDE,2.087890625,0.9939438682850354
KDE,2.091796875,0.9940145910769236
KDE,2.095703125,0.9940857084335585
KDE,2.099609375,0.9941567117582212
KDE,2.103515625,0.9942271635390434
KDE,2.107421875,0.9942969583969988
KDE,2.111328125,0.9943662533874066
KDE,2.115234375,0.9944352664003442
KDE,2.119140625,0.9945040770237769
KDE,2.123046875,0.9945726026980342
KDE,2.126953125,0.9946407889159431
KDE,2.130859375,0.9947087039892114
KDE,2.134765625,0.9947763730258249
KDE,2.138671875,0.9948436925183707
KDE,2.142578125,0.9949106178735448
KDE,2.146484375,0.9949772323228432
KDE,2.150390625,0.9950435892294247
KDE,2.154296875,0.9951096253504
KDE,2.158203125,0.9951751453699748
KDE,2.162109375,0.9952398792893158
KDE,2.166015625,0.9953036735540318
KDE,2.169921875,0.9953665219896293
KDE,2.173828125,0.9954284314607008
KDE,2.177734375,0.9954894401586729
KDE,2.181640625,0.9955496466822141
KDE,2.185546875,0.995609086628371
KDE,2.189453125,0.995667706305781
KDE,2.193359375,0.9957254889814512
KDE,2.197265625,0.9957824923934915
KDE,2.201171875,0.9958388086740064
KDE,2.205078125,0.9958945754021562
KDE,2.208984375,0.9959500534411646
KDE,2.212890625,0.9960056023157658
KDE,2.216796875,0.9960614393577691
KDE,2.220703125,0.9961174894591265
KDE,2.224609375,0.9961735017894485
KDE,2.228515625,0.9962291742782767
KDE,2.232421875,0.9962842628811373
KDE,2.236328125,0.9963388292876937
KDE,2.240234375,0.9963932399508449
KDE,2.244140625,0.9964478186659725
KDE,2.248046875,0.9965026690656015
KDE,2.251953125,0.9965577366633377
KDE,2.255859375,0.9966129057762333
KDE,2.259765625,0.9966681449733219
KDE,2.263671875,0.9967236392953465
KDE,2.267578125,0.9967796922297124
KDE,2.271484375,0.9968363962359429
KDE,2.275390625,0.9968935203381509
KDE,2.279296875,0.996950841124785
KDE,2.283203125,0.997008361551425
KDE,2.287109375,0.9970660885727353
KDE,2.291015625,0.9971238372634093
KDE,2.294921875,0.9971813491037217
KDE,2.298828125,0.9972385155540643
KDE,2.302734375,0.997295411015183
KDE,2.306640625,0.997352122849185
KDE,2.310546875,0.9974086939333696
KDE,2.314453125,0.9974651608190481
KDE,2.318359375,0.9975215013749489
KDE,2.322265625,0.9975776126568238
KDE,2.326171875,0.9976333748086281
KDE,2.330078125,0.9976887728487932
KDE,2.333984375,0.9977439289346322
KDE,2.337890625,0.9977989717706905
KDE,2.341796875,0.9978539594311789
KDE,2.345703125,0.9979088496704943
KDE,2.349609375,0.9979635837770889
KDE,2.353515625,0.9980182510251332
KDE,2.357421875,0.9980729223755929
KDE,2.361328125,0.9981275000410295
KDE,2.365234375,0.998181897562926
KDE,2.369140625,0.9982360344922109
KDE,2.373046875,0.9982898133180819
KDE,2.376953125,0.9983432725771253
KDE,2.380859375,0.998396475822561
KDE,2.384765625,0.9984494602581325
KDE,2.388671875,0.9985024678772201
KDE,2.392578125,0.9985558574412584
KDE,2.396484375,0.9986097331648981
KDE,2.400390625,0.998663839401845
KDE,2.404296875,0.9987177962583443
KDE,2.408203125,0.9987713854734834
KDE,2.412109375,0.9988246343476066
KDE,2.416015625,0.9988776778094955
KDE,2.419921875,0.9989306272175664
KDE,2.423828125,0.9989836045742343
KDE,2.427734375,0.9990366304082158
KDE,2.431640625,0.999089516233272
KDE,2.435546875,0.9991422457059053
KDE,2.439453125,0.9991952147330927
KDE,2.443359375,0.9992487870682639
KDE,2.447265625,0.9993028695684766
KDE,2.451171875,0.9993570683725693
KDE,2.455078125,0.9994111369759691
KDE,2.458984375,0.9994651886197917
KDE,2.462890625,0.999519384395081
KDE,2.466796875,0.9995736047440472
KDE,2.470703125,0.999627628395015
KDE,2.474609375,0.9996813743996531
KDE,2.478515625,0.9997348815774125
KDE,2.482421875,0.9997882220165984
KDE,2.486328125,0.9998414555799504
KDE,2.490234375,0.9998945620721741
KDE,2.494140625,0.999947424649215
KDE,2.498046875,1.0
MTM full,-0.5,0.0
MTM full,0.0,0.0
MTM full,-0.498046875,0.0
MTM full,-0.494140625,0.0
MTM full,-0.490234375,0.0
MTM full,-0.486328125,0.0
MTM full,-0.482421875,0.0
MTM full,-0.478515625,0.0
MTM full,-0.474609375,0.0
MTM full,-0.470703125,0.0
MTM full,-0.466796875,0.0
MTM full,-0.462890625,0.0
MTM full,-0.458984375,0.0
MTM full,-0.455078125,0.0
MTM full,-0.451171875,0.0
MTM full,-0.447265625,0.0
MTM full,-0.443359375,0.0
MTM full,-0.439453125,0.0
MTM full,-0.435546875,0.0
MTM full,-0.431640625,0.0
MTM full,-0.427734375,0.0
MTM full,-0.423828125,0.0
MTM full,-0.419921875,0.0
MTM full,-0.416015625,0.0
MTM full,-0.412109375,0.0
MTM full,-0.408203125,0.0
MTM full,-0.404296875,0.0
MTM full,-0.400390625,0.0
MTM full,-0.396484375,0.0
MTM full,-0.392578125,0.0
MTM full,-0.388671875,0.0
MTM full,-0.384765625,0.0
MTM full,-0.380859375,0.0
MTM full,-0.376953125,0.0
MTM full,-0.373046875,0.0
MTM full,-0.369140625,0.0
MTM full,-0.365234375,0.0
MTM full,-0.361328125,0.0
MTM full,-0.357421875,0.0
MTM full,-0.353515625,0.0
MTM full,-0.349609375,0.0
MTM full,-0.345703125,0.0
MTM full,-0.341796875,0.0
MTM full,-0.337890625,0.0
MTM full,-0.333984375,0.0
MTM full,-0.330078125,0.0
MTM full,-0.326171875,0.0
MTM full,-0.322265625,0.0
MTM full,-0.318359375,0.0
MTM full,-0.314453125,0.0
MTM full,-0.310546875,0.0
MTM full,-0.306640625,0.0
MTM full,-0.302734375,0.0
MTM full,-0.298828125,0.0
MTM full,-0.294921875,0.0
MTM full,-0.291015625,0.0
MTM full,-0.287109375,0.0
MTM full,-0.283203125,0.0
MTM full,-0.279296875,0.0
MTM full,-0.275390625,0.0
MTM full,-0.271484375,0.0
MTM full,-0.267578125,0.0
MTM full,-0.263671875,0.0
MTM full,-0.259765625,0.0
MTM full,-0.255859375,0.0
MTM full,-0.251953125,0.0
MTM full,-0.248046875,0.0
MTM full,-0.244140625,0.0
MTM full,-0.240234375,0.0
MTM full,-0.236328125,0.0
MTM full,-0.232421875,0.0
MTM full,-0.228515625,0.0
MTM full,-0.224609375,0.0
MTM full,-0.220703125,0.0
MTM full,-0.216796875,0.0
MTM full,-0.212890625,0.0
MTM full,-0.208984375,0.0
MTM full,-0.205078125,0.0
MTM full,-0.201171875,0.0
MTM full,-0.197265625,0.0
MTM full,-0.193359375,0.0
MTM full,-0.189453125,0.0
MTM full,-0.185546875,0.0
MTM full,-0.181640625,0.0
MTM full,-0.177734375,0.0
MTM full,-0.173828125,0.0
MTM full,-0.169921875,0.0
MTM full,-0.166015625,0.0
MTM full,-0.162109375,0.0
MTM full,-0.158203125,0.0
MTM full,-0.154296875,0.0
MTM full,-0.150390625,0.0
MTM full,-0.146484375,0.0
MTM full,-0.142578125,0.0
MTM full,-0.138671875,0.0
MTM full,-0.134765625,0.0
MTM full,-0.130859375,0.0
MTM full,-0.126953125,0.0
MTM full,-0.123046875,0.0
MTM full,-0.119140625,0.0
MTM full,-0.115234375,0.0
MTM full,-0.111328125,0.0
MTM full,-0.107421875,0.0
MTM full,-0.103515625,0.0
MTM full,-0.099609375,0.0
MTM full,-0.095703125,0.0
MTM full,-0.091796875,0.0
MTM full,-0.087890625,0.0
MTM full,-0.083984375,0.0
MTM full,-0.080078125,0.0
MTM full,-0.076171875,0.0
MTM full,-0.072265625,7.812703679626414e-09
MTM full,-0.068359375,3.906351839813207e-08
MTM full,-0.064453125,9.375244415551697e-08
MTM full,-0.060546875,1.8750488831103394e-07
MTM full,-0.056640625,3.3594625822393584e-07
MTM full,-0.052734375,7.890830716422679e-07
MTM full,-0.048828125,1.812547253673328e-06
MTM full,-0.044921875,3.5547801742300187e-06
MTM full,-0.041015625,6.179848610584494e-06
MTM full,-0.037109375,9.117425194124026e-06
MTM full,-0.033203125,1.1601864964245226e-05
MTM full,-0.029296875,1.322690732960752e-05
MTM full,-0.025390625,1.427380962267746e-05
MTM full,-0.021484375,1.5422277063582542e-05
MTM full,-0.017578125,1.69770050958282e-05
MTM full,-0.013671875,2.000052141984362e-05
MTM full,-0.009765625,2.655537980705018e-05
MTM full,-0.005859375,3.9868226877133595e-05
MTM full,-0.001953125,6.108753007099893e-05
MTM full,0.001953125,9.053361023951088e-05
MTM full,0.005859375,0.00012758926379197896
MTM full,0.009765625,0.00017120758843533322
MTM full,0.013671875,0.00022192766072346787
MTM full,0.017578125,0.0002822729839449023
MTM full,0.021484375,0.00035629053860568294
MTM full,0.025390625,0.0004468319615488735
MTM full,0.029296875,0.0005574754710597427
MTM full,0.033203125,0.0006933930769742034
MTM full,0.037109375,0.0008641865921145165
MTM full,0.041015625,0.0010858486209128773
MTM full,0.044921875,0.0014020443642347173
MTM full,0.048828125,0.001929128417980713
MTM full,0.052734375,0.003336805741568441
MTM full,0.056640625,0.005642568978536585
MTM full,0.060546875,0.017223159950662186
MTM full,0.064453125,0.04101620211770686
MTM full,0.068359375,0.0672148148112269
MTM full,0.072265625,0.09204120423045736
MTM full,0.076171875,0.1155907556746228
MTM full,0.080078125,0.13796372175734017
MTM full,0.083984375,0.15925126891784705
MTM full,0.087890625,0.17955810301085778
MTM full,0.091796875,0.19895533526526432
MTM full,0.095703125,0.21751042837734028
MTM full,0.099609375,0.23527796970769516
MTM full,0.103515625,0.25232107808935667
MTM full,0.107421875,0.2687255526341345
MTM full,0.111328125,0.2845063546695751
MTM full,0.115234375,0.29968200030339914
MTM full,0.119140625,0.31432231166839153
MTM full,0.123046875,0.3284571176672011
MTM full,0.126953125,0.34210217652314956
MTM full,0.130859375,0.3553008565543626
MTM full,0.134765625,0.36807963501361046
MTM full,0.138671875,0.38043398053275884
MTM full,0.142578125,0.39239720648029786
MTM full,0.146484375,0.4040005167947238
MTM full,0.150390625,0.4152401691909742
MTM full,0.154296875,0.42614107056837963
MTM full,0.158203125,0.4367393859322732
MTM full,0.162109375,0.4470244743802431
MTM full,0.166015625,0.45701638330993144
MTM full,0.169921875,0.46675189493026176
MTM full,0.173828125,0.4762207980375248
MTM full,0.177734375,0.4854227488727587
MTM full,0.181640625,0.49437027119996185
MTM full,0.185546875,0.5030771935046472
MTM full,0.189453125,0.5115506019090523
MTM full,0.193359375,0.5198024264116958
MTM full,0.197265625,0.5278465189362017
MTM full,0.201171875,0.5356944735348307
MTM full,0.205078125,0.5433464073981378
MTM full,0.208984375,0.5508118989008342
MTM full,0.212890625,0.5580941981276507
MTM full,0.216796875,0.5651937504026971
MTM full,0.220703125,0.5721207278661643
MTM full,0.224609375,0.5788835604253226
MTM full,0.228515625,0.5855027720527383
MTM full,0.232421875,0.5919683312368867
MTM full,0.236328125,0.5982756362953007
MTM full,0.240234375,0.6044370703633122
MTM full,0.244140625,0.6104507662047421
MTM full,0.248046875,0.6163274194109276
MTM full,0.251953125,0.6220934134821949
MTM full,0.255859375,0.6277389044119077
MTM full,0.259765625,0.6332473136428577
MTM full,0.263671875,0.6386321884032254
MTM full,0.267578125,0.6439074118674497
MTM full,0.271484375,0.6490723199557177
MTM full,0.275390625,0.6541342956730064
MTM full,0.279296875,0.6591013001643657
MTM full,0.283203125,0.6639772007181169
MTM full,0.287109375,0.6687586691224924
MTM full,0.291015625,0.6734395177161779
MTM full,0.294921875,0.6780337156133529
MTM full,0.298828125,0.6825470129639252
MTM full,0.302734375,0.6869667531879341
MTM full,0.306640625,0.6912965691925904
MTM full,0.310546875,0.6955514691816628
MTM full,0.314453125,0.6997263514596483
MTM full,0.318359375,0.7038182159483344
MTM full,0.322265625,0.707829297080973
MTM full,0.326171875,0.7117577823103105
MTM full,0.330078125,0.7156104139996226
MTM full,0.333984375,0.7193949736017741
MTM full,0.337890625,0.7231067969326682
MTM full,0.341796875,0.7267489856356659
MTM full,0.345703125,0.7303245944779059
MTM full,0.349609375,0.7338243497801202
MTM full,0.353515625,0.7372546657720301
MTM full,0.357421875,0.7406229645221312
MTM full,0.361328125,0.7439373556168428
MTM full,0.365234375,0.7471935498818448
MTM full,0.369140625,0.750385554973415
MTM full,0.373046875,0.7535160740870266
MTM full,0.376953125,0.7565800289652878
MTM full,0.380859375,0.7595943966132944
MTM full,0.384765625,0.7625688960344238
MTM full,0.388671875,0.7654891596666092
MTM full,0.392578125,0.7683523983746371
MTM full,0.396484375,0.7711744719469771
MTM full,0.400390625,0.7739545131735206
MTM full,0.404296875,0.7766780685524605
MTM full,0.408203125,0.7793453724649071
MTM full,0.412109375,0.7819700502660775
MTM full,0.416015625,0.784558320868101
MTM full,0.419921875,0.7871141453117428
MTM full,0.423828125,0.7896309609259123
MTM full,0.427734375,0.7920988924531586
MTM full,0.431640625,0.7945180805221475
MTM full,0.435546875,0.7968999394929551
MTM full,0.439453125,0.7992503288933412
MTM full,0.443359375,0.8015578187378226
MTM full,0.447265625,0.8038199089612217
MTM full,0.451171875,0.8060463420050269
MTM full,0.455078125,0.8082412117259664
MTM full,0.458984375,0.8104029555833043
MTM full,0.462890625,0.8125352689858811
MTM full,0.466796875,0.8146327533554542
MTM full,0.470703125,0.8166982134526443
MTM full,0.474609375,0.8187294148441993
MTM full,0.478515625,0.8207268809812657
MTM full,0.482421875,0.8226960104420861
MTM full,0.486328125,0.8246302014920511
MTM full,0.490234375,0.8265330089113353
MTM full,0.494140625,0.828407315587596
MTM full,0.498046875,0.8302499183123249
MTM full,0.501953125,0.8320657469015437
MTM full,0.505859375,0.8338559420099896
MTM full,0.509765625,0.8356171598004878
MTM full,0.513671875,0.83735267379588
MTM full,0.517578125,0.8390617652274277
MTM full,0.521484375,0.8407477935577131
MTM full,0.525390625,0.8424099540782574
MTM full,0.529296875,0.8440524578363435
MTM full,0.533203125,0.8456786017929246
MTM full,0.537109375,0.8472836748876819
MTM full,0.541015625,0.8488679818160586
MTM full,0.544921875,0.8504270146480317
MTM full,0.548828125,0.8519682267029116
MTM full,0.552734375,0.8534937039725807
MTM full,0.556640625,0.8550011026459353
MTM full,0.560546875,0.8564934931155213
MTM full,0.564453125,0.8579625861027346
MTM full,0.568359375,0.8594083972329825
MTM full,0.572265625,0.8608368094721359
MTM full,0.576171875,0.8622470571752343
MTM full,0.580078125,0.8636387887706121
MTM full,0.583984375,0.8650095354439061
MTM full,0.587890625,0.8663631176072161
MTM full,0.591796875,0.8676938319868558
MTM full,0.595703125,0.869005491182221
MTM full,0.599609375,0.8703047828676612
MTM full,0.603515625,0.8715866131603774
MTM full,0.607421875,0.8728508101808888
MTM full,0.611328125,0.874094647295611
MTM full,0.615234375,0.8753242809150438
MTM full,0.619140625,0.8765426954919925
MTM full,0.623046875,0.8777426877136647
MTM full,0.626953125,0.8789291639579712
MTM full,0.630859375,0.8801034758226485
MTM full,0.634765625,0.8812612716317471
MTM full,0.638671875,0.8824052077045179
MTM full,0.642578125,0.883534557459519
MTM full,0.646484375,0.8846497427827489
MTM full,0.650390625,0.8857457713565563
MTM full,0.654296875,0.8868313699709515
MTM full,0.658203125,0.887907983976115
MTM full,0.662109375,0.8889673475315539
MTM full,0.666015625,0.8900129529158131
MTM full,0.669921875,0.8910405812689054
MTM full,0.673828125,0.8920544358254104
MTM full,0.677734375,0.8930615948948621
MTM full,0.681640625,0.8940571833501643
MTM full,0.685546875,0.8950380370463267
MTM full,0.689453125,0.8960099764475905
MTM full,0.693359375,0.89697504848232
MTM full,0.697265625,0.8979274639370886
MTM full,0.701171875,0.8988655274551977
MTM full,0.705078125,0.8997945751132604
MTM full,0.708984375,0.900716919471566
MTM full,0.712890625,0.9016299120235671
MTM full,0.716796875,0.9025323183620824
MTM full,0.720703125,0.9034240759854824
MTM full,0.724609375,0.9043009347829651
MTM full,0.728515625,0.9051642619776749
MTM full,0.732421875,0.9060195264621873
MTM full,0.736328125,0.906864540679472
MTM full,0.740234375,0.9076983124161617
MTM full,0.744140625,0.9085219823269937
MTM full,0.748046875,0.9093374254608511
MTM full,0.751953125,0.9101439386744026
MTM full,0.755859375,0.9109394125376548
MTM full,0.759765625,0.9117215969919479
MTM full,0.763671875,0.9124960937458202
MTM full,0.767578125,0.9132631059295675
MTM full,0.771484375,0.9140179068574635
MTM full,0.775390625,0.9147651529009014
MTM full,0.779296875,0.9155032815191452
MTM full,0.783203125,0.9162307848603847
MTM full,0.787109375,0.9169525224263085
MTM full,0.791015625,0.9176705411452809
MTM full,0.794921875,0.9183800518299463
MTM full,0.798828125,0.9190779606496473
MTM full,0.802734375,0.9197657207672685
MTM full,0.806640625,0.9204484885672384
MTM full,0.810546875,0.921124217121193
MTM full,0.814453125,0.9217880859909618
MTM full,0.818359375,0.9224435718296825
MTM full,0.822265625,0.9230938309696415
MTM full,0.826171875,0.9237345976746297
MTM full,0.830078125,0.9243678407459744
MTM full,0.833984375,0.9249922476494575
MTM full,0.837890625,0.9256042479794974
MTM full,0.841796875,0.9262086074853385
MTM full,0.845703125,0.9268070137109757
MTM full,0.849609375,0.9273987557003743
MTM full,0.853515625,0.9279843178411623
MTM full,0.857421875,0.9285654423662603
MTM full,0.861328125,0.929140769865228
MTM full,0.865234375,0.9297064017989293
MTM full,0.869140625,0.9302660648270193
MTM full,0.873046875,0.9308253684707402
MTM full,0.876953125,0.9313764297120788
MTM full,0.880859375,0.9319185766585192
MTM full,0.884765625,0.9324569656944895
MTM full,0.888671875,0.9329896045805518
MTM full,0.892578125,0.9335191808867715
MTM full,0.896484375,0.9340458664926299
MTM full,0.900390625,0.9345654191000288
MTM full,0.904296875,0.9350808622252921
MTM full,0.908203125,0.9355957115850758
MTM full,0.912109375,0.9361041076516201
MTM full,0.916015625,0.9366053004053718
MTM full,0.919921875,0.9371020555434334
MTM full,0.923828125,0.9375938418019548
MTM full,0.927734375,0.9380818857754137
MTM full,0.931640625,0.9385638905289282
MTM full,0.935546875,0.9390388560364274
MTM full,0.939453125,0.9395081182702405
MTM full,0.943359375,0.9399723569355876
MTM full,0.947265625,0.9404328611285758
MTM full,0.951171875,0.940891123075608
MTM full,0.955078125,0.9413472677799429
MTM full,0.958984375,0.9418008655428785
MTM full,0.962890625,0.9422486428415725
MTM full,0.966796875,0.9426890918242152
MTM full,0.970703125,0.9431266110429779
MTM full,0.974609375,0.9435611067454167
MTM full,0.978515625,0.9439905554412784
MTM full,0.982421875,0.9444145821207865
MTM full,0.986328125,0.9448359446683398
MTM full,0.990234375,0.9452563618787478
MTM full,0.994140625,0.9456706461167673
MTM full,0.998046875,0.9460787661315837
MTM full,1.001953125,0.9464850892245538
MTM full,1.005859375,0.9468902560373792
MTM full,1.009765625,0.9472906727263675
MTM full,1.013671875,0.9476850423827076
MTM full,1.017578125,0.9480743962832855
MTM full,1.021484375,0.9484584062945465
MTM full,1.025390625,0.9488410725207747
MTM full,1.029296875,0.9492229106004126
MTM full,1.033203125,0.9496012095252839
MTM full,1.037109375,0.9499756020983153
MTM full,1.041015625,0.9503462367608767
MTM full,1.044921875,0.9507150588761845
MTM full,1.048828125,0.9510822559491269
MTM full,1.052734375,0.9514458826164878
MTM full,1.056640625,0.9518077123620023
MTM full,1.060546875,0.9521657685716395
MTM full,1.064453125,0.9525204028170652
MTM full,1.068359375,0.9528725057464986
MTM full,1.072265625,0.9532213117149791
MTM full,1.076171875,0.9535651488039195
MTM full,1.080078125,0.9539021029009181
MTM full,1.083984375,0.9542358850402227
MTM full,1.087890625,0.9545679405720142
MTM full,1.091796875,0.9548993476494002
MTM full,1.095703125,0.9552293328147167
MTM full,1.099609375,0.9555555991330815
MTM full,1.103515625,0.9558781466044949
MTM full,1.107421875,0.9561967095970316
MTM full,1.111328125,0.9565121240699855
MTM full,1.115234375,0.9568263431992764
MTM full,1.119140625,0.9571379060093161
MTM full,1.123046875,0.9574464140522173
MTM full,1.126953125,0.9577494375771353
MTM full,1.130859375,0.9580488750710643
MTM full,1.134765625,0.9583479219298093
MTM full,1.138671875,0.9586459687624834
MTM full,1.142578125,0.958943687461603
MTM full,1.146484375,0.9592406561411692
MTM full,1.150390625,0.9595375310682913
MTM full,1.154296875,0.9598341091126735
MTM full,1.158203125,0.9601305777792044
MTM full,1.162109375,0.9604270855092536
MTM full,1.166015625,0.9607218978826043
MTM full,1.169921875,0.9610133664187801
MTM full,1.173828125,0.9613032567888126
MTM full,1.177734375,0.96159122523374
MTM full,1.181640625,0.9618782874050406
MTM full,1.185546875,0.9621665917962261
MTM full,1.189453125,0.9624535914658972
MTM full,1.193359375,0.9627405755101608
MTM full,1.197265625,0.9630282392596446
MTM full,1.201171875,0.9633153873706857
MTM full,1.205078125,0.963601308887249
MTM full,1.208984375,0.9638842615764139
MTM full,1.212890625,0.9641635969837753
MTM full,1.216796875,0.9644407995230322
MTM full,1.220703125,0.9647191583424336
MTM full,1.224609375,0.9649952046015458
MTM full,1.228515625,0.9652651491390842
MTM full,1.232421875,0.9655290466439747
MTM full,1.236328125,0.9657881549615095
MTM full,1.240234375,0.966043489743167
MTM full,1.244140625,0.9662961760182771
MTM full,1.248046875,0.9665476122607985
MTM full,1.251953125,0.9667959077964408
MTM full,1.255859375,0.9670419298353122
MTM full,1.259765625,0.9672853268057473
MTM full,1.263671875,0.9675232626963103
MTM full,1.267578125,0.9677549406112259
MTM full,1.271484375,0.9679859466336251
MTM full,1.275390625,0.9682174995452819
MTM full,1.279296875,0.9684451304796915
MTM full,1.283203125,0.9686687456844097
MTM full,1.287109375,0.9688902280210235
MTM full,1.291015625,0.9691095306133106
MTM full,1.294921875,0.9693241299579826
MTM full,1.298828125,0.9695349010778516
MTM full,1.302734375,0.9697426564941001
MTM full,1.306640625,0.9699469352572112
MTM full,1.310546875,0.9701496202287718
MTM full,1.314453125,0.9703517426856674
MTM full,1.318359375,0.9705530994976024
MTM full,1.322265625,0.9707516437362127
MTM full,1.326171875,0.9709497270253059
MTM full,1.330078125,0.9711486540863966
MTM full,1.333984375,0.9713441826213866
MTM full,1.337890625,0.9715376407899015
MTM full,1.341796875,0.9717286770202757
MTM full,1.345703125,0.9719178382017668
MTM full,1.349609375,0.9721075306471082
MTM full,1.353515625,0.9722941526999034
MTM full,1.357421875,0.9724780481191145
MTM full,1.361328125,0.9726605294389595
MTM full,1.365234375,0.9728428466920274
MTM full,1.369140625,0.9730243592366161
MTM full,1.373046875,0.9732044186183205
MTM full,1.376953125,0.9733841108029518
MTM full,1.380859375,0.9735620216911444
MTM full,1.384765625,0.9737400419571883
MTM full,1.388671875,0.9739177184642703
MTM full,1.392578125,0.9740959027970916
MTM full,1.396484375,0.9742735246152479
MTM full,1.400390625,0.9744502401597773
MTM full,1.404296875,0.9746271432091952
MTM full,1.408203125,0.9748009289898447
MTM full,1.412109375,0.9749749491516048
MTM full,1.416015625,0.9751508678003589
MTM full,1.419921875,0.9753266067569283
MTM full,1.423828125,0.9755003456613559
MTM full,1.427734375,0.9756718188817163
MTM full,1.431640625,0.9758409014147508
MTM full,1.435546875,0.9760067729265729
MTM full,1.439453125,0.9761703943797353
MTM full,1.443359375,0.9763317970250527
MTM full,1.447265625,0.9764909886752288
MTM full,1.451171875,0.9766481958986701
MTM full,1.455078125,0.9768052546807418
MTM full,1.458984375,0.976961540005149
MTM full,1.462890625,0.9771163096650425
MTM full,1.466796875,0.9772714387093051
MTM full,1.470703125,0.977425856797533
MTM full,1.474609375,0.9775783217098409
MTM full,1.478515625,0.9777276302898622
MTM full,1.482421875,0.9778758919675905
MTM full,1.486328125,0.9780243724010219
MTM full,1.490234375,0.9781709934109775
MTM full,1.494140625,0.9783154971782357
MTM full,1.498046875,0.9784573446262431
MTM full,1.501953125,0.9785968013869244
MTM full,1.505859375,0.9787350706166464
MTM full,1.509765625,0.9788732148431095
MTM full,1.513671875,0.9790097809034294
MTM full,1.517578125,0.9791458469507138
MTM full,1.521484375,0.9792834989768451
MTM full,1.525390625,0.9794211744410874
MTM full,1.529296875,0.9795590217848109
MTM full,1.533203125,0.9796973925796808
MTM full,1.537109375,0.9798348414755165
MTM full,1.541015625,0.9799705247003205
MTM full,1.544921875,0.9801053641531271
MTM full,1.548828125,0.9802395707769358
MTM full,1.552734375,0.9803727461238586
MTM full,1.556640625,0.9805061167883735
MTM full,1.560546875,0.9806387296206316
MTM full,1.564453125,0.9807697799121536
MTM full,1.568359375,0.9808981738844246
MTM full,1.572265625,0.9810244662394058
MTM full,1.576171875,0.9811517508077543
MTM full,1.580078125,0.9812782853565495
MTM full,1.583984375,0.981402569846685
MTM full,1.587890625,0.98152691683845
MTM full,1.591796875,0.9816526076152478
MTM full,1.595703125,0.981777970258491
MTM full,1.599609375,0.9819026375711069
MTM full,1.603515625,0.9820262579814295
MTM full,1.607421875,0.9821487924259408
MTM full,1.611328125,0.9822706159144171
MTM full,1.615234375,0.982391548754674
MTM full,1.619140625,0.9825120128327102
MTM full,1.623046875,0.9826317815801189
MTM full,1.626953125,0.9827496674659408
MTM full,1.630859375,0.9828661080015819
MTM full,1.634765625,0.9829825876007415
MTM full,1.638671875,0.9830998719083801
MTM full,1.642578125,0.9832170702762781
MTM full,1.646484375,0.9833338155073628
MTM full,1.650390625,0.983449646652117
MTM full,1.654296875,0.9835630949222488
MTM full,1.658203125,0.9836765041288623
MTM full,1.662109375,0.9837901711546971
MTM full,1.666015625,0.9839025334590176
MTM full,1.669921875,0.9840136379180455
MTM full,1.673828125,0.9841228517027831
MTM full,1.677734375,0.984232299868631
MTM full,1.681640625,0.9843423105491439
MTM full,1.685546875,0.9844511883876231
MTM full,1.689453125,0.9845606287407673
MTM full,1.693359375,0.9846714519424629
MTM full,1.697265625,0.9847833376718588
MTM full,1.701171875,0.9848946140103676
MTM full,1.705078125,0.9850055934661367
MTM full,1.708984375,0.9851163776043138
MTM full,1.712890625,0.9852261382783088
MTM full,1.716796875,0.9853355942568605
MTM full,1.720703125,0.9854448705432274
MTM full,1.724609375,0.9855535530641146
MTM full,1.728515625,0.9856613840003008
MTM full,1.732421875,0.9857691055586355
MTM full,1.736328125,0.9858762021006758
MTM full,1.740234375,0.9859834548967897
MTM full,1.744140625,0.9860913014583832
MTM full,1.748046875,0.9861999839792704
MTM full,1.751953125,0.986309658713525
MTM full,1.755859375,0.9864174818370076
MTM full,1.759765625,0.9865250002650466
MTM full,1.763671875,0.9866337687256743
MTM full,1.767578125,0.9867419356081187
MTM full,1.771484375,0.9868497977951197
MTM full,1.775390625,0.9869577693599721
MTM full,1.779296875,0.9870650299687896
MTM full,1.783203125,0.9871707436622787
MTM full,1.787109375,0.987274965129365
MTM full,1.791015625,0.9873780850052323
MTM full,1.794921875,0.9874804236107317
MTM full,1.798828125,0.9875823872064545
MTM full,1.802734375,0.9876846476849171
MTM full,1.806640625,0.9877863222106038
MTM full,1.810546875,0.9878870123356268
MTM full,1.814453125,0.9879888040518687
MTM full,1.818359375,0.9880906660824437
MTM full,1.822265625,0.9881912702677262
MTM full,1.826171875,0.9882913275637512
MTM full,1.830078125,0.9883903301447793
MTM full,1.833984375,0.9884882701981071
MTM full,1.837890625,0.9885843195771444
MTM full,1.841796875,0.988678681412187
MTM full,1.845703125,0.9887723088530835
MTM full,1.849609375,0.9888648190773541
MTM full,1.853515625,0.9889585871469169
MTM full,1.857421875,0.9890518239526296
MTM full,1.861328125,0.9891443732404185
MTM full,1.865234375,0.9892384772562396
MTM full,1.869140625,0.9893317765635817
MTM full,1.873046875,0.9894240211559271
MTM full,1.876953125,0.9895151016554241
MTM full,1.880859375,0.9896069087363635
MTM full,1.884765625,0.9896981064264158
MTM full,1.888671875,0.9897887259763958
MTM full,1.892578125,0.9898798533521149
MTM full,1.896484375,0.9899710432294635
MTM full,1.900390625,0.9900617096556656
MTM full,1.904296875,0.9901516495004254
MTM full,1.908203125,0.9902423003012201
MTM full,1.912109375,0.9903319354505364
MTM full,1.916015625,0.9904205861991892
MTM full,1.919921875,0.9905084244266591
MTM full,1.923828125,0.9905961923397961
MTM full,1.927734375,0.9906852180982254
MTM full,1.931640625,0.9907742594820621
MTM full,1.935546875,0.990862613347975
MTM full,1.939453125,0.990951107842554
MTM full,1.943359375,0.9910398132801325
MTM full,1.947265625,0.9911283077747116
MTM full,1.951171875,0.9912147553409266
MTM full,1.955078125,0.9913010388403645
MTM full,1.958984375,0.9913881973626143
MTM full,1.962890625,0.9914735902138326
MTM full,1.966796875,0.9915579908516836
MTM full,1.970703125,0.991643164947199
MTM full,1.974609375,0.991728370293529
MTM full,1.978515625,0.991811747467198
MTM full,1.982421875,0.9918940777385739
MTM full,1.986328125,0.9919770330262441
MTM full,1.990234375,0.9920598789360628
MTM full,1.994140625,0.9921409513621464
MTM full,1.998046875,0.9922202268663836
MTM full,2.001953125,0.9922991586116588
MTM full,2.005859375,0.9923788794400058
MTM full,2.009765625,0.9924568736608395
MTM full,2.013671875,0.9925349694468211
MTM full,2.017578125,0.9926138074396522
MTM full,2.021484375,0.992691528215857
MTM full,2.025390625,0.9927687333536191
MTM full,2.029296875,0.9928458681770481
MTM full,2.033203125,0.9929236123913641
MTM full,2.037109375,0.993001942558456
MTM full,2.041015625,0.9930796555219572
MTM full,2.044921875,0.9931550168616509
MTM full,2.048828125,0.9932298547501981
MTM full,2.052734375,0.9933036379237484
MTM full,2.056640625,0.9933757569914151
MTM full,2.060546875,0.9934481729418216
MTM full,2.064453125,0.9935207060827832
MTM full,2.068359375,0.9935929189028939
MTM full,2.072265625,0.9936647723386355
MTM full,2.076171875,0.9937349694811969
MTM full,2.080078125,0.9938036665846518
MTM full,2.083984375,0.9938731996474005
MTM full,2.087890625,0.9939430999072222
MTM full,2.091796875,0.9940137970628191
MTM full,2.095703125,0.9940857833145232
MTM full,2.099609375,0.9941572383023771
MTM full,2.103515625,0.9942276151371231
MTM full,2.107421875,0.994297288828538
MTM full,2.111328125,0.9943662359385107
MTM full,2.115234375,0.9944351361722613
MTM full,2.119140625,0.9945042004727893
MTM full,2.123046875,0.9945728663254295
MTM full,2.126953125,0.9946408524728496
MTM full,2.130859375,0.9947085339248262
MTM full,2.134765625,0.9947766216373941
MTM full,2.138671875,0.9948440140193345
MTM full,2.142578125,0.9949106095054997
MTM full,2.146484375,0.9949772518678869
MTM full,2.150390625,0.9950436989126821
MTM full,2.154296875,0.9951097318841823
MTM full,2.158203125,0.9951757648556825
MTM full,2.162109375,0.9952406649851492
MTM full,2.166015625,0.9953041510152499
MTM full,2.169921875,0.9953671917212409
MTM full,2.173828125,0.9954291073979019
MTM full,2.177734375,0.995489898045233
MTM full,2.181640625,0.9955499777365293
MTM full,2.185546875,0.9956097371069748
MTM full,2.189453125,0.9956682386321278
MTM full,2.193359375,0.9957259901377276
MTM full,2.197265625,0.9957829134967373
MTM full,2.201171875,0.9958391180870084
MTM full,2.205078125,0.9958948461023552
MTM full,2.208984375,0.9959497147202973
MTM full,2.212890625,0.9960050286623491
MTM full,2.216796875,0.9960610301223245
MTM full,2.220703125,0.9961174690937061
MTM full,2.224609375,0.996173462740978
MTM full,2.228515625,0.9962297220201749
MTM full,2.232421875,0.9962848406446346
MTM full,2.236328125,0.9963386232967651
MTM full,2.240234375,0.9963928434603018
MTM full,2.244140625,0.996447415195504
MTM full,2.248046875,0.9965022760007424
MTM full,2.251953125,0.9965575352538684
MTM full,2.255859375,0.9966128179451055
MTM full,2.259765625,0.9966679209441578
MTM full,2.263671875,0.9967229223780624
MTM full,2.267578125,0.9967786894569276
MTM full,2.271484375,0.9968359409494919
MTM full,2.275390625,0.9968935049502033
MTM full,2.279296875,0.9969504361219168
MTM full,2.283203125,0.9970078907447769
MTM full,2.287109375,0.9970658922568945
MTM full,2.291015625,0.997123940645234
MTM full,2.294921875,0.9971816843381301
MTM full,2.298828125,0.9972384983192883
MTM full,2.302734375,0.9972953357385578
MTM full,2.306640625,0.9973522122213454
MTM full,2.310546875,0.9974085027513571
MTM full,2.314453125,0.9974651136022196
MTM full,2.318359375,0.9975215135100829
MTM full,2.322265625,0.9975777415384652
MTM full,2.326171875,0.9976337429984407
MTM full,2.330078125,0.9976886819307158
MTM full,2.333984375,0.9977438786822124
MTM full,2.337890625,0.997798880116117
MTM full,2.341796875,0.9978536706070221
MTM full,2.345703125,0.9979091251777401
MTM full,2.349609375,0.9979635172207577
MTM full,2.353515625,0.9980177061334795
MTM full,2.357421875,0.9980731294533828
MTM full,2.361328125,0.9981274902455856
MTM full,2.365234375,0.9981817025964186
MTM full,2.369140625,0.9982365243381386
MTM full,2.373046875,0.9982898772915667
MTM full,2.376953125,0.9983430896163286
MTM full,2.380859375,0.9983968175795334
MTM full,2.384765625,0.9984493892625935
MTM full,2.388671875,0.9985017812534691
MTM full,2.392578125,0.9985551263941935
MTM full,2.396484375,0.9986092996815081
MTM full,2.400390625,0.998663972981858
MTM full,2.404296875,0.9987180290786174
MTM full,2.408203125,0.9987716476639706
MTM full,2.412109375,0.9988244771662522
MTM full,2.416015625,0.9988776738656069
MTM full,2.419921875,0.9989305814949253
MTM full,2.423828125,0.9989829812985046
MTM full,2.427734375,0.9990367483252278
MTM full,2.431640625,0.999089929399175
MTM full,2.435546875,0.999141821377015
MTM full,2.439453125,0.9991941899297796
MTM full,2.443359375,0.9992481132105764
MTM full,2.447265625,0.9993026615076674
MTM full,2.451171875,0.9993573348080175
MTM full,2.455078125,0.9994111096474443
MTM full,2.458984375,0.9994644782262799
MTM full,2.462890625,0.9995193077807035
MTM full,2.466796875,0.9995737154491284
MTM full,2.470703125,0.9996277402950731
MTM full,2.474609375,0.9996814291947594
MTM full,2.478515625,0.9997348368371135
MTM full,2.482421875,0.999788205415949
MTM full,2.486328125,0.9998412146104153
MTM full,2.490234375,0.9998947081925096
MTM full,2.494140625,0.9999476392599391
MTM full,2.498046875,1.0
MTM moments,-0.5,0.0
MTM moments,0.0,0.0
MTM moments,-0.072265625,-7.471977842431815e-07
MTM moments,-0.068359375,-6.254123014125319e-07
MTM moments,-0.064453125,-4.5927759052130183e-07
MTM moments,-0.060546875,-2.1220658751756066e-07
MTM moments,-0.056640625,4.492288074458512e-08
MTM moments,-0.052734375,2.437101778258586e-07
MTM moments,-0.048828125,4.579451036545498e-07
MTM moments,-0.044921875,6.90148254981299e-07
MTM moments,-0.041015625,9.527138159508271e-07
MTM moments,-0.037109375,1.2579929583644102e-06
MTM moments,-0.033203125,1.6096317497505166e-06
MTM moments,-0.029296875,2.029991156094662e-06
MTM moments,-0.025390625,2.5337499156109893e-06
MTM moments,-0.021484375,3.1312932820300637e-06
MTM moments,-0.017578125,3.868265457908083e-06
MTM moments,-0.013671875,4.803866461151596e-06
MTM moments,-0.009765625,5.971350456409001e-06
MTM moments,-0.005859375,7.418358426236687e-06
MTM moments,-0.001953125,9.25794846346369e-06
MTM moments,0.001953125,1.1627553020262558e-05
MTM moments,0.005859375,1.4747490084056034e-05
MTM moments,0.009765625,1.8939283534313022e-05
MTM moments,0.013671875,2.4761738809716705e-05
MTM moments,0.017578125,3.309244793699047e-05
MTM moments,0.021484375,4.530739614246824e-05
MTM moments,0.025390625,6.404706254279285e-05
MTM moments,0.029296875,9.402499270752829e-05
MTM moments,0.033203125,0.00014502815918264697
MTM moments,0.037109375,0.00023763192812883627
MTM moments,0.041015625,0.0004221768992215188
MTM moments,0.044921875,0.0008494852364488786
MTM moments,0.048828125,0.0018264921586470851
MTM moments,0.052734375,0.0038303438052366694
MTM moments,0.056640625,0.00844692190655752
MTM moments,0.060546875,0.018238083162275768
MTM moments,0.064453125,0.03941682963401736
MTM moments,0.068359375,0.07212879631417692
MTM moments,0.072265625,0.10687652170587401
MTM moments,0.076171875,0.13837323391680922
MTM moments,0.080078125,0.166482149926967
MTM moments,0.083984375,0.19209419602545494
MTM moments,0.087890625,0.2159175159013528
MTM moments,0.091796875,0.23828317918627775
MTM moments,0.095703125,0.25939555477652687
MTM moments,0.099609375,0.2793891010553459
MTM moments,0.103515625,0.2983365171043594
MTM moments,0.107421875,0.31639520148542516
MTM moments,0.111328125,0.33359875625353885
MTM moments,0.115234375,0.3499959480171554
MTM moments,0.119140625,0.3656544685039932
MTM moments,0.123046875,0.38059209084913237
MTM moments,0.126953125,0.3949230627172585
MTM moments,0.130859375,0.40875562479037775
MTM moments,0.134765625,0.4220128273569038
MTM moments,0.138671875,0.4346673655473984
MTM moments,0.142578125,0.446840223104288
MTM moments,0.146484375,0.45862085149438253
MTM moments,0.150390625,0.470001214874023
MTM moments,0.154296875,0.48086886087927566
MTM moments,0.158203125,0.49130690543655237
MTM moments,0.162109375,0.5015501167994512
MTM moments,0.166015625,0.5114770759161545
MTM moments,0.169921875,0.520959650155696
MTM moments,0.173828125,0.5301910230859979
MTM moments,0.177734375,0.5391265921803253
MTM moments,0.181640625,0.5477451185254631
MTM moments,0.185546875,0.556110238690355
MTM moments,0.189453125,0.564202090179094
MTM moments,0.193359375,0.5721174393803704
MTM moments,0.197265625,0.5798638880108605
MTM moments,0.201171875,0.587348797640536
MTM moments,0.205078125,0.5946258209689266
MTM moments,0.208984375,0.6017948978981399
MTM moments,0.212890625,0.6087660081790304
MTM moments,0.216796875,0.615572977460956
MTM moments,0.220703125,0.6221713754670837
MTM moments,0.224609375,0.6285263410082678
MTM moments,0.228515625,0.6347521742551203
MTM moments,0.232421875,0.6408232123199861
MTM moments,0.236328125,0.6467183686556404
MTM moments,0.240234375,0.6523969254000288
MTM moments,0.244140625,0.6579985955049635
MTM moments,0.248046875,0.6635541204972947
MTM moments,0.251953125,0.6690017875373974
MTM moments,0.255859375,0.6742856734830259
MTM moments,0.259765625,0.6793336683243619
MTM moments,0.263671875,0.684289076929502
MTM moments,0.267578125,0.6891486331308095
MTM moments,0.271484375,0.6939125673658566
MTM moments,0.275390625,0.6986184473169579
MTM moments,0.279296875,0.7032096784917935
MTM moments,0.283203125,0.7077691354523031
MTM moments,0.287109375,0.7122476587152848
MTM moments,0.291015625,0.7165260244058211
MTM moments,0.294921875,0.720662116603929
MTM moments,0.298828125,0.7247413456715214
MTM moments,0.302734375,0.7287656746837301
MTM moments,0.306640625,0.7326717605541957
MTM moments,0.310546875,0.7364287835712822
MTM moments,0.314453125,0.7401403388075797
MTM moments,0.318359375,0.7438953991276407
MTM moments,0.322265625,0.7476236357922463
MTM moments,0.326171875,0.7512397711009517
MTM moments,0.330078125,0.7546958214834669
MTM moments,0.333984375,0.7579468069533798
MTM moments,0.337890625,0.7611320025117319
MTM moments,0.341796875,0.7643260251241664
MTM moments,0.345703125,0.767457364257419
MTM moments,0.349609375,0.7705214459083445
MTM moments,0.353515625,0.7735962177399227
MTM moments,0.357421875,0.7766216265405415
MTM moments,0.361328125,0.7795611389389118
MTM moments,0.365234375,0.782459792661705
MTM moments,0.369140625,0.7852125733906117
MTM moments,0.373046875,0.7878027750356194
MTM moments,0.376953125,0.7903720582873944
MTM moments,0.380859375,0.7929859134602303
MTM moments,0.384765625,0.7955102561084727
MTM moments,0.388671875,0.7979682206566805
MTM moments,0.392578125,0.8004735700634623
MTM moments,0.396484375,0.8030158209656416
MTM moments,0.400390625,0.8055193122264929
MTM moments,0.404296875,0.8078629612554529
MTM moments,0.408203125,0.8101350161285779
MTM moments,0.412109375,0.8124315681159793
MTM moments,0.416015625,0.8146492708189969
MTM moments,0.419921875,0.8168659203095587
MTM moments,0.423828125,0.8190652012004369
MTM moments,0.427734375,0.8211706810508225
MTM moments,0.431640625,0.8232297807619029
MTM moments,0.435546875,0.825282999715488
MTM moments,0.439453125,0.827231790082109
MTM moments,0.443359375,0.8291644490583088
MTM moments,0.447265625,0.8312034385798956
MTM moments,0.451171875,0.8331414622152548
MTM moments,0.455078125,0.8350652716690197
MTM moments,0.458984375,0.8369331404828968
MTM moments,0.462890625,0.8387366152217092
MTM moments,0.466796875,0.8405588472311455
MTM moments,0.470703125,0.842335505716543
MTM moments,0.474609375,0.8441368745014701
MTM moments,0.478515625,0.8459188550010613
MTM moments,0.482421875,0.847703078217645
MTM moments,0.486328125,0.8494338551059901
MTM moments,0.490234375,0.8510784782577274
MTM moments,0.494140625,0.8526340284930153
MTM moments,0.498046875,0.8541124530398966
MTM moments,0.501953125,0.855705325612319
MTM moments,0.505859375,0.8573132153768297
MTM moments,0.509765625,0.8588242961175788
MTM moments,0.513671875,0.8603297244505412
MTM moments,0.517578125,0.8618755197670146
MTM moments,0.521484375,0.8634142450625718
MTM moments,0.525390625,0.864846710145925
MTM moments,0.529296875,0.8661730723932647
MTM moments,0.533203125,0.8675218445108308
MTM moments,0.537109375,0.8689142003834892
MTM moments,0.541015625,0.8702784601537037
MTM moments,0.544921875,0.8716170106327018
MTM moments,0.548828125,0.8729380537253821
MTM moments,0.552734375,0.8742328560081455
MTM moments,0.556640625,0.8754440990504744
MTM moments,0.560546875,0.8766941510126799
MTM moments,0.564453125,0.8780050723782685
MTM moments,0.568359375,0.8792286977663392
MTM moments,0.572265625,0.8803767455212372
MTM moments,0.576171875,0.8816056077600604
MTM moments,0.580078125,0.8829220407983622
MTM moments,0.583984375,0.8841456691303246
MTM moments,0.587890625,0.8854092542082301
MTM moments,0.591796875,0.8866687114943204
MTM moments,0.595703125,0.887760390900284
MTM moments,0.599609375,0.8888739878928451
MTM moments,0.603515625,0.8899969444432424
MTM moments,0.607421875,0.8910483889305548
MTM moments,0.611328125,0.892063454679681
MTM moments,0.615234375,0.8931653175535613
MTM moments,0.619140625,0.8943700890421017
MTM moments,0.623046875,0.8954785597864869
MTM moments,0.626953125,0.8965068275882173
MTM moments,0.630859375,0.8975419737858423
MTM moments,0.634765625,0.8985033037095301
MTM moments,0.638671875,0.8994150714997858
MTM moments,0.642578125,0.9002816546749906
MTM moments,0.646484375,0.9011967491670974
MTM moments,0.650390625,0.9022333475526166
MTM moments,0.654296875,0.9032880437831177
MTM moments,0.658203125,0.9042579760413652
MTM moments,0.662109375,0.9051259771540922
MTM moments,0.666015625,0.9060239918709532
MTM moments,0.669921875,0.9069420604631993
MTM moments,0.673828125,0.9077690286756789
MTM moments,0.677734375,0.9085311573520609
MTM moments,0.681640625,0.9093450344256673
MTM moments,0.685546875,0.9102215719783829
MTM moments,0.689453125,0.911063199588834
MTM moments,0.693359375,0.91184327467752
MTM moments,0.697265625,0.912603294686302
MTM moments,0.701171875,0.9133164266090246
MTM moments,0.705078125,0.9140777156592896
MTM moments,0.708984375,0.914880433562167
MTM moments,0.712890625,0.9156063433468709
MTM moments,0.716796875,0.9163331212866247
MTM moments,0.720703125,0.9170155819863156
MTM moments,0.724609375,0.917696889818467
MTM moments,0.728515625,0.9184593515596359
MTM moments,0.732421875,0.9192302313141459
MTM moments,0.736328125,0.9200403315070033
MTM moments,0.740234375,0.9208453395796893
MTM moments,0.744140625,0.9215962171437764
MTM moments,0.748046875,0.9223243511222442
MTM moments,0.751953125,0.9230318278133894
MTM moments,0.755859375,0.923684689343632
MTM moments,0.759765625,0.9242829935877436
MTM moments,0.763671875,0.9249527101155823
MTM moments,0.767578125,0.92568222773776
MTM moments,0.771484375,0.9263929435878824
MTM moments,0.775390625,0.92705325565446
MTM moments,0.779296875,0.9276327253949275
MTM moments,0.783203125,0.9281881409454797
MTM moments,0.787109375,0.928747233396785
MTM moments,0.791015625,0.9293416708643673
MTM moments,0.794921875,0.9299015461928375
MTM moments,0.798828125,0.930408304901952
MTM moments,0.802734375,0.9309541700747186
MTM moments,0.806640625,0.9315562559034222
MTM moments,0.810546875,0.9321339341038629
MTM moments,0.814453125,0.9326479902111826
MTM moments,0.818359375,0.9331598463295522
MTM moments,0.822265625,0.9337052691904585
MTM moments,0.826171875,0.9342414942171775
MTM moments,0.830078125,0.9347575476772857
MTM moments,0.833984375,0.9353175597860065
MTM moments,0.837890625,0.9358625755613978
MTM moments,0.841796875,0.9363799094428388
MTM moments,0.845703125,0.9369121703891284
MTM moments,0.849609375,0.9374548694721175
MTM moments,0.853515625,0.9379377806988927
MTM moments,0.857421875,0.9383491091556954
MTM moments,0.861328125,0.9387606509336932
MTM moments,0.865234375,0.9391995299451014
MTM moments,0.869140625,0.939691436641323
MTM moments,0.873046875,0.9401926762892006
MTM moments,0.876953125,0.9406625503909508
MTM moments,0.880859375,0.9410913363654863
MTM moments,0.884765625,0.9415367307445159
MTM moments,0.888671875,0.9420072034840121
MTM moments,0.892578125,0.9424285363938172
MTM moments,0.896484375,0.9428134212514913
MTM moments,0.900390625,0.9432176138818125
MTM moments,0.904296875,0.9436425323692332
MTM moments,0.908203125,0.9440409046999133
MTM moments,0.912109375,0.9444252566352214
MTM moments,0.916015625,0.9448072930399488
MTM moments,0.919921875,0.9451679893976233
MTM moments,0.923828125,0.9455502958166493
MTM moments,0.927734375,0.9459558656064486
MTM moments,0.931640625,0.9463709492522827
MTM moments,0.935546875,0.9468694761809577
MTM moments,0.939453125,0.9473884027861231
MTM moments,0.943359375,0.9478190939478959
MTM moments,0.947265625,0.9481960205701967
MTM moments,0.951171875,0.9485527179233605
MTM moments,0.955078125,0.9488980052787952
MTM moments,0.958984375,0.9492426647334357
MTM moments,0.962890625,0.9495907977200215
MTM moments,0.966796875,0.9499177095616451
MTM moments,0.970703125,0.9502334981310119
MTM moments,0.974609375,0.9505870366986882
MTM moments,0.978515625,0.9509215531740975
MTM moments,0.982421875,0.9512667647429833
MTM moments,0.986328125,0.9516160709198062
MTM moments,0.990234375,0.9519476565195927
MTM moments,0.994140625,0.9522833225242794
MTM moments,0.998046875,0.9525598057261743
MTM moments,1.001953125,0.9528119304872648
MTM moments,1.005859375,0.953127070172627
MTM moments,1.009765625,0.9535181306166363
MTM moments,1.013671875,0.9538749789676062
MTM moments,1.017578125,0.9541515242414277
MTM moments,1.021484375,0.9544304218320212
MTM moments,1.025390625,0.9547864519421823
MTM moments,1.029296875,0.95512969648989
MTM moments,1.033203125,0.9554028419629863
MTM moments,1.037109375,0.9557398221089418
MTM moments,1.041015625,0.9560856827579937
MTM moments,1.044921875,0.9563814470405517
MTM moments,1.048828125,0.9566535792889329
MTM moments,1.052734375,0.9568909403623305
MTM moments,1.056640625,0.9571503086039925
MTM moments,1.060546875,0.9574152673048595
MTM moments,1.064453125,0.9576660016375719
MTM moments,1.068359375,0.9579177164678262
MTM moments,1.072265625,0.9581568171169048
MTM moments,1.076171875,0.9584168686677839
MTM moments,1.080078125,0.9586843635563354
MTM moments,1.083984375,0.9589204331112156
MTM moments,1.087890625,0.9592147671944538
MTM moments,1.091796875,0.959514037541503
MTM moments,1.095703125,0.9597961601534
MTM moments,1.099609375,0.9600494836897939
MTM moments,1.103515625,0.9602703618441168
MTM moments,1.107421875,0.9605618426873651
MTM moments,1.111328125,0.9608591926373753
MTM moments,1.115234375,0.9611045132387778
MTM moments,1.119140625,0.9613614605652511
MTM moments,1.123046875,0.9616369215110181
MTM moments,1.126953125,0.9619038626994222
MTM moments,1.130859375,0.9621627608123693
MTM moments,1.134765625,0.9624223928644755
MTM moments,1.138671875,0.9627348187225198
MTM moments,1.142578125,0.9630368279565541
MTM moments,1.146484375,0.963284096599604
MTM moments,1.150390625,0.9635112539594693
MTM moments,1.154296875,0.9637508969552184
MTM moments,1.158203125,0.9640013308252542
MTM moments,1.162109375,0.9642158832178698
MTM moments,1.166015625,0.9643920566858103
MTM moments,1.169921875,0.9645641415556708
MTM moments,1.173828125,0.9647200514873002
MTM moments,1.177734375,0.9648670163449949
MTM moments,1.181640625,0.9650296074201975
MTM moments,1.185546875,0.9652114889338306
MTM moments,1.189453125,0.9654065794915797
MTM moments,1.193359375,0.9656021954631693
MTM moments,1.197265625,0.9658161806422969
MTM moments,1.201171875,0.9660159739514409
MTM moments,1.205078125,0.9662200874641602
MTM moments,1.208984375,0.9664870063633022
MTM moments,1.212890625,0.966768261880829
MTM moments,1.216796875,0.9670064097665994
MTM moments,1.220703125,0.9672247542357268
MTM moments,1.224609375,0.9674619579946673
MTM moments,1.228515625,0.967708900221052
MTM moments,1.232421875,0.9679257141062854
MTM moments,1.236328125,0.968119038756117
MTM moments,1.240234375,0.9683571266827667
MTM moments,1.244140625,0.9686120240158824
MTM moments,1.248046875,0.9688344784340129
MTM moments,1.251953125,0.9690722516172634
MTM moments,1.255859375,0.9692966780764916
MTM moments,1.259765625,0.969513225495613
MTM moments,1.263671875,0.9697440268981148
MTM moments,1.267578125,0.9699428974748177
MTM moments,1.271484375,0.9701246030321803
MTM moments,1.275390625,0.9702934934306865
MTM moments,1.279296875,0.9704690276093823
MTM moments,1.283203125,0.9706524816438633
MTM moments,1.287109375,0.970882414641894
MTM moments,1.291015625,0.9711211370181103
MTM moments,1.294921875,0.9713042825125041
MTM moments,1.298828125,0.9715040372831383
MTM moments,1.302734375,0.9716842871797665
MTM moments,1.306640625,0.9718257260055732
MTM moments,1.310546875,0.9719762187626514
MTM moments,1.314453125,0.9721518633392306
MTM moments,1.318359375,0.9723413740487932
MTM moments,1.322265625,0.9725421454939063
MTM moments,1.326171875,0.9727569101261204
MTM moments,1.330078125,0.9729544726895027
MTM moments,1.333984375,0.9731304931905406
MTM moments,1.337890625,0.9733015355242919
MTM moments,1.341796875,0.9734596259852719
MTM moments,1.345703125,0.9736072161770551
MTM moments,1.349609375,0.9737747472997451
MTM moments,1.353515625,0.9739511699508553
MTM moments,1.357421875,0.9740960624186131
MTM moments,1.361328125,0.974276484504462
MTM moments,1.365234375,0.9744724690603529
MTM moments,1.369140625,0.9746012041365244
MTM moments,1.373046875,0.9747127272782553
MTM moments,1.376953125,0.9748664313327228
MTM moments,1.380859375,0.975061414580202
MTM moments,1.384765625,0.9752296044506056
MTM moments,1.388671875,0.9753657752264611
MTM moments,1.392578125,0.9755101970584242
MTM moments,1.396484375,0.975673680083594
MTM moments,1.400390625,0.9758425270182889
MTM moments,1.404296875,0.9759888901824126
MTM moments,1.408203125,0.9761215858838904
MTM moments,1.412109375,0.9762699367157686
MTM moments,1.416015625,0.9764723702284304
MTM moments,1.419921875,0.9766720312174884
MTM moments,1.423828125,0.9768149195160627
MTM moments,1.427734375,0.9769471228690337
MTM moments,1.431640625,0.9770696868828188
MTM moments,1.435546875,0.9771963243829699
MTM moments,1.439453125,0.9773424101551231
MTM moments,1.443359375,0.9774838773569875
MTM moments,1.447265625,0.9776184369165317
MTM moments,1.451171875,0.9777694115966791
MTM moments,1.455078125,0.9779182320097076
MTM moments,1.458984375,0.9780534569141752
MTM moments,1.462890625,0.9781804249229437
MTM moments,1.466796875,0.9782998559111996
MTM moments,1.470703125,0.9784313314699681
MTM moments,1.474609375,0.9785735736422166
MTM moments,1.478515625,0.9787168056530359
MTM moments,1.482421875,0.9788358738739142
MTM moments,1.486328125,0.9789407545334339
MTM moments,1.490234375,0.9790706793814076
MTM moments,1.494140625,0.9791960961070671
MTM moments,1.498046875,0.9793136495179915
MTM moments,1.501953125,0.979431031539754
MTM moments,1.505859375,0.9795269793533581
MTM moments,1.509765625,0.9796377700483038
MTM moments,1.513671875,0.9797700807060242
MTM moments,1.517578125,0.979929652741446
MTM moments,1.521484375,0.9800767166548481
MTM moments,1.525390625,0.980180839214744
MTM moments,1.529296875,0.980344781483715
MTM moments,1.533203125,0.9805094864168982
MTM moments,1.537109375,0.980636950003787
MTM moments,1.541015625,0.980767838796596
MTM moments,1.544921875,0.9808827333438362
MTM moments,1.548828125,0.9810007386521857
MTM moments,1.552734375,0.9811421089172496
MTM moments,1.556640625,0.9812935411539488
MTM moments,1.560546875,0.9814145626082269
MTM moments,1.564453125,0.981511892611756
MTM moments,1.568359375,0.9816372027198422
MTM moments,1.572265625,0.9817610737500265
MTM moments,1.576171875,0.9818688581488587
MTM moments,1.580078125,0.9820001755379337
MTM moments,1.583984375,0.9821146217455178
MTM moments,1.587890625,0.9822265577253928
MTM moments,1.591796875,0.982339997358736
MTM moments,1.595703125,0.9824459869800538
MTM moments,1.599609375,0.9825516992795473
MTM moments,1.603515625,0.9826399005200152
MTM moments,1.607421875,0.9827518308721516
MTM moments,1.611328125,0.9828672854581579
MTM moments,1.615234375,0.9829534758100621
MTM moments,1.619140625,0.9830478499175979
MTM moments,1.623046875,0.9831548766632389
MTM moments,1.626953125,0.9832583031860299
MTM moments,1.630859375,0.9833731996824794
MTM moments,1.634765625,0.9834902845375673
MTM moments,1.638671875,0.9835845432270309
MTM moments,1.642578125,0.9836831867838005
MTM moments,1.646484375,0.9837839767878145
MTM moments,1.650390625,0.9838832395322948
MTM moments,1.654296875,0.9839862210512902
MTM moments,1.658203125,0.98408238991739
MTM moments,1.662109375,0.9841717524847496
MTM moments,1.666015625,0.9842651900917238
MTM moments,1.669921875,0.9843511467228472
MTM moments,1.673828125,0.9844304900460851
MTM moments,1.677734375,0.9845288434275188
MTM moments,1.681640625,0.9846323764342947
MTM moments,1.685546875,0.9847274365593152
MTM moments,1.689453125,0.9848179402329056
MTM moments,1.693359375,0.9849523322184445
MTM moments,1.697265625,0.9850881663096048
MTM moments,1.701171875,0.9851735158568727
MTM moments,1.705078125,0.9852577623536837
MTM moments,1.708984375,0.9853619613511381
MTM moments,1.712890625,0.9854687032143804
MTM moments,1.716796875,0.9855602213551645
MTM moments,1.720703125,0.9856434176592976
MTM moments,1.724609375,0.9857302626585193
MTM moments,1.728515625,0.985840871113842
MTM moments,1.732421875,0.9859739701516441
MTM moments,1.736328125,0.9860914175040028
MTM moments,1.740234375,0.9861865215010425
MTM moments,1.744140625,0.9862778787232074
MTM moments,1.748046875,0.9863617726755106
MTM moments,1.751953125,0.9864494943158286
MTM moments,1.755859375,0.9865352464780653
MTM moments,1.759765625,0.9866285416966968
MTM moments,1.763671875,0.9867246782110071
MTM moments,1.767578125,0.986808527618654
MTM moments,1.771484375,0.9868984916617424
MTM moments,1.775390625,0.9870214385011986
MTM moments,1.779296875,0.9871555977788287
MTM moments,1.783203125,0.9872754378235448
MTM moments,1.787109375,0.9873799535198969
MTM moments,1.791015625,0.9874657782170332
MTM moments,1.794921875,0.9875550479969234
MTM moments,1.798828125,0.9876451068867477
MTM moments,1.802734375,0.9877293658272717
MTM moments,1.806640625,0.9878116863890801
MTM moments,1.810546875,0.9878893641066809
MTM moments,1.814453125,0.9879609062243062
MTM moments,1.818359375,0.9880437188319069
MTM moments,1.822265625,0.988130912860952
MTM moments,1.826171875,0.9882141564063225
MTM moments,1.830078125,0.9883039990436567
MTM moments,1.833984375,0.9883928933753339
MTM moments,1.837890625,0.9884828176302801
MTM moments,1.841796875,0.9885746685512248
MTM moments,1.845703125,0.9886713220345497
MTM moments,1.849609375,0.9887854968787619
MTM moments,1.853515625,0.9888820404165973
MTM moments,1.857421875,0.9889670444002134
MTM moments,1.861328125,0.989078226107013
MTM moments,1.865234375,0.9891884984019729
MTM moments,1.869140625,0.989275932642285
MTM moments,1.873046875,0.9893563659688659
MTM moments,1.876953125,0.9894503840563632
MTM moments,1.880859375,0.9895338761484741
MTM moments,1.884765625,0.9895991044587696
MTM moments,1.888671875,0.9896672286655904
MTM moments,1.892578125,0.9897508321306422
MTM moments,1.896484375,0.9898381072838721
MTM moments,1.900390625,0.98990740512224
MTM moments,1.904296875,0.9899952066006756
MTM moments,1.908203125,0.9900872599845754
MTM moments,1.912109375,0.990160089936443
MTM moments,1.916015625,0.9902320056372947
MTM moments,1.919921875,0.9903126090856219
MTM moments,1.923828125,0.990392506773733
MTM moments,1.927734375,0.9904660838907073
MTM moments,1.931640625,0.9905376130752592
MTM moments,1.935546875,0.990612818888917
MTM moments,1.939453125,0.9906938518383568
MTM moments,1.943359375,0.990777053300312
MTM moments,1.947265625,0.9908640598906424
MTM moments,1.951171875,0.9909406114912882
MTM moments,1.955078125,0.9910155074371642
MTM moments,1.958984375,0.9910898452312876
MTM moments,1.962890625,0.9911492984812659
MTM moments,1.966796875,0.9912112182289999
MTM moments,1.970703125,0.9912911554568574
MTM moments,1.974609375,0.9913672378765972
MTM moments,1.978515625,0.9914565208534558
MTM moments,1.982421875,0.9915572836916527
MTM moments,1.986328125,0.991634912070156
MTM moments,1.990234375,0.9917096426122969
MTM moments,1.994140625,0.9918149860265421
MTM moments,1.998046875,0.9919360662038655
MTM moments,2.001953125,0.9920331534850428
MTM moments,2.005859375,0.9921146440412716
MTM moments,2.009765625,0.992194591712683
MTM moments,2.013671875,0.9922661363002708
MTM moments,2.017578125,0.9923353777058411
MTM moments,2.021484375,0.9924139271595916
MTM moments,2.025390625,0.9924935666877728
MTM moments,2.029296875,0.9925756448180632
MTM moments,2.033203125,0.9926648535403227
MTM moments,2.037109375,0.9927444880591657
MTM moments,2.041015625,0.9928185659401677
MTM moments,2.044921875,0.992881468321493
MTM moments,2.048828125,0.9929396713489109
MTM moments,2.052734375,0.9930054694753866
MTM moments,2.056640625,0.9930784633205797
MTM moments,2.060546875,0.9931594066784497
MTM moments,2.064453125,0.9932330843080662
MTM moments,2.068359375,0.9933026589473253
MTM moments,2.072265625,0.9933893717817379
MTM moments,2.076171875,0.9934749559627509
MTM moments,2.080078125,0.9935409268724683
MTM moments,2.083984375,0.9936013389091991
MTM moments,2.087890625,0.9936680638809375
MTM moments,2.091796875,0.9937265064312077
MTM moments,2.095703125,0.9937786596487788
MTM moments,2.099609375,0.9938390080186896
MTM moments,2.103515625,0.9939033892635842
MTM moments,2.107421875,0.9939689453439906
MTM moments,2.111328125,0.9940412019071135
MTM moments,2.115234375,0.9941206336249443
MTM moments,2.119140625,0.9942004675479705
MTM moments,2.123046875,0.9942748705842621
MTM moments,2.126953125,0.9943397266454902
MTM moments,2.130859375,0.994411092928386
MTM moments,2.134765625,0.994482692386472
MTM moments,2.138671875,0.9945426970294587
MTM moments,2.142578125,0.9946000206298538
MTM moments,2.146484375,0.9946703599279829
MTM moments,2.150390625,0.994751717832346
MTM moments,2.154296875,0.9948301760702852
MTM moments,2.158203125,0.9949016621822447
MTM moments,2.162109375,0.9949585770159868
MTM moments,2.166015625,0.9950160141267423
MTM moments,2.169921875,0.9950883435676304
MTM moments,2.173828125,0.9951579494390997
MTM moments,2.177734375,0.995229102151097
MTM moments,2.181640625,0.9953105883144365
MTM moments,2.185546875,0.9953763635291327
MTM moments,2.189453125,0.9954266781065505
MTM moments,2.193359375,0.995484030034875
MTM moments,2.197265625,0.9955457424830909
MTM moments,2.201171875,0.9956075035706594
MTM moments,2.205078125,0.9956664902892804
MTM moments,2.208984375,0.995718054879485
MTM moments,2.212890625,0.9957653278153497
MTM moments,2.216796875,0.9958373015383569
MTM moments,2.220703125,0.9959159175339753
MTM moments,2.224609375,0.9959785244150493
MTM moments,2.228515625,0.9960418031258578
MTM moments,2.232421875,0.9960906704185842
MTM moments,2.236328125,0.9961395473387215
MTM moments,2.240234375,0.9961961835868893
MTM moments,2.244140625,0.99624750790413
MTM moments,2.248046875,0.9963021625714977
MTM moments,2.251953125,0.9963536031247794
MTM moments,2.255859375,0.9963958442979449
MTM moments,2.259765625,0.9964430840198117
MTM moments,2.263671875,0.9965018403227702
MTM moments,2.267578125,0.9965646333336388
MTM moments,2.271484375,0.9966212733855546
MTM moments,2.275390625,0.9966712923131719
MTM moments,2.279296875,0.9967207275375264
MTM moments,2.283203125,0.996773790199119
MTM moments,2.287109375,0.9968455444472314
MTM moments,2.291015625,0.9969074824654817
MTM moments,2.294921875,0.9969657213060132
MTM moments,2.298828125,0.9970364514545924
MTM moments,2.302734375,0.997100370415681
MTM moments,2.306640625,0.9971668650293106
MTM moments,2.310546875,0.9972350971876713
MTM moments,2.314453125,0.99729814231035
MTM moments,2.318359375,0.9973600358247295
MTM moments,2.322265625,0.9974435910384545
MTM moments,2.326171875,0.9975234299225707
MTM moments,2.330078125,0.9975790375232539
MTM moments,2.333984375,0.9976321429667393
MTM moments,2.337890625,0.9976921649980397
MTM moments,2.341796875,0.9977542187830578
MTM moments,2.345703125,0.9978111518018057
MTM moments,2.349609375,0.997868609240055
MTM moments,2.353515625,0.9979315890056362
MTM moments,2.357421875,0.9979888312346016
MTM moments,2.361328125,0.9980429971935719
MTM moments,2.365234375,0.9981070666222511
MTM moments,2.369140625,0.9981680558294229
MTM moments,2.373046875,0.9982196706262108
MTM moments,2.376953125,0.9982669649915039
MTM moments,2.380859375,0.9983109691866908
MTM moments,2.384765625,0.9983620358740277
MTM moments,2.388671875,0.9984177035254881
MTM moments,2.392578125,0.9984736910923281
MTM moments,2.396484375,0.9985257990531605
MTM moments,2.400390625,0.9985758721401212
MTM moments,2.404296875,0.998635410357189
MTM moments,2.408203125,0.9986963334224003
MTM moments,2.412109375,0.9987517361632507
MTM moments,2.416015625,0.9988053446195234
MTM moments,2.419921875,0.9988601599128692
MTM moments,2.423828125,0.9989180770219247
MTM moments,2.427734375,0.9989750491263863
MTM moments,2.431640625,0.9990278832701699
MTM moments,2.435546875,0.999100227497036
MTM moments,2.439453125,0.9991733351344755
MTM moments,2.443359375,0.9992291697163899
MTM moments,2.447265625,0.999282272348636
MTM moments,2.451171875,0.9993371369646228
MTM moments,2.455078125,0.9993968809841506
MTM moments,2.458984375,0.999453080657849
MTM moments,2.462890625,0.9995099682890742
MTM moments,2.466796875,0.9995682502703637
MTM moments,2.470703125,0.9996292485689998
MTM moments,2.474609375,0.9996891236854157
MTM moments,2.478515625,0.9997366249140698
MTM moments,2.482421875,0.9997818221726066
MTM moments,2.486328125,0.9998322901499188
MTM moments,2.490234375,0.9998916952751211
MTM moments,2.494140625,0.9999514902598681
MTM moments,2.498046875,1.0
Jump KM corr.,0.001953125,0.0
Jump KM corr.,0.005859375,0.0026595209834981565
Jump KM corr.,0.009765625,0.005591150109998413
Jump KM corr.,0.013671875,0.00886590764303946
Jump KM corr.,0.017578125,0.012630629315425013
Jump KM corr.,0.021484375,0.01701851732187308
Jump KM corr.,0.025390625,0.021819529183570534
Jump KM corr.,0.029296875,0.02668464802944486
Jump KM corr.,0.033203125,0.0319374892152727
Jump KM corr.,0.037109375,0.037759699814161836
Jump KM corr.,0.041015625,0.04418142225802622
Jump KM corr.,0.044921875,0.05116927389954683
Jump KM corr.,0.048828125,0.058826133074183384
Jump KM corr.,0.052734375,0.06711224527490042
Jump KM corr.,0.056640625,0.07578347069020373
Jump KM corr.,0.060546875,0.08470862059855731
Jump KM corr.,0.064453125,0.09381163562701386
Jump KM corr.,0.068359375,0.10318755636430199
Jump KM corr.,0.072265625,0.11286406088291988
Jump KM corr.,0.076171875,0.12280280962367479
Jump KM corr.,0.080078125,0.1329263637868627
Jump KM corr.,0.083984375,0.1430852203187337
Jump KM corr.,0.087890625,0.1532072555750047
Jump KM corr.,0.091796875,0.16329333093599452
Jump KM corr.,0.095703125,0.17335526022036554
Jump KM corr.,0.099609375,0.18336477818941357
Jump KM corr.,0.103515625,0.19322392571600175
Jump KM corr.,0.107421875,0.20288767103884442
Jump KM corr.,0.111328125,0.21239499792379854
Jump KM corr.,0.115234375,0.2218056181228125
Jump KM corr.,0.119140625,0.23113520565517964
Jump KM corr.,0.123046875,0.24026388337446777
Jump KM corr.,0.126953125,0.2491706445195267
Jump KM corr.,0.130859375,0.2579407306066898
Jump KM corr.,0.134765625,0.266659222970245
Jump KM corr.,0.138671875,0.27532388715508044
Jump KM corr.,0.142578125,0.2838757224471124
Jump KM corr.,0.146484375,0.2923241740298055
Jump KM corr.,0.150390625,0.30066774482629016
Jump KM corr.,0.154296875,0.30885098561967483
Jump KM corr.,0.158203125,0.3168534682976355
Jump KM corr.,0.162109375,0.32475125529303567
Jump KM corr.,0.166015625,0.33256550865347795
Jump KM corr.,0.169921875,0.340284366541825
Jump KM corr.,0.173828125,0.3479028149792444
Jump KM corr.,0.177734375,0.3550751155880423
Jump KM corr.,0.181640625,0.3618251061822553
Jump KM corr.,0.185546875,0.36848564451032306
Jump KM corr.,0.189453125,0.3754244822311969
Jump KM corr.,0.193359375,0.3826726294994643
Jump KM corr.,0.197265625,0.38983460869687314
Jump KM corr.,0.201171875,0.39688643576093674
Jump KM corr.,0.205078125,0.40383470540156186
Jump KM corr.,0.208984375,0.4107155272818071
Jump KM corr.,0.212890625,0.4174923997480298
Jump KM corr.,0.216796875,0.42416146007367883
Jump KM corr.,0.220703125,0.4307862338754116
Jump KM corr.,0.224609375,0.4373822323880543
Jump KM corr.,0.228515625,0.4438730217266656
Jump KM corr.,0.232421875,0.4501798948786248
Jump KM corr.,0.236328125,0.45635859813592894
Jump KM corr.,0.240234375,0.4624889445439627
Jump KM corr.,0.244140625,0.468592803568231
Jump KM corr.,0.248046875,0.47466111450870613
Jump KM corr.,0.251953125,0.48064420402529306
Jump KM corr.,0.255859375,0.4864828493908825
Jump KM corr.,0.259765625,0.4918172951950397
Jump KM corr.,0.263671875,0.49667161217378036
Jump KM corr.,0.267578125,0.5014257704551985
Jump KM corr.,0.271484375,0.5065169466835265
Jump KM corr.,0.275390625,0.5120216986533713
Jump KM corr.,0.279296875,0.5175725066313133
Jump KM corr.,0.283203125,0.5230375106383759
Jump KM corr.,0.287109375,0.528327085047097
Jump KM corr.,0.291015625,0.5335543026755256
Jump KM corr.,0.294921875,0.5388040964238139
Jump KM corr.,0.298828125,0.5440821598386236
Jump KM corr.,0.302734375,0.5493651344098203
Jump KM corr.,0.306640625,0.554522451189795
Jump KM corr.,0.310546875,0.5595270940725483
Jump KM corr.,0.314453125,0.5644756748366622
Jump KM corr.,0.318359375,0.5694381868888239
Jump KM corr.,0.322265625,0.5743764373600421
Jump KM corr.,0.326171875,0.579184855385975
Jump KM corr.,0.330078125,0.5839235290146655
Jump KM corr.,0.333984375,0.5886438555241743
Jump KM corr.,0.337890625,0.5932662756584003
Jump KM corr.,0.341796875,0.5978014221413318
Jump KM corr.,0.345703125,0.6023501177659301
Jump KM corr.,0.349609375,0.6069328650512451
Jump KM corr.,0.353515625,0.6114320841204561
Jump KM corr.,0.357421875,0.6157868597958598
Jump KM corr.,0.361328125,0.6201215927733289
Jump KM corr.,0.365234375,0.6244808175186473
Jump KM corr.,0.369140625,0.6288475975653299
Jump KM corr.,0.373046875,0.6331513942536411
Jump KM corr.,0.376953125,0.6374095581421292
Jump KM corr.,0.380859375,0.6416623440952703
Jump KM corr.,0.384765625,0.6457898600495544
Jump KM corr.,0.388671875,0.64976962269512
Jump KM corr.,0.392578125,0.6536545258362972
Jump KM corr.,0.396484375,0.6575425279644538
Jump KM corr.,0.400390625,0.6614478454624959
Jump KM corr.,0.404296875,0.6652909015325285
Jump KM corr.,0.408203125,0.669108919638094
Jump KM corr.,0.412109375,0.6729164597275351
Jump KM corr.,0.416015625,0.6766935600283738
Jump KM corr.,0.419921875,0.6804028980278419
Jump KM corr.,0.423828125,0.6839949390777026
Jump KM corr.,0.427734375,0.687549634827202
Jump KM corr.,0.431640625,0.6910989491100875
Jump KM corr.,0.435546875,0.6944693997934219
Jump KM corr.,0.439453125,0.6976347835983114
Jump KM corr.,0.443359375,0.7004503870750315
Jump KM corr.,0.447265625,0.7030588410378606
Jump KM corr.,0.451171875,0.7057038386565276
Jump KM corr.,0.455078125,0.7086427079058891
Jump KM corr.,0.458984375,0.7118992574239014
Jump KM corr.,0.462890625,0.7152183813498078
Jump KM corr.,0.466796875,0.7184933295119351
Jump KM corr.,0.470703125,0.7216100568782858
Jump KM corr.,0.474609375,0.7246808034762051
Jump KM corr.,0.478515625,0.7277656829483251
Jump KM corr.,0.482421875,0.7309167061125869
Jump KM corr.,0.486328125,0.7340650122592259
Jump KM corr.,0.490234375,0.7370998435612706
Jump KM corr.,0.494140625,0.7400247240521454
Jump KM corr.,0.498046875,0.7429216311748681
Jump KM corr.,0.501953125,0.7459075182265718
Jump KM corr.,0.505859375,0.7490020045274914
Jump KM corr.,0.509765625,0.7520874849935251
Jump KM corr.,0.513671875,0.7551424812583712
Jump KM corr.,0.517578125,0.7581594969042781
Jump KM corr.,0.521484375,0.7610625552025119
Jump KM corr.,0.525390625,0.7638886899758471
Jump KM corr.,0.529296875,0.766714018238333
Jump KM corr.,0.533203125,0.769565139779894
Jump KM corr.,0.537109375,0.7723030542253245
Jump KM corr.,0.541015625,0.7748170196381454
Jump KM corr.,0.544921875,0.7772738609586544
Jump KM corr.,0.548828125,0.7798235238217742
Jump KM corr.,0.552734375,0.78243219185706
Jump KM corr.,0.556640625,0.7849374098619566
Jump KM corr.,0.560546875,0.7873678688869339
Jump KM corr.,0.564453125,0.7898512586561484
Jump KM corr.,0.568359375,0.7924344265092634
Jump KM corr.,0.572265625,0.7949631107485716
Jump KM corr.,0.576171875,0.797365321604492
Jump KM corr.,0.580078125,0.7997898567331552
Jump KM corr.,0.583984375,0.8022432383752975
Jump KM corr.,0.587890625,0.8046538496179884
Jump KM corr.,0.591796875,0.8069480731908494
Jump KM corr.,0.595703125,0.8091325100395109
Jump KM corr.,0.599609375,0.8113080447053951
Jump KM corr.,0.603515625,0.8134878851776626
Jump KM corr.,0.607421875,0.8156011472227268
Jump KM corr.,0.611328125,0.8176598332309519
Jump KM corr.,0.615234375,0.8196637596410261
Jump KM corr.,0.619140625,0.8217739035939957
Jump KM corr.,0.623046875,0.8239025156905329
Jump KM corr.,0.626953125,0.8259303577936369
Jump KM corr.,0.630859375,0.8279003417000422
Jump KM corr.,0.634765625,0.8298603559318367
Jump KM corr.,0.638671875,0.8318878703245399
Jump KM corr.,0.642578125,0.8337963376223132
Jump KM corr.,0.646484375,0.8355659647162313
Jump KM corr.,0.650390625,0.8372702705739105
Jump KM corr.,0.654296875,0.8390008550729616
Jump KM corr.,0.658203125,0.8407340804426328
Jump KM corr.,0.662109375,0.8424477198639917
Jump KM corr.,0.666015625,0.8442898387506604
Jump KM corr.,0.669921875,0.8462759810311014
Jump KM corr.,0.673828125,0.848283052111544
Jump KM corr.,0.677734375,0.8501203109074496
Jump KM corr.,0.681640625,0.8517754164693828
Jump KM corr.,0.685546875,0.8533088456276431
Jump KM corr.,0.689453125,0.8547519738195267
Jump KM corr.,0.693359375,0.8562427197182193
Jump KM corr.,0.697265625,0.8577995847995378
Jump KM corr.,0.701171875,0.859394133502334
Jump KM corr.,0.705078125,0.8609589684421114
Jump KM corr.,0.708984375,0.8624942111606463
Jump KM corr.,0.712890625,0.8640098409423844
Jump KM corr.,0.716796875,0.8654738157367459
Jump KM corr.,0.720703125,0.8669803537154632
Jump KM corr.,0.724609375,0.868540973531501
Jump KM corr.,0.728515625,0.8701226039368943
Jump KM corr.,0.732421875,0.8716838563360472
Jump KM corr.,0.736328125,0.8732343072712423
Jump KM corr.,0.740234375,0.8746886770991577
Jump KM corr.,0.744140625,0.875996103600069
Jump KM corr.,0.748046875,0.8772457930741533
Jump KM corr.,0.751953125,0.878487445787888
Jump KM corr.,0.755859375,0.8798100711239469
Jump KM corr.,0.759765625,0.8812520374564943
Jump KM corr.,0.763671875,0.8828050654678112
Jump KM corr.,0.767578125,0.8843986278300175
Jump KM corr.,0.771484375,0.8858692206356942
Jump KM corr.,0.775390625,0.887279890613605
Jump KM corr.,0.779296875,0.8886924134426781
Jump KM corr.,0.783203125,0.8899955760338377
Jump KM corr.,0.787109375,0.8911785865785822
Jump KM corr.,0.791015625,0.8922606584168868
Jump KM corr.,0.794921875,0.8933364560851105
Jump KM corr.,0.798828125,0.8943902751994394
Jump KM corr.,0.802734375,0.895393592243154
Jump KM corr.,0.806640625,0.8964083030189569
Jump KM corr.,0.810546875,0.897444573913557
Jump KM corr.,0.814453125,0.8985600414992395
Jump KM corr.,0.818359375,0.8997666143651879
Jump KM corr.,0.822265625,0.9009386087352672
Jump KM corr.,0.826171875,0.9019871844908308
Jump KM corr.,0.830078125,0.9029834256354786
Jump KM corr.,0.833984375,0.904052031419013
Jump KM corr.,0.837890625,0.9051556115141018
Jump KM corr.,0.841796875,0.9061930308298674
Jump KM corr.,0.845703125,0.9072092685089228
Jump KM corr.,0.849609375,0.9081724654777737
Jump KM corr.,0.853515625,0.9090829693154794
Jump KM corr.,0.857421875,0.9100124751788707
Jump KM corr.,0.861328125,0.9110469243921986
Jump KM corr.,0.865234375,0.9121387525261262
Jump KM corr.,0.869140625,0.9131680209171508
Jump KM corr.,0.873046875,0.9141443499375965
Jump KM corr.,0.876953125,0.915050342149115
Jump KM corr.,0.880859375,0.9158780898694747
Jump KM corr.,0.884765625,0.9166448043173643
Jump KM corr.,0.888671875,0.9174260631994848
Jump KM corr.,0.892578125,0.9182684679270208
Jump KM corr.,0.896484375,0.9191435225880547
Jump KM corr.,0.900390625,0.9199423027481819
Jump KM corr.,0.904296875,0.920627437657097
Jump KM corr.,0.908203125,0.9212472659795737
Jump KM corr.,0.912109375,0.9218541668444962
Jump KM corr.,0.916015625,0.9225199379735906
Jump KM corr.,0.919921875,0.9232525964643682
Jump KM corr.,0.923828125,0.9240170665585211
Jump KM corr.,0.927734375,0.9247194194006655
Jump KM corr.,0.931640625,0.9253672495552754
Jump KM corr.,0.935546875,0.9260100434602195
Jump KM corr.,0.939453125,0.9266455116166413
Jump KM corr.,0.943359375,0.927273015531916
Jump KM corr.,0.947265625,0.9278343907819736
Jump KM corr.,0.951171875,0.928362034672603
Jump KM corr.,0.955078125,0.9288879719042918
Jump KM corr.,0.958984375,0.9294566314983069
Jump KM corr.,0.962890625,0.930089383718767
Jump KM corr.,0.966796875,0.9307285024579056
Jump KM corr.,0.970703125,0.9313675982306657
Jump KM corr.,0.974609375,0.9319641558279489
Jump KM corr.,0.978515625,0.9324965015349438
Jump KM corr.,0.982421875,0.9330206044769102
Jump KM corr.,0.986328125,0.9335446338569201
Jump KM corr.,0.990234375,0.9340857242324195
Jump KM corr.,0.994140625,0.9346397775178513
Jump KM corr.,0.998046875,0.93517001891866
Jump KM corr.,1.001953125,0.9356637048974908
Jump KM corr.,1.005859375,0.9361358364095986
Jump KM corr.,1.009765625,0.9366041601069768
Jump KM corr.,1.013671875,0.9370808440962822
Jump KM corr.,1.017578125,0.9375390997289632
Jump KM corr.,1.021484375,0.9379256353473536
Jump KM corr.,1.025390625,0.938277520924819
Jump KM corr.,1.029296875,0.938608313049115
Jump KM corr.,1.033203125,0.9389749765957611
Jump KM corr.,1.037109375,0.939354103864454
Jump KM corr.,1.041015625,0.9396940478527656
Jump KM corr.,1.044921875,0.9400383179735864
Jump KM corr.,1.048828125,0.9403784341677075
Jump KM corr.,1.052734375,0.9407171063982457
Jump KM corr.,1.056640625,0.9410467692091595
Jump KM corr.,1.060546875,0.9413960739930307
Jump KM corr.,1.064453125,0.941789322612888
Jump KM corr.,1.068359375,0.9421858253321301
Jump KM corr.,1.072265625,0.9426063838031027
Jump KM corr.,1.076171875,0.9430580625872496
Jump KM corr.,1.080078125,0.9435120885078156
Jump KM corr.,1.083984375,0.9439213097638581
Jump KM corr.,1.087890625,0.9442638370745262
Jump KM corr.,1.091796875,0.944595535306177
Jump KM corr.,1.095703125,0.9449098393991507
Jump KM corr.,1.099609375,0.9452376145918875
Jump KM corr.,1.103515625,0.9455875228206522
Jump KM corr.,1.107421875,0.9459174303841243
Jump KM corr.,1.111328125,0.9462260095502146
Jump KM corr.,1.115234375,0.9464882332865018
Jump KM corr.,1.119140625,0.9467083376108159
Jump KM corr.,1.123046875,0.9469140057751361
Jump KM corr.,1.126953125,0.9471394351870197
Jump KM corr.,1.130859375,0.9474369578941382
Jump KM corr.,1.134765625,0.9477887120991209
Jump KM corr.,1.138671875,0.9480766644909567
Jump KM corr.,1.142578125,0.9482954584625846
Jump KM corr.,1.146484375,0.9484842435587063
Jump KM corr.,1.150390625,0.9486565495191466
Jump KM corr.,1.154296875,0.9488409408325379
Jump KM corr.,1.158203125,0.9490318600950528
Jump KM corr.,1.162109375,0.9492133635384371
Jump KM corr.,1.166015625,0.9493741872078554
Jump KM corr.,1.169921875,0.9495356238820409
Jump KM corr.,1.173828125,0.9496902046487793
Jump KM corr.,1.177734375,0.949823032097507
Jump KM corr.,1.181640625,0.9499439715065928
Jump KM corr.,1.185546875,0.9500721990705019
Jump KM corr.,1.189453125,0.9502140386886353
Jump KM corr.,1.193359375,0.9503542643884885
Jump KM corr.,1.197265625,0.9504938577376211
Jump KM corr.,1.201171875,0.9506270066150715
Jump KM corr.,1.205078125,0.9507630870390981
Jump KM corr.,1.208984375,0.9509010469675361
Jump KM corr.,1.212890625,0.951053791139134
Jump KM corr.,1.216796875,0.9512149593246916
Jump KM corr.,1.220703125,0.9513749130211534
Jump KM corr.,1.224609375,0.9515439876631189
Jump KM corr.,1.228515625,0.9517105410419493
Jump KM corr.,1.232421875,0.9518915044883028
Jump KM corr.,1.236328125,0.952093997176577
Jump KM corr.,1.240234375,0.9523014499055508
Jump KM corr.,1.244140625,0.9524832969555415
Jump KM corr.,1.248046875,0.9526281799967832
Jump KM corr.,1.251953125,0.9527649666754243
Jump KM corr.,1.255859375,0.9529258435193755
Jump KM corr.,1.259765625,0.9530899260250897
Jump KM corr.,1.263671875,0.9532242867772938
Jump KM corr.,1.267578125,0.953327132339624
Jump KM corr.,1.271484375,0.953411042575315
Jump KM corr.,1.275390625,0.9534935035034605
Jump KM corr.,1.279296875,0.9535837358353241
Jump KM corr.,1.283203125,0.9536929612517214
Jump KM corr.,1.287109375,0.9538071294678182
Jump KM corr.,1.291015625,0.9539221752636969
Jump KM corr.,1.294921875,0.9540602325621712
Jump KM corr.,1.298828125,0.9542009980240971
Jump KM corr.,1.302734375,0.9543185381376054
Jump KM corr.,1.306640625,0.9544053587194085
Jump KM corr.,1.310546875,0.9544886809455343
Jump KM corr.,1.314453125,0.9545908553011593
Jump KM corr.,1.318359375,0.9547121795192761
Jump KM corr.,1.322265625,0.9548295843791295
Jump KM corr.,1.326171875,0.9549386130712365
Jump KM corr.,1.330078125,0.9550609546142744
Jump KM corr.,1.333984375,0.9551962768667916
Jump KM corr.,1.337890625,0.9553240109304922
Jump KM corr.,1.341796875,0.9554318142718197
Jump KM corr.,1.345703125,0.9555369444129812
Jump KM corr.,1.349609375,0.9556319574525285
Jump KM corr.,1.353515625,0.9557262177742848
Jump KM corr.,1.357421875,0.9558324355290171
Jump KM corr.,1.361328125,0.9559592627894908
Jump KM corr.,1.365234375,0.9560792528978066
Jump KM corr.,1.369140625,0.9561736834346427
Jump KM corr.,1.373046875,0.9562819138687892
Jump KM corr.,1.376953125,0.9564213768335035
Jump KM corr.,1.380859375,0.9565737659720196
Jump KM corr.,1.384765625,0.9567109356005976
Jump KM corr.,1.388671875,0.9568407871739982
Jump KM corr.,1.392578125,0.9569634144587292
Jump KM corr.,1.396484375,0.9570852931193122
Jump KM corr.,1.400390625,0.9572041805280732
Jump KM corr.,1.404296875,0.9573181074971064
Jump KM corr.,1.408203125,0.9574249480744422
Jump KM corr.,1.412109375,0.9575232293557087
Jump KM corr.,1.416015625,0.9576343608451557
Jump KM corr.,1.419921875,0.9577551377548268
Jump KM corr.,1.423828125,0.9578782037160221
Jump KM corr.,1.427734375,0.9579915160215496
Jump KM corr.,1.431640625,0.958095814368191
Jump KM corr.,1.435546875,0.95820949186094
Jump KM corr.,1.439453125,0.9583225577370518
Jump KM corr.,1.443359375,0.9584224067106377
Jump KM corr.,1.447265625,0.9585171290880267
Jump KM corr.,1.451171875,0.9586140570104379
Jump KM corr.,1.455078125,0.9587199557659837
Jump KM corr.,1.458984375,0.9588216801983851
Jump KM corr.,1.462890625,0.9589124733135643
Jump KM corr.,1.466796875,0.9589935965494106
Jump KM corr.,1.470703125,0.9590715501224835
Jump KM corr.,1.474609375,0.9591634174651631
Jump KM corr.,1.478515625,0.9592860702523046
Jump KM corr.,1.482421875,0.9594326681313607
Jump KM corr.,1.486328125,0.9595769833678784
Jump KM corr.,1.490234375,0.9597001607696963
Jump KM corr.,1.494140625,0.9598110352543389
Jump KM corr.,1.498046875,0.9599186912382722
Jump KM corr.,1.501953125,0.960031597399089
Jump KM corr.,1.505859375,0.9601583668648123
Jump KM corr.,1.509765625,0.9602960756764414
Jump KM corr.,1.513671875,0.9604357750015695
Jump KM corr.,1.517578125,0.9605586675099318
Jump KM corr.,1.521484375,0.960678834258477
Jump KM corr.,1.525390625,0.9608120284704554
Jump KM corr.,1.529296875,0.960956292816174
Jump KM corr.,1.533203125,0.9610876971778041
Jump KM corr.,1.537109375,0.9611924830096692
Jump KM corr.,1.541015625,0.9612967554051353
Jump KM corr.,1.544921875,0.9614163452661479
Jump KM corr.,1.548828125,0.9615544015899234
Jump KM corr.,1.552734375,0.9616971361275719
Jump KM corr.,1.556640625,0.9618122031067795
Jump KM corr.,1.560546875,0.9618995392012278
Jump KM corr.,1.564453125,0.9619826473977741
Jump KM corr.,1.568359375,0.962088927251897
Jump KM corr.,1.572265625,0.9622394719885233
Jump KM corr.,1.576171875,0.9623959976024447
Jump KM corr.,1.580078125,0.962522671201834
Jump KM corr.,1.583984375,0.9626309438033877
Jump KM corr.,1.587890625,0.9627276421849432
Jump KM corr.,1.591796875,0.9628333152626567
Jump KM corr.,1.595703125,0.9629367499349797
Jump KM corr.,1.599609375,0.963030344292546
Jump KM corr.,1.603515625,0.963129128218306
Jump KM corr.,1.607421875,0.9632675225255869
Jump KM corr.,1.611328125,0.9634211292662079
Jump KM corr.,1.615234375,0.9635350519932088
Jump KM corr.,1.619140625,0.9636246049913014
Jump KM corr.,1.623046875,0.9637179194294182
Jump KM corr.,1.626953125,0.9638207109307169
Jump KM corr.,1.630859375,0.9639150799236729
Jump KM corr.,1.634765625,0.964003672767911
Jump KM corr.,1.638671875,0.9641051355912628
Jump KM corr.,1.642578125,0.9642444611595131
Jump KM corr.,1.646484375,0.9644033966712676
Jump KM corr.,1.650390625,0.9645600486488868
Jump KM corr.,1.654296875,0.9647201380277984
Jump KM corr.,1.658203125,0.9649048020185464
Jump KM corr.,1.662109375,0.965087991826202
Jump KM corr.,1.666015625,0.9652301531286943
Jump KM corr.,1.669921875,0.9653409148512959
Jump KM corr.,1.673828125,0.9654337714556852
Jump KM corr.,1.677734375,0.9655273441633032
Jump KM corr.,1.681640625,0.965649951196941
Jump KM corr.,1.685546875,0.9658000175839926
Jump KM corr.,1.689453125,0.9659471686357473
Jump KM corr.,1.693359375,0.9660883132623754
Jump KM corr.,1.697265625,0.9662215115091587
Jump KM corr.,1.701171875,0.9663336649815311
Jump KM corr.,1.705078125,0.9664265269384774
Jump KM corr.,1.708984375,0.966536530220961
Jump KM corr.,1.712890625,0.9667107598819824
Jump KM corr.,1.716796875,0.966889334727465
Jump KM corr.,1.720703125,0.9670136801116588
Jump KM corr.,1.724609375,0.9671167584549583
Jump KM corr.,1.728515625,0.9672195434637704
Jump KM corr.,1.732421875,0.967317093553274
Jump KM corr.,1.736328125,0.9674038845305148
Jump KM corr.,1.740234375,0.9674924143934571
Jump KM corr.,1.744140625,0.967619080805773
Jump KM corr.,1.748046875,0.9677868305755759
Jump KM corr.,1.751953125,0.9679672314949418
Jump KM corr.,1.755859375,0.9681159146553211
Jump KM corr.,1.759765625,0.9682122987798901
Jump KM corr.,1.763671875,0.9682980000659791
Jump KM corr.,1.767578125,0.9683818383957801
Jump KM corr.,1.771484375,0.9684683175302972
Jump KM corr.,1.775390625,0.9685646233729649
Jump KM corr.,1.779296875,0.9687131473263485
Jump KM corr.,1.783203125,0.9689114495298665
Jump KM corr.,1.787109375,0.9690743226191499
Jump KM corr.,1.791015625,0.9691861181127889
Jump KM corr.,1.794921875,0.9692819915949537
Jump KM corr.,1.798828125,0.9693782021443712
Jump KM corr.,1.802734375,0.9694855903125531
Jump KM corr.,1.806640625,0.9695997163348561
Jump KM corr.,1.810546875,0.9697107198389681
Jump KM corr.,1.814453125,0.9698237871537163
Jump KM corr.,1.818359375,0.9699426653183962
Jump KM corr.,1.822265625,0.9700620568547477
Jump KM corr.,1.826171875,0.9701668783685519
Jump KM corr.,1.830078125,0.9702622246245648
Jump KM corr.,1.833984375,0.9703734768830168
Jump KM corr.,1.837890625,0.9705296574688003
Jump KM corr.,1.841796875,0.9706940651517156
Jump KM corr.,1.845703125,0.9708436025983258
Jump KM corr.,1.849609375,0.9709971598356468
Jump KM corr.,1.853515625,0.971214822290597
Jump KM corr.,1.857421875,0.9714111091355377
Jump KM corr.,1.861328125,0.9715191997352123
Jump KM corr.,1.865234375,0.9716177943247455
Jump KM corr.,1.869140625,0.9717553051818063
Jump KM corr.,1.873046875,0.9719363074128324
Jump KM corr.,1.876953125,0.9721077692114671
Jump KM corr.,1.880859375,0.972240634158607
Jump KM corr.,1.884765625,0.972332597195263
Jump KM corr.,1.888671875,0.9724236336475396
Jump KM corr.,1.892578125,0.972532004796992
Jump KM corr.,1.896484375,0.9726589620038282
Jump KM corr.,1.900390625,0.9727972716059047
Jump KM corr.,1.904296875,0.9729313751431493
Jump KM corr.,1.908203125,0.9730725446626208
Jump KM corr.,1.912109375,0.9732236486609233
Jump KM corr.,1.916015625,0.9733607026864423
Jump KM corr.,1.919921875,0.973496195777366
Jump KM corr.,1.923828125,0.9736475301996134
Jump KM corr.,1.927734375,0.9738508842973337
Jump KM corr.,1.931640625,0.9740376763637899
Jump KM corr.,1.935546875,0.9741649376050883
Jump KM corr.,1.939453125,0.9742655464822603
Jump KM corr.,1.943359375,0.9743434102482469
Jump KM corr.,1.947265625,0.9744264741598084
Jump KM corr.,1.951171875,0.9745444738135545
Jump KM corr.,1.955078125,0.9747312495276349
Jump KM corr.,1.958984375,0.9749192627694102
Jump KM corr.,1.962890625,0.9750780811402691
Jump KM corr.,1.966796875,0.9752342071067478
Jump KM corr.,1.970703125,0.9754035673073492
Jump KM corr.,1.974609375,0.9755842805595359
Jump KM corr.,1.978515625,0.9757400060469279
Jump KM corr.,1.982421875,0.9758717790877943
Jump KM corr.,1.986328125,0.9760040365168472
Jump KM corr.,1.990234375,0.9761376169337231
Jump KM corr.,1.994140625,0.9762710265340989
Jump KM corr.,1.998046875,0.9764041126695091
Jump KM corr.,2.001953125,0.9765381219554489
Jump KM corr.,2.005859375,0.9766863405267904
Jump KM corr.,2.009765625,0.9768674407255297
Jump KM corr.,2.013671875,0.9770915771050294
Jump KM corr.,2.017578125,0.9772893225734609
Jump KM corr.,2.021484375,0.9774185510862999
Jump KM corr.,2.025390625,0.977523496298673
Jump KM corr.,2.029296875,0.9776384877704152
Jump KM corr.,2.033203125,0.9777821303351139
Jump KM corr.,2.037109375,0.9779392669141068
Jump KM corr.,2.041015625,0.9780880667474695
Jump KM corr.,2.044921875,0.978227310190841
Jump KM corr.,2.048828125,0.9783478137863691
Jump KM corr.,2.052734375,0.9784554172668731
Jump KM corr.,2.056640625,0.9785522194447945
Jump KM corr.,2.060546875,0.9786625532647159
Jump KM corr.,2.064453125,0.9787887701370361
Jump KM corr.,2.068359375,0.9789627705413048
Jump KM corr.,2.072265625,0.9791764278921155
Jump KM corr.,2.076171875,0.9793701998197574
Jump KM corr.,2.080078125,0.9795250605510991
Jump KM corr.,2.083984375,0.9796504904856517
Jump KM corr.,2.087890625,0.9798198836942168
Jump KM corr.,2.091796875,0.9800683004741826
Jump KM corr.,2.095703125,0.980309121275522
Jump KM corr.,2.099609375,0.9804696168539971
Jump KM corr.,2.103515625,0.98060736388838
Jump KM corr.,2.107421875,0.9807554182073707
Jump KM corr.,2.111328125,0.9809290457011797
Jump KM corr.,2.115234375,0.9811049752508477
Jump KM corr.,2.119140625,0.9812618063932014
Jump KM corr.,2.123046875,0.9814017023191636
Jump KM corr.,2.126953125,0.9815226663544696
Jump KM corr.,2.130859375,0.9816354722652452
Jump KM corr.,2.134765625,0.981741444207907
Jump KM corr.,2.138671875,0.9818486556752928
Jump KM corr.,2.142578125,0.9819738335901921
Jump KM corr.,2.146484375,0.9821057885456652
Jump KM corr.,2.150390625,0.9822364019637012
Jump KM corr.,2.154296875,0.9823741577085798
Jump KM corr.,2.158203125,0.982539207218857
Jump KM corr.,2.162109375,0.9827209738695891
Jump KM corr.,2.166015625,0.9828811524237733
Jump KM corr.,2.169921875,0.9830365576880071
Jump KM corr.,2.173828125,0.9832170327237019
Jump KM corr.,2.177734375,0.9834595277169107
Jump KM corr.,2.181640625,0.983801904050528
Jump KM corr.,2.185546875,0.9841385316345672
Jump KM corr.,2.189453125,0.9844298412678264
Jump KM corr.,2.193359375,0.9847128211923408
Jump KM corr.,2.197265625,0.9849048320936139
Jump KM corr.,2.201171875,0.9850328951606561
Jump KM corr.,2.205078125,0.9851554030690363
Jump KM corr.,2.208984375,0.9852976614241743
Jump KM corr.,2.212890625,0.9854533251205195
Jump KM corr.,2.216796875,0.9855994461806489
Jump KM corr.,2.220703125,0.9857677487833832
Jump KM corr.,2.224609375,0.9859544432175353
Jump KM corr.,2.228515625,0.986108775751684
Jump KM corr.,2.232421875,0.9862215044286752
Jump KM corr.,2.236328125,0.9863122633111382
Jump KM corr.,2.240234375,0.9864126819838145
Jump KM corr.,2.244140625,0.9865530723998257
Jump KM corr.,2.248046875,0.9867164223566478
Jump KM corr.,2.251953125,0.9868553925810254
Jump KM corr.,2.255859375,0.9869680659108031
Jump KM corr.,2.259765625,0.9871054626189583
Jump KM corr.,2.263671875,0.9872693651939184
Jump KM corr.,2.267578125,0.9874349261984015
Jump KM corr.,2.271484375,0.9875990677095251
Jump KM corr.,2.275390625,0.9878066403289174
Jump KM corr.,2.279296875,0.988035166502039
Jump KM corr.,2.283203125,0.9882059064989395
Jump KM corr.,2.287109375,0.9883424776149098
Jump KM corr.,2.291015625,0.9884741142758934
Jump KM corr.,2.294921875,0.9886452973165953
Jump KM corr.,2.298828125,0.9888778959484305
Jump KM corr.,2.302734375,0.9891190613172574
Jump KM corr.,2.306640625,0.98933555677332
Jump KM corr.,2.310546875,0.9895170280196435
Jump KM corr.,2.314453125,0.9896992341065544
Jump KM corr.,2.318359375,0.9898861138284056
Jump KM corr.,2.322265625,0.99007312749682
Jump KM corr.,2.326171875,0.9902455202070427
Jump KM corr.,2.330078125,0.9903982288705551
Jump KM corr.,2.333984375,0.9905585078461876
Jump KM corr.,2.337890625,0.9907488449128126
Jump KM corr.,2.341796875,0.9909407817387512
Jump KM corr.,2.345703125,0.9911020265811422
Jump KM corr.,2.349609375,0.991271048683594
Jump KM corr.,2.353515625,0.991501835725616
Jump KM corr.,2.357421875,0.9918111129261952
Jump KM corr.,2.361328125,0.9922389575671955
Jump KM corr.,2.365234375,0.9926944535891151
Jump KM corr.,2.369140625,0.9930005369292882
Jump KM corr.,2.373046875,0.9932234601872952
Jump KM corr.,2.376953125,0.9934785166696412
Jump KM corr.,2.380859375,0.9937429832649586
Jump KM corr.,2.384765625,0.9939500684226653
Jump KM corr.,2.388671875,0.9941187528612898
Jump KM corr.,2.392578125,0.9943360376718949
Jump KM corr.,2.396484375,0.9945748193689615
Jump KM corr.,2.400390625,0.9947726796008433
Jump KM corr.,2.404296875,0.9949272417848396
Jump KM corr.,2.408203125,0.9950542294974418
Jump KM corr.,2.412109375,0.9951878094661784
Jump KM corr.,2.416015625,0.9953265416866048
Jump KM corr.,2.419921875,0.9954688402517236
Jump KM corr.,2.423828125,0.9956255529893893
Jump KM corr.,2.427734375,0.9958319450041787
Jump KM corr.,2.431640625,0.9960631332195443
Jump KM corr.,2.435546875,0.9962375982576469
Jump KM corr.,2.439453125,0.9963511821465705
Jump KM corr.,2.443359375,0.99645387184519
Jump KM corr.,2.447265625,0.9965591611221485
Jump KM corr.,2.451171875,0.9966703119861069
Jump KM corr.,2.455078125,0.9968198398973336
Jump KM corr.,2.458984375,0.9970744128473733
Jump KM corr.,2.462890625,0.9976077979501715
Jump KM corr.,2.466796875,0.998130031920131
Jump KM corr.,2.470703125,0.9984146997915483
Jump KM corr.,2.474609375,0.9986610191792138
Jump KM corr.,2.478515625,0.998947593358929
Jump KM corr.,2.482421875,0.9992308749856392
Jump KM corr.,2.486328125,0.9994257888721909
Jump KM corr.,2.490234375,0.9995910529468741
Jump KM corr.,2.494140625,0.9997722081171516
Jump KM corr.,2.498046875,1.0
Jump KM flag,0.001953125,0.0
Jump KM flag,0.005859375,0.010199280329249919
Jump KM flag,0.009765625,0.020593519555323663
Jump KM flag,0.013671875,0.03120168494210877
Jump KM flag,0.017578125,0.04201800595727006
Jump KM flag,0.021484375,0.053034561438997034
Jump KM flag,0.025390625,0.06423809349872339
Jump KM flag,0.029296875,0.07561371085746833
Jump KM flag,0.033203125,0.08714978813850659
Jump KM flag,0.037109375,0.09882526501286512
Jump KM flag,0.041015625,0.11061822530207432
Jump KM flag,0.044921875,0.12250794486022272
Jump KM flag,0.048828125,0.13446910882099852
Jump KM flag,0.052734375,0.14647231687830717
Jump KM flag,0.056640625,0.15848488646433675
Jump KM flag,0.060546875,0.17046846380061245
Jump KM flag,0.064453125,0.18238279612053543
Jump KM flag,0.068359375,0.19419256037421376
Jump KM flag,0.072265625,0.2058673206415641
Jump KM flag,0.076171875,0.2173864799902088
Jump KM flag,0.080078125,0.22873682765910305
Jump KM flag,0.083984375,0.23990261931886386
Jump KM flag,0.087890625,0.25086823558254445
Jump KM flag,0.091796875,0.26161059069949394
Jump KM flag,0.095703125,0.27211351119934923
Jump KM flag,0.099609375,0.28238430747502624
Jump KM flag,0.103515625,0.2924325976507705
Jump KM flag,0.107421875,0.3022539937626968
Jump KM flag,0.111328125,0.31181260932255034
Jump KM flag,0.115234375,0.3211406030087712
Jump KM flag,0.119140625,0.33026771957618595
Jump KM flag,0.123046875,0.33919754433968985
Jump KM flag,0.126953125,0.34794482274988786
Jump KM flag,0.130859375,0.35652618780496825
Jump KM flag,0.134765625,0.36495979442164955
Jump KM flag,0.138671875,0.3731843505514717
Jump KM flag,0.142578125,0.3811532672141011
Jump KM flag,0.146484375,0.3888874635293734
Jump KM flag,0.150390625,0.3964225282903799
Jump KM flag,0.154296875,0.4037999421295811
Jump KM flag,0.158203125,0.4110432222992996
Jump KM flag,0.162109375,0.41814625541642564
Jump KM flag,0.166015625,0.4250915486820405
Jump KM flag,0.169921875,0.4318743920953974
Jump KM flag,0.173828125,0.4385096835597903
Jump KM flag,0.177734375,0.4450574715148227
Jump KM flag,0.181640625,0.45154539243773195
Jump KM flag,0.185546875,0.4579138779500461
Jump KM flag,0.189453125,0.46412683981412445
Jump KM flag,0.193359375,0.47014827248164637
Jump KM flag,0.197265625,0.47603917330470996
Jump KM flag,0.201171875,0.48185358318491356
Jump KM flag,0.205078125,0.4876227261943262
Jump KM flag,0.208984375,0.4933583955223257
Jump KM flag,0.212890625,0.49903055598375406
Jump KM flag,0.216796875,0.5046246488476437
Jump KM flag,0.220703125,0.510121375418041
Jump KM flag,0.224609375,0.5155173989082503
Jump KM flag,0.228515625,0.5207598976682748
Jump KM flag,0.232421875,0.5258354781393567
Jump KM flag,0.236328125,0.530797377438263
Jump KM flag,0.240234375,0.5357521870682562
Jump KM flag,0.244140625,0.5406918782044052
Jump KM flag,0.248046875,0.5455232696292839
Jump KM flag,0.251953125,0.5502087603186562
Jump KM flag,0.255859375,0.5548341074637515
Jump KM flag,0.259765625,0.5594697592281244
Jump KM flag,0.263671875,0.5641323652434489
Jump KM flag,0.267578125,0.5687983453995438
Jump KM flag,0.271484375,0.5734166435629775
Jump KM flag,0.275390625,0.5779425177657842
Jump KM flag,0.279296875,0.5823617721525046
Jump KM flag,0.283203125,0.5866848528216779
Jump KM flag,0.287109375,0.5909926572874901
Jump KM flag,0.291015625,0.5953200632132998
Jump KM flag,0.294921875,0.5996047245473708
Jump KM flag,0.298828125,0.6037954712497392
Jump KM flag,0.302734375,0.6078405149052344
Jump KM flag,0.306640625,0.6117860981349099
Jump KM flag,0.310546875,0.6156790150803529
Jump KM flag,0.314453125,0.6195047004787081
Jump KM flag,0.318359375,0.6232381228700727
Jump KM flag,0.322265625,0.6269212208740657
Jump KM flag,0.326171875,0.6305828617514811
Jump KM flag,0.330078125,0.6341900214816883
Jump KM flag,0.333984375,0.6376955988524728
Jump KM flag,0.337890625,0.6411729785257414
Jump KM flag,0.341796875,0.6447156659742124
Jump KM flag,0.345703125,0.6482501891057598
Jump KM flag,0.349609375,0.6516443192562555
Jump KM flag,0.353515625,0.6549144955517056
Jump KM flag,0.357421875,0.6581264199751837
Jump KM flag,0.361328125,0.6613054385540196
Jump KM flag,0.365234375,0.664413012486048
Jump KM flag,0.369140625,0.6674715189403558
Jump KM flag,0.373046875,0.6705704678247101
Jump KM flag,0.376953125,0.6736997311731335
Jump KM flag,0.380859375,0.6767697534774919
Jump KM flag,0.384765625,0.6797090242033879
Jump KM flag,0.388671875,0.6825760079739368
Jump KM flag,0.392578125,0.6855002509731472
Jump KM flag,0.396484375,0.6884859736226839
Jump KM flag,0.400390625,0.6914177408826878
Jump KM flag,0.404296875,0.6941910339832605
Jump KM flag,0.408203125,0.6968522844440024
Jump KM flag,0.412109375,0.6995017972284393
Jump KM flag,0.416015625,0.702193896504144
Jump KM flag,0.419921875,0.7050084168237062
Jump KM flag,0.423828125,0.707899222487741
Jump KM flag,0.427734375,0.7107727871423087
Jump KM flag,0.431640625,0.7135602852450982
Jump KM flag,0.435546875,0.7162045996623698
Jump KM flag,0.439453125,0.7187082451440794
Jump KM flag,0.443359375,0.7211158053878084
Jump KM flag,0.447265625,0.7234957551354539
Jump KM flag,0.451171875,0.7259354709356863
Jump KM flag,0.455078125,0.7283745879898978
Jump KM flag,0.458984375,0.7307504275528521
Jump KM flag,0.462890625,0.7330993507002843
Jump KM flag,0.466796875,0.7354210286706127
Jump KM flag,0.470703125,0.7378294392200431
Jump KM flag,0.474609375,0.7403536979767184
Jump KM flag,0.478515625,0.7428840990899591
Jump KM flag,0.482421875,0.7452902798551709
Jump KM flag,0.486328125,0.7475078742956629
Jump KM flag,0.490234375,0.7496086682958345
Jump KM flag,0.494140625,0.7516685087753032
Jump KM flag,0.498046875,0.7537450648881201
Jump KM flag,0.501953125,0.7558914560623894
Jump KM flag,0.505859375,0.7580947404808221
Jump KM flag,0.509765625,0.7603001680999106
Jump KM flag,0.513671875,0.7624654684264268
Jump KM flag,0.517578125,0.764605290575954
Jump KM flag,0.521484375,0.7667555049192966
Jump KM flag,0.525390625,0.7689341532556812
Jump KM flag,0.529296875,0.771117307381236
Jump KM flag,0.533203125,0.7732244986419352
Jump KM flag,0.537109375,0.7753256787873183
Jump KM flag,0.541015625,0.7774105684500848
Jump KM flag,0.544921875,0.7794016905311285
Jump KM flag,0.548828125,0.7812484965387332
Jump KM flag,0.552734375,0.7830113959537213
Jump KM flag,0.556640625,0.7848499194803785
Jump KM flag,0.560546875,0.7867582818145994
Jump KM flag,0.564453125,0.7886343637690824
Jump KM flag,0.568359375,0.790468851218198
Jump KM flag,0.572265625,0.7923542316346908
Jump KM flag,0.576171875,0.794364898174087
Jump KM flag,0.580078125,0.7963770347072727
Jump KM flag,0.583984375,0.7982130182453026
Jump KM flag,0.587890625,0.7999108203316332
Jump KM flag,0.591796875,0.8015346170119062
Jump KM flag,0.595703125,0.803155808232706
Jump KM flag,0.599609375,0.8047651345329078
Jump KM flag,0.603515625,0.8063779395388789
Jump KM flag,0.607421875,0.8079632961745478
Jump KM flag,0.611328125,0.8095212791141656
Jump KM flag,0.615234375,0.8110687280697969
Jump KM flag,0.619140625,0.8126839596575169
Jump KM flag,0.623046875,0.8144528396034434
Jump KM flag,0.626953125,0.8161793429608545
Jump KM flag,0.630859375,0.8177346753493151
Jump KM flag,0.634765625,0.8191077088290923
Jump KM flag,0.638671875,0.820394695285781
Jump KM flag,0.642578125,0.8216494034434505
Jump KM flag,0.646484375,0.8228753718539171
Jump KM flag,0.650390625,0.8241568623819464
Jump KM flag,0.654296875,0.8254461710227927
Jump KM flag,0.658203125,0.8267342653997073
Jump KM flag,0.662109375,0.8280400118287857
Jump KM flag,0.666015625,0.8294106211889464
Jump KM flag,0.669921875,0.830853159938016
Jump KM flag,0.673828125,0.8322774875709354
Jump KM flag,0.677734375,0.8336242070897046
Jump KM flag,0.681640625,0.8348532833168039
Jump KM flag,0.685546875,0.8360714181697969
Jump KM flag,0.689453125,0.8373305189321946
Jump KM flag,0.693359375,0.8386251042084361
Jump KM flag,0.697265625,0.8398547369794255
Jump KM flag,0.701171875,0.8410842172220644
Jump KM flag,0.705078125,0.8423094292972753
Jump KM flag,0.708984375,0.8435197577085098
Jump KM flag,0.712890625,0.8446995955986281
Jump KM flag,0.716796875,0.8458384026921706
Jump KM flag,0.720703125,0.8469100818729849
Jump KM flag,0.724609375,0.8478428792977957
Jump KM flag,0.728515625,0.8487901023872604
Jump KM flag,0.732421875,0.8497650008896087
Jump KM flag,0.736328125,0.8507557287146986
Jump KM flag,0.740234375,0.8517743203918827
Jump KM flag,0.744140625,0.85279731340475
Jump KM flag,0.748046875,0.8538243063896993
Jump KM flag,0.751953125,0.854819217919621
Jump KM flag,0.755859375,0.8558512916048324
Jump KM flag,0.759765625,0.8569395566725261
Jump KM flag,0.763671875,0.8580023872857248
Jump KM flag,0.767578125,0.8590553282172003
Jump KM flag,0.771484375,0.8601069328278034
Jump KM flag,0.775390625,0.8611531280903532
Jump KM flag,0.779296875,0.8621635015322339
Jump KM flag,0.783203125,0.8631292470766643
Jump KM flag,0.787109375,0.8640319190039285
Jump KM flag,0.791015625,0.8648775623160286
Jump KM flag,0.794921875,0.865714618947672
Jump KM flag,0.798828125,0.8665391518696275
Jump KM flag,0.802734375,0.8673618834376675
Jump KM flag,0.806640625,0.8681294625406122
Jump KM flag,0.810546875,0.8688551001378457
Jump KM flag,0.814453125,0.8695694434781427
Jump KM flag,0.818359375,0.8702609580446793
Jump KM flag,0.822265625,0.8709742823794611
Jump KM flag,0.826171875,0.8717858699512436
Jump KM flag,0.830078125,0.8727998514832397
Jump KM flag,0.833984375,0.8738100658673441
Jump KM flag,0.837890625,0.8746245690296728
Jump KM flag,0.841796875,0.8753035322867831
Jump KM flag,0.845703125,0.8759681959266019
Jump KM flag,0.849609375,0.8766887897717424
Jump KM flag,0.853515625,0.8774225171832342
Jump KM flag,0.857421875,0.8780923075075358
Jump KM flag,0.861328125,0.87877207748413
Jump KM flag,0.865234375,0.8794895400680511
Jump KM flag,0.869140625,0.8802502040226199
Jump KM flag,0.873046875,0.8810066698730915
Jump KM flag,0.876953125,0.8817571819196764
Jump KM flag,0.880859375,0.8826257155628192
Jump KM flag,0.884765625,0.8836031321481896
Jump KM flag,0.888671875,0.8845466629260434
Jump KM flag,0.892578125,0.8853159774182
Jump KM flag,0.896484375,0.8860230829444803
Jump KM flag,0.900390625,0.8867292115624202
Jump KM flag,0.904296875,0.8874201342778288
Jump KM flag,0.908203125,0.8880792923866477
Jump KM flag,0.912109375,0.8887819177413107
Jump KM flag,0.916015625,0.8894869761314229
Jump KM flag,0.919921875,0.8900784625275496
Jump KM flag,0.923828125,0.8906088436035481
Jump KM flag,0.927734375,0.891153398950684
Jump KM flag,0.931640625,0.8917930642754467
Jump KM flag,0.935546875,0.8925743294993772
Jump KM flag,0.939453125,0.893517265778074
Jump KM flag,0.943359375,0.8944719149844251
Jump KM flag,0.947265625,0.8952200728879518
Jump KM flag,0.951171875,0.8957721459779604
Jump KM flag,0.955078125,0.896292656125596
Jump KM flag,0.958984375,0.8968662955592566
Jump KM flag,0.962890625,0.8974551183835099
Jump KM flag,0.966796875,0.8979825383633647
Jump KM flag,0.970703125,0.8983902317141123
Jump KM flag,0.974609375,0.898705506085631
Jump KM flag,0.978515625,0.8990224956512776
Jump KM flag,0.982421875,0.8994907474210901
Jump KM flag,0.986328125,0.9002640426309265
Jump KM flag,0.990234375,0.9011350077066883
Jump KM flag,0.994140625,0.9019462720778084
Jump KM flag,0.998046875,0.9027600709928536
Jump KM flag,1.001953125,0.9036230699066913
Jump KM flag,1.005859375,0.9044699494252785
Jump KM flag,1.009765625,0.9051570364630259
Jump KM flag,1.013671875,0.9057694566636462
Jump KM flag,1.017578125,0.9063702651245059
Jump KM flag,1.021484375,0.906964247496567
Jump KM flag,1.025390625,0.907620228211096
Jump KM flag,1.029296875,0.9083162981644514
Jump KM flag,1.033203125,0.9089206001827943
Jump KM flag,1.037109375,0.909362352212966
Jump KM flag,1.041015625,0.9097633104067959
Jump KM flag,1.044921875,0.9102681017175213
Jump KM flag,1.048828125,0.9109358733357652
Jump KM flag,1.052734375,0.9117378227953453
Jump KM flag,1.056640625,0.9125536883672924
Jump KM flag,1.060546875,0.9133761499590498
Jump KM flag,1.064453125,0.9141293180550484
Jump KM flag,1.068359375,0.9148396356381652
Jump KM flag,1.072265625,0.9155644116511571
Jump KM flag,1.076171875,0.9162929838259635
Jump KM flag,1.080078125,0.9169769555144911
Jump KM flag,1.083984375,0.9176108484614257
Jump KM flag,1.087890625,0.9183240623842671
Jump KM flag,1.091796875,0.9190911763914718
Jump KM flag,1.095703125,0.9198132849438437
Jump KM flag,1.099609375,0.9204389720011422
Jump KM flag,1.103515625,0.921042098407324
Jump KM flag,1.107421875,0.9217304089097778
Jump KM flag,1.111328125,0.9224112845901876
Jump KM flag,1.115234375,0.9229772342429458
Jump KM flag,1.119140625,0.9234536272147574
Jump KM flag,1.123046875,0.9239009422733664
Jump KM flag,1.126953125,0.9244353080060628
Jump KM flag,1.130859375,0.9249849252865473
Jump KM flag,1.134765625,0.9255403362473851
Jump KM flag,1.138671875,0.926098094829684
Jump KM flag,1.142578125,0.9266967160487172
Jump KM flag,1.146484375,0.9273344429926831
Jump KM flag,1.150390625,0.9278848043651611
Jump KM flag,1.154296875,0.9283879892286799
Jump KM flag,1.158203125,0.9288853653060061
Jump KM flag,1.162109375,0.9294170999732255
Jump KM flag,1.166015625,0.9300038459471127
Jump KM flag,1.169921875,0.9305809349310893
Jump KM flag,1.173828125,0.9310978206873954
Jump KM flag,1.177734375,0.9315750997777618
Jump KM flag,1.181640625,0.9321611734358987
Jump KM flag,1.185546875,0.9329344876814686
Jump KM flag,1.189453125,0.9336982814604481
Jump KM flag,1.193359375,0.934346905614762
Jump KM flag,1.197265625,0.9349270514744827
Jump KM flag,1.201171875,0.9355576215884112
Jump KM flag,1.205078125,0.9361882367239304
Jump KM flag,1.208984375,0.936755186099858
Jump KM flag,1.212890625,0.9373413460507376
Jump KM flag,1.216796875,0.9379104322218728
Jump KM flag,1.220703125,0.9385495613895108
Jump KM flag,1.224609375,0.9391089053501649
Jump KM flag,1.228515625,0.9395631767509801
Jump KM flag,1.232421875,0.9400225746456116
Jump KM flag,1.236328125,0.9405887993923933
Jump KM flag,1.240234375,0.941199538259088
Jump KM flag,1.244140625,0.9417315413324707
Jump KM flag,1.248046875,0.9422588491746093
Jump KM flag,1.251953125,0.9427895396863271
Jump KM flag,1.255859375,0.9433456974419381
Jump KM flag,1.259765625,0.9439178408125037
Jump KM flag,1.263671875,0.9445767047070681
Jump KM flag,1.267578125,0.9452756421524038
Jump KM flag,1.271484375,0.9458294053278352
Jump KM flag,1.275390625,0.9462432606051833
Jump KM flag,1.279296875,0.9466727416290497
Jump KM flag,1.283203125,0.9473579522764441
Jump KM flag,1.287109375,0.9482938538726876
Jump KM flag,1.291015625,0.9491810058953396
Jump KM flag,1.294921875,0.9499489943779381
Jump KM flag,1.298828125,0.950613966625605
Jump KM flag,1.302734375,0.9511881225192574
Jump KM flag,1.306640625,0.9516471581102598
Jump KM flag,1.310546875,0.9520489200097263
Jump KM flag,1.314453125,0.9524851795929686
Jump KM flag,1.318359375,0.9530212351259432
Jump KM flag,1.322265625,0.9535755146371181
Jump KM flag,1.326171875,0.9541622450217915
Jump KM flag,1.330078125,0.9546149245961174
Jump KM flag,1.333984375,0.9548497680730752
Jump KM flag,1.337890625,0.9550894052961217
Jump KM flag,1.341796875,0.9554540570507225
Jump KM flag,1.345703125,0.955808607193702
Jump KM flag,1.349609375,0.956007763389514
Jump KM flag,1.353515625,0.9561901489131022
Jump KM flag,1.357421875,0.9565333263352602
Jump KM flag,1.361328125,0.9569643173776415
Jump KM flag,1.365234375,0.9573294959578215
Jump KM flag,1.369140625,0.9577005784044037
Jump KM flag,1.373046875,0.9580645688681569
Jump KM flag,1.376953125,0.9584330416798339
Jump KM flag,1.380859375,0.9588011282204636
Jump KM flag,1.384765625,0.9592670501335082
Jump KM flag,1.388671875,0.9598075610188103
Jump KM flag,1.392578125,0.9603191676359257
Jump KM flag,1.396484375,0.9607834101213665
Jump KM flag,1.400390625,0.9611635686695398
Jump KM flag,1.404296875,0.9615087506709338
Jump KM flag,1.408203125,0.9617848248806323
Jump KM flag,1.412109375,0.9620102651527455
Jump KM flag,1.416015625,0.9622317727294043
Jump KM flag,1.419921875,0.9625023171125362
Jump KM flag,1.423828125,0.9628616514567744
Jump KM flag,1.427734375,0.9633268488017009
Jump KM flag,1.431640625,0.9637404027791016
Jump KM flag,1.435546875,0.9639851079206356
Jump KM flag,1.439453125,0.9641967966857279
Jump KM flag,1.443359375,0.9644206949152851
Jump KM flag,1.447265625,0.9646629864266175
Jump KM flag,1.451171875,0.9649421058903905
Jump KM flag,1.455078125,0.9653213370590483
Jump KM flag,1.458984375,0.9657915384905872
Jump KM flag,1.462890625,0.9662540791847841
Jump KM flag,1.466796875,0.9666904894486767
Jump KM flag,1.470703125,0.9671756355185054
Jump KM flag,1.474609375,0.967509872763059
Jump KM flag,1.478515625,0.9676419618856891
Jump KM flag,1.482421875,0.9677652447956019
Jump KM flag,1.486328125,0.9680261933069985
Jump KM flag,1.490234375,0.9684387857812468
Jump KM flag,1.494140625,0.9689033155002126
Jump KM flag,1.498046875,0.9693067234945298
Jump KM flag,1.501953125,0.969605743763073
Jump KM flag,1.505859375,0.9699195081052796
Jump KM flag,1.509765625,0.9704398676897834
Jump KM flag,1.513671875,0.971120462616542
Jump KM flag,1.517578125,0.9717839582301687
Jump KM flag,1.521484375,0.9723744233661625
Jump KM flag,1.525390625,0.9729096293018916
Jump KM flag,1.529296875,0.9733453585614532
Jump KM flag,1.533203125,0.9736426061826022
Jump KM flag,1.537109375,0.9739163117432589
Jump KM flag,1.541015625,0.9742538955037757
Jump KM flag,1.544921875,0.9744915233903336
Jump KM flag,1.548828125,0.9745553254590815
Jump KM flag,1.552734375,0.9746151862947542
Jump KM flag,1.556640625,0.9748764336937248
Jump KM flag,1.560546875,0.9753400503025061
Jump KM flag,1.564453125,0.9756547930041359
Jump KM flag,1.568359375,0.9758564344632631
Jump KM flag,1.572265625,0.9760824061541084
Jump KM flag,1.576171875,0.9764822663354691
Jump KM flag,1.580078125,0.9770550612267676
Jump KM flag,1.583984375,0.9776269934125099
Jump KM flag,1.587890625,0.9780706743007354
Jump KM flag,1.591796875,0.9783483287246825
Jump KM flag,1.595703125,0.9785701670508685
Jump KM flag,1.599609375,0.9788213733451525
Jump KM flag,1.603515625,0.9792457139817549
Jump KM flag,1.607421875,0.9796786119426072
Jump KM flag,1.611328125,0.9799672127236804
Jump KM flag,1.615234375,0.9802179846435567
Jump KM flag,1.619140625,0.9804858932230591
Jump KM flag,1.623046875,0.9808100472744643
Jump KM flag,1.626953125,0.9811137598334918
Jump KM flag,1.630859375,0.9813901772649966
Jump KM flag,1.634765625,0.9816566708304771
Jump KM flag,1.638671875,0.9819489715650419
Jump KM flag,1.642578125,0.9823109939728956
Jump KM flag,1.646484375,0.9827123826715709
Jump KM flag,1.650390625,0.9830680039217105
Jump KM flag,1.654296875,0.9833511863141332
Jump KM flag,1.658203125,0.9836163380872127
Jump KM flag,1.662109375,0.9838222405182219
Jump KM flag,1.666015625,0.9839848618657572
Jump KM flag,1.669921875,0.9841459140478984
Jump KM flag,1.673828125,0.9844000074318505
Jump KM flag,1.677734375,0.9847466676045533
Jump KM flag,1.681640625,0.9851219510303905
Jump KM flag,1.685546875,0.9854929479024409
Jump KM flag,1.689453125,0.985811216046368
Jump KM flag,1.693359375,0.9861423461890383
Jump KM flag,1.697265625,0.9863778425116151
Jump KM flag,1.701171875,0.9864746397885537
Jump KM flag,1.705078125,0.9865605229898956
Jump KM flag,1.708984375,0.9866516227698381
Jump KM flag,1.712890625,0.9867554418204407
Jump KM flag,1.716796875,0.9868738340626474
Jump KM flag,1.720703125,0.9870277591872227
Jump KM flag,1.724609375,0.9872393265245852
Jump KM flag,1.728515625,0.9874778660497937
Jump KM flag,1.732421875,0.9878086227577014
Jump KM flag,1.736328125,0.9881694361668873
Jump KM flag,1.740234375,0.9883976617614038
Jump KM flag,1.744140625,0.9885044718821034
Jump KM flag,1.748046875,0.9885508058994052
Jump KM flag,1.751953125,0.9885960822214006
Jump KM flag,1.755859375,0.9886730235522865
Jump KM flag,1.759765625,0.9888062221373978
Jump KM flag,1.763671875,0.9889516069896449
Jump KM flag,1.767578125,0.9891490119940937
Jump KM flag,1.771484375,0.9893233609381922
Jump KM flag,1.775390625,0.9894277270674183
Jump KM flag,1.779296875,0.9895565233012771
Jump KM flag,1.783203125,0.9896914708926953
Jump KM flag,1.787109375,0.9898138031455511
Jump KM flag,1.791015625,0.9898968659529508
Jump KM flag,1.794921875,0.9899874204556068
Jump KM flag,1.798828125,0.9901075186746422
Jump KM flag,1.802734375,0.9902643192389987
Jump KM flag,1.806640625,0.9904936747722385
Jump KM flag,1.810546875,0.9907214530695195
Jump KM flag,1.814453125,0.9908995055128887
Jump KM flag,1.818359375,0.9910627715765269
Jump KM flag,1.822265625,0.991288980545253
Jump KM flag,1.826171875,0.9914790803858182
Jump KM flag,1.830078125,0.9915753607957372
Jump KM flag,1.833984375,0.9916691963850116
Jump KM flag,1.837890625,0.9918962194353809
Jump KM flag,1.841796875,0.9921048448457677
Jump KM flag,1.845703125,0.9921587963929773
Jump KM flag,1.849609375,0.9922223379512641
Jump KM flag,1.853515625,0.9923164386581053
Jump KM flag,1.857421875,0.9924028771021599
Jump KM flag,1.861328125,0.9924605905228027
Jump KM flag,1.865234375,0.9925127114639608
Jump KM flag,1.869140625,0.9925524167761696
Jump KM flag,1.873046875,0.9925891506161033
Jump KM flag,1.876953125,0.9926339226213913
Jump KM flag,1.880859375,0.9927028326946133
Jump KM flag,1.884765625,0.9927994391443729
Jump KM flag,1.888671875,0.9929549062959816
Jump KM flag,1.892578125,0.9931252700935127
Jump KM flag,1.896484375,0.9932463082354939
Jump KM flag,1.900390625,0.99333718419724
Jump KM flag,1.904296875,0.9934135562304093
Jump KM flag,1.908203125,0.9934867267741684
Jump KM flag,1.912109375,0.9935397601830591
Jump KM flag,1.916015625,0.9935848827107787
Jump KM flag,1.919921875,0.9936335939083556
Jump KM flag,1.923828125,0.9937219762421662
Jump KM flag,1.927734375,0.9938505943256881
Jump KM flag,1.931640625,0.9939447674259172
Jump KM flag,1.935546875,0.9939976104418768
Jump KM flag,1.939453125,0.9940359467072797
Jump KM flag,1.943359375,0.9940875333359473
Jump KM flag,1.947265625,0.9941406451926323
Jump KM flag,1.951171875,0.9941762144875823
Jump KM flag,1.955078125,0.9942057228442018
Jump KM flag,1.958984375,0.9942627268872152
Jump KM flag,1.962890625,0.9943258910416125
Jump KM flag,1.966796875,0.9943580010950162
Jump KM flag,1.970703125,0.9943844376374469
Jump KM flag,1.974609375,0.9944264774571394
Jump KM flag,1.978515625,0.9944895028362549
Jump KM flag,1.982421875,0.9947727664233801
Jump KM flag,1.986328125,0.9950411136084133
Jump KM flag,1.990234375,0.9950713768046747
Jump KM flag,1.994140625,0.995088314821254
Jump KM flag,1.998046875,0.9951012854519506
Jump KM flag,2.001953125,0.9951194217566838
Jump KM flag,2.005859375,0.9951422273046979
Jump KM flag,2.009765625,0.995164060888992
Jump KM flag,2.013671875,0.9951832253380258
Jump KM flag,2.017578125,0.9952161928017268
Jump KM flag,2.021484375,0.9952795415668045
Jump KM flag,2.025390625,0.9953650695198689
Jump KM flag,2.029296875,0.9955207360605944
Jump KM flag,2.033203125,0.9956881672587254
Jump KM flag,2.037109375,0.9957713839127802
Jump KM flag,2.041015625,0.99580768971829
Jump KM flag,2.044921875,0.9958355889928177
Jump KM flag,2.048828125,0.9958726134578711
Jump KM flag,2.052734375,0.9959164279241702
Jump KM flag,2.056640625,0.9959757106219156
Jump KM flag,2.060546875,0.9960875539107521
Jump KM flag,2.064453125,0.9964385849782688
Jump KM flag,2.068359375,0.9967229535141376
Jump KM flag,2.072265625,0.9967400292154286
Jump KM flag,2.076171875,0.9967550765071274
Jump KM flag,2.080078125,0.9968051138014334
Jump KM flag,2.083984375,0.9968819222722228
Jump KM flag,2.087890625,0.9969534536926724
Jump KM flag,2.091796875,0.9970001414395546
Jump KM flag,2.095703125,0.9970191814400474
Jump KM flag,2.099609375,0.9970401552170417
Jump KM flag,2.103515625,0.9970713165991949
Jump KM flag,2.107421875,0.9971149792773552
Jump KM flag,2.111328125,0.997144746358604
Jump KM flag,2.115234375,0.9971584770511767
Jump KM flag,2.119140625,0.9971703511688838
Jump KM flag,2.123046875,0.9971807278358674
Jump KM flag,2.126953125,0.9971924746513714
Jump KM flag,2.130859375,0.9972050697476298
Jump KM flag,2.134765625,0.9972200084589149
Jump KM flag,2.138671875,0.9972372236625379
Jump KM flag,2.142578125,0.9972573144799156
Jump KM flag,2.146484375,0.997281160576308
Jump KM flag,2.150390625,0.9973001550096896
Jump KM flag,2.154296875,0.9973132535779027
Jump KM flag,2.158203125,0.9973248224001042
Jump KM flag,2.162109375,0.9973405656769982
Jump KM flag,2.166015625,0.9973611870705376
Jump KM flag,2.169921875,0.9974030736739289
Jump KM flag,2.173828125,0.9974581744989537
Jump KM flag,2.177734375,0.9974983103773627
Jump KM flag,2.181640625,0.9975440915585522
Jump KM flag,2.185546875,0.9975984960667874
Jump KM flag,2.189453125,0.9976306130181715
Jump KM flag,2.193359375,0.9976410226132293
Jump KM flag,2.197265625,0.9976500288670181
Jump KM flag,2.201171875,0.9976607678877583
Jump KM flag,2.205078125,0.9976732988982674
Jump KM flag,2.208984375,0.9976868260001033
Jump KM flag,2.212890625,0.997708844095994
Jump KM flag,2.216796875,0.9977792088903574
Jump KM flag,2.220703125,0.9978683213214271
Jump KM flag,2.224609375,0.9979098174796301
Jump KM flag,2.228515625,0.9979263186310985
Jump KM flag,2.232421875,0.9979457222231221
Jump KM flag,2.236328125,0.9979959704517721
Jump KM flag,2.240234375,0.9980566173140651
Jump KM flag,2.244140625,0.998098632399417
Jump KM flag,2.248046875,0.998139612553272
Jump KM flag,2.251953125,0.9981747695962321
Jump KM flag,2.255859375,0.9982025510866132
Jump KM flag,2.259765625,0.9982235971982982
Jump KM flag,2.263671875,0.9982410335904085
Jump KM flag,2.267578125,0.9982537320330908
Jump KM flag,2.271484375,0.9982613272462468
Jump KM flag,2.275390625,0.9982693357189334
Jump KM flag,2.279296875,0.9983026929693405
Jump KM flag,2.283203125,0.9983415532980571
Jump KM flag,2.287109375,0.9983581021184562
Jump KM flag,2.291015625,0.9983711388707891
Jump KM flag,2.294921875,0.9983873566645051
Jump KM flag,2.298828125,0.9984091266630656
Jump KM flag,2.302734375,0.9984311697879014
Jump KM flag,2.306640625,0.9984571426540446
Jump KM flag,2.310546875,0.9984892908648844
Jump KM flag,2.314453125,0.9985189969361418
Jump KM flag,2.318359375,0.9985414566370704
Jump KM flag,2.322265625,0.9985561169333792
Jump KM flag,2.326171875,0.9985683058049856
Jump KM flag,2.330078125,0.9985803611445185
Jump KM flag,2.333984375,0.9985907001837437
Jump KM flag,2.337890625,0.9986063081074169
Jump KM flag,2.341796875,0.9986225882675548
Jump KM flag,2.345703125,0.9986374734743033
Jump KM flag,2.349609375,0.9986527983780814
Jump KM flag,2.353515625,0.9986620595902341
Jump KM flag,2.357421875,0.9986677792432056
Jump KM flag,2.361328125,0.9986744202302071
Jump KM flag,2.365234375,0.998684474509754
Jump KM flag,2.369140625,0.998696043833608
Jump KM flag,2.373046875,0.998707834348845
Jump KM flag,2.376953125,0.9987204323196353
Jump KM flag,2.380859375,0.998738555595975
Jump KM flag,2.384765625,0.99875942764998
Jump KM flag,2.388671875,0.9987765272925924
Jump KM flag,2.392578125,0.998791427600496
Jump KM flag,2.396484375,0.9988033954629268
Jump KM flag,2.400390625,0.9988499848248191
Jump KM flag,2.404296875,0.9989011893152188
Jump KM flag,2.408203125,0.9989202439705055
Jump KM flag,2.412109375,0.9989336006649143
Jump KM flag,2.416015625,0.9989424191558998
Jump KM flag,2.419921875,0.99895291243882
Jump KM flag,2.423828125,0.9989753640880831
Jump KM flag,2.427734375,0.9989989024553547
Jump KM flag,2.431640625,0.999010948963042
Jump KM flag,2.435546875,0.9990209175293375
Jump KM flag,2.439453125,0.9990309758073451
Jump KM flag,2.443359375,0.999044221495764
Jump KM flag,2.447265625,0.9990698537502334
Jump KM flag,2.451171875,0.9992013122942673
Jump KM flag,2.455078125,0.9994019996647674
Jump KM flag,2.458984375,0.9995855687084672
Jump KM flag,2.462890625,0.9997095035067529
Jump KM flag,2.466796875,0.9997452828439964
Jump KM flag,2.470703125,0.9997588192852679
Jump KM flag,2.474609375,0.9997692764494209
Jump KM flag,2.478515625,0.9997991958325672
Jump KM flag,2.482421875,0.9998600810424296
Jump KM flag,2.486328125,0.9999091897911433
Jump KM flag,2.490234375,0.9999387622205641
Jump KM flag,2.494140625,0.9999669104881014
Jump KM flag,2.498046875,1.0
