x,E_p,tercile_index,tercile_label
2.54272695267573,2.4742081660046455,0,"(0.05, 15)"
6.912040854431688,2.461231649842283,0,"(0.05, 15)"
3.975443010311573,2.5109910692572575,0,"(0.05, 15)"
3.975443010311573,2.5659316027545733,0,"(0.05, 15)"
10.59634808623232,2.5688396054900795,0,"(0.05, 15)"
10.59634808623232,2.5627444140346483,0,"(0.05, 15)"
8.383831554604695,1.340901035334741,0,"(0.05, 15)"
8.383831554604695,1.3780241201162435,0,"(0.05, 15)"
12.235854304535314,1.3586769287701916,0,"(0.05, 15)"
12.235854304535314,1.3467294514143255,0,"(0.05, 15)"
9.192063797684389,2.5932618500390716,0,"(0.05, 15)"
6.719758753990754,2.5986242200013723,0,"(0.05, 15)"
10.756126609677448,2.3897573205449785,0,"(0.05, 15)"
2.8252681151963768,2.3298299444096036,0,"(0.05, 15)"
2.8242818578612057,2.3136180542020552,0,"(0.05, 15)"
9.9220649715513,2.371577934317853,0,"(0.05, 15)"
11.865546986740082,2.541612889229271,0,"(0.05, 15)"
7.861463460419326,2.523261135584904,0,"(0.05, 15)"
6.468096609041094,2.5348069400850393,0,"(0.05, 15)"
4.343695139931515,2.53493791918725,0,"(0.05, 15)"
1.1291914488188923,2.2491084784572815,0,"(0.05, 15)"
1.1291914488188923,2.1417401327581005,0,"(0.05, 15)"
5.201029231911525,2.39741446602772,0,"(0.05, 15)"
5.201029231911525,2.1171657223030684,0,"(0.05, 15)"
10.17109784851782,2.131152654427267,0,"(0.05, 15)"
10.17109784851782,2.6091514903103015,0,"(0.05, 15)"
4.108876531617716,2.0727209769060124,0,"(0.05, 15)"
4.108876531617716,2.585653025550015,0,"(0.05, 15)"
8.739614077052101,2.585556802507991,0,"(0.05, 15)"
0.4377530682832002,1.9197545967441427,0,"(0.05, 15)"
4.801328063430264,2.5955776170853806,0,"(0.05, 15)"
7.212899734918028,2.6122129017833684,0,"(0.05, 15)"
12.672069804789498,2.588090426207865,0,"(0.05, 15)"
12.672069804789498,2.5242540771365323,0,"(0.05, 15)"
11.20216690399684,2.56612501575566,0,"(0.05, 15)"
11.20216690399684,2.4943453419990713,0,"(0.05, 15)"
7.9298040727619075,2.635893371578243,0,"(0.05, 15)"
8.37165751773864,2.6060061307703406,0,"(0.05, 15)"
5.668660288257524,1.942369302710404,0,"(0.05, 15)"
0.9610661081038416,2.0819789083938827,0,"(0.05, 15)"
10.076869330834596,2.5531348398834988,0,"(0.05, 15)"
3.3132972555235023,2.53655269675559,0,"(0.05, 15)"
3.5083432940766213,1.822087610568268,0,"(0.05, 15)"
9.357683492358774,1.6912848274545855,0,"(0.05, 15)"
9.50567195978947,2.310120605843346,0,"(0.05, 15)"
7.493830329878255,2.267099222480348,0,"(0.05, 15)"
2.2151735364925114,2.4777574063463734,0,"(0.05, 15)"
3.8710095131769777,2.5178877914056192,0,"(0.05, 15)"
13.348162918072196,1.9825149061378464,0,"(0.05, 15)"
5.511090136971324,1.7781449775104616,0,"(0.05, 15)"
0.1599490975961089,1.492055681747578,0,"(0.05, 15)"
12.27958238814026,2.5695789218283616,0,"(0.05, 15)"
5.5043616410344836,2.604400506734545,0,"(0.05, 15)"
8.608343908423558,2.6163920343168625,0,"(0.05, 15)"
10.847245426103472,2.5977213786009465,0,"(0.05, 15)"
13.44480508873239,2.541287389044582,0,"(0.05, 15)"
2.7052412175573406,2.518182903657715,0,"(0.05, 15)"
6.027938459441065,2.562060754791498,0,"(0.05, 15)"
4.637077567260712,2.167079623309938,0,"(0.05, 15)"
4.637077567260712,2.484173311789634,0,"(0.05, 15)"
3.197338908957317,2.203345121707194,0,"(0.05, 15)"
3.197338908957317,2.423027224524212,0,"(0.05, 15)"
6.953767512692138,2.451191242244342,0,"(0.05, 15)"
1.1360868324991316,2.2706787020084613,0,"(0.05, 15)"
12.166833301773297,1.124343217693044,0,"(0.05, 15)"
5.01750571290031,1.21642022247542,0,"(0.05, 15)"
12.542386842193082,2.5731149039635026,0,"(0.05, 15)"
2.105579458968714,2.5129068799109935,0,"(0.05, 15)"
7.195921089733019,2.4778932909796194,0,"(0.05, 15)"
5.789796476438641,2.4416109288258587,0,"(0.05, 15)"
6.304076621634885,2.5102814141367498,0,"(0.05, 15)"
11.926165755931288,2.539631784861344,0,"(0.05, 15)"
8.620587065350264,2.3956466874469844,0,"(0.05, 15)"
10.83384269811213,2.4458146011910227,0,"(0.05, 15)"
3.0931967858225105,2.5411272096329465,0,"(0.05, 15)"
3.0931967858225105,2.0836085399956055,0,"(0.05, 15)"
0.4876381484325975,1.9815078043118663,0,"(0.05, 15)"
0.4876381484325975,1.867377036765244,0,"(0.05, 15)"
5.761418545339256,2.24216575797457,0,"(0.05, 15)"
11.580394644197076,2.3370812264630323,0,"(0.05, 15)"
0.5463013510219753,1.3709821696855624,0,"(0.05, 15)"
7.685994219733401,1.1845942709338324,0,"(0.05, 15)"
11.679932003421708,2.5379156459109637,0,"(0.05, 15)"
11.679932003421708,2.5545242516120017,0,"(0.05, 15)"
10.038471884513276,2.5492186835315116,0,"(0.05, 15)"
10.038471884513276,2.581016421359778,0,"(0.05, 15)"
9.749326336523518,2.623167544565361,0,"(0.05, 15)"
12.882052979059518,2.5885797997347155,0,"(0.05, 15)"
13.457841460360214,2.5561921228436955,0,"(0.05, 15)"
7.76924395901151,2.549292101769973,0,"(0.05, 15)"
0.0617032738868147,1.298245787353016,0,"(0.05, 15)"
1.61805202155374,2.4026042693814005,0,"(0.05, 15)"
11.191742463968694,1.1449862923348686,0,"(0.05, 15)"
2.70731861484237,1.3846979549233105,0,"(0.05, 15)"
4.193261691275984,2.3611646268570654,0,"(0.05, 15)"
13.054937182087452,2.480544139272626,0,"(0.05, 15)"
12.058192838076502,2.594125754988964,0,"(0.05, 15)"
9.064039365807549,2.6068326649663356,0,"(0.05, 15)"
1.4958771284669636,1.851910416711802,0,"(0.05, 15)"
1.9753892067354173,1.808979123802324,0,"(0.05, 15)"
6.683494309149682,2.3418318458503604,0,"(0.05, 15)"
5.856782132666558,2.3758589738742377,0,"(0.05, 15)"
9.003801445895807,2.52412522251724,0,"(0.05, 15)"
9.003801445895807,2.530812900015302,0,"(0.05, 15)"
3.507411338202655,2.4841573250749627,0,"(0.05, 15)"
3.507411338202655,2.493961518569214,0,"(0.05, 15)"
10.961086403997616,2.540814607989478,0,"(0.05, 15)"
0.676787236193195,2.136478152859853,0,"(0.05, 15)"
10.388910216232762,1.6912068978196124,0,"(0.05, 15)"
6.0652101556770495,1.6668020123660316,0,"(0.05, 15)"
4.98981478610076,2.430125405743437,0,"(0.05, 15)"
9.68621250600554,2.489937776319824,0,"(0.05, 15)"
7.309480652026831,2.258173815456693,0,"(0.05, 15)"
8.043025011895224,2.2891884640909845,0,"(0.05, 15)"
6.205248049926012,2.3815452611065915,0,"(0.05, 15)"
1.262992892274633,2.3126848200121044,0,"(0.05, 15)"
0.9367699683643878,2.29815165446161,0,"(0.05, 15)"
0.9367699683643878,2.2775291857083952,0,"(0.05, 15)"
4.947236866317689,2.6109704017459134,0,"(0.05, 15)"
4.947236866317689,2.596849214746398,0,"(0.05, 15)"
9.858826078567654,2.6261110908442893,0,"(0.05, 15)"
0.1091094390954822,1.450335696119459,0,"(0.05, 15)"
1.757255126349628,1.8744476929990097,0,"(0.05, 15)"
1.757255126349628,2.4233255514527947,0,"(0.05, 15)"
10.358444891870022,1.6117994866915029,0,"(0.05, 15)"
10.358444891870022,2.5878505930984907,0,"(0.05, 15)"
12.887473818147557,2.553663553087647,0,"(0.05, 15)"
12.422753432858736,2.544623110137844,0,"(0.05, 15)"
7.697805232228711,2.0650281819073317,0,"(0.05, 15)"
8.528377559920774,2.0022269065996925,0,"(0.05, 15)"
5.289550872705877,2.570712979287264,0,"(0.05, 15)"
5.289550872705877,1.243975985546428,0,"(0.05, 15)"
8.343313006777317,2.581777966982522,0,"(0.05, 15)"
8.343313006777317,1.198903685271152,0,"(0.05, 15)"
9.694989225501194,1.9402253721144676,0,"(0.05, 15)"
9.694989225501194,2.603953482895576,0,"(0.05, 15)"
9.431954688578845,1.9967482163990424,0,"(0.05, 15)"
9.431954688578845,2.6016737750952292,0,"(0.05, 15)"
11.100614829035475,2.512381355525184,0,"(0.05, 15)"
13.11628807527013,2.562013550206496,0,"(0.05, 15)"
7.145589334657415,2.60558617122117,0,"(0.05, 15)"
7.145589334657415,2.538016557325478,0,"(0.05, 15)"
2.3388645363971587,2.530051912842087,0,"(0.05, 15)"
2.3388645363971587,2.4741794867921363,0,"(0.05, 15)"
1.613276724750176,2.180490192990036,0,"(0.05, 15)"
12.581430657533929,2.2930808725567395,0,"(0.05, 15)"
10.65815904494375,2.465611996259879,0,"(0.05, 15)"
10.23265992240049,2.464884571881763,0,"(0.05, 15)"
2.933776890020817,2.2961916932277,0,"(0.05, 15)"
4.199617141811177,2.304374671392382,0,"(0.05, 15)"
4.686901055648923,2.5608811479095412,0,"(0.05, 15)"
6.632301334151998,2.5573493705435624,0,"(0.05, 15)"
3.2825077382847665,2.417429439689636,0,"(0.05, 15)"
3.2825077382847665,2.6017742947875,0,"(0.05, 15)"
2.961153519712388,2.417323568888172,0,"(0.05, 15)"
2.961153519712388,2.549175428257961,0,"(0.05, 15)"
12.327569560194387,2.392839923883822,0,"(0.05, 15)"
12.327569560194387,2.292268932401974,0,"(0.05, 15)"
1.3181868891231716,2.242694877603431,0,"(0.05, 15)"
1.3181868891231716,2.1618184587229017,0,"(0.05, 15)"
6.1124793709721414,2.5978404852687165,0,"(0.05, 15)"
11.672574838111178,2.585203903112512,0,"(0.05, 15)"
9.977868322236464,1.937255607681064,0,"(0.05, 15)"
10.715763375302776,1.925847662666224,0,"(0.05, 15)"
3.622192188585177,1.710533428157504,0,"(0.05, 15)"
3.6335943680722265,1.665840425029212,0,"(0.05, 15)"
8.026989270560444,2.5557552412919695,0,"(0.05, 15)"
5.69770689769648,2.5613489529527307,0,"(0.05, 15)"
5.560024734865873,2.5685664082998194,0,"(0.05, 15)"
12.044140183599666,2.6079718836695025,0,"(0.05, 15)"
0.7381294862367213,2.143670397887201,0,"(0.05, 15)"
9.213605444133282,2.4766061590452653,0,"(0.05, 15)"
4.571009298833086,2.5787898926086763,0,"(0.05, 15)"
9.839989621937276,2.6051439245026637,0,"(0.05, 15)"
2.771341528231278,2.486490627515143,0,"(0.05, 15)"
2.771341528231278,2.3799669971792823,0,"(0.05, 15)"
12.683622249634936,2.576406677645811,0,"(0.05, 15)"
12.683622249634936,2.5473295070437763,0,"(0.05, 15)"
12.23294641431421,1.5292954506722949,0,"(0.05, 15)"
11.778883320232854,1.5149446169496512,0,"(0.05, 15)"
6.887712046131491,1.5945436395955743,0,"(0.05, 15)"
7.88443136261776,1.6455196054379002,0,"(0.05, 15)"
11.371421527210623,2.5587787777813893,0,"(0.05, 15)"
11.371421527210623,2.1517606762228394,0,"(0.05, 15)"
3.740705835400149,2.5254564468392555,0,"(0.05, 15)"
3.740705835400149,2.073324497528943,0,"(0.05, 15)"
4.131793915294111,2.2974793997804275,0,"(0.05, 15)"
6.941575538180768,2.316101975225599,0,"(0.05, 15)"
8.1198940100614,2.50546383285408,0,"(0.05, 15)"
9.106469174753874,2.513920097306921,0,"(0.05, 15)"
5.439056624425574,2.5217639957300024,0,"(0.05, 15)"
1.906279680691659,2.4701253809198054,0,"(0.05, 15)"
0.4802651498932391,1.9480399254765255,0,"(0.05, 15)"
0.9380601259879768,2.213030228113442,0,"(0.05, 15)"
5.827550923312082,2.407331331294688,0,"(0.05, 15)"
4.819427523342892,2.440843515507991,0,"(0.05, 15)"
9.8154202086851,2.1837965516077467,0,"(0.05, 15)"
9.8154202086851,2.5592110351156356,0,"(0.05, 15)"
6.225958752492442,2.141346270346206,0,"(0.05, 15)"
6.225958752492442,2.5357699540807492,0,"(0.05, 15)"
1.8926059589721265,2.5079059407220607,0,"(0.05, 15)"
9.328134979587048,2.6271700873450334,0,"(0.05, 15)"
7.261149194929748,2.5925880961892545,0,"(0.05, 15)"
12.47842059773393,2.5661231360699928,0,"(0.05, 15)"
12.477088213991374,2.5483283244385966,0,"(0.05, 15)"
8.807233200222255,2.5812000525797414,0,"(0.05, 15)"
1.0770463882014156,2.024814217444631,0,"(0.05, 15)"
2.2358830866403876,2.033189559502524,0,"(0.05, 15)"
10.539241237426175,2.5622895703788147,0,"(0.05, 15)"
0.4081803046166896,1.891321708669172,0,"(0.05, 15)"
4.9576950521674,1.510941215852233,0,"(0.05, 15)"
10.335717582097278,1.458212756698523,0,"(0.05, 15)"
9.258176960330458,2.247534395913215,0,"(0.05, 15)"
13.461228055227547,2.4063591808512848,0,"(0.05, 15)"
4.268083543144166,2.49999790905549,0,"(0.05, 15)"
5.959001883864402,2.531398044799236,0,"(0.05, 15)"
7.005110039049759,1.6665439696517266,0,"(0.05, 15)"
5.053605975676327,1.7087613420081436,0,"(0.05, 15)"
6.534196969820186,2.605770828200363,0,"(0.05, 15)"
10.979881085455418,2.590763773352224,0,"(0.05, 15)"
1.661814264347777,2.475620442812176,0,"(0.05, 15)"
1.661814264347777,2.431590898219922,0,"(0.05, 15)"
8.149423232348637,2.6244676008814194,0,"(0.05, 15)"
8.149423232348637,2.568292950818144,0,"(0.05, 15)"
9.559435617318377,2.6376541493837458,0,"(0.05, 15)"
10.46564965499565,2.6041229448891996,0,"(0.05, 15)"
4.040664676995948,2.4392383124072357,0,"(0.05, 15)"
3.887408629618585,2.432530601677895,0,"(0.05, 15)"
2.4774218859616663,2.219974708828539,0,"(0.05, 15)"
2.4774218859616663,2.5086200971394694,0,"(0.05, 15)"
0.2163362985942512,1.6374539305593316,0,"(0.05, 15)"
0.2163362985942512,1.6778295937587246,0,"(0.05, 15)"
13.190126024745403,2.5414504694638183,0,"(0.05, 15)"
13.190126024745403,2.1069646615224618,0,"(0.05, 15)"
2.381810754118487,2.403388817264654,0,"(0.05, 15)"
2.381810754118487,2.022739641427215,0,"(0.05, 15)"
7.863729415927081,2.469519090782601,0,"(0.05, 15)"
1.7218228279147296,2.3831707775067845,0,"(0.05, 15)"
12.738163727056236,2.5723236669177023,0,"(0.05, 15)"
4.565570471994579,2.584230698613118,0,"(0.05, 15)"
0.8094475848600269,2.1946799931227057,0,"(0.05, 15)"
11.544256301503628,2.499137677173914,0,"(0.05, 15)"
11.522741686785594,2.442823352244304,0,"(0.05, 15)"
12.951027634553611,2.48779275553626,0,"(0.05, 15)"
2.011643392546102,1.599057622249987,0,"(0.05, 15)"
6.497928491514176,1.3251780231809411,0,"(0.05, 15)"
3.4423071430530396,2.547343746111964,0,"(0.05, 15)"
2.603386369673535,2.530247937510518,0,"(0.05, 15)"
5.937519712233915,1.2701005059012436,0,"(0.05, 15)"
5.937519712233915,2.299360152704225,0,"(0.05, 15)"
8.960913913836704,1.207391952605254,0,"(0.05, 15)"
8.960913913836704,2.3376964335766974,0,"(0.05, 15)"
8.67431539874524,2.5460902951809605,0,"(0.05, 15)"
7.133047187747433,2.524456820677682,0,"(0.05, 15)"
10.236325903609394,2.5616049415264595,0,"(0.05, 15)"
10.817405501753091,2.538200021898302,0,"(0.05, 15)"
12.004385088011622,2.5658694372254627,0,"(0.05, 15)"
11.818977928347886,2.564516375085418,0,"(0.05, 15)"
6.4212002637796095,2.510248570870643,0,"(0.05, 15)"
1.9983693345915523,2.4315349903233368,0,"(0.05, 15)"
9.16179264332168,1.1525348350025897,0,"(0.05, 15)"
0.594698458397761,1.230522207512273,0,"(0.05, 15)"
4.379213130706921,2.1207400286413653,0,"(0.05, 15)"
7.0596549361478536,2.114625032666078,0,"(0.05, 15)"
8.348634913237765,2.622227487711366,0,"(0.05, 15)"
7.792251143651082,2.608166643539919,0,"(0.05, 15)"
0.4307429939042776,1.884840642733673,0,"(0.05, 15)"
0.4307429939042776,1.7919824472136,0,"(0.05, 15)"
4.583146733883768,2.348164606689285,0,"(0.05, 15)"
4.583146733883768,1.874845604803148,0,"(0.05, 15)"
11.140445633511993,2.5351869316332887,0,"(0.05, 15)"
11.140445633511993,2.606473683902214,0,"(0.05, 15)"
6.407963408902287,2.5262644058567,0,"(0.05, 15)"
6.407963408902287,2.6010285395397745,0,"(0.05, 15)"
9.655190513376146,2.4450787310905704,0,"(0.05, 15)"
2.7368667267728592,2.395574053980191,0,"(0.05, 15)"
11.422054815106094,1.3422024118064309,0,"(0.05, 15)"
0.0795727511402219,1.265802031340541,0,"(0.05, 15)"
2.123755116295069,2.436205800078371,0,"(0.05, 15)"
7.596939046727493,2.4680837604973216,0,"(0.05, 15)"
12.833688565297052,2.3912528880436303,0,"(0.05, 15)"
8.505385005986318,2.228239963731218,0,"(0.05, 15)"
0.6991003642324358,2.177074949419031,0,"(0.05, 15)"
2.5643857449758793,2.501267872033665,0,"(0.05, 15)"
5.598983283760026,2.58916723416786,0,"(0.05, 15)"
5.598983283760026,2.489963726342891,0,"(0.05, 15)"
5.408160145208239,2.5928057266676316,0,"(0.05, 15)"
5.408160145208239,2.4857650426154776,0,"(0.05, 15)"
10.337642196239903,2.6115073437654615,0,"(0.05, 15)"
3.0935479603242126,2.5523067285654855,0,"(0.05, 15)"
3.242702637752518,2.5135426595680275,0,"(0.05, 15)"
9.656651967996732,2.561859839610392,0,"(0.05, 15)"
4.726725471718236,1.7591506296570816,0,"(0.05, 15)"
13.341036436893043,1.9196054294848932,0,"(0.05, 15)"
7.466727888118475,2.5721091332454997,0,"(0.05, 15)"
7.466727888118475,2.381375953272424,0,"(0.05, 15)"
11.172461524512618,2.562692875356423,0,"(0.05, 15)"
11.172461524512618,2.4069058799033436,0,"(0.05, 15)"
6.722484975447878,1.8949289244602017,0,"(0.05, 15)"
12.617544749332591,2.1064805899275703,0,"(0.05, 15)"
1.456880123866722,2.4310699458797203,0,"(0.05, 15)"
8.723117343243212,2.5861032594683424,0,"(0.05, 15)"
10.922050893586128,2.102984759400646,0,"(0.05, 15)"
10.922050893586128,2.5307762019818787,0,"(0.05, 15)"
7.320052939839661,2.009985094488033,0,"(0.05, 15)"
7.320052939839661,2.4648976805891047,0,"(0.05, 15)"
9.042753606382758,2.592744050504774,0,"(0.05, 15)"
10.16371152200736,2.5936496538959872,0,"(0.05, 15)"
4.470327137038112,2.593222513218977,0,"(0.05, 15)"
4.216052333964035,2.59123627503773,0,"(0.05, 15)"
13.418042698130012,2.5861971602629445,0,"(0.05, 15)"
13.418042698130012,2.550801761827001,0,"(0.05, 15)"
1.0673840600997209,2.3107764089660385,0,"(0.05, 15)"
1.0673840600997209,2.358949576698675,0,"(0.05, 15)"
8.231247342191637,2.5907009197416317,0,"(0.05, 15)"
4.751679166452959,2.5397163571614865,0,"(0.05, 15)"
5.342536898236721,1.9667039592286184,0,"(0.05, 15)"
11.308513666456566,2.1278400127288295,0,"(0.05, 15)"
9.327635493827984,2.401341638864011,0,"(0.05, 15)"
13.132699016528203,2.4662154469942585,0,"(0.05, 15)"
2.274998715193942,2.225391811947787,0,"(0.05, 15)"
3.207037926558405,2.2640150139838915,0,"(0.05, 15)"
3.674280329747125,2.4410650454782252,0,"(0.05, 15)"
3.674280329747125,2.4586246441248676,0,"(0.05, 15)"
0.8719825755804778,2.2278635436559373,0,"(0.05, 15)"
0.8719825755804778,2.2477574789989365,0,"(0.05, 15)"
7.658788962196558,2.3155370294042465,0,"(0.05, 15)"
1.78023893693462,2.338760336700256,0,"(0.05, 15)"
12.92644521901384,2.409280517442009,0,"(0.05, 15)"
5.661580379819497,2.25953656401218,0,"(0.05, 15)"
0.5817039746791125,2.061642467609477,0,"(0.05, 15)"
12.13277990971692,2.5945890029457304,0,"(0.05, 15)"
8.471898541226983,1.1654332999323054,0,"(0.05, 15)"
9.81820658138022,1.1588827387652554,0,"(0.05, 15)"
3.123674022685736,1.6063801474588064,0,"(0.05, 15)"
6.615877966815606,1.4390106104023666,0,"(0.05, 15)"
12.589075601799411,2.533512417059425,0,"(0.05, 15)"
4.447517504496499,2.4853169334098473,0,"(0.05, 15)"
0.9765943343285473,2.2579084001674694,0,"(0.05, 15)"
11.636475777858868,2.4918237748471106,0,"(0.05, 15)"
6.1654428992886094,2.565699522903496,0,"(0.05, 15)"
7.965263227559626,2.599127962379063,0,"(0.05, 15)"
7.379302009474485,1.9747187166671256,0,"(0.05, 15)"
4.252728204755112,1.9601968516967987,0,"(0.05, 15)"
0.9587765280157328,2.2351797292492988,0,"(0.05, 15)"
7.348519782535731,2.5589234971702512,0,"(0.05, 15)"
10.42108531636186,1.4065229221383804,0,"(0.05, 15)"
8.752007875125855,1.3814792188047216,0,"(0.05, 15)"
3.119914545258507,2.4190229621837807,0,"(0.05, 15)"
2.287414559535682,2.415781779160995,0,"(0.05, 15)"
5.075968018872663,2.583468155400805,0,"(0.05, 15)"
5.131008405843749,2.5444984458340523,0,"(0.05, 15)"
12.97371764103882,2.600440737985301,0,"(0.05, 15)"
3.2359134268946943,2.5388041974594886,0,"(0.05, 15)"
0.624688998842612,2.1455110759790847,0,"(0.05, 15)"
9.48557962998748,2.6234566911102792,0,"(0.05, 15)"
5.893166278721764,2.2958008197896,0,"(0.05, 15)"
5.893166278721764,2.5276540077353857,0,"(0.05, 15)"
13.169783945800736,2.4691139919570766,0,"(0.05, 15)"
13.169783945800736,2.5656448811236516,0,"(0.05, 15)"
9.88115250952542,2.504837115913419,0,"(0.05, 15)"
11.345201362064108,2.5017598349271712,0,"(0.05, 15)"
11.758398291282356,2.3280576797137047,0,"(0.05, 15)"
8.291426914650947,2.2653562521056876,0,"(0.05, 15)"
9.322137142065912,2.5726928597291185,0,"(0.05, 15)"
9.267133381962775,2.5577405108038995,0,"(0.05, 15)"
4.223678701743483,2.3709187431311727,0,"(0.05, 15)"
1.7501302485354244,2.3352970919298848,0,"(0.05, 15)"
8.211895942362025,2.0780321421257297,0,"(0.05, 15)"
0.841450197994709,2.066567606387449,0,"(0.05, 15)"
0.1332827209960669,1.457625228074698,0,"(0.05, 15)"
0.1332827209960669,1.4340865603051547,0,"(0.05, 15)"
10.663909350475295,2.601812836991402,0,"(0.05, 15)"
10.663909350475295,2.312617923317719,0,"(0.05, 15)"
4.505278501147404,1.15046495888657,0,"(0.05, 15)"
1.3712787116877734,1.1657734705673617,0,"(0.05, 15)"
2.626802237005904,2.078868386596111,0,"(0.05, 15)"
4.412074420927092,2.022764973554722,0,"(0.05, 15)"
12.088520861789585,2.585696795992191,0,"(0.05, 15)"
12.088520861789585,2.511289431525989,0,"(0.05, 15)"
6.580832116911187,2.5714956855015947,0,"(0.05, 15)"
6.580832116911187,2.470695812563467,0,"(0.05, 15)"
6.822095187567174,2.589392511103501,0,"(0.05, 15)"
2.9096065392717714,2.5660236921515684,0,"(0.05, 15)"
1.2600604380015283,2.35670344760646,0,"(0.05, 15)"
3.4541880397126077,2.5333748875662128,0,"(0.05, 15)"
6.0819564883131525,2.5530581213334935,0,"(0.05, 15)"
0.623691405216232,2.096179360833363,0,"(0.05, 15)"
8.818843466416002,1.770300126774785,0,"(0.05, 15)"
8.818843466416002,2.164598057538832,0,"(0.05, 15)"
2.02693859222345,1.927487374576277,0,"(0.05, 15)"
2.02693859222345,2.208239866332845,0,"(0.05, 15)"
3.211027749907225,2.580104908646248,0,"(0.05, 15)"
11.855756614916029,2.59013535912586,0,"(0.05, 15)"
7.955625526141374,2.631617202266509,0,"(0.05, 15)"
9.96064923494123,2.6319112446293187,0,"(0.05, 15)"
12.85632926831022,2.0034324605462883,0,"(0.05, 15)"
13.001329076010734,1.9723793760271784,0,"(0.05, 15)"
0.7174600828438997,2.0830826114889875,0,"(0.05, 15)"
6.4447535194456576,2.167713998830311,0,"(0.05, 15)"
11.43084247005172,2.482699252400931,0,"(0.05, 15)"
4.620334078092128,2.4294103152789663,0,"(0.05, 15)"
2.1299036325421183,2.498129994746603,0,"(0.05, 15)"
11.49236562475562,2.56171725653922,0,"(0.05, 15)"
3.5342977515887464,2.380993661386209,0,"(0.05, 15)"
7.821229459764435,2.429844976401906,0,"(0.05, 15)"
2.4117040154058484,2.457557829849738,0,"(0.05, 15)"
2.4117040154058484,1.6937071982780356,0,"(0.05, 15)"
8.474750213464722,2.571724316203614,0,"(0.05, 15)"
8.474750213464722,1.3889080106921683,0,"(0.05, 15)"
13.124496239051222,2.4780791638506487,0,"(0.05, 15)"
13.124496239051222,2.5177622882455983,0,"(0.05, 15)"
7.56672794339247,2.3440028651169227,0,"(0.05, 15)"
7.56672794339247,2.615291200005334,0,"(0.05, 15)"
8.304653397761285,2.512975914985967,0,"(0.05, 15)"
10.410411152243617,2.546099255862693,0,"(0.05, 15)"
5.203503512125462,2.5703100684041904,0,"(0.05, 15)"
3.938952678907662,2.5625518071263222,0,"(0.05, 15)"
10.571815863531082,2.5714844769424476,0,"(0.05, 15)"
1.2098016610834748,2.385034235718046,0,"(0.05, 15)"
4.386250687763095,1.1732623725229203,0,"(0.05, 15)"
11.137313259672371,1.1451574535114095,0,"(0.05, 15)"
7.1233686756808305,2.538061081763735,0,"(0.05, 15)"
13.30549093838781,2.485245341413154,0,"(0.05, 15)"
6.442296149721368,2.3567070001624275,0,"(0.05, 15)"
6.116791608463973,2.355711721651549,0,"(0.05, 15)"
4.871264863153919,2.5195968651135447,0,"(0.05, 15)"
4.871264863153919,2.1878544308263193,0,"(0.05, 15)"
5.06935973772779,2.482517183237208,0,"(0.05, 15)"
5.06935973772779,2.219534123362544,0,"(0.05, 15)"
7.611153340432792,1.2826032948166206,0,"(0.05, 15)"
7.611153340432792,2.6585603495989183,0,"(0.05, 15)"
5.974332758411765,1.322212947137268,0,"(0.05, 15)"
5.974332758411765,2.599999358125855,0,"(0.05, 15)"
12.353419874142856,2.5773000226882687,0,"(0.05, 15)"
3.143810971127823,2.5452731507883577,0,"(0.05, 15)"
10.108838398568333,2.6227414203425363,0,"(0.05, 15)"
10.108838398568333,2.465032954692828,0,"(0.05, 15)"
12.331051605381072,2.533277919138309,0,"(0.05, 15)"
12.331051605381072,2.477001627791126,0,"(0.05, 15)"
11.540322971716524,2.591856311396242,0,"(0.05, 15)"
8.659890888864174,2.605659620592972,0,"(0.05, 15)"
2.0318702296353877,2.316719928867275,0,"(0.05, 15)"
2.405364886624738,2.31066395289228,0,"(0.05, 15)"
12.741686733206734,2.5366263205410298,0,"(0.05, 15)"
0.2402884664479643,1.6495730882221893,0,"(0.05, 15)"
0.8172579888720065,1.9694030398219429,0,"(0.05, 15)"
7.440738507313653,1.9455087449937525,0,"(0.05, 15)"
5.105341063393279,2.4679675838095965,0,"(0.05, 15)"
10.089921861374751,2.5138644438738034,0,"(0.05, 15)"
0.3651277387049049,1.8344429977185115,0,"(0.05, 15)"
0.3651277387049049,1.8789081609740033,0,"(0.05, 15)"
12.933632026799025,2.565681369739518,0,"(0.05, 15)"
12.933632026799025,2.568361082769815,0,"(0.05, 15)"
11.074713232461365,2.276865276811481,0,"(0.05, 15)"
11.074713232461365,1.2148287322070892,0,"(0.05, 15)"
11.52728358125314,2.3063112251720104,0,"(0.05, 15)"
11.52728358125314,1.2019464582746422,0,"(0.05, 15)"
3.995806922577321,2.6159334627440405,0,"(0.05, 15)"
1.6999247709754854,2.455846783901653,0,"(0.05, 15)"
11.886232373677194,2.5877222768674213,0,"(0.05, 15)"
3.5933634989894925,2.5802242775491564,0,"(0.05, 15)"
7.014670490846037,2.3013396814303615,0,"(0.05, 15)"
0.539524240558967,1.9813066516522488,0,"(0.05, 15)"
6.539470023754983,1.6943421751566925,0,"(0.05, 15)"
7.111134900944307,1.655848616601131,0,"(0.05, 15)"
9.279948664596304,2.5875242886639005,0,"(0.05, 15)"
8.938603591686116,2.6004390820195065,0,"(0.05, 15)"
2.8544944392982865,2.485201423264144,0,"(0.05, 15)"
5.736300605908036,2.5118397118287983,0,"(0.05, 15)"
8.590153971128165,2.605429040027098,0,"(0.05, 15)"
1.4481088783591984,2.443891689680763,0,"(0.05, 15)"
10.520758836343884,2.474626008596374,0,"(0.05, 15)"
4.2917288795579225,2.4082303028253707,0,"(0.05, 15)"
3.005506777856499,2.550717450375666,0,"(0.05, 15)"
11.794316609716043,2.5648072105158572,0,"(0.05, 15)"
12.47081706537865,1.9859087151297388,0,"(0.05, 15)"
12.699478426622226,1.986711389923811,0,"(0.05, 15)"
6.283613250637426,1.5800412951011984,0,"(0.05, 15)"
2.8788954616524274,1.7703509340517902,0,"(0.05, 15)"
11.659352388465775,2.5926083891556297,0,"(0.05, 15)"
5.606393385166302,2.5920639806688204,0,"(0.05, 15)"
1.9407401896547525,2.1533445563583022,0,"(0.05, 15)"
12.184272851748393,2.2092135232510812,0,"(0.05, 15)"
3.739998300513253,2.204512547698819,0,"(0.05, 15)"
9.130523757543417,2.2049851997507197,0,"(0.05, 15)"
7.724418647680431,2.4435928979881956,0,"(0.05, 15)"
7.724418647680431,2.5834093698360667,0,"(0.05, 15)"
6.965232085622847,2.449087169477779,0,"(0.05, 15)"
6.965232085622847,2.57194514247801,0,"(0.05, 15)"
13.326146688126029,2.5101006914233555,0,"(0.05, 15)"
9.306134106870742,2.3752972056005595,0,"(0.05, 15)"
5.434524300042539,2.4708316412302347,0,"(0.05, 15)"
6.208883617306127,2.4765045592538493,0,"(0.05, 15)"
9.419534810772166,2.356237521961424,0,"(0.05, 15)"
4.801929500652477,2.314523989828534,0,"(0.05, 15)"
4.11484515783377,2.51964159126208,0,"(0.05, 15)"
11.255390202486888,2.519902604218824,0,"(0.05, 15)"
2.183008006447926,2.4927193452223264,0,"(0.05, 15)"
8.424753348715603,2.582111583199191,0,"(0.05, 15)"
6.65685679311864,2.573248091495532,0,"(0.05, 15)"
4.057018498377874,2.536277874551754,0,"(0.05, 15)"
1.3124434479977936,1.757425030202273,0,"(0.05, 15)"
1.3124434479977936,2.359047632992864,0,"(0.05, 15)"
0.3857675675302743,1.6501000153247618,0,"(0.05, 15)"
0.3857675675302743,1.882136890369998,0,"(0.05, 15)"
10.777522725705058,2.5955102196528146,0,"(0.05, 15)"
2.213868384901434,2.4858147365744654,0,"(0.05, 15)"
8.977034132461995,1.4633040714152774,0,"(0.05, 15)"
5.254637337988242,1.5552099657737335,0,"(0.05, 15)"
7.995417824806645,1.2568677359938143,0,"(0.05, 15)"
3.258892753068358,1.4251973622381318,0,"(0.05, 15)"
5.52412099703215,2.515697711432262,0,"(0.05, 15)"
9.410035787895325,2.5337499183981356,0,"(0.05, 15)"
9.932443778309972,1.5483017519768338,0,"(0.05, 15)"
8.320996872428806,1.527234431674172,0,"(0.05, 15)"
3.5740771982818837,2.5485028759828947,0,"(0.05, 15)"
1.0137791607528923,2.33901550358322,0,"(0.05, 15)"
2.090053562633693,2.434307038344504,0,"(0.05, 15)"
4.698150426940992,2.4470947049150293,0,"(0.05, 15)"
7.433116924576461,2.579688318299691,0,"(0.05, 15)"
0.2828238970600068,1.7727242553000389,0,"(0.05, 15)"
6.120959956478327,2.4956819773376653,0,"(0.05, 15)"
7.371522958762943,2.5235344717593047,0,"(0.05, 15)"
1.221076235268265,2.234105361966778,0,"(0.05, 15)"
10.215257700765504,2.3413961229275215,0,"(0.05, 15)"
10.263099780818449,2.5154250890425898,0,"(0.05, 15)"
10.263099780818449,2.392239546323185,0,"(0.05, 15)"
12.564452125085518,2.508560625844206,0,"(0.05, 15)"
12.564452125085518,2.395080300051024,0,"(0.05, 15)"
9.126334603363649,2.598184365600732,0,"(0.05, 15)"
11.687926556402818,2.576608270272996,0,"(0.05, 15)"
10.61158892181702,2.6005636798563025,0,"(0.05, 15)"
8.01684147361666,2.6459581697899774,0,"(0.05, 15)"
2.8898972132708876,2.371768566971484,0,"(0.05, 15)"
1.3417476355098188,2.341141992637414,0,"(0.05, 15)"
11.9312792875804,2.2485375461780235,0,"(0.05, 15)"
2.9851114997640247,2.1911422622861596,0,"(0.05, 15)"
1.5834553267806768,2.1692441342454845,0,"(0.05, 15)"
9.765094716753811,2.2122975812923253,0,"(0.05, 15)"
6.402478147111832,2.5894113026781964,0,"(0.05, 15)"
12.805723475618288,2.634741802544746,0,"(0.05, 15)"
3.857173150125891,1.9245807217935125,0,"(0.05, 15)"
3.857173150125891,1.9165476695572217,0,"(0.05, 15)"
5.713467273628338,1.8575590021072452,0,"(0.05, 15)"
5.713467273628338,1.8091330209004168,0,"(0.05, 15)"
8.265675633540377,2.595395456578715,0,"(0.05, 15)"
8.265675633540377,2.618302459501799,0,"(0.05, 15)"
3.648931054817513,2.5341434714164692,0,"(0.05, 15)"
3.648931054817513,2.565325587353053,0,"(0.05, 15)"
13.163506145728752,2.511848619072586,0,"(0.05, 15)"
0.8184859033674001,2.211044118628271,0,"(0.05, 15)"
0.6644684956409037,2.147459803551169,0,"(0.05, 15)"
0.6644684956409037,2.1328128438325153,0,"(0.05, 15)"
2.684899664716794,2.492352481241769,0,"(0.05, 15)"
2.684899664716794,2.4894755899596706,0,"(0.05, 15)"
11.79819064005278,1.7134485692700925,0,"(0.05, 15)"
1.5960303050931544,1.868091417063694,0,"(0.05, 15)"
9.841315341694282,2.419335384640625,0,"(0.05, 15)"
4.636774882022291,2.375004067725002,0,"(0.05, 15)"
3.693101804936304,2.585075078254145,0,"(0.05, 15)"
11.423411612585188,2.567434161485939,0,"(0.05, 15)"
12.608013320947066,2.6326094467701036,0,"(0.05, 15)"
12.608013320947066,1.5955801333652306,0,"(0.05, 15)"
7.008072681678459,2.624623914340724,0,"(0.05, 15)"
7.008072681678459,1.4955301841126236,0,"(0.05, 15)"
6.238358751079067,2.205201409416948,0,"(0.05, 15)"
3.4903299899771807,2.2128707276080672,0,"(0.05, 15)"
8.554957279656083,2.4937639318656397,0,"(0.05, 15)"
5.83927709525451,2.4053492600022137,0,"(0.05, 15)"
5.036983766034245,2.4819176131535956,0,"(0.05, 15)"
11.872169961221516,2.539106366240946,0,"(0.05, 15)"
3.1589179633185265,2.528932345787843,0,"(0.05, 15)"
9.041608991706743,2.5886932455097624,0,"(0.05, 15)"
2.5869842845015225,1.897959656521492,0,"(0.05, 15)"
11.120911337342111,1.7445537085608689,0,"(0.05, 15)"
4.545090065244585,2.466078203715338,0,"(0.05, 15)"
8.067085807723926,2.478551372754855,0,"(0.05, 15)"
6.861868295958265,2.3720908063550503,0,"(0.05, 15)"
6.861868295958265,2.414320722294202,0,"(0.05, 15)"
9.709876068169253,2.3874586949246024,0,"(0.05, 15)"
9.709876068169253,2.423835104178983,0,"(0.05, 15)"
12.048664453579113,2.5961315196597616,0,"(0.05, 15)"
13.394131466187536,2.432580266097527,0,"(0.05, 15)"
1.490687449509278,2.4093401773532297,0,"(0.05, 15)"
6.080664288904518,2.6108857195539343,0,"(0.05, 15)"
11.240445087524131,2.5466632834602105,0,"(0.05, 15)"
5.356173842772841,2.546530057153488,0,"(0.05, 15)"
2.359610312571749,1.4533705044608536,0,"(0.05, 15)"
12.438192935381084,1.170575193915308,0,"(0.05, 15)"
13.492690985742955,2.549900224942935,0,"(0.05, 15)"
10.374308083578944,2.5699983497668573,0,"(0.05, 15)"
5.359921758435666,2.0741297343234195,0,"(0.05, 15)"
0.1331816588994115,1.4246537439175118,0,"(0.05, 15)"
3.805309730581939,2.28933026344999,0,"(0.05, 15)"
2.4349226187448947,2.300877201561718,0,"(0.05, 15)"
1.8755248863250016,2.444803245965062,0,"(0.05, 15)"
5.475640439521521,2.4955920702529,0,"(0.05, 15)"
13.00562983942218,1.178560574260187,0,"(0.05, 15)"
13.00562983942218,2.537520750391556,0,"(0.05, 15)"
3.835957851074636,1.2474859893573782,0,"(0.05, 15)"
3.835957851074636,2.4883100384715062,0,"(0.05, 15)"
10.454639310343191,2.59098522692554,0,"(0.05, 15)"
10.454639310343191,2.5902975560976627,0,"(0.05, 15)"
11.03350522518158,2.5785144802264264,0,"(0.05, 15)"
11.03350522518158,2.5904659906337772,0,"(0.05, 15)"
8.656203024229034,2.514622867883484,0,"(0.05, 15)"
8.202919904561714,2.494813539654857,0,"(0.05, 15)"
4.924199530901387,2.335460552591193,0,"(0.05, 15)"
1.10597153021954,2.254146877833722,0,"(0.05, 15)"
7.243748250976204,2.5140871065080437,0,"(0.05, 15)"
3.166800719173625,2.466512396967887,0,"(0.05, 15)"
1.0023885305039584,1.4241660833073442,0,"(0.05, 15)"
13.409341161418704,1.144725349507692,0,"(0.05, 15)"
1.377722810767591,2.404828060466882,0,"(0.05, 15)"
7.186652087094262,2.6036017763247767,0,"(0.05, 15)"
6.59160942249,2.4197373264770734,0,"(0.05, 15)"
6.59160942249,2.4552788636377114,0,"(0.05, 15)"
10.870934241265058,2.4507534273310614,0,"(0.05, 15)"
10.870934241265058,2.4925940159032156,0,"(0.05, 15)"
8.911799613805488,2.21877934067765,0,"(0.05, 15)"
11.962859263736757,2.271363186128088,0,"(0.05, 15)"
10.842814940446988,2.057863457841757,0,"(0.05, 15)"
8.909059087326751,2.00907048643561,0,"(0.05, 15)"
2.698120285524055,2.5315075323073497,0,"(0.05, 15)"
2.1340639386791733,2.5206093724206435,0,"(0.05, 15)"
8.046994242025539,2.636536710094298,0,"(0.05, 15)"
8.046994242025539,2.289784936723355,0,"(0.05, 15)"
6.55102111576125,2.596977930777912,0,"(0.05, 15)"
6.55102111576125,2.2485494461534405,0,"(0.05, 15)"
0.2062426653224974,1.5200040573373774,0,"(0.05, 15)"
10.06694534108974,1.8698866285333475,0,"(0.05, 15)"
11.336167916283012,2.5715318448183413,0,"(0.05, 15)"
7.714890563813969,2.575135009170131,0,"(0.05, 15)"
2.24905062103644,2.489989061794942,0,"(0.05, 15)"
1.670352808991447,2.4440699390755425,0,"(0.05, 15)"
4.048719193320721,2.5829738247218788,0,"(0.05, 15)"
4.514024293236434,2.56994306296883,0,"(0.05, 15)"
11.605595996184274,2.512753309961228,0,"(0.05, 15)"
1.85305558051914,2.425609591268595,0,"(0.05, 15)"
10.043584689637646,2.597423230867238,0,"(0.05, 15)"
5.5374528011772775,2.5655349285930784,0,"(0.05, 15)"
3.4777555127162483,2.5259057714834956,0,"(0.05, 15)"
12.20069982665591,2.569338878357564,0,"(0.05, 15)"
7.882461102679371,1.9066135527827412,0,"(0.05, 15)"
10.560795573005452,2.000058282011645,0,"(0.05, 15)"
5.625656023714691,1.4052996890277618,0,"(0.05, 15)"
3.7922560225706543,1.4004194785421982,0,"(0.05, 15)"
0.8825694690458477,2.2615347314517766,0,"(0.05, 15)"
0.7383656318299472,2.2052981506047455,0,"(0.05, 15)"
8.747321038972586,2.6139058379063123,0,"(0.05, 15)"
4.308128797682002,2.5903761422344695,0,"(0.05, 15)"
3.3744951400905845,2.1422319724875267,0,"(0.05, 15)"
3.3744951400905845,2.302648942442304,0,"(0.05, 15)"
7.830822454858571,2.139364903647532,0,"(0.05, 15)"
7.830822454858571,2.3500207850480392,0,"(0.05, 15)"
12.41946887713857,2.486901411445197,0,"(0.05, 15)"
9.891846853494645,2.450288345629573,0,"(0.05, 15)"
7.545033764326944,2.561574265586827,0,"(0.05, 15)"
12.735608552070335,2.502431079390299,0,"(0.05, 15)"
11.82099790512584,2.2332750760938778,0,"(0.05, 15)"
10.282089433958754,2.1520270531378305,0,"(0.05, 15)"
1.678994695516303,2.4226740578198416,0,"(0.05, 15)"
4.145672855200246,2.4810870386870687,0,"(0.05, 15)"
10.723788730427623,2.394154817955024,0,"(0.05, 15)"
5.238223590841517,2.3008562751299526,0,"(0.05, 15)"
2.789247118774801,2.569293754076274,0,"(0.05, 15)"
12.530309896590188,2.5839357984181612,0,"(0.05, 15)"
4.35248910812661,2.5459542393226235,0,"(0.05, 15)"
4.35248910812661,2.5409009254848756,0,"(0.05, 15)"
8.85920026227832,2.602497716277551,0,"(0.05, 15)"
8.85920026227832,2.599932484886694,0,"(0.05, 15)"
0.2990017240867018,1.7884216541408908,0,"(0.05, 15)"
6.172766719618812,2.4241314733731683,0,"(0.05, 15)"
5.171383627876639,1.36210141133204,0,"(0.05, 15)"
5.171383627876639,2.5894919290373775,0,"(0.05, 15)"
3.342296415381133,1.5003880285130091,0,"(0.05, 15)"
3.342296415381133,2.536979912290916,0,"(0.05, 15)"
9.576730689080431,2.5476406113038466,0,"(0.05, 15)"
9.576730689080431,1.7082712308977774,0,"(0.05, 15)"
0.9896423804573716,2.2803274676958996,0,"(0.05, 15)"
0.9896423804573716,1.9601795788406815,0,"(0.05, 15)"
10.988510470744222,2.3863434394140723,0,"(0.05, 15)"
9.595681222621351,2.3072456719145165,0,"(0.05, 15)"
2.5310409525409336,2.480258389007209,0,"(0.05, 15)"
3.129095726087689,2.520103682614652,0,"(0.05, 15)"
13.240757947275416,1.2979893727277083,0,"(0.05, 15)"
1.196112845186144,1.6274180458156056,0,"(0.05, 15)"
5.191492016380653,2.5028839306192756,0,"(0.05, 15)"
11.01836330969818,2.5459859910961486,0,"(0.05, 15)"
10.744724455242975,2.5782229919643487,0,"(0.05, 15)"
7.4485744900070125,2.604414923237927,0,"(0.05, 15)"
2.809365077363327,2.412574973646747,0,"(0.05, 15)"
0.2550020830705762,1.7055314470105525,0,"(0.05, 15)"
4.319246981153264,2.311846847482096,0,"(0.05, 15)"
4.319246981153264,2.5325517857404183,0,"(0.05, 15)"
3.9261116171721366,2.286126452866394,0,"(0.05, 15)"
3.9261116171721366,2.56914848900388,0,"(0.05, 15)"
7.059850659407675,2.505656703513746,0,"(0.05, 15)"
7.059850659407675,1.1945694530341997,0,"(0.05, 15)"
5.437923045409843,2.4929854490597054,0,"(0.05, 15)"
5.437923045409843,1.2116114395551347,0,"(0.05, 15)"
12.437942108977586,2.521330230651925,0,"(0.05, 15)"
4.52874334626831,2.4135628953923898,0,"(0.05, 15)"
7.513430802430957,2.624499922091916,0,"(0.05, 15)"
1.6849817479029296,2.469792584719484,0,"(0.05, 15)"
5.988067934103309,2.3991145981937763,0,"(0.05, 15)"
7.624326336290687,2.3862101291091533,0,"(0.05, 15)"
8.728030191222206,2.0871465326490255,0,"(0.05, 15)"
10.1050731966272,2.15999017850914,0,"(0.05, 15)"
4.786691420851275,1.9954303126774504,0,"(0.05, 15)"
2.589335919823497,2.077109559858084,0,"(0.05, 15)"
3.406104866182431,2.562926023697668,0,"(0.05, 15)"
6.483865540428087,2.585643047273158,0,"(0.05, 15)"
7.914885338163002,2.6308754462256125,0,"(0.05, 15)"
2.066895912215114,2.5033513193857218,0,"(0.05, 15)"
0.8640931306872517,1.9963024618084635,0,"(0.05, 15)"
0.8640931306872517,2.1502338297101873,0,"(0.05, 15)"
12.000974718248472,2.0442605969398153,0,"(0.05, 15)"
12.000974718248472,2.313161904363156,0,"(0.05, 15)"
11.573989777453244,2.557494944380476,0,"(0.05, 15)"
11.573989777453244,2.594475668992978,0,"(0.05, 15)"
10.780382464872671,2.5839499136928885,0,"(0.05, 15)"
10.780382464872671,2.6334811756604672,0,"(0.05, 15)"
10.06205466464162,2.603147622598374,0,"(0.05, 15)"
7.095985144004225,2.565040519991055,0,"(0.05, 15)"
2.2297578692901876,2.4899897405395053,0,"(0.05, 15)"
12.697698328271509,2.5660687784115974,0,"(0.05, 15)"
4.081144481012597,2.5232745733614177,0,"(0.05, 15)"
4.081144481012597,2.4723128951694773,0,"(0.05, 15)"
9.85402694423683,2.575224302321814,0,"(0.05, 15)"
9.85402694423683,2.5375504030912226,0,"(0.05, 15)"
8.066280029155314,1.794494497982988,0,"(0.05, 15)"
7.921284167235717,1.7898580450594603,0,"(0.05, 15)"
13.359795355796814,1.3709352729147368,0,"(0.05, 15)"
11.815698721352964,1.3562844180973597,0,"(0.05, 15)"
0.1746343922801315,1.5769113402823387,0,"(0.05, 15)"
4.293717490509152,2.5533045265891796,0,"(0.05, 15)"
8.879376831371337,2.6133094677337265,0,"(0.05, 15)"
8.879376831371337,2.3454952798514417,0,"(0.05, 15)"
0.7239419236313551,2.2020719040913748,0,"(0.05, 15)"
0.7239419236313551,2.076885608387248,0,"(0.05, 15)"
2.716591563262045,2.203078483043039,0,"(0.05, 15)"
10.651244834251704,2.2335300278433508,0,"(0.05, 15)"
12.181802341947332,2.507481029884863,0,"(0.05, 15)"
12.162892318423838,2.5493079923044935,0,"(0.05, 15)"
1.4101513552945106,2.3518312247966575,0,"(0.05, 15)"
5.6044031457975505,2.5071164092299463,0,"(0.05, 15)"
6.3156077467370775,2.115133213662941,0,"(0.05, 15)"
4.780932171549647,2.125586020067115,0,"(0.05, 15)"
1.0233229024801402,2.279670416480771,0,"(0.05, 15)"
0.8996035806369036,2.2440446690490066,0,"(0.05, 15)"
10.488713333196936,2.4171660360248888,0,"(0.05, 15)"
10.488713333196936,2.610006976105631,0,"(0.05, 15)"
3.379693462187424,2.337323600314805,0,"(0.05, 15)"
3.379693462187424,2.485258838769591,0,"(0.05, 15)"
8.635275115817786,2.6394345949270717,0,"(0.05, 15)"
6.210278883017599,2.611431555402176,0,"(0.05, 15)"
4.904089388716965,2.5472155020886724,0,"(0.05, 15)"
13.208719772007315,2.5568544130962505,0,"(0.05, 15)"
12.98469236092642,2.581747480853145,0,"(0.05, 15)"
8.791736941086128,2.593346743944683,0,"(0.05, 15)"
7.8237560748122625,2.413166298705049,0,"(0.05, 15)"
12.462936639413238,2.430218045616373,0,"(0.05, 15)"
5.776286272890865,1.2420193897027725,0,"(0.05, 15)"
5.27563303867355,1.2719655499887843,0,"(0.05, 15)"
9.760780399898067,2.5578668903933193,0,"(0.05, 15)"
4.055621604248881,2.4507444572049137,0,"(0.05, 15)"
1.8414543708320708,1.942724247171672,0,"(0.05, 15)"
7.256308398162946,1.7179336016846445,0,"(0.05, 15)"
0.0733895746525377,1.2149357627894628,0,"(0.05, 15)"
8.763437725184486,1.2183958406950897,0,"(0.05, 15)"
5.3939953553955995,2.5242773697535448,0,"(0.05, 15)"
12.657876830827444,2.54715247351147,0,"(0.05, 15)"
9.38208109503612,1.2120396665337505,0,"(0.05, 15)"
9.38208109503612,2.517021436497369,0,"(0.05, 15)"
10.174269517324865,1.161551702465191,0,"(0.05, 15)"
10.174269517324865,2.544894339576112,0,"(0.05, 15)"
11.206377252656967,2.5543324608642703,0,"(0.05, 15)"
7.330624087760224,2.6083021018523085,0,"(0.05, 15)"
6.827797204256057,2.6040176360131113,0,"(0.05, 15)"
4.762432271242141,2.563404626150332,0,"(0.05, 15)"
12.0695952931419,2.5642936535420136,0,"(0.05, 15)"
1.078176973434165,2.2673281186747065,0,"(0.05, 15)"
1.5107942095957696,2.3292661882892114,0,"(0.05, 15)"
8.27999548627995,2.3626730233196813,0,"(0.05, 15)"
10.97238779696636,2.511674172102582,0,"(0.05, 15)"
9.503473746450618,2.5035519345515396,0,"(0.05, 15)"
4.524152261065319,2.326465622789583,0,"(0.05, 15)"
6.3009621729142955,2.2950253561808336,0,"(0.05, 15)"
5.00455188951455,2.5714000693087065,0,"(0.05, 15)"
0.8597820330876857,2.246973104557504,0,"(0.05, 15)"
3.17820412623696,2.411821005717184,0,"(0.05, 15)"
3.17820412623696,2.500415124932519,0,"(0.05, 15)"
3.690342902392149,2.4330136330276724,0,"(0.05, 15)"
3.690342902392149,2.5462291887436725,0,"(0.05, 15)"
12.640439134743064,2.397617140050333,0,"(0.05, 15)"
5.619618853647261,2.2578034025550147,0,"(0.05, 15)"
7.321063836384564,2.158136455797226,0,"(0.05, 15)"
1.738264308264479,2.1913732288004653,0,"(0.05, 15)"
6.219883991032838,2.606517954001899,0,"(0.05, 15)"
9.249010309996084,2.603695643129491,0,"(0.05, 15)"
11.778901370614768,2.6066476665195624,0,"(0.05, 15)"
11.778901370614768,1.9955201457321643,0,"(0.05, 15)"
12.817171739321202,2.572206154446365,0,"(0.05, 15)"
12.817171739321202,2.028821865234552,0,"(0.05, 15)"
3.7247131093405184,1.700848416298707,0,"(0.05, 15)"
2.8912763325963167,1.7746792612792577,0,"(0.05, 15)"
7.712619196949526,2.57816747031827,0,"(0.05, 15)"
1.3831462803762409,2.403625895450534,0,"(0.05, 15)"
5.872611991921439,2.4199003333957454,0,"(0.05, 15)"
7.952867375174537,2.47808470103562,0,"(0.05, 15)"
0.6320461892057211,2.14056483042129,0,"(0.05, 15)"
11.62404192071408,2.603820845799739,0,"(0.05, 15)"
8.297284783422947,2.5498778697776094,0,"(0.05, 15)"
9.03048187699169,2.547839015664623,0,"(0.05, 15)"
0.3763137019239366,1.9307718785858816,0,"(0.05, 15)"
5.933022799668833,2.529794873383627,0,"(0.05, 15)"
11.08898088815622,2.02109333984702,0,"(0.05, 15)"
3.449225888261571,1.9186690143753096,0,"(0.05, 15)"
2.4191232359502464,2.347522165417545,0,"(0.05, 15)"
10.953106732247395,2.442320772666977,0,"(0.05, 15)"
11.950566703127697,2.5976284957875664,0,"(0.05, 15)"
11.487193733127787,2.6127163257447448,0,"(0.05, 15)"
6.370871502486988,2.1044120466164324,0,"(0.05, 15)"
6.370871502486988,1.5452548177197716,0,"(0.05, 15)"
1.554939406085759,2.1883504741392743,0,"(0.05, 15)"
1.554939406085759,1.8203576334965144,0,"(0.05, 15)"
9.107857989426703,2.445277720935184,0,"(0.05, 15)"
9.107857989426703,2.6176802412074296,0,"(0.05, 15)"
2.7786321163177488,2.354189776552866,0,"(0.05, 15)"
2.7786321163177488,2.533652070992766,0,"(0.05, 15)"
10.643188501615075,2.530119841676284,0,"(0.05, 15)"
6.449717299314215,2.490548285559886,0,"(0.05, 15)"
8.824634169228375,1.6595210233257136,0,"(0.05, 15)"
3.963544050743803,1.7359363632180238,0,"(0.05, 15)"
4.67537103286013,2.4738640763743263,0,"(0.05, 15)"
10.414988521160558,2.4692104063932137,0,"(0.05, 15)"
7.412177867768332,2.3249504739950235,0,"(0.05, 15)"
12.344870945205912,2.3967515492449905,0,"(0.05, 15)"
6.100844979146495,2.581604164628473,0,"(0.05, 15)"
5.367814134480431,2.5979265575678134,0,"(0.05, 15)"
1.2543213434983045,2.3452341784244264,0,"(0.05, 15)"
1.2543213434983045,2.2637254828784985,0,"(0.05, 15)"
2.524079292267561,2.517180076228906,0,"(0.05, 15)"
2.524079292267561,2.398211500296472,0,"(0.05, 15)"
3.6073255633469663,2.5218349839646854,0,"(0.05, 15)"
13.3009119911585,2.5910589132459796,0,"(0.05, 15)"
2.069941842136904,1.7683554436243407,0,"(0.05, 15)"
9.61654082518071,1.4530313729760358,0,"(0.05, 15)"
12.783250449504704,2.5946831868209697,0,"(0.05, 15)"
12.783250449504704,2.2939878886829455,0,"(0.05, 15)"
8.107779448013753,2.57060974424884,0,"(0.05, 15)"
8.107779448013753,2.086102240716262,0,"(0.05, 15)"
10.795990821765736,2.312625624630215,0,"(0.05, 15)"
10.518904482154175,2.289609394373835,0,"(0.05, 15)"
4.5823347422759975,2.540220599157027,0,"(0.05, 15)"
0.1729277355596423,1.534415124584401,0,"(0.05, 15)"
6.90260507678613,1.481061159220295,0,"(0.05, 15)"
2.4202892455272376,1.6881952670987417,0,"(0.05, 15)"
6.638381732441484,2.579985534200055,0,"(0.05, 15)"
8.56985216420144,2.5742005547381184,0,"(0.05, 15)"
1.3440445810556412,2.4228819948099223,0,"(0.05, 15)"
12.24110299483873,2.5820663687391017,0,"(0.05, 15)"
9.451963280141356,2.622904515653561,0,"(0.05, 15)"
9.513579417485744,2.6126866895858085,0,"(0.05, 15)"
4.146455961186438,2.5791409090233213,0,"(0.05, 15)"
3.1586326144635675,2.555126319545632,0,"(0.05, 15)"
2.1645426160655914,2.2924460184187385,0,"(0.05, 15)"
2.1645426160655914,2.3767392723303025,0,"(0.05, 15)"
5.9892695684451605,2.294521800895822,0,"(0.05, 15)"
5.9892695684451605,2.43913346633673,0,"(0.05, 15)"
13.294541646866127,2.5648977796954777,0,"(0.05, 15)"
5.001986605813727,2.471468624717084,0,"(0.05, 15)"
8.131553053623065,1.9123038074884664,0,"(0.05, 15)"
1.1206064817495645,2.0822532562568647,0,"(0.05, 15)"
7.757668566005304,2.590670847963376,0,"(0.05, 15)"
5.826647276850417,2.5704847709769627,0,"(0.05, 15)"
13.050773431221025,2.5335912385875,0,"(0.05, 15)"
2.142416104674339,2.3985216024138616,0,"(0.05, 15)"
0.4950550641398876,2.014022679944362,0,"(0.05, 15)"
8.9240772430785,2.461701786167016,0,"(0.05, 15)"
11.625285054650158,2.268724886370839,0,"(0.05, 15)"
7.17809757143259,2.137901170457501,0,"(0.05, 15)"
3.7601149313151834,2.554894084229181,0,"(0.05, 15)"
3.7601149313151834,1.4301321890457293,0,"(0.05, 15)"
3.555453400453552,2.5748592667598467,0,"(0.05, 15)"
3.555453400453552,1.4238166850118217,0,"(0.05, 15)"
1.0886023153550923,2.211632562968035,0,"(0.05, 15)"
7.699870779644697,2.327697495817501,0,"(0.05, 15)"
6.250360426213592,1.8106799658294852,0,"(0.05, 15)"
11.594233850715682,1.983802170216077,0,"(0.05, 15)"
8.570040647266433,2.575613854647207,0,"(0.05, 15)"
8.570040647266433,2.54580275956371,0,"(0.05, 15)"
12.919118129322303,2.5706474847057703,0,"(0.05, 15)"
12.919118129322303,2.563093955225285,0,"(0.05, 15)"
4.253140257019549,2.4215824784467297,0,"(0.05, 15)"
10.582307657413184,2.4275191554366624,0,"(0.05, 15)"
2.875426932331174,2.5050407809956403,0,"(0.05, 15)"
2.875426932331174,2.558174537814105,0,"(0.05, 15)"
6.897961468854919,2.584150969944232,0,"(0.05, 15)"
6.897961468854919,2.6115425637664034,0,"(0.05, 15)"
11.920294747082515,1.786779307124978,0,"(0.05, 15)"
11.920294747082515,1.7126693456451194,0,"(0.05, 15)"
9.145152621297166,1.6695253289355396,0,"(0.05, 15)"
9.145152621297166,1.6124654542487786,0,"(0.05, 15)"
6.519354745792224,2.6007229629058397,0,"(0.05, 15)"
5.515738968364894,2.581748950077651,0,"(0.05, 15)"
11.05378344510682,2.573759359586743,0,"(0.05, 15)"
2.7882286438252772,2.560804268226046,0,"(0.05, 15)"
9.544721562275663,2.067885689699202,0,"(0.05, 15)"
6.682706731278449,2.0324475373873043,0,"(0.05, 15)"
4.0290547865908595,2.1793567542823387,0,"(0.05, 15)"
12.714094839245082,2.368686450086852,0,"(0.05, 15)"
8.434481990989298,2.4759541247972865,0,"(0.05, 15)"
11.727058393973858,2.494595789650564,0,"(0.05, 15)"
0.3310614570975303,1.8371250979938565,0,"(0.05, 15)"
1.4861341435927895,2.4153563772070243,0,"(0.05, 15)"
5.72329869410023,2.491740963763896,0,"(0.05, 15)"
5.72329869410023,2.383835067406178,0,"(0.05, 15)"
2.1988415108527986,2.4308748793124426,0,"(0.05, 15)"
2.1988415108527986,2.353903969419384,0,"(0.05, 15)"
10.128135785041378,2.360780547060738,0,"(0.05, 15)"
0.4534362446982413,1.9272254541332856,0,"(0.05, 15)"
11.50790231875144,2.566589983268842,0,"(0.05, 15)"
4.124596861004829,2.5326160715210837,0,"(0.05, 15)"
2.0002672426868227,2.4875643983188755,0,"(0.05, 15)"
10.28061537789181,2.5974508785699726,0,"(0.05, 15)"
7.578723017172887,2.5202379451664623,0,"(0.05, 15)"
8.38715099603869,2.5416798888220473,0,"(0.05, 15)"
12.37270759032108,2.574928223920457,0,"(0.05, 15)"
11.21767288353294,2.5812991179481655,0,"(0.05, 15)"
1.1797211568336934,1.663767571094778,0,"(0.05, 15)"
4.869610578846186,1.4101630475819191,0,"(0.05, 15)"
10.22481993129477,2.547119227433751,0,"(0.05, 15)"
6.193844292126595,2.544315454136979,0,"(0.05, 15)"
3.340857495553791,1.6344608652259038,0,"(0.05, 15)"
13.277667971979827,1.5518147978510275,0,"(0.05, 15)"
1.5629408234730362,2.414195950404826,0,"(0.05, 15)"
1.5629408234730362,2.1002463203808115,0,"(0.05, 15)"
11.356841528508811,2.5643522523139657,0,"(0.05, 15)"
11.356841528508811,2.053109747518674,0,"(0.05, 15)"
10.604242754587904,1.192052142070731,0,"(0.05, 15)"
10.604242754587904,2.600614849487333,0,"(0.05, 15)"
13.105707206949592,1.0994183581795214,0,"(0.05, 15)"
13.105707206949592,2.620210704821982,0,"(0.05, 15)"
9.146899913297966,2.4862433142078117,0,"(0.05, 15)"
9.421387173281984,2.518236999561266,0,"(0.05, 15)"
13.10520193404518,2.567155217490445,0,"(0.05, 15)"
13.10520193404518,2.5894151252411035,0,"(0.05, 15)"
5.171791433729231,2.555670469260751,0,"(0.05, 15)"
5.171791433729231,2.5717855276507415,0,"(0.05, 15)"
8.337077132193372,2.6372995944695523,0,"(0.05, 15)"
2.328108124667778,2.539510096956251,0,"(0.05, 15)"
5.235103066870942,2.381062146034048,0,"(0.05, 15)"
8.687917933566496,2.4003170604221284,0,"(0.05, 15)"
9.643531770445406,2.5385983123742464,0,"(0.05, 15)"
7.360173201793804,2.518062619535212,0,"(0.05, 15)"
3.915425553079694,2.2489029136562495,0,"(0.05, 15)"
0.265005364222452,1.6553603372767385,0,"(0.05, 15)"
2.1089645005762576,2.4146460670229715,0,"(0.05, 15)"
2.9733753318432714,2.462147698362275,0,"(0.05, 15)"
3.568360550887882,2.422804458361125,0,"(0.05, 15)"
6.644511597044765,2.4119695359807296,0,"(0.05, 15)"
7.976558294752612,2.2344481590887093,0,"(0.05, 15)"
7.976558294752612,2.2576624814483415,0,"(0.05, 15)"
4.4008314630948,2.2087031141981925,0,"(0.05, 15)"
4.4008314630948,2.2431979062984886,0,"(0.05, 15)"
0.6842088868375867,2.1973953982199923,0,"(0.05, 15)"
8.028375742817298,2.6242154774058735,0,"(0.05, 15)"
8.784777761017905,2.6223561169947174,0,"(0.05, 15)"
10.757552414480596,2.6020087709667385,0,"(0.05, 15)"
10.322981503186748,1.1287207447763985,0,"(0.05, 15)"
6.876235748594627,1.1546172630350844,0,"(0.05, 15)"
3.231146009126678,1.819539147809154,0,"(0.05, 15)"
0.8302204929757864,1.975830005300086,0,"(0.05, 15)"
12.273038053698835,2.5539551500690973,0,"(0.05, 15)"
1.813796525960788,2.4502605504338684,0,"(0.05, 15)"
1.2941329075954855,2.4065982482973647,0,"(0.05, 15)"
9.226042608218268,2.613376524332408,0,"(0.05, 15)"
6.061027026642114,2.5005766606678748,0,"(0.05, 15)"
12.056539142504334,2.5117703344894067,0,"(0.05, 15)"
12.10863726711832,2.6099291324930274,0,"(0.05, 15)"
7.727291652187705,2.6376997570691767,0,"(0.05, 15)"
6.788851507334038,2.5509891784229466,0,"(0.05, 15)"
11.39851733003743,2.576221388056741,0,"(0.05, 15)"
6.737426758417859,2.594870022214097,0,"(0.05, 15)"
4.631679751491173,2.576741415323054,0,"(0.05, 15)"
9.054131209291516,2.042475678907935,0,"(0.05, 15)"
6.3807662934530525,1.9639274021300133,0,"(0.05, 15)"
2.6600516793318087,2.177877661755322,0,"(0.05, 15)"
10.001945239398628,2.1964553574899655,0,"(0.05, 15)"
8.245959894079716,2.6417376276090763,0,"(0.05, 15)"
11.897065872186795,2.595216267194211,0,"(0.05, 15)"
5.354145285487174,1.8475399797773495,0,"(0.05, 15)"
5.84437064747326,1.812823466149699,0,"(0.05, 15)"
0.113169021345675,1.396811056224636,0,"(0.05, 15)"
1.96296456893906,2.1435207690444367,0,"(0.05, 15)"
11.246169551322236,2.47899567330649,0,"(0.05, 15)"
11.246169551322236,2.474734638046369,0,"(0.05, 15)"
0.635023825801909,2.0396193414761297,0,"(0.05, 15)"
0.635023825801909,2.0836460226215237,0,"(0.05, 15)"
9.342243877099827,2.6290666852188367,0,"(0.05, 15)"
3.46563622825779,2.5358138710479867,0,"(0.05, 15)"
9.912754218792545,1.4010953339621466,0,"(0.05, 15)"
3.0220290026627477,1.599523902416437,0,"(0.05, 15)"
1.8076950459275392,2.396614941532227,0,"(0.05, 15)"
13.369875423097984,2.582053706795709,0,"(0.05, 15)"
12.941285689361392,2.4879126368911213,0,"(0.05, 15)"
11.125570377660916,2.3688345350421107,0,"(0.05, 15)"
0.5930812268517912,2.0736397739517023,0,"(0.05, 15)"
4.987546425545588,2.4969000630184977,0,"(0.05, 15)"
5.911634700465947,2.58445995630825,0,"(0.05, 15)"
5.911634700465947,2.5584950566154925,0,"(0.05, 15)"
1.3033422099426388,2.4169323543718786,0,"(0.05, 15)"
1.3033422099426388,2.3864801625254555,0,"(0.05, 15)"
5.044363403506576,1.4365059585377378,0,"(0.05, 15)"
5.044363403506576,2.5145713637577636,0,"(0.05, 15)"
7.554971808567642,1.4064790292748548,0,"(0.05, 15)"
7.554971808567642,2.5407107108434417,0,"(0.05, 15)"
7.360836894670501,2.5513076022845627,0,"(0.05, 15)"
8.539147900883108,2.5537286982054184,0,"(0.05, 15)"
12.60058267642744,2.4259015040122036,0,"(0.05, 15)"
12.433535523479804,2.4233753929411397,0,"(0.05, 15)"
6.184733847249299,2.541225695357406,0,"(0.05, 15)"
6.184733847249299,2.5573052189697267,0,"(0.05, 15)"
6.396220627101138,2.546703503458814,0,"(0.05, 15)"
6.396220627101138,2.5615285951448143,0,"(0.05, 15)"
8.504319569980726,1.3975385088822128,0,"(0.05, 15)"
4.647531318804249,1.474984969355907,0,"(0.05, 15)"
10.409475826798008,2.1621078687687723,0,"(0.05, 15)"
1.606826299894601,2.2074051895950584,0,"(0.05, 15)"
7.639501321176066,2.5977101198731667,0,"(0.05, 15)"
7.639501321176066,1.7582811774347082,0,"(0.05, 15)"
10.89999486762099,2.565637270021623,0,"(0.05, 15)"
10.89999486762099,1.8269608599238112,0,"(0.05, 15)"
0.6133104940410704,2.0036050043967513,0,"(0.05, 15)"
0.6590962460264563,2.0614270701718382,0,"(0.05, 15)"
11.743455405998976,2.519357612585948,0,"(0.05, 15)"
1.9866132999770345,2.4008286587604,0,"(0.05, 15)"
1.8155078299343583,2.3646044842211036,0,"(0.05, 15)"
9.081932655535638,2.441444815612935,0,"(0.05, 15)"
3.641856394894421,2.559973744388132,0,"(0.05, 15)"
11.912505174288526,2.6067450058031265,0,"(0.05, 15)"
4.212172328587621,1.5336475694975678,0,"(0.05, 15)"
8.054686823766678,1.3906349737862225,0,"(0.05, 15)"
2.3090674770064648,2.3648970448736275,0,"(0.05, 15)"
11.108474198309704,2.4510200273834655,0,"(0.05, 15)"
13.438981629675254,2.2407343114170613,0,"(0.05, 15)"
13.438981629675254,2.5107908106577947,0,"(0.05, 15)"
13.352382010081785,2.2763978830809344,0,"(0.05, 15)"
13.352382010081785,2.5492819183117774,0,"(0.05, 15)"
8.197184342471884,2.607061685389642,0,"(0.05, 15)"
9.668087003938854,2.6151535286795755,0,"(0.05, 15)"
5.309291564533487,2.582597244581936,0,"(0.05, 15)"
2.999610252957791,2.537421523791133,0,"(0.05, 15)"
10.887978223571556,2.6178903213919753,0,"(0.05, 15)"
5.314209235133602,2.5907734051276803,0,"(0.05, 15)"
9.06368286763318,2.5534518013261516,0,"(0.05, 15)"
2.470550552755594,2.461312478770036,0,"(0.05, 15)"
4.490438732272014,2.000811996384456,0,"(0.05, 15)"
8.516717326361686,2.004152615500676,0,"(0.05, 15)"
6.810614368040114,2.5757133732168613,0,"(0.05, 15)"
7.532964923232793,2.5774249954916915,0,"(0.05, 15)"
1.4359438979998231,2.3145654790113497,0,"(0.05, 15)"
4.015398877253756,2.361991711183267,0,"(0.05, 15)"
12.254553272621706,2.1394781887196324,0,"(0.05, 15)"
6.354571080673486,1.988638051630137,0,"(0.05, 15)"
1.2717198824044318,2.3673552825528503,0,"(0.05, 15)"
13.121455958485605,2.4956800362293308,0,"(0.05, 15)"
10.31670792447403,1.770790353491964,0,"(0.05, 15)"
11.372193046379834,1.8022994559000016,0,"(0.05, 15)"
3.222586032003164,2.5575894273285655,0,"(0.05, 15)"
4.710575039684772,2.571508922526306,0,"(0.05, 15)"
4.759968951530754,2.593305189590916,0,"(0.05, 15)"
4.759968951530754,2.4359439572549815,0,"(0.05, 15)"
1.026190670998767,2.3141505864381036,0,"(0.05, 15)"
1.026190670998767,2.293308796087708,0,"(0.05, 15)"
12.86775938142091,2.549511689767609,0,"(0.05, 15)"
4.174845692049711,2.598510459435363,0,"(0.05, 15)"
0.7323535143397748,2.158106051455151,0,"(0.05, 15)"
10.227493617497384,2.594629458376408,0,"(0.05, 15)"
5.578876348305493,2.191789532451172,0,"(0.05, 15)"
5.578876348305493,2.5984297514945633,0,"(0.05, 15)"
7.383719117054715,2.230792135356821,0,"(0.05, 15)"
7.383719117054715,2.6261993273709763,0,"(0.05, 15)"
9.983593287086114,2.477881144072784,0,"(0.05, 15)"
9.983593287086114,2.2700342634234394,0,"(0.05, 15)"
8.71188753801398,2.450119905690277,0,"(0.05, 15)"
8.71188753801398,2.2407571697047537,0,"(0.05, 15)"
11.172053205082191,2.5333623878764,0,"(0.05, 15)"
8.006059408048168,2.5612255107019406,0,"(0.05, 15)"
3.9109020722564303,2.527282160867718,0,"(0.05, 15)"
4.383440865855664,2.4861138529875495,0,"(0.05, 15)"
8.316208924073726,2.415693022970152,0,"(0.05, 15)"
6.627518233470618,2.36822226463802,0,"(0.05, 15)"
5.218163102865218,2.256922575683657,0,"(0.05, 15)"
12.765589484851809,2.4282785778945457,0,"(0.05, 15)"
0.4492174783721566,1.9871457222571636,0,"(0.05, 15)"
9.72497387859039,2.612172048739976,0,"(0.05, 15)"
2.9411560264416035,1.179375559817328,0,"(0.05, 15)"
2.9411560264416035,1.2310174936217158,0,"(0.05, 15)"
1.791892456403002,1.2600493624589115,0,"(0.05, 15)"
1.791892456403002,1.231866470885549,0,"(0.05, 15)"
11.985913309222088,2.5648773614899265,0,"(0.05, 15)"
11.985913309222088,2.599586969273158,0,"(0.05, 15)"
0.8078927342314273,2.2073639826579448,0,"(0.05, 15)"
0.8078927342314273,2.241358159259742,0,"(0.05, 15)"
7.138158189086243,2.4906506291811663,0,"(0.05, 15)"
3.638375840336084,2.460024135575119,0,"(0.05, 15)"
8.692790259001777,2.460174927897924,0,"(0.05, 15)"
5.552933126874268,2.3827291509975668,0,"(0.05, 15)"
10.20472457013093,2.5923373084058596,0,"(0.05, 15)"
1.868574712658301,2.4841186083077584,0,"(0.05, 15)"
3.323042119340971,2.509397177532199,0,"(0.05, 15)"
9.174137751711532,2.561396338774917,0,"(0.05, 15)"
12.365028662234543,1.2657685707768418,0,"(0.05, 15)"
6.926548563921823,1.3017743528860293,0,"(0.05, 15)"
1.1759640594013034,1.8818236402010653,0,"(0.05, 15)"
0.7770345478784293,1.866673440917921,0,"(0.05, 15)"
11.555164293851703,2.5790880180740556,0,"(0.05, 15)"
1.5147102155257015,2.4255248277542867,0,"(0.05, 15)"
3.4238355897367,2.3276608862993333,0,"(0.05, 15)"
3.4238355897367,2.0949825309358863,0,"(0.05, 15)"
11.763843894843012,2.405629235822983,0,"(0.05, 15)"
11.763843894843012,2.185483607249377,0,"(0.05, 15)"
7.832118412153795,2.542860084045306,0,"(0.05, 15)"
12.751303227618337,2.569861076419901,0,"(0.05, 15)"
12.756628917017952,2.5501255478220863,0,"(0.05, 15)"
9.907555683748797,2.5826833770916244,0,"(0.05, 15)"
8.42897484577261,2.4188041141002143,0,"(0.05, 15)"
7.204421504354104,2.372675875499179,0,"(0.05, 15)"
5.116847737180069,2.44622229835217,0,"(0.05, 15)"
0.4228092685807496,1.926874096260187,0,"(0.05, 15)"
9.52536131888628,2.276581455472253,0,"(0.05, 15)"
2.1686125700827685,2.269322294762665,0,"(0.05, 15)"
2.4975318527780472,2.5383158834941653,0,"(0.05, 15)"
2.4975318527780472,2.471715356919878,0,"(0.05, 15)"
12.516433311626315,2.607462070647458,0,"(0.05, 15)"
12.516433311626315,2.5499784313860254,0,"(0.05, 15)"
7.02604734217748,2.612402320261037,0,"(0.05, 15)"
9.366160144610332,2.609846725688909,0,"(0.05, 15)"
6.554310093261301,2.50824351258704,0,"(0.05, 15)"
3.328242683643474,2.4707374911188458,0,"(0.05, 15)"
1.6285673022270202,1.9092568749014849,0,"(0.05, 15)"
1.6285673022270202,2.4490499045629623,0,"(0.05, 15)"
6.158700636960566,1.6831519229017182,0,"(0.05, 15)"
6.158700636960566,2.563371275739652,0,"(0.05, 15)"
10.66996393208392,2.5893603822160274,0,"(0.05, 15)"
10.66996393208392,1.4785190937232373,0,"(0.05, 15)"
4.8340440361760555,2.5232808037745587,0,"(0.05, 15)"
4.8340440361760555,1.5672607938539278,0,"(0.05, 15)"
2.9938484357669948,2.195889824165361,0,"(0.05, 15)"
5.489505299879237,2.169182099408397,0,"(0.05, 15)"
4.978634209185838,2.525812305099264,0,"(0.05, 15)"
2.448773524817079,2.506064344619801,0,"(0.05, 15)"
7.29521843274124,1.887825540303302,0,"(0.05, 15)"
7.29521843274124,2.5563311934079223,0,"(0.05, 15)"
0.2018100501969456,1.5782387960256143,0,"(0.05, 15)"
0.2018100501969456,1.561987536678146,0,"(0.05, 15)"
12.456155520537868,2.6104925866332858,0,"(0.05, 15)"
3.872997347498312,2.5890090354304043,0,"(0.05, 15)"
9.79448435860686,2.6109956851132994,0,"(0.05, 15)"
9.79448435860686,2.610761679676056,0,"(0.05, 15)"
8.23978220410645,2.621389146163788,0,"(0.05, 15)"
8.23978220410645,2.6401070083177784,0,"(0.05, 15)"
11.647923377668484,2.4843367098573403,0,"(0.05, 15)"
11.070330371754244,2.4796640922832047,0,"(0.05, 15)"
1.9258478604722769,2.17633577173685,0,"(0.05, 15)"
5.039092178409919,2.0798438461806494,0,"(0.05, 15)"
13.059558656066656,2.496609033918174,0,"(0.05, 15)"
6.025952253537252,2.400822119502014,0,"(0.05, 15)"
5.79347877940163,1.9196511391841635,0,"(0.05, 15)"
9.542053074482828,1.9582678142638297,0,"(0.05, 15)"
5.419759037531912,2.6070422116194765,0,"(0.05, 15)"
10.832239696430042,2.5918623329111448,0,"(0.05, 15)"
0.2575912669301033,1.7008734295597516,0,"(0.05, 15)"
0.2575912669301033,1.6934779053516011,0,"(0.05, 15)"
7.147971446439623,2.4812623039175365,0,"(0.05, 15)"
7.147971446439623,2.4937659658856792,0,"(0.05, 15)"
11.390712149487808,2.345054366866061,0,"(0.05, 15)"
8.893553082738071,2.349638454591866,0,"(0.05, 15)"
9.40797778130509,1.2441804185764105,0,"(0.05, 15)"
11.947365810489282,1.2511990861306908,0,"(0.05, 15)"
4.100184063939377,2.5561922717028795,0,"(0.05, 15)"
5.791197378979995,2.574166364132014,0,"(0.05, 15)"
12.200522053567692,2.4298570432443487,0,"(0.05, 15)"
2.6408861069940026,2.332466590770292,0,"(0.05, 15)"
6.64542813305743,1.5147025807609176,0,"(0.05, 15)"
12.883654402429238,1.5099534709927749,0,"(0.05, 15)"
8.962243115901947,2.5452854757357373,0,"(0.05, 15)"
11.559193011326716,2.564827315987948,0,"(0.05, 15)"
4.603439421672373,2.529252280325014,0,"(0.05, 15)"
4.475519246095791,2.513243209087189,0,"(0.05, 15)"
5.539090438047423,2.543701160779792,0,"(0.05, 15)"
0.5835546085610986,2.103152451382773,0,"(0.05, 15)"
0.7721971206832677,2.215760341005277,0,"(0.05, 15)"
3.414089247817173,2.523361133267088,0,"(0.05, 15)"
11.481999068707228,1.598045733825215,0,"(0.05, 15)"
11.481999068707228,2.4590427676865785,0,"(0.05, 15)"
5.897462470037862,1.615491262231216,0,"(0.05, 15)"
5.897462470037862,2.3765548627215085,0,"(0.05, 15)"
12.293505433108658,2.5952586200140386,0,"(0.05, 15)"
12.990757953142747,2.5955258741571994,0,"(0.05, 15)"
7.44780262010172,1.4988739693677913,0,"(0.05, 15)"
9.950091214571149,1.502976000244039,0,"(0.05, 15)"
6.132592795044183,2.2538616110918315,0,"(0.05, 15)"
2.7480121549218888,2.3023544096454507,0,"(0.05, 15)"
8.872470174031333,2.512926300640995,0,"(0.05, 15)"
1.524716678354889,2.352744214977782,0,"(0.05, 15)"
4.720971946930512,2.5670813104177954,0,"(0.05, 15)"
7.780897353217005,2.59352805937922,0,"(0.05, 15)"
3.2615766983013597,2.481868592475821,0,"(0.05, 15)"
11.452045267866923,2.5423182430606706,0,"(0.05, 15)"
4.437502411054447,2.3742315133268783,0,"(0.05, 15)"
4.437502411054447,1.7443959255303931,0,"(0.05, 15)"
12.381649431353434,2.491319254771687,0,"(0.05, 15)"
12.381649431353434,1.7999263203121636,0,"(0.05, 15)"
7.178021010756492,2.106195277685131,0,"(0.05, 15)"
7.178021010756492,2.628305523815673,0,"(0.05, 15)"
10.452190696494654,2.1716548757972456,0,"(0.05, 15)"
10.452190696494654,2.6073917244027935,0,"(0.05, 15)"
11.946146614290774,2.476699334743228,0,"(0.05, 15)"
7.608467679098248,2.4310489461234197,0,"(0.05, 15)"
1.5948081276379524,2.4500254436592073,0,"(0.05, 15)"
0.0979822241701185,1.3606255003784025,0,"(0.05, 15)"
9.67569329207763,2.588697111171781,0,"(0.05, 15)"
4.936096448684111,2.5510795900470353,0,"(0.05, 15)"
2.4654143735766407,2.085718186086594,0,"(0.05, 15)"
8.136757563706487,1.940902396837176,0,"(0.05, 15)"
13.175036869989707,2.545273130293587,0,"(0.05, 15)"
9.645121707208457,2.5825369858596567,0,"(0.05, 15)"
0.4101884064730256,1.8314411995265016,0,"(0.05, 15)"
3.075140065606683,2.093571190507794,0,"(0.05, 15)"
12.919077105727046,1.1805883644178723,0,"(0.05, 15)"
0.3165868170093744,1.4557209343999316,0,"(0.05, 15)"
5.842015367001294,2.5480757236561704,0,"(0.05, 15)"
10.13881160262972,2.5635992208726304,0,"(0.05, 15)"
9.826398962037638,1.5485200884266233,0,"(0.05, 15)"
12.622842605318874,1.6754672440096368,0,"(0.05, 15)"
3.681700051343068,2.464509412389172,0,"(0.05, 15)"
5.118600202538072,2.472063598039745,0,"(0.05, 15)"
1.7757219697814437,2.5090083157341714,0,"(0.05, 15)"
1.7757219697814437,2.476481214367161,0,"(0.05, 15)"
2.2749930533114817,2.5099876819365265,0,"(0.05, 15)"
2.2749930533114817,2.505719110331866,0,"(0.05, 15)"
7.328774831769987,2.5982398773071784,0,"(0.05, 15)"
6.265916523430496,2.603587156085249,0,"(0.05, 15)"
0.905170188145712,2.1597333233199203,0,"(0.05, 15)"
0.905170188145712,2.2607464053728097,0,"(0.05, 15)"
9.473353433655577,2.332780297670847,0,"(0.05, 15)"
9.473353433655577,2.5615186386750497,0,"(0.05, 15)"
10.370440266281369,2.4942491945883805,0,"(0.05, 15)"
8.249477939819917,2.5194358155130465,0,"(0.05, 15)"
8.543271680362523,2.3331809564907457,0,"(0.05, 15)"
11.30321418205276,2.363207899276916,0,"(0.05, 15)"
9.02391622280702,2.6372606170706847,0,"(0.05, 15)"
9.277900641458109,2.607980431819126,0,"(0.05, 15)"
10.927841095346958,2.5566589362049728,0,"(0.05, 15)"
12.10852464325726,2.607352790333177,0,"(0.05, 15)"
2.572169217467308,2.4681277149801786,0,"(0.05, 15)"
5.65671861404553,2.494754650309019,0,"(0.05, 15)"
12.03725984399207,2.4566924497114915,0,"(0.05, 15)"
3.727018973603845,2.343220106166793,0,"(0.05, 15)"
6.7167453798931085,2.6077007966985875,0,"(0.05, 15)"
6.7167453798931085,2.185703361354234,0,"(0.05, 15)"
6.822627642517909,2.6237227131200127,0,"(0.05, 15)"
6.822627642517909,2.225532183124171,0,"(0.05, 15)"
2.348026025900617,1.951774113609012,0,"(0.05, 15)"
4.452380848582834,1.8504537891152573,0,"(0.05, 15)"
4.173143206583336,1.3065550980355929,0,"(0.05, 15)"
1.4116247474681585,1.47304115458756,0,"(0.05, 15)"
8.158168022334577,2.5586654684368844,0,"(0.05, 15)"
8.158168022334577,2.447949608318598,0,"(0.05, 15)"
2.920152033353224,2.4920648170952022,0,"(0.05, 15)"
2.920152033353224,2.378687135820181,0,"(0.05, 15)"
13.477952980436385,2.556688809423051,0,"(0.05, 15)"
6.5914157660678026,2.612134523000603,0,"(0.05, 15)"
11.71318350005895,2.5836420761364627,0,"(0.05, 15)"
4.276219267398119,2.5511712114668197,0,"(0.05, 15)"
9.729217747598886,2.519201649749967,0,"(0.05, 15)"
1.4326382730621845,2.3644622510254676,0,"(0.05, 15)"
3.7903395880945023,2.47135585961994,0,"(0.05, 15)"
7.898860607435926,2.534242104581307,0,"(0.05, 15)"
7.778340374445542,1.145435045377112,0,"(0.05, 15)"
9.83202627194114,1.134223051755451,0,"(0.05, 15)"
0.5664164035115391,1.618776581285112,0,"(0.05, 15)"
6.734592823404818,1.335187472246776,0,"(0.05, 15)"
8.641516627231614,2.605162486464343,0,"(0.05, 15)"
1.8981059892568737,2.475248916305989,0,"(0.05, 15)"
4.912565990863367,2.343811051717624,0,"(0.05, 15)"
9.09204155835323,2.367491247552981,0,"(0.05, 15)"
3.0599487965460863,2.358178993201406,0,"(0.05, 15)"
12.145803153794258,2.4983160377161844,0,"(0.05, 15)"
12.522268683183938,2.5414881222406747,0,"(0.05, 15)"
12.522268683183938,2.5325339828275615,0,"(0.05, 15)"
10.633757634274662,2.5176954544304806,0,"(0.05, 15)"
10.633757634274662,2.5569258070718455,0,"(0.05, 15)"
6.972233980335295,2.087125798288924,0,"(0.05, 15)"
13.224576149415224,2.332001172381098,0,"(0.05, 15)"
1.3662692484445869,2.3426866567811433,0,"(0.05, 15)"
3.4037588676903394,2.401864244320171,0,"(0.05, 15)"
10.827947914367542,2.2466157672046827,0,"(0.05, 15)"
0.9232460986357184,2.1359481652018832,0,"(0.05, 15)"
2.6867677852977065,2.5063738865523493,0,"(0.05, 15)"
8.438620213279501,2.575966965384922,0,"(0.05, 15)"
4.668680328736081,2.5987767526231975,0,"(0.05, 15)"
4.668680328736081,2.588274306810811,0,"(0.05, 15)"
11.269219863973555,2.6049610351382992,0,"(0.05, 15)"
11.269219863973555,2.5949720690988785,0,"(0.05, 15)"
13.380593015858905,2.5879716460361593,0,"(0.05, 15)"
7.279965146025642,2.6190795966602285,0,"(0.05, 15)"
0.1915551159065217,1.5755372662454972,0,"(0.05, 15)"
0.3998305436689406,1.9100755807501997,0,"(0.05, 15)"
5.4858914656098925,1.758305368369906,0,"(0.05, 15)"
5.4858914656098925,2.4121392437469957,0,"(0.05, 15)"
4.071068923175335,1.8016208147340964,0,"(0.05, 15)"
4.071068923175335,2.456222877985339,0,"(0.05, 15)"
9.474071703571829,2.5848204034717397,0,"(0.05, 15)"
5.2914783929474645,2.541069254768416,0,"(0.05, 15)"
11.324637492652982,1.8317444278189083,0,"(0.05, 15)"
2.2506955356802787,1.9255311415202288,0,"(0.05, 15)"
1.9779432167764752,2.4916560627181776,0,"(0.05, 15)"
1.9779432167764752,2.2385154464557235,0,"(0.05, 15)"
1.1742145878262815,2.3587967830597942,0,"(0.05, 15)"
1.1742145878262815,2.2214963566086285,0,"(0.05, 15)"
12.691362356115132,2.178791121720069,0,"(0.05, 15)"
3.1067745812237257,2.059309036296232,0,"(0.05, 15)"
7.897378584649413,2.5474761638155723,0,"(0.05, 15)"
5.937284067692235,2.5093058192233717,0,"(0.05, 15)"
5.637058879621327,2.5904374665787064,0,"(0.05, 15)"
13.459524241974576,2.560380305122004,0,"(0.05, 15)"
10.138669103570283,2.5756068253170925,0,"(0.05, 15)"
10.138669103570283,2.498157754687511,0,"(0.05, 15)"
8.623075462691487,2.6318658302077957,0,"(0.05, 15)"
8.623075462691487,2.482372575902771,0,"(0.05, 15)"
8.758903371542692,2.5998924550808864,0,"(0.05, 15)"
12.294198825815691,2.6233433418024372,0,"(0.05, 15)"
4.819793278444558,2.065313934666133,0,"(0.05, 15)"
5.420538260368629,2.057649973786273,0,"(0.05, 15)"
7.556720465933903,2.420057603273672,0,"(0.05, 15)"
3.9091248674783854,2.374308681550708,0,"(0.05, 15)"
6.035228120582178,1.2344526931301298,0,"(0.05, 15)"
10.467355096666145,1.1318104846462425,0,"(0.05, 15)"
1.6938082593958823,2.359600491196343,0,"(0.05, 15)"
12.972309360513464,2.4937278160091134,0,"(0.05, 15)"
6.489024317031726,2.470952344581163,0,"(0.05, 15)"
6.489024317031726,2.604401171025626,0,"(0.05, 15)"
10.128613299690189,2.493454057163931,0,"(0.05, 15)"
10.128613299690189,2.5895403394164354,0,"(0.05, 15)"
9.226130956131966,2.3656086377543297,0,"(0.05, 15)"
9.226130956131966,1.982131348515754,0,"(0.05, 15)"
7.648289326857775,2.334420501559013,0,"(0.05, 15)"
7.648289326857775,1.9894314382855784,0,"(0.05, 15)"
2.804164951480925,2.5362016978437856,0,"(0.05, 15)"
4.5444969078991555,2.5651492404144873,0,"(0.05, 15)"
13.28946295082569,2.4670600563802307,0,"(0.05, 15)"
3.609080746909603,2.270176487602984,0,"(0.05, 15)"
0.3105845076031983,1.5324982236240832,0,"(0.05, 15)"
10.79612540421076,1.3405328174242592,0,"(0.05, 15)"
11.023362426226958,2.5606705526978035,0,"(0.05, 15)"
12.0163196222391,2.5515311215736647,0,"(0.05, 15)"
2.5636642307508732,2.515624123557535,0,"(0.05, 15)"
5.774757176311686,2.614469262787383,0,"(0.05, 15)"
3.941378357121721,2.539211986874196,0,"(0.05, 15)"
2.0904498443007467,2.5011619453314378,0,"(0.05, 15)"
11.003249227628112,2.6298796828319384,1,"(15, 30)"
0.7689924075268209,2.253991051595153,1,"(15, 30)"
2.54272695267573,2.6263172213973083,1,"(15, 30)"
6.912040854431688,2.6545577789680856,1,"(15, 30)"
9.598445448838175,2.671581797273893,1,"(15, 30)"
3.8096596471499646,2.6438757382057445,1,"(15, 30)"
13.255392635753378,2.586683018319638,1,"(15, 30)"
9.181977742817253,2.655824786622985,1,"(15, 30)"
0.2773318585474044,1.7394787112723102,1,"(15, 30)"
0.2773318585474044,1.7473327026981178,1,"(15, 30)"
1.8832843208685517,2.4928196767541055,1,"(15, 30)"
1.8832843208685517,2.5397120153769577,1,"(15, 30)"
9.192063797684389,2.654792912945078,1,"(15, 30)"
6.719758753990754,2.634395458612288,1,"(15, 30)"
4.3078951322939245,2.668352708331951,1,"(15, 30)"
4.3078951322939245,2.6265349292194293,1,"(15, 30)"
12.7525999114383,2.6456429635003396,1,"(15, 30)"
12.7525999114383,2.6218083152918945,1,"(15, 30)"
1.7278824826702477,2.5155557125092183,1,"(15, 30)"
1.499998978897929,2.4377940330429793,1,"(15, 30)"
7.044883122388273,2.657059077043646,1,"(15, 30)"
11.742741570388898,2.635558733548774,1,"(15, 30)"
6.468096609041094,2.647765016952161,1,"(15, 30)"
4.343695139931515,2.6253117075363837,1,"(15, 30)"
7.52511554993689,2.6568400011930584,1,"(15, 30)"
7.52511554993689,2.675925049465288,1,"(15, 30)"
8.83021533228457,2.6648698652044893,1,"(15, 30)"
8.83021533228457,2.6927156032725352,1,"(15, 30)"
6.002805538568645,2.6275025528476608,1,"(15, 30)"
6.002805538568645,2.643706272099869,1,"(15, 30)"
2.1603364386595785,2.5772128903077016,1,"(15, 30)"
2.1603364386595785,2.576398120707433,1,"(15, 30)"
8.739614077052101,2.679383999708042,1,"(15, 30)"
0.4377530682832002,1.9991119263208956,1,"(15, 30)"
11.56253401050344,2.635963321012698,1,"(15, 30)"
11.56253401050344,2.6233279990007015,1,"(15, 30)"
6.1570191706065085,2.6587243608655795,1,"(15, 30)"
6.1570191706065085,2.663055077063498,1,"(15, 30)"
1.9455109644681217,2.5174586442646096,1,"(15, 30)"
1.9455109644681217,2.5178298616001373,1,"(15, 30)"
13.238987356377766,2.612471925094874,1,"(15, 30)"
13.238987356377766,2.617013632468026,1,"(15, 30)"
9.50567195978947,2.661931975938441,1,"(15, 30)"
7.493830329878255,2.629886251270474,1,"(15, 30)"
4.092828977992758,2.615431415250693,1,"(15, 30)"
0.1867669420782476,1.5860820726354663,1,"(15, 30)"
11.306161354715003,2.615426877845693,1,"(15, 30)"
10.53461328735575,2.653281335286561,1,"(15, 30)"
2.2151735364925114,2.581847305756874,1,"(15, 30)"
3.8710095131769777,2.6232509485158455,1,"(15, 30)"
5.5043616410344836,2.631434153145654,1,"(15, 30)"
8.608343908423558,2.6291560328192554,1,"(15, 30)"
10.847245426103472,2.640042794570429,1,"(15, 30)"
13.44480508873239,2.6619484106859086,1,"(15, 30)"
6.953767512692138,2.6505648988813792,1,"(15, 30)"
1.1360868324991316,2.418996884404676,1,"(15, 30)"
6.58713404261507,2.661944261574107,1,"(15, 30)"
8.2249394163955,2.6811653271069664,1,"(15, 30)"
12.166833301773297,2.641978198465043,1,"(15, 30)"
5.01750571290031,2.6798665420651773,1,"(15, 30)"
1.398696840973571,2.438867126350555,1,"(15, 30)"
11.068546264991165,2.642111704319424,1,"(15, 30)"
12.542386842193082,2.6182875031314157,1,"(15, 30)"
2.105579458968714,2.5788837193976035,1,"(15, 30)"
1.0380622105207291,2.351999570689467,1,"(15, 30)"
1.0380622105207291,2.35761179922611,1,"(15, 30)"
8.885408352082596,2.6842370817312524,1,"(15, 30)"
8.885408352082596,2.6842501873388667,1,"(15, 30)"
8.620587065350264,2.666146657204941,1,"(15, 30)"
10.83384269811213,2.6604281414261317,1,"(15, 30)"
4.892454094998538,2.6007839888643978,1,"(15, 30)"
3.5413996436633166,2.601237793678443,1,"(15, 30)"
10.50029551545158,2.6731608734017276,1,"(15, 30)"
7.162578464346006,2.642363525581492,1,"(15, 30)"
7.812402873113751,2.6314694400911023,1,"(15, 30)"
4.476918520219623,2.620784465462395,1,"(15, 30)"
12.999609592370687,2.652747519267038,1,"(15, 30)"
1.6462934161070737,2.5216619812757775,1,"(15, 30)"
0.5463013510219753,2.059661164240167,1,"(15, 30)"
7.685994219733401,2.673289804341757,1,"(15, 30)"
9.749326336523518,2.6906688715668063,1,"(15, 30)"
12.882052979059518,2.674174944589818,1,"(15, 30)"
3.811272256495431,2.598730145229012,1,"(15, 30)"
6.51433823024854,2.6380509086481405,1,"(15, 30)"
8.191416587820276,2.619085287827231,1,"(15, 30)"
8.191416587820276,2.6661036354195216,1,"(15, 30)"
11.44050759151578,2.6236589098668723,1,"(15, 30)"
11.44050759151578,2.6248010981275383,1,"(15, 30)"
5.408579487772658,2.6571102782348976,1,"(15, 30)"
4.671813717205077,2.666292061518848,1,"(15, 30)"
11.191742463968694,2.6381005578584755,1,"(15, 30)"
2.70731861484237,2.5917010974831034,1,"(15, 30)"
2.3147846254520115,2.539080199553992,1,"(15, 30)"
10.014181181183083,2.6612792660604647,1,"(15, 30)"
4.193261691275984,2.5976460738899525,1,"(15, 30)"
13.054937182087452,2.61381268118337,1,"(15, 30)"
1.4958771284669636,2.4609078808498435,1,"(15, 30)"
1.9753892067354173,2.543332571517879,1,"(15, 30)"
6.842665182333439,2.6618135594418546,1,"(15, 30)"
11.907621061615648,2.6431259587119436,1,"(15, 30)"
6.683494309149682,2.6256250923277022,1,"(15, 30)"
5.856782132666558,2.6472169774970573,1,"(15, 30)"
10.961086403997616,2.6510151818377543,1,"(15, 30)"
0.676787236193195,2.18228804499674,1,"(15, 30)"
2.606232292344793,2.5735564927675108,1,"(15, 30)"
2.606232292344793,2.605173671662531,1,"(15, 30)"
7.03007936659269,2.651757603807369,1,"(15, 30)"
7.03007936659269,2.6607073554144804,1,"(15, 30)"
10.388910216232762,2.659078329015771,1,"(15, 30)"
6.0652101556770495,2.645582689238614,1,"(15, 30)"
3.1897358526010064,2.6181549824838006,1,"(15, 30)"
13.357450785301626,2.607918855483756,1,"(15, 30)"
8.511665236158297,2.6455397401105754,1,"(15, 30)"
3.0114738132338967,2.612202150463837,1,"(15, 30)"
4.98981478610076,2.6291389341839757,1,"(15, 30)"
9.68621250600554,2.667788634803342,1,"(15, 30)"
3.713309401646256,2.57674297613489,1,"(15, 30)"
7.51483784285374,2.626032200419502,1,"(15, 30)"
12.887473818147557,2.6379689757795295,1,"(15, 30)"
12.422753432858736,2.636183677964725,1,"(15, 30)"
0.6470154799055309,2.191963480844888,1,"(15, 30)"
5.319478130340576,2.645676846823968,1,"(15, 30)"
7.697805232228711,2.662073984697444,1,"(15, 30)"
8.528377559920774,2.675868306573453,1,"(15, 30)"
5.86131265326403,2.6288411150610647,1,"(15, 30)"
2.488879982801154,2.552571705108806,1,"(15, 30)"
13.15657198065892,2.613319759045592,1,"(15, 30)"
13.15657198065892,2.6440976879617684,1,"(15, 30)"
4.715541224600747,2.637073376790574,1,"(15, 30)"
4.715541224600747,2.6565749174073168,1,"(15, 30)"
0.3908993374556302,1.9569438037237032,1,"(15, 30)"
0.3908993374556302,1.905942668125637,1,"(15, 30)"
11.397165217390285,2.638139576408906,1,"(15, 30)"
11.397165217390285,2.6314440712804825,1,"(15, 30)"
3.8640624209772794,2.6357548513063858,1,"(15, 30)"
3.2891086664982137,2.629368268569512,1,"(15, 30)"
2.4338100337889044,2.5370558367588396,1,"(15, 30)"
6.329801259329542,2.609464477383818,1,"(15, 30)"
6.355952918203547,2.680881221369258,1,"(15, 30)"
8.700128196459264,2.7019858754971797,1,"(15, 30)"
11.965432977629826,2.6045025434525693,1,"(15, 30)"
5.182587453583255,2.6170498617518154,1,"(15, 30)"
9.096558099612594,2.69297065507867,1,"(15, 30)"
9.096558099612594,2.6760326076192964,1,"(15, 30)"
7.402151137404143,2.6819576937643306,1,"(15, 30)"
7.402151137404143,2.6616133862086073,1,"(15, 30)"
4.418210185412317,2.624222500175791,1,"(15, 30)"
4.418210185412317,2.615689884184604,1,"(15, 30)"
0.3051518562249839,1.7598537518356423,1,"(15, 30)"
0.3051518562249839,1.759100106772647,1,"(15, 30)"
8.83921704897657,2.6644176714680587,1,"(15, 30)"
12.78997452366166,2.6555382628161115,1,"(15, 30)"
4.686901055648923,2.6498723497860786,1,"(15, 30)"
6.632301334151998,2.6606393704991773,1,"(15, 30)"
7.426865016343071,2.69409095019537,1,"(15, 30)"
7.426865016343071,2.656504298594453,1,"(15, 30)"
4.358853527484461,2.654119883979346,1,"(15, 30)"
4.358853527484461,2.633575115793109,1,"(15, 30)"
6.1124793709721414,2.673478782380744,1,"(15, 30)"
11.672574838111178,2.625882473852606,1,"(15, 30)"
11.4610711352434,2.6286226832063546,1,"(15, 30)"
11.4610711352434,2.58721034602643,1,"(15, 30)"
6.834486267436295,2.6548799518333537,1,"(15, 30)"
6.834486267436295,2.643882415362718,1,"(15, 30)"
2.0585398380178956,2.5491000639284436,1,"(15, 30)"
0.7898968040943146,2.2389729127074003,1,"(15, 30)"
8.026989270560444,2.6773657205862187,1,"(15, 30)"
5.69770689769648,2.678151551801338,1,"(15, 30)"
12.768434781208637,2.5424154900212925,1,"(15, 30)"
1.8032156576402485,2.5223684502345662,1,"(15, 30)"
0.7381294862367213,2.2138867165083953,1,"(15, 30)"
9.213605444133282,2.6583837888686173,1,"(15, 30)"
8.930637172749266,2.6551904130887776,1,"(15, 30)"
2.854829855728894,2.5746580180772796,1,"(15, 30)"
4.571009298833086,2.6383280120055277,1,"(15, 30)"
9.839989621937276,2.662853073889972,1,"(15, 30)"
12.23294641431421,2.601966022710534,1,"(15, 30)"
11.778883320232854,2.6498114272490167,1,"(15, 30)"
1.3588853019289673,2.453014906168435,1,"(15, 30)"
4.2550401818472885,2.604171444599939,1,"(15, 30)"
6.62695202017203,2.6502996789809816,1,"(15, 30)"
1.424466159939766,2.441064210196334,1,"(15, 30)"
2.1761508028954264,2.5640708258069944,1,"(15, 30)"
10.612788288900628,2.655559645624668,1,"(15, 30)"
9.440405398886652,2.6634029573676203,1,"(15, 30)"
0.6868932078592479,2.191388159073102,1,"(15, 30)"
4.131793915294111,2.65651425165215,1,"(15, 30)"
6.941575538180768,2.6941993605349563,1,"(15, 30)"
13.309153036447242,2.590868178814973,1,"(15, 30)"
12.147175095556303,2.640665355859038,1,"(15, 30)"
0.2251708143856376,1.6936190238008295,1,"(15, 30)"
0.2251708143856376,1.6771772405205665,1,"(15, 30)"
5.590547830471769,2.6211438400996325,1,"(15, 30)"
5.590547830471769,2.6231844854489452,1,"(15, 30)"
13.03944683535956,2.641290039377989,1,"(15, 30)"
8.447177108936012,2.6685255852478513,1,"(15, 30)"
0.4802651498932391,2.014277087540286,1,"(15, 30)"
0.9380601259879768,2.329063265345954,1,"(15, 30)"
7.772610599501058,2.686412548198413,1,"(15, 30)"
11.290835089841858,2.6516983162424324,1,"(15, 30)"
5.827550923312082,2.6519282161382582,1,"(15, 30)"
4.819427523342892,2.632361698846265,1,"(15, 30)"
11.61385729648173,2.65567050612213,1,"(15, 30)"
11.61385729648173,2.5921885384106655,1,"(15, 30)"
3.3954106850549577,2.6255828459771235,1,"(15, 30)"
3.3954106850549577,2.5514744857765006,1,"(15, 30)"
7.261149194929748,2.6227296288488295,1,"(15, 30)"
12.47842059773393,2.625605444311403,1,"(15, 30)"
6.265073128417134,2.6743641767781536,1,"(15, 30)"
5.289670360973104,2.6525448691691937,1,"(15, 30)"
10.539241237426175,2.651640257790066,1,"(15, 30)"
0.4081803046166896,1.916310909414404,1,"(15, 30)"
3.027911009592935,2.6119409183275604,1,"(15, 30)"
7.294985706824809,2.649162519731743,1,"(15, 30)"
8.581545116426424,2.6649718595380603,1,"(15, 30)"
4.092474408866837,2.6142019823157376,1,"(15, 30)"
4.9576950521674,2.621171580934175,1,"(15, 30)"
10.335717582097278,2.649359332676499,1,"(15, 30)"
10.690071193221955,2.629511424928822,1,"(15, 30)"
10.690071193221955,2.6533826116932056,1,"(15, 30)"
9.579975724359974,2.6086473463854833,1,"(15, 30)"
9.579975724359974,2.6732949633973484,1,"(15, 30)"
2.8640997853130097,2.6294671818242032,1,"(15, 30)"
2.8640997853130097,2.624367919808104,1,"(15, 30)"
3.115228886576369,2.613690795449999,1,"(15, 30)"
3.115228886576369,2.6174330575443228,1,"(15, 30)"
11.042227067006753,2.66937425178159,1,"(15, 30)"
7.411747364280745,2.68222276866588,1,"(15, 30)"
8.449091676995158,2.67404374779239,1,"(15, 30)"
8.449091676995158,2.64556914949397,1,"(15, 30)"
5.422452415060252,2.6602954121989444,1,"(15, 30)"
5.422452415060252,2.5951334240843367,1,"(15, 30)"
5.137782334629446,2.6330519587181263,1,"(15, 30)"
5.137782334629446,2.6550355773722707,1,"(15, 30)"
12.315706901811064,2.613403297571674,1,"(15, 30)"
12.315706901811064,2.625303699813485,1,"(15, 30)"
7.863729415927081,2.653421219847746,1,"(15, 30)"
1.7218228279147296,2.50607859100934,1,"(15, 30)"
5.708510283008217,2.6915270282330916,1,"(15, 30)"
7.663029323844238,2.6856357698172992,1,"(15, 30)"
0.8094475848600269,2.267432699755636,1,"(15, 30)"
11.544256301503628,2.6464654732048394,1,"(15, 30)"
10.116706523718312,2.659077983081791,1,"(15, 30)"
10.116706523718312,2.659331814193377,1,"(15, 30)"
10.12054382697679,2.657282180005837,1,"(15, 30)"
10.12054382697679,2.666240191428171,1,"(15, 30)"
3.4423071430530396,2.6203164091150724,1,"(15, 30)"
2.603386369673535,2.560231576301586,1,"(15, 30)"
12.38431472494267,2.5890729716787564,1,"(15, 30)"
12.38431472494267,2.657149679909097,1,"(15, 30)"
5.753685190528631,2.5896804619132303,1,"(15, 30)"
5.753685190528631,2.654269225779088,1,"(15, 30)"
1.1944323558826,2.397430966415575,1,"(15, 30)"
12.014841557759793,2.6360950799621716,1,"(15, 30)"
8.67431539874524,2.6560626309746556,1,"(15, 30)"
7.133047187747433,2.650861454612049,1,"(15, 30)"
10.236325903609394,2.6545567280858116,1,"(15, 30)"
10.817405501753091,2.660173264113685,1,"(15, 30)"
3.355467632506042,2.591933381935098,1,"(15, 30)"
3.6103500482626254,2.6131216969172972,1,"(15, 30)"
12.004385088011622,2.61052000776153,1,"(15, 30)"
11.818977928347886,2.619595359449162,1,"(15, 30)"
1.5479973369278013,2.454377253969058,1,"(15, 30)"
5.892911656852811,2.6660683763557973,1,"(15, 30)"
7.1065537741407745,2.6272570603653707,1,"(15, 30)"
8.98849472203292,2.648170269700832,1,"(15, 30)"
10.592866855254396,2.6517231940870545,1,"(15, 30)"
3.4384471045807,2.640524588765581,1,"(15, 30)"
2.9727675062138585,2.581618095710841,1,"(15, 30)"
2.9727675062138585,2.5894138447463577,1,"(15, 30)"
10.940880510862916,2.6000468935572867,1,"(15, 30)"
10.940880510862916,2.641541461691081,1,"(15, 30)"
8.348634913237765,2.6478848580973513,1,"(15, 30)"
7.792251143651082,2.668742177950708,1,"(15, 30)"
5.249765012552961,2.662953522616721,1,"(15, 30)"
5.249765012552961,2.6247611122093093,1,"(15, 30)"
1.54253122783266,2.524193113433467,1,"(15, 30)"
1.54253122783266,2.4722345558298473,1,"(15, 30)"
9.655190513376146,2.6379446020359096,1,"(15, 30)"
2.7368667267728592,2.616972770444176,1,"(15, 30)"
3.9301883604377505,2.625799465250732,1,"(15, 30)"
9.932068152492866,2.6622255227333693,1,"(15, 30)"
10.016839672997596,2.6607677139295425,1,"(15, 30)"
10.016839672997596,2.6261083556831117,1,"(15, 30)"
3.9740895197726784,2.6436976043989104,1,"(15, 30)"
3.9740895197726784,2.603378539631194,1,"(15, 30)"
3.5568807334639128,2.6301545073917127,1,"(15, 30)"
3.5568807334639128,2.6348239485237275,1,"(15, 30)"
10.427396699413658,2.667230192826892,1,"(15, 30)"
10.427396699413658,2.6588353369483344,1,"(15, 30)"
12.833688565297052,2.648930375318085,1,"(15, 30)"
8.505385005986318,2.652910896083387,1,"(15, 30)"
4.726725471718236,2.59831727964836,1,"(15, 30)"
13.341036436893043,2.589777423469276,1,"(15, 30)"
12.287802915368228,2.644442170364373,1,"(15, 30)"
12.287802915368228,2.595032043292808,1,"(15, 30)"
8.118558231694625,2.672354235511933,1,"(15, 30)"
8.118558231694625,2.632918151079211,1,"(15, 30)"
1.3057936046272516,2.399500417594362,1,"(15, 30)"
1.3057936046272516,2.465420962387547,1,"(15, 30)"
1.240024589234963,2.4162833068693144,1,"(15, 30)"
1.240024589234963,2.4153758364187334,1,"(15, 30)"
6.777372942538931,2.629788162922357,1,"(15, 30)"
5.093908845866099,2.608268921817258,1,"(15, 30)"
6.722484975447878,2.6539128555471243,1,"(15, 30)"
12.617544749332591,2.6016495484562516,1,"(15, 30)"
12.123427331680432,2.657188698297055,1,"(15, 30)"
2.2633617805317043,2.557538526057298,1,"(15, 30)"
1.456880123866722,2.4595450172579914,1,"(15, 30)"
8.723117343243212,2.658806435384384,1,"(15, 30)"
9.327635493827984,2.6789988162090923,1,"(15, 30)"
13.132699016528203,2.565429412183323,1,"(15, 30)"
4.233105297619477,2.641160109542352,1,"(15, 30)"
6.26082540131174,2.654902773321451,1,"(15, 30)"
11.25782999782823,2.6655276126867093,1,"(15, 30)"
9.461512220278385,2.671895502269825,1,"(15, 30)"
2.274998715193942,2.5628049330562424,1,"(15, 30)"
3.207037926558405,2.6332471337298533,1,"(15, 30)"
11.72497896743007,2.622261562710969,1,"(15, 30)"
10.699367064749822,2.6272297662119315,1,"(15, 30)"
1.7962137253489343,2.5153578350812213,1,"(15, 30)"
1.7962137253489343,2.520362225348001,1,"(15, 30)"
3.7025551945436743,2.625128117661081,1,"(15, 30)"
3.7025551945436743,2.6105016330769644,1,"(15, 30)"
7.658788962196558,2.631003752700113,1,"(15, 30)"
1.78023893693462,2.5287148661974186,1,"(15, 30)"
5.92652788143605,2.6552495689869167,1,"(15, 30)"
9.28914708159864,2.6759053784954534,1,"(15, 30)"
12.92644521901384,2.661168522605855,1,"(15, 30)"
5.661580379819497,2.650129024777524,1,"(15, 30)"
8.471898541226983,2.64687103155773,1,"(15, 30)"
9.81820658138022,2.628637008440454,1,"(15, 30)"
10.42877303790301,2.6184742714047817,1,"(15, 30)"
12.858911500079556,2.617138799432974,1,"(15, 30)"
3.123674022685736,2.628598518430199,1,"(15, 30)"
6.615877966815606,2.6711099770576663,1,"(15, 30)"
7.375600253185257,2.665561266996668,1,"(15, 30)"
7.375600253185257,2.6783428923607233,1,"(15, 30)"
1.3937042756937443,2.4685590461488274,1,"(15, 30)"
1.3937042756937443,2.4837691252514795,1,"(15, 30)"
6.1654428992886094,2.6372331606392865,1,"(15, 30)"
7.965263227559626,2.6521456487180273,1,"(15, 30)"
7.379302009474485,2.6661641435221473,1,"(15, 30)"
4.252728204755112,2.5820088061602045,1,"(15, 30)"
6.17307289969176,2.6549391549942207,1,"(15, 30)"
10.179157638410109,2.6781291688014464,1,"(15, 30)"
12.568971397075805,2.6157205538391888,1,"(15, 30)"
0.3583406823687255,1.8904506868376232,1,"(15, 30)"
0.9587765280157328,2.356077371288824,1,"(15, 30)"
7.348519782535731,2.6390993336998294,1,"(15, 30)"
5.075968018872663,2.601723750541434,1,"(15, 30)"
5.131008405843749,2.6100287682516554,1,"(15, 30)"
0.624688998842612,2.149933122905433,1,"(15, 30)"
9.48557962998748,2.665519315004639,1,"(15, 30)"
9.88115250952542,2.6284023374782675,1,"(15, 30)"
11.345201362064108,2.640806055690194,1,"(15, 30)"
3.6270656288601457,2.6369634801270663,1,"(15, 30)"
4.7671138588804745,2.651212299935787,1,"(15, 30)"
11.758398291282356,2.631052483821461,1,"(15, 30)"
8.291426914650947,2.6480192786839005,1,"(15, 30)"
1.8269874970428648,2.493870003489615,1,"(15, 30)"
1.0958623267710208,2.389043871838042,1,"(15, 30)"
11.279422901850191,2.6257484096464996,1,"(15, 30)"
11.279422901850191,2.617858034159917,1,"(15, 30)"
12.097745884628967,2.649694644666436,1,"(15, 30)"
12.097745884628967,2.591737912017569,1,"(15, 30)"
2.2943052208051085,2.579249429821671,1,"(15, 30)"
5.644492417713627,2.6629496377667454,1,"(15, 30)"
8.211895942362025,2.677863438968577,1,"(15, 30)"
0.841450197994709,2.289151507500536,1,"(15, 30)"
5.320899099996313,2.6298294810042013,1,"(15, 30)"
6.782503171730786,2.636927634389513,1,"(15, 30)"
9.075059418333694,2.625043007579711,1,"(15, 30)"
7.934745881520211,2.6119878432387913,1,"(15, 30)"
10.87308614491485,2.658452489310923,1,"(15, 30)"
11.618975550541654,2.6309853163687467,1,"(15, 30)"
2.626802237005904,2.549404683240451,1,"(15, 30)"
4.412074420927092,2.6380045134659027,1,"(15, 30)"
6.822095187567174,2.643796311995563,1,"(15, 30)"
2.9096065392717714,2.5883557257202243,1,"(15, 30)"
6.771494618337601,2.6290265490020506,1,"(15, 30)"
6.771494618337601,2.658310874379958,1,"(15, 30)"
9.788086469005794,2.6454138712583175,1,"(15, 30)"
9.788086469005794,2.656532080453614,1,"(15, 30)"
12.239789763791489,2.617521494352163,1,"(15, 30)"
10.978082886617631,2.6118820024352063,1,"(15, 30)"
1.2600604380015283,2.4426933477681376,1,"(15, 30)"
3.4541880397126077,2.621244558041546,1,"(15, 30)"
6.0819564883131525,2.609348058830711,1,"(15, 30)"
0.623691405216232,2.143916539321857,1,"(15, 30)"
10.302045477740467,2.6486996843069877,1,"(15, 30)"
5.908255358319729,2.639951310828663,1,"(15, 30)"
3.211027749907225,2.6471329933854792,1,"(15, 30)"
11.855756614916029,2.613935518894559,1,"(15, 30)"
7.955625526141374,2.649257080233314,1,"(15, 30)"
9.96064923494123,2.639996862800892,1,"(15, 30)"
5.590253349952399,2.665592344042441,1,"(15, 30)"
2.760408032359555,2.5977323812499544,1,"(15, 30)"
9.998537675524132,2.682715330382502,1,"(15, 30)"
1.5664962226059287,2.526132951160314,1,"(15, 30)"
3.5342977515887464,2.59795836244488,1,"(15, 30)"
7.821229459764435,2.666343031466193,1,"(15, 30)"
9.62506209607236,2.6672742764069377,1,"(15, 30)"
9.62506209607236,2.666345190352764,1,"(15, 30)"
5.37259961515665,2.645550452760644,1,"(15, 30)"
5.37259961515665,2.627098663695867,1,"(15, 30)"
3.8961381124798207,2.6202734567191928,1,"(15, 30)"
3.8961381124798207,2.620240215461508,1,"(15, 30)"
12.369253553915769,2.6075207275423655,1,"(15, 30)"
12.369253553915769,2.6211239834561484,1,"(15, 30)"
0.4608265169896185,2.019300710466828,1,"(15, 30)"
0.057661867281422,1.2658753378926677,1,"(15, 30)"
8.304653397761285,2.6842291821544646,1,"(15, 30)"
10.410411152243617,2.6549071565338065,1,"(15, 30)"
10.571815863531082,2.6209233262835054,1,"(15, 30)"
1.2098016610834748,2.41343109503165,1,"(15, 30)"
9.166191061679276,2.623891792396322,1,"(15, 30)"
4.894121794961393,2.599397843427509,1,"(15, 30)"
11.997392425173894,2.6221984779560885,1,"(15, 30)"
11.997392425173894,2.6420699752632686,1,"(15, 30)"
9.634328818926589,2.6585264021015353,1,"(15, 30)"
9.634328818926589,2.6630310495368854,1,"(15, 30)"
1.5436438127886505,2.4528489679467285,1,"(15, 30)"
1.5436438127886505,2.472581353534775,1,"(15, 30)"
3.0629277985077348,2.596624682686042,1,"(15, 30)"
3.0629277985077348,2.5940712185173584,1,"(15, 30)"
10.193219850445166,2.623233978215288,1,"(15, 30)"
10.193219850445166,2.65171456270326,1,"(15, 30)"
8.173386022495107,2.6318058821277734,1,"(15, 30)"
8.173386022495107,2.691267400465548,1,"(15, 30)"
3.3084333352278916,2.632974442463843,1,"(15, 30)"
3.3084333352278916,2.6271878750941973,1,"(15, 30)"
1.1880699282046407,2.403875354759363,1,"(15, 30)"
1.1880699282046407,2.3987821808992065,1,"(15, 30)"
1.161251106671989,2.4188909759147323,1,"(15, 30)"
9.603515627002343,2.6413023611362227,1,"(15, 30)"
3.43872641576454,2.6185984022287867,1,"(15, 30)"
5.459229698684066,2.657133205880099,1,"(15, 30)"
2.0318702296353877,2.5820590572195155,1,"(15, 30)"
2.405364886624738,2.6143627949288035,1,"(15, 30)"
7.843444857699796,2.658604154916564,1,"(15, 30)"
7.843444857699796,2.667729048114971,1,"(15, 30)"
3.9246088007465,2.6643997682720726,1,"(15, 30)"
3.9246088007465,2.5970560567345844,1,"(15, 30)"
5.690871276939287,2.6216159063046907,1,"(15, 30)"
5.690871276939287,2.6363974193451445,1,"(15, 30)"
10.48139239391312,2.632394355502873,1,"(15, 30)"
10.48139239391312,2.631952989768911,1,"(15, 30)"
8.414364007348196,2.6578893343930576,1,"(15, 30)"
2.58106542523019,2.586076468561023,1,"(15, 30)"
5.105341063393279,2.664336040589632,1,"(15, 30)"
10.089921861374751,2.663238103225596,1,"(15, 30)"
13.235028673382477,2.666580733926117,1,"(15, 30)"
6.462380788382142,2.6680973238553136,1,"(15, 30)"
9.510649618785829,2.6365803514368555,1,"(15, 30)"
7.63280539358966,2.6594999418194325,1,"(15, 30)"
3.995806922577321,2.67218468206891,1,"(15, 30)"
1.6999247709754854,2.4946819474623516,1,"(15, 30)"
11.886232373677194,2.6248916349590696,1,"(15, 30)"
3.5933634989894925,2.6152061045922803,1,"(15, 30)"
1.639997665863484,2.4982777386742847,1,"(15, 30)"
10.782270063832405,2.6578635579097836,1,"(15, 30)"
4.287209695251658,2.6042638953006767,1,"(15, 30)"
2.0519545175600795,2.531250639188622,1,"(15, 30)"
10.684753245068714,2.6467311584412525,1,"(15, 30)"
11.979283232335002,2.646554229440728,1,"(15, 30)"
2.8544944392982865,2.5679171011406337,1,"(15, 30)"
5.736300605908036,2.6425495395046767,1,"(15, 30)"
8.590153971128165,2.6353386317793883,1,"(15, 30)"
1.4481088783591984,2.456907891928847,1,"(15, 30)"
4.964023921918123,2.643411002058952,1,"(15, 30)"
7.912911032233387,2.6611900312569214,1,"(15, 30)"
12.47081706537865,2.6310226773289207,1,"(15, 30)"
12.699478426622226,2.6398290818628887,1,"(15, 30)"
1.0684952546376736,2.3730433573582355,1,"(15, 30)"
6.773258632933721,2.6359171526094936,1,"(15, 30)"
6.283613250637426,2.6298612260226695,1,"(15, 30)"
2.8788954616524274,2.5693782515494807,1,"(15, 30)"
1.9407401896547525,2.5684126755463392,1,"(15, 30)"
12.184272851748393,2.6541300052216243,1,"(15, 30)"
9.779644740046932,2.66625058580651,1,"(15, 30)"
1.9351680079475044,2.536895364219685,1,"(15, 30)"
3.739998300513253,2.643682580519807,1,"(15, 30)"
9.130523757543417,2.6590015283867134,1,"(15, 30)"
13.07088359845802,2.595627204099581,1,"(15, 30)"
13.07088359845802,2.593802848743894,1,"(15, 30)"
10.649463157588617,2.6600924804251416,1,"(15, 30)"
10.649463157588617,2.608808187367593,1,"(15, 30)"
0.5159828973934054,2.068622816538122,1,"(15, 30)"
3.75615335474722,2.6343899330117537,1,"(15, 30)"
13.326146688126029,2.6407328133813235,1,"(15, 30)"
9.306134106870742,2.6489420038297697,1,"(15, 30)"
0.2460862967185675,1.7050349957449724,1,"(15, 30)"
3.365289169736206,2.623772465890338,1,"(15, 30)"
8.113081700727344,2.6815313020115292,1,"(15, 30)"
13.187514130724594,2.5974074778337375,1,"(15, 30)"
5.434524300042539,2.6490355518282698,1,"(15, 30)"
6.208883617306127,2.6622198447609864,1,"(15, 30)"
11.375998745812105,2.652427938922291,1,"(15, 30)"
0.9075405753217638,2.295808366879132,1,"(15, 30)"
2.183008006447926,2.5448710274657644,1,"(15, 30)"
8.424753348715603,2.660900635081812,1,"(15, 30)"
6.921897803479805,2.613329019616613,1,"(15, 30)"
6.921897803479805,2.68681593930675,1,"(15, 30)"
10.31823018169962,2.621671949398921,1,"(15, 30)"
10.31823018169962,2.652912357417781,1,"(15, 30)"
10.777522725705058,2.6319633748036324,1,"(15, 30)"
2.213868384901434,2.5833801649367163,1,"(15, 30)"
2.737110876664519,2.6085192974876974,1,"(15, 30)"
8.777125914767385,2.662152873415742,1,"(15, 30)"
8.977034132461995,2.6712475919827052,1,"(15, 30)"
5.254637337988242,2.6275694985114444,1,"(15, 30)"
4.6147671198472375,2.6244890970763004,1,"(15, 30)"
12.461331232683731,2.6294922436340724,1,"(15, 30)"
12.816492050373927,2.618349206146817,1,"(15, 30)"
12.816492050373927,2.642503505328007,1,"(15, 30)"
6.312807695334777,2.6338069644238957,1,"(15, 30)"
6.312807695334777,2.6430307484704576,1,"(15, 30)"
0.7834963090252132,2.274414234964987,1,"(15, 30)"
0.7834963090252132,2.257896024853702,1,"(15, 30)"
13.081146424310282,2.6090458427164744,1,"(15, 30)"
13.081146424310282,2.6258247664307257,1,"(15, 30)"
9.932443778309972,2.677592983060998,1,"(15, 30)"
8.320996872428806,2.6722529666894523,1,"(15, 30)"
2.090053562633693,2.548273784728745,1,"(15, 30)"
4.698150426940992,2.6060192217846665,1,"(15, 30)"
6.120959956478327,2.670503416729517,1,"(15, 30)"
7.371522958762943,2.6945532650743313,1,"(15, 30)"
1.221076235268265,2.379241581412908,1,"(15, 30)"
10.215257700765504,2.6334718385683695,1,"(15, 30)"
8.85788544039242,2.6769701293677244,1,"(15, 30)"
8.85788544039242,2.676465443962862,1,"(15, 30)"
8.669897251483054,2.6841105682618975,1,"(15, 30)"
8.669897251483054,2.676200063397702,1,"(15, 30)"
4.709439970040694,2.638221414941724,1,"(15, 30)"
4.709439970040694,2.661226505161259,1,"(15, 30)"
2.316960266418755,2.5778268634982826,1,"(15, 30)"
2.316960266418755,2.583369994531356,1,"(15, 30)"
9.126334603363649,2.672653498084777,1,"(15, 30)"
11.687926556402818,2.615675494876593,1,"(15, 30)"
4.452318981243297,2.649499839162317,1,"(15, 30)"
4.395637024147436,2.6587432672310087,1,"(15, 30)"
7.1894241171889,2.6848438408332034,1,"(15, 30)"
7.1894241171889,2.6679265721916035,1,"(15, 30)"
6.669508520001545,2.6909669997910974,1,"(15, 30)"
6.669508520001545,2.6829730932626936,1,"(15, 30)"
6.402478147111832,2.647058470764206,1,"(15, 30)"
12.805723475618288,2.5940004059877335,1,"(15, 30)"
11.12140204217285,2.6031719219145835,1,"(15, 30)"
11.12140204217285,2.6284018151010056,1,"(15, 30)"
9.237575249001384,2.6646279874506194,1,"(15, 30)"
9.237575249001384,2.6595322166507573,1,"(15, 30)"
2.450726723950356,2.5665883544785193,1,"(15, 30)"
1.8322019905783236,2.494516134597702,1,"(15, 30)"
5.268808553786948,2.6559701740808954,1,"(15, 30)"
10.752561502670869,2.65701291371242,1,"(15, 30)"
13.163506145728752,2.61672463596788,1,"(15, 30)"
0.8184859033674001,2.2742576905316056,1,"(15, 30)"
0.395604825252667,1.964530146270011,1,"(15, 30)"
6.858032383117824,2.6315475454786625,1,"(15, 30)"
7.694147543422877,2.628041155179621,1,"(15, 30)"
13.03744396949187,2.593664500968188,1,"(15, 30)"
5.853316258918493,2.650573526279446,1,"(15, 30)"
5.853316258918493,2.615218546329619,1,"(15, 30)"
6.356074110046029,2.656419123938853,1,"(15, 30)"
6.356074110046029,2.617217743672344,1,"(15, 30)"
11.79819064005278,2.641085623925292,1,"(15, 30)"
1.5960303050931544,2.487239627213358,1,"(15, 30)"
1.760855094017461,2.514924733188676,1,"(15, 30)"
7.73913046051748,2.695577049685326,1,"(15, 30)"
7.340356262447312,2.6400582577094567,1,"(15, 30)"
10.889427327271552,2.6165194866767836,1,"(15, 30)"
6.238358751079067,2.658028913899972,1,"(15, 30)"
3.4903299899771807,2.6313662790790064,1,"(15, 30)"
10.355857236217709,2.6680344274293493,1,"(15, 30)"
10.355857236217709,2.666234873305056,1,"(15, 30)"
1.9448638438712804,2.5542128719956403,1,"(15, 30)"
1.9448638438712804,2.543677636241751,1,"(15, 30)"
3.1589179633185265,2.618262023951273,1,"(15, 30)"
9.041608991706743,2.664489253421241,1,"(15, 30)"
10.939141536317766,2.6358150995323055,1,"(15, 30)"
4.963088233210146,2.6415992099818526,1,"(15, 30)"
2.5869842845015225,2.57772316403373,1,"(15, 30)"
11.120911337342111,2.6269503276881125,1,"(15, 30)"
9.008946230635049,2.6722585086769755,1,"(15, 30)"
1.29188823425211,2.440133653556563,1,"(15, 30)"
4.545090065244585,2.62149741893334,1,"(15, 30)"
8.067085807723926,2.6556364139753006,1,"(15, 30)"
12.048664453579113,2.671743149213874,1,"(15, 30)"
13.394131466187536,2.647754670308073,1,"(15, 30)"
9.361146998638288,2.62276047149294,1,"(15, 30)"
9.361146998638288,2.6194605208582735,1,"(15, 30)"
2.5125285134185105,2.5625748872665906,1,"(15, 30)"
2.5125285134185105,2.5421638731919765,1,"(15, 30)"
13.492690985742955,2.619931738944509,1,"(15, 30)"
10.374308083578944,2.655273012066117,1,"(15, 30)"
0.0943177085369825,1.4102316695793748,1,"(15, 30)"
4.027620664332062,2.626441924072203,1,"(15, 30)"
8.146635794918984,2.677194723866376,1,"(15, 30)"
7.543721360014751,2.66149991565136,1,"(15, 30)"
5.359921758435666,2.633256286538746,1,"(15, 30)"
0.1331816588994115,1.504044748755759,1,"(15, 30)"
9.740673364233226,2.642165903335809,1,"(15, 30)"
8.577819547662513,2.6761023628800475,1,"(15, 30)"
3.805309730581939,2.63483440901126,1,"(15, 30)"
2.4349226187448947,2.594416040662496,1,"(15, 30)"
11.698368683550507,2.6273638025935324,1,"(15, 30)"
12.262076348625124,2.622220003024555,1,"(15, 30)"
1.8755248863250016,2.519736102426241,1,"(15, 30)"
5.475640439521521,2.632182540347954,1,"(15, 30)"
7.789691622043028,2.6374495823414463,1,"(15, 30)"
0.1647580525372177,1.5722948085239183,1,"(15, 30)"
5.743039586348458,2.6195612797954735,1,"(15, 30)"
7.46370400446467,2.643550665184677,1,"(15, 30)"
3.0453119034413243,2.6301423118517655,1,"(15, 30)"
3.0453119034413243,2.6219670416366787,1,"(15, 30)"
5.00041153775528,2.676326435024806,1,"(15, 30)"
5.00041153775528,2.661437549918969,1,"(15, 30)"
7.243748250976204,2.6856786954500658,1,"(15, 30)"
3.166800719173625,2.621449249900934,1,"(15, 30)"
6.349675105605274,2.648978514385243,1,"(15, 30)"
9.52801267071627,2.643085222870275,1,"(15, 30)"
12.510583685152232,2.6160513015768907,1,"(15, 30)"
6.010446248948574,2.6474526074155516,1,"(15, 30)"
1.0023885305039584,2.3604661304885024,1,"(15, 30)"
13.409341161418704,2.625189563961736,1,"(15, 30)"
12.15019156364724,2.5848234320456416,1,"(15, 30)"
12.15019156364724,2.6447613102451237,1,"(15, 30)"
0.516520663490519,2.0276186281881645,1,"(15, 30)"
0.516520663490519,2.053745162732112,1,"(15, 30)"
1.377722810767591,2.4581932430737172,1,"(15, 30)"
7.186652087094262,2.6850254477464066,1,"(15, 30)"
8.911799613805488,2.637155932063646,1,"(15, 30)"
11.962859263736757,2.6297453358386043,1,"(15, 30)"
4.653764199605211,2.6447045110428755,1,"(15, 30)"
5.805237782746553,2.6445137120723747,1,"(15, 30)"
13.392227808525783,2.622758491724031,1,"(15, 30)"
2.6566064614336935,2.5736296723245413,1,"(15, 30)"
0.2062426653224974,1.6732602671162873,1,"(15, 30)"
10.06694534108974,2.6723424149624617,1,"(15, 30)"
9.459333497844638,2.6544170783069507,1,"(15, 30)"
11.596245008986443,2.656461212544615,1,"(15, 30)"
4.048719193320721,2.611071996903928,1,"(15, 30)"
4.514024293236434,2.6312339533307463,1,"(15, 30)"
11.605595996184274,2.6069899996612333,1,"(15, 30)"
1.85305558051914,2.4877659271771995,1,"(15, 30)"
1.9929116556886584,2.547068263215548,1,"(15, 30)"
9.160071669053286,2.668383867355619,1,"(15, 30)"
3.4777555127162483,2.629446153022164,1,"(15, 30)"
12.20069982665591,2.623676929865248,1,"(15, 30)"
12.702715307287871,2.6234530459701553,1,"(15, 30)"
6.8897118931636205,2.67086574800906,1,"(15, 30)"
0.8825694690458477,2.292993097620644,1,"(15, 30)"
0.7383656318299472,2.212453757980228,1,"(15, 30)"
8.747321038972586,2.6837633835001187,1,"(15, 30)"
4.308128797682002,2.656102929151474,1,"(15, 30)"
4.80515808891505,2.670705233277106,1,"(15, 30)"
4.80515808891505,2.6250659979685307,1,"(15, 30)"
11.72535217567347,2.658067985604918,1,"(15, 30)"
11.72535217567347,2.611739754329557,1,"(15, 30)"
12.41946887713857,2.608438406794292,1,"(15, 30)"
9.891846853494645,2.6481441584980474,1,"(15, 30)"
7.545033764326944,2.6790890338240194,1,"(15, 30)"
12.735608552070335,2.5968018729736833,1,"(15, 30)"
6.020488662226125,2.6195517457609436,1,"(15, 30)"
6.684615299245342,2.652740825460518,1,"(15, 30)"
7.079962755693122,2.6303380236407925,1,"(15, 30)"
7.079962755693122,2.6565234142572747,1,"(15, 30)"
7.241486629564315,2.6650246385538976,1,"(15, 30)"
7.241486629564315,2.644252158997123,1,"(15, 30)"
6.500479382509365,2.664365861335986,1,"(15, 30)"
6.500479382509365,2.6543189869704245,1,"(15, 30)"
0.4613009877502917,1.9737207708762163,1,"(15, 30)"
0.4613009877502917,2.009156195742973,1,"(15, 30)"
9.240996479056776,2.691827103030155,1,"(15, 30)"
2.184307245630771,2.575751787343046,1,"(15, 30)"
13.274827410560102,2.4578269106375132,1,"(15, 30)"
13.276195544330402,2.602117898189268,1,"(15, 30)"
11.008625723654404,2.6384609994337036,1,"(15, 30)"
11.008625723654404,2.5853533587060906,1,"(15, 30)"
4.870880706934258,2.6511251845500525,1,"(15, 30)"
4.870880706934258,2.6161484930588195,1,"(15, 30)"
2.5519803851377216,2.5764275634567753,1,"(15, 30)"
2.5519803851377216,2.5970949089263753,1,"(15, 30)"
11.238952204445376,2.6034341836638193,1,"(15, 30)"
11.238952204445376,2.6264518670867494,1,"(15, 30)"
9.609975321311504,2.650889336472982,1,"(15, 30)"
9.609975321311504,2.655641164891216,1,"(15, 30)"
13.476919649308549,2.5364742853465865,1,"(15, 30)"
13.476919649308549,2.650439021514274,1,"(15, 30)"
3.990025639533996,2.6144156722248177,1,"(15, 30)"
3.990025639533996,2.615347848919629,1,"(15, 30)"
5.97283157040365,2.6715723307157733,1,"(15, 30)"
5.97283157040365,2.6406995784113114,1,"(15, 30)"
0.2657500270288437,1.7490974981856315,1,"(15, 30)"
8.187892905250193,2.65880034302538,1,"(15, 30)"
5.191492016380653,2.5993245215635943,1,"(15, 30)"
11.01836330969818,2.615077556526443,1,"(15, 30)"
2.809365077363327,2.626679255203015,1,"(15, 30)"
0.2550020830705762,1.7508565892252923,1,"(15, 30)"
9.206930272607131,2.6760269590501378,1,"(15, 30)"
10.50249073500745,2.6856216299372777,1,"(15, 30)"
11.854245693981648,2.6553017242302586,1,"(15, 30)"
11.854245693981648,2.5989401728196517,1,"(15, 30)"
2.397320341225713,2.59811587655961,1,"(15, 30)"
2.397320341225713,2.588850666731908,1,"(15, 30)"
1.713066664058715,2.487418855417682,1,"(15, 30)"
1.713066664058715,2.529497824739696,1,"(15, 30)"
8.645385584421456,2.636846542569798,1,"(15, 30)"
8.645385584421456,2.681341884099518,1,"(15, 30)"
12.437942108977586,2.6147065509311025,1,"(15, 30)"
4.52874334626831,2.6348181541820255,1,"(15, 30)"
1.14072407707572,2.394032552875617,1,"(15, 30)"
11.505590517027304,2.6553801761914624,1,"(15, 30)"
5.988067934103309,2.676834275998444,1,"(15, 30)"
7.624326336290687,2.6734393361490576,1,"(15, 30)"
10.185784395830703,2.688628014285663,1,"(15, 30)"
12.935518047446385,2.587746296527244,1,"(15, 30)"
3.406104866182431,2.5821313941296347,1,"(15, 30)"
6.483865540428087,2.657150690434554,1,"(15, 30)"
7.914885338163002,2.6568172443735647,1,"(15, 30)"
2.066895912215114,2.5806668770134045,1,"(15, 30)"
5.657256079511717,2.646295642677513,1,"(15, 30)"
8.947084227297456,2.6794014288618913,1,"(15, 30)"
10.06205466464162,2.658889173068573,1,"(15, 30)"
7.095985144004225,2.6550993813616115,1,"(15, 30)"
3.497043253947049,2.6017443411137675,1,"(15, 30)"
0.531252117548138,2.0445425522801837,1,"(15, 30)"
11.317692930763588,2.616845973040431,1,"(15, 30)"
11.317692930763588,2.6312727516426917,1,"(15, 30)"
6.751668159011751,2.625987417252955,1,"(15, 30)"
6.751668159011751,2.6651292618638727,1,"(15, 30)"
2.2297578692901876,2.565114491144371,1,"(15, 30)"
12.697698328271509,2.6341245545495866,1,"(15, 30)"
8.066280029155314,2.6475291240280607,1,"(15, 30)"
7.921284167235717,2.659855067076812,1,"(15, 30)"
5.492778306361287,2.6674868286424,1,"(15, 30)"
1.4631576233077794,2.509047277168154,1,"(15, 30)"
10.862110397871584,2.634013244848164,1,"(15, 30)"
3.777742200251669,2.629031000468064,1,"(15, 30)"
2.716591563262045,2.6062242326944713,1,"(15, 30)"
10.651244834251704,2.6568534473449996,1,"(15, 30)"
6.942467923508956,2.6825581796972897,1,"(15, 30)"
9.12214904422872,2.675405564625234,1,"(15, 30)"
6.572319927578792,2.6460736844995445,1,"(15, 30)"
6.572319927578792,2.6475116635298623,1,"(15, 30)"
1.9201208914164456,2.540645170381128,1,"(15, 30)"
1.9201208914164456,2.5475651252484486,1,"(15, 30)"
7.210505071794613,2.6568935402383667,1,"(15, 30)"
11.253786374069753,2.632177151639013,1,"(15, 30)"
6.3156077467370775,2.6590675390396226,1,"(15, 30)"
4.780932171549647,2.640082719892893,1,"(15, 30)"
12.530700391111896,2.6609125269178433,1,"(15, 30)"
8.410140744084492,2.6691908172349144,1,"(15, 30)"
1.0233229024801402,2.3534190320078614,1,"(15, 30)"
0.8996035806369036,2.288740262173854,1,"(15, 30)"
8.635275115817786,2.6865762605340993,1,"(15, 30)"
6.210278883017599,2.658962770768226,1,"(15, 30)"
12.98469236092642,2.6382773666586994,1,"(15, 30)"
8.791736941086128,2.6301054775323154,1,"(15, 30)"
9.760780399898067,2.66440187077612,1,"(15, 30)"
4.055621604248881,2.6197235827840726,1,"(15, 30)"
3.826240945933386,2.6289952324358596,1,"(15, 30)"
10.297026118729264,2.6179289020977983,1,"(15, 30)"
11.665115834074095,2.668478958666947,1,"(15, 30)"
0.3713649034965783,1.9348312082955077,1,"(15, 30)"
1.8414543708320708,2.500454703185752,1,"(15, 30)"
7.256308398162946,2.646051240757395,1,"(15, 30)"
13.47258051787503,2.613803918207263,1,"(15, 30)"
2.3051015412900595,2.554377470024336,1,"(15, 30)"
0.0733895746525377,1.3358182537681904,1,"(15, 30)"
8.763437725184486,2.6534432677335347,1,"(15, 30)"
8.179885212192312,2.691805717709649,1,"(15, 30)"
5.135688365064561,2.6286938064833656,1,"(15, 30)"
5.3939953553955995,2.620005538175456,1,"(15, 30)"
12.657876830827444,2.6346034224033543,1,"(15, 30)"
2.326366557180881,2.5387865158914664,1,"(15, 30)"
2.326366557180881,2.5725884393112803,1,"(15, 30)"
0.3471189941745251,1.845583744180184,1,"(15, 30)"
0.3471189941745251,1.8764435807957112,1,"(15, 30)"
6.827797204256057,2.6181990590985347,1,"(15, 30)"
4.762432271242141,2.592343345267104,1,"(15, 30)"
6.672140957135706,2.6685249018408235,1,"(15, 30)"
11.320714208949358,2.6542961624318036,1,"(15, 30)"
10.97238779696636,2.6678114983190304,1,"(15, 30)"
9.503473746450618,2.654897058943575,1,"(15, 30)"
2.621048211166635,2.549307472265928,1,"(15, 30)"
3.247136743506416,2.6082693183899814,1,"(15, 30)"
8.988832606142386,2.646858070489494,1,"(15, 30)"
13.174673645198345,2.654435950913043,1,"(15, 30)"
4.524152261065319,2.6352206472009843,1,"(15, 30)"
6.3009621729142955,2.6390756553626735,1,"(15, 30)"
8.523349482612685,2.6449131572774034,1,"(15, 30)"
6.794161000242457,2.671823806209134,1,"(15, 30)"
5.00455188951455,2.653631054078939,1,"(15, 30)"
0.8597820330876857,2.2852232789945215,1,"(15, 30)"
12.640439134743064,2.5803842543519355,1,"(15, 30)"
5.619618853647261,2.655536995048658,1,"(15, 30)"
0.9251372801139952,2.3104146648835626,1,"(15, 30)"
12.092681092768908,2.6108674066401965,1,"(15, 30)"
9.873744312115011,2.634443515087586,1,"(15, 30)"
9.776427062181757,2.6272285168661513,1,"(15, 30)"
3.7247131093405184,2.6540837221428717,1,"(15, 30)"
2.8912763325963167,2.5933805069156204,1,"(15, 30)"
12.876019153511152,2.6259321478188027,1,"(15, 30)"
12.876019153511152,2.6445703254465807,1,"(15, 30)"
4.436946356575936,2.6309748043250667,1,"(15, 30)"
4.436946356575936,2.6703668534721103,1,"(15, 30)"
0.6320461892057211,2.1333898145645978,1,"(15, 30)"
11.62404192071408,2.596132977679317,1,"(15, 30)"
8.297284783422947,2.653665654611794,1,"(15, 30)"
9.03048187699169,2.6523486715169344,1,"(15, 30)"
5.301235469896346,2.6637584790529876,1,"(15, 30)"
2.038493780326098,2.5596360451405133,1,"(15, 30)"
13.145039101876318,2.573648548152758,1,"(15, 30)"
11.860926928231493,2.596823717911394,1,"(15, 30)"
9.70962571776472,2.6694912223009255,1,"(15, 30)"
0.6054656928405165,2.138946133695318,1,"(15, 30)"
3.8756460562814024,2.597066087659441,1,"(15, 30)"
3.8756460562814024,2.579866156862701,1,"(15, 30)"
7.07184154940769,2.627394998258891,1,"(15, 30)"
7.07184154940769,2.638283420809115,1,"(15, 30)"
11.950566703127697,2.629360102265709,1,"(15, 30)"
11.487193733127787,2.6324559145828097,1,"(15, 30)"
1.601925076311454,2.4866346415878406,1,"(15, 30)"
1.601925076311454,2.503981057329543,1,"(15, 30)"
4.595568265160545,2.6505743339353502,1,"(15, 30)"
4.595568265160545,2.6227193663225172,1,"(15, 30)"
4.433024601079524,2.649201396707824,1,"(15, 30)"
9.972414163220677,2.6724090581228146,1,"(15, 30)"
10.643188501615075,2.6371395317908464,1,"(15, 30)"
6.449717299314215,2.680496924651851,1,"(15, 30)"
2.922320872545242,2.579965663978383,1,"(15, 30)"
13.0263036520686,2.5833641741463143,1,"(15, 30)"
10.283208394795656,2.6286070160131736,1,"(15, 30)"
10.283208394795656,2.6360832490134363,1,"(15, 30)"
0.0689890769310295,1.3615742253895085,1,"(15, 30)"
0.0689890769310295,1.3444810655299253,1,"(15, 30)"
3.297246344853192,2.637622730967509,1,"(15, 30)"
3.297246344853192,2.6172969289640737,1,"(15, 30)"
7.584517515450716,2.6630135465157148,1,"(15, 30)"
7.584517515450716,2.6425026503428333,1,"(15, 30)"
12.339151241397484,2.61047808469007,1,"(15, 30)"
8.46363111557439,2.697653427992969,1,"(15, 30)"
9.966516222851352,2.643898369695766,1,"(15, 30)"
6.092201865045353,2.6141999449879862,1,"(15, 30)"
2.069941842136904,2.5339082595785314,1,"(15, 30)"
9.61654082518071,2.6223877059269767,1,"(15, 30)"
8.015536109078676,2.657426586183395,1,"(15, 30)"
8.015536109078676,2.6474102001514535,1,"(15, 30)"
11.161694290069864,2.667106092033708,1,"(15, 30)"
11.161694290069864,2.636321297759598,1,"(15, 30)"
5.545056947320699,2.6332351371676177,1,"(15, 30)"
5.545056947320699,2.6674425540021485,1,"(15, 30)"
4.8989089040551335,2.6144216755740843,1,"(15, 30)"
4.8989089040551335,2.6683314124151036,1,"(15, 30)"
10.795990821765736,2.6345509927858366,1,"(15, 30)"
10.518904482154175,2.6312988019924135,1,"(15, 30)"
2.7563967389520254,2.589246825616827,1,"(15, 30)"
3.8571329532656815,2.6228565730163407,1,"(15, 30)"
8.945425834367052,2.665692086805158,1,"(15, 30)"
7.478135629277676,2.6554857233406945,1,"(15, 30)"
4.5823347422759975,2.636618556544524,1,"(15, 30)"
0.1729277355596423,1.5475760944489352,1,"(15, 30)"
1.3440445810556412,2.4241174582960063,1,"(15, 30)"
12.24110299483873,2.618020198666867,1,"(15, 30)"
9.451963280141356,2.6666666882516803,1,"(15, 30)"
9.513579417485744,2.672850946315221,1,"(15, 30)"
4.146455961186438,2.622334437382644,1,"(15, 30)"
3.1586326144635675,2.625799986065165,1,"(15, 30)"
13.294541646866127,2.5728289324059332,1,"(15, 30)"
5.001986605813727,2.615860321196542,1,"(15, 30)"
0.2136634892318397,1.647407115544952,1,"(15, 30)"
11.054480207385495,2.665855854245903,1,"(15, 30)"
8.131553053623065,2.657677406502662,1,"(15, 30)"
1.1206064817495645,2.412574047302058,1,"(15, 30)"
5.453819732414558,2.651112543040218,1,"(15, 30)"
8.210885659605266,2.653738294771668,1,"(15, 30)"
7.757668566005304,2.644990881963365,1,"(15, 30)"
5.826647276850417,2.6594127051704364,1,"(15, 30)"
5.816072208201512,2.658062005890862,1,"(15, 30)"
5.816072208201512,2.6741291878861895,1,"(15, 30)"
11.964872050425038,2.619457965671782,1,"(15, 30)"
11.964872050425038,2.642719564519453,1,"(15, 30)"
11.625285054650158,2.648424693573815,1,"(15, 30)"
7.17809757143259,2.6740788416554744,1,"(15, 30)"
1.90749693531543,2.529142147292764,1,"(15, 30)"
0.5017042060382664,2.048793731393611,1,"(15, 30)"
9.800579137075692,2.671713006831865,1,"(15, 30)"
10.849323048861695,2.661015151236555,1,"(15, 30)"
12.491748205572367,2.595617227629051,1,"(15, 30)"
1.6620022213086485,2.476939540609671,1,"(15, 30)"
7.249540557153522,2.68862501919534,1,"(15, 30)"
4.492613220820203,2.632514001018607,1,"(15, 30)"
6.250360426213592,2.6343707850986537,1,"(15, 30)"
11.594233850715682,2.6448910076595773,1,"(15, 30)"
10.554005598044023,2.652059428863683,1,"(15, 30)"
10.554005598044023,2.6260075518653947,1,"(15, 30)"
10.07549822833389,2.658745701035073,1,"(15, 30)"
10.07549822833389,2.6470929846091056,1,"(15, 30)"
3.0395712055731563,2.590526828983888,1,"(15, 30)"
2.671424497198313,2.592812988450693,1,"(15, 30)"
9.246696892380715,2.642247873238562,1,"(15, 30)"
3.794166168849915,2.5845686201509146,1,"(15, 30)"
4.253140257019549,2.642381644123093,1,"(15, 30)"
10.582307657413184,2.650305751370495,1,"(15, 30)"
6.993731133406981,2.6420281975958715,1,"(15, 30)"
12.198991979938,2.653131034800852,1,"(15, 30)"
6.519354745792224,2.6514092722263825,1,"(15, 30)"
5.515738968364894,2.6470032935452714,1,"(15, 30)"
11.05378344510682,2.640627052587762,1,"(15, 30)"
2.7882286438252772,2.5701453064154127,1,"(15, 30)"
2.492082428699359,2.604543357295241,1,"(15, 30)"
9.883598906220868,2.6662802822748333,1,"(15, 30)"
5.126276713050902,2.6125854503784174,1,"(15, 30)"
4.329844208806753,2.5923711544316,1,"(15, 30)"
13.201786571461708,2.626163164724612,1,"(15, 30)"
7.845743131032213,2.660127117013319,1,"(15, 30)"
0.3310614570975303,1.85664528300297,1,"(15, 30)"
1.4861341435927895,2.4452515272266,1,"(15, 30)"
12.723219989985228,2.5781685477440943,1,"(15, 30)"
12.723219989985228,2.622167417960614,1,"(15, 30)"
12.551587589085102,2.610365715249131,1,"(15, 30)"
12.551587589085102,2.590235357348519,1,"(15, 30)"
0.7979671661742032,2.2778562237418143,1,"(15, 30)"
0.7979671661742032,2.2098763167765525,1,"(15, 30)"
5.239495297241955,2.657942811437326,1,"(15, 30)"
5.239495297241955,2.664756660467836,1,"(15, 30)"
10.128135785041378,2.610660153542528,1,"(15, 30)"
0.4534362446982413,1.9885002214609613,1,"(15, 30)"
11.50790231875144,2.6678039466159573,1,"(15, 30)"
4.124596861004829,2.64708395581406,1,"(15, 30)"
7.578723017172887,2.619342115278275,1,"(15, 30)"
8.38715099603869,2.631387355155113,1,"(15, 30)"
1.1797211568336934,2.4071176318210483,1,"(15, 30)"
4.869610578846186,2.6652784351036267,1,"(15, 30)"
8.689078055787832,2.677705876871536,1,"(15, 30)"
8.689078055787832,2.644279817368305,1,"(15, 30)"
3.3501595801208164,2.6102181680910603,1,"(15, 30)"
3.3501595801208164,2.6178755369727944,1,"(15, 30)"
4.851970783621073,2.616239638169207,1,"(15, 30)"
4.851970783621073,2.6102777479977224,1,"(15, 30)"
9.396378062246368,2.638582288784619,1,"(15, 30)"
9.396378062246368,2.67637442787852,1,"(15, 30)"
7.091765212733298,2.6585272162026334,1,"(15, 30)"
7.091765212733298,2.6747631329692547,1,"(15, 30)"
1.0026297241915016,2.3617213407764956,1,"(15, 30)"
1.0026297241915016,2.368610948357375,1,"(15, 30)"
6.409874920547008,2.659270348060109,1,"(15, 30)"
6.409874920547008,2.6485797600332788,1,"(15, 30)"
8.302977818762884,2.649547774295659,1,"(15, 30)"
8.302977818762884,2.6443490205290403,1,"(15, 30)"
4.367783719068393,2.5737947879604253,1,"(15, 30)"
3.276709707593545,2.6175254790583815,1,"(15, 30)"
0.4423498780000954,1.981920780738868,1,"(15, 30)"
12.569208845403043,2.64629711261857,1,"(15, 30)"
11.155055519938468,2.650463641516417,1,"(15, 30)"
11.155055519938468,2.6644347894559335,1,"(15, 30)"
10.190695289708676,2.624115041670822,1,"(15, 30)"
10.190695289708676,2.6571897332300427,1,"(15, 30)"
2.3792732161469754,2.5657259006605235,1,"(15, 30)"
2.3792732161469754,2.569752079313548,1,"(15, 30)"
4.159508804883807,2.615219205858899,1,"(15, 30)"
4.159508804883807,2.628206981008497,1,"(15, 30)"
11.410727517772466,2.6241589848164293,1,"(15, 30)"
9.74689297969453,2.6307747077030004,1,"(15, 30)"
2.1089645005762576,2.581822053098955,1,"(15, 30)"
2.9733753318432714,2.6293181755648227,1,"(15, 30)"
3.568360550887882,2.577572092294407,1,"(15, 30)"
6.644511597044765,2.643649991440804,1,"(15, 30)"
12.822260306077078,2.603548594085255,1,"(15, 30)"
1.360151521814987,2.4420483467099263,1,"(15, 30)"
0.6842088868375867,2.159646400617399,1,"(15, 30)"
8.028375742817298,2.677757826053402,1,"(15, 30)"
8.784777761017905,2.657479896092478,1,"(15, 30)"
10.757552414480596,2.637624242749904,1,"(15, 30)"
4.741439276235178,2.6694337478213206,1,"(15, 30)"
3.673929556086659,2.6424287094655994,1,"(15, 30)"
12.273038053698835,2.63127466994338,1,"(15, 30)"
1.813796525960788,2.5486670825913524,1,"(15, 30)"
7.478233259171247,2.6629986947811606,1,"(15, 30)"
5.708274412993341,2.6215337291060448,1,"(15, 30)"
6.061027026642114,2.619562857993484,1,"(15, 30)"
12.056539142504334,2.616950568819984,1,"(15, 30)"
12.10863726711832,2.6405726727705754,1,"(15, 30)"
7.727291652187705,2.647541050179105,1,"(15, 30)"
1.4455532774794846,2.4576602752771186,1,"(15, 30)"
1.577931158337742,2.462950764069164,1,"(15, 30)"
9.054131209291516,2.6670513940747744,1,"(15, 30)"
6.3807662934530525,2.66088464349231,1,"(15, 30)"
4.4851680583320555,2.644602792480887,1,"(15, 30)"
13.042741048848256,2.6048477202282987,1,"(15, 30)"
2.6600516793318087,2.535714143430897,1,"(15, 30)"
10.001945239398628,2.6407923595657854,1,"(15, 30)"
13.406486620660871,2.6008691814083376,1,"(15, 30)"
9.053446171619,2.6596122859398625,1,"(15, 30)"
0.113169021345675,1.4402149180079091,1,"(15, 30)"
1.96296456893906,2.52458956721622,1,"(15, 30)"
9.342243877099827,2.6563095317455416,1,"(15, 30)"
3.46563622825779,2.655222362165211,1,"(15, 30)"
4.244609616464004,2.6511271566238976,1,"(15, 30)"
10.884131876332685,2.6183247993970324,1,"(15, 30)"
9.912754218792545,2.655926815379161,1,"(15, 30)"
3.0220290026627477,2.612346124654892,1,"(15, 30)"
3.659491417603567,2.6412248963975977,1,"(15, 30)"
9.698623991198838,2.6678207665930875,1,"(15, 30)"
11.73992360639386,2.6181704870261897,1,"(15, 30)"
6.0758033498656,2.637124894331707,1,"(15, 30)"
1.8076950459275392,2.52213882684646,1,"(15, 30)"
13.369875423097984,2.5640891917040087,1,"(15, 30)"
7.64735899940133,2.661345789513907,1,"(15, 30)"
7.64735899940133,2.6721662018541408,1,"(15, 30)"
8.08480012184009,2.668565365341749,1,"(15, 30)"
8.08480012184009,2.6732881671002704,1,"(15, 30)"
10.440381074417385,2.631849637953945,1,"(15, 30)"
4.032480025058612,2.601293915444462,1,"(15, 30)"
3.138386123627424,2.564427680915613,1,"(15, 30)"
10.39856575508602,2.6312857525133873,1,"(15, 30)"
7.360836894670501,2.6410812988636216,1,"(15, 30)"
8.539147900883108,2.6418351544642147,1,"(15, 30)"
6.153783705411478,2.6637294482310643,1,"(15, 30)"
2.5010761160403487,2.607050161542655,1,"(15, 30)"
12.60058267642744,2.6269760490402856,1,"(15, 30)"
12.433535523479804,2.6451141375561393,1,"(15, 30)"
0.9912055735941976,2.326510537590279,1,"(15, 30)"
5.331714072125032,2.6367911339615837,1,"(15, 30)"
12.557466176338494,2.6526101326200853,1,"(15, 30)"
10.02560860114172,2.6656866201327323,1,"(15, 30)"
0.9441672428511084,2.3342824179178265,1,"(15, 30)"
0.9441672428511084,2.3488881358444313,1,"(15, 30)"
2.725007976591587,2.5772710799693277,1,"(15, 30)"
2.725007976591587,2.5534065911584753,1,"(15, 30)"
8.504319569980726,2.669999669180077,1,"(15, 30)"
4.647531318804249,2.6396735900920905,1,"(15, 30)"
5.087524797813966,2.6437529214281095,1,"(15, 30)"
11.435621900530531,2.665370815704422,1,"(15, 30)"
3.105200891057029,2.573232987873809,1,"(15, 30)"
7.751352247595786,2.642896730512764,1,"(15, 30)"
5.908058006642386,2.6867570835817776,1,"(15, 30)"
3.5027289739344267,2.649748931809408,1,"(15, 30)"
12.958875817852094,2.635715093543138,1,"(15, 30)"
7.018653524946421,2.6385678450197703,1,"(15, 30)"
0.6133104940410704,2.1334359442887174,1,"(15, 30)"
0.6590962460264563,2.1630450036090263,1,"(15, 30)"
9.89248005738482,2.66409344009597,1,"(15, 30)"
5.881066159484908,2.6283723883874335,1,"(15, 30)"
3.641856394894421,2.611489881365656,1,"(15, 30)"
11.912505174288526,2.622199980550008,1,"(15, 30)"
9.307526604272423,2.6834017170809332,1,"(15, 30)"
1.2813206939026711,2.413204450957426,1,"(15, 30)"
4.212172328587621,2.650190384585464,1,"(15, 30)"
8.054686823766678,2.6846791316961074,1,"(15, 30)"
11.291080993413924,2.633515378813061,1,"(15, 30)"
4.952507389942184,2.6491303183258386,1,"(15, 30)"
2.3090674770064648,2.5638291267114046,1,"(15, 30)"
11.108474198309704,2.624991876831023,1,"(15, 30)"
5.309291564533487,2.6510365991460563,1,"(15, 30)"
2.999610252957791,2.6246252649122828,1,"(15, 30)"
10.887978223571556,2.596693327385236,1,"(15, 30)"
5.314209235133602,2.624866355880847,1,"(15, 30)"
6.810614368040114,2.6804669298943287,1,"(15, 30)"
7.532964923232793,2.6732939516469907,1,"(15, 30)"
6.756550480425357,2.6596654986328994,1,"(15, 30)"
0.1209713709540665,1.4293188944702209,1,"(15, 30)"
12.103308872040362,2.6622024550614736,1,"(15, 30)"
10.363512088777496,2.6481413255910966,1,"(15, 30)"
1.4359438979998231,2.422878049180877,1,"(15, 30)"
4.015398877253756,2.598128925140408,1,"(15, 30)"
7.486838130513205,2.6535121896789104,1,"(15, 30)"
7.486838130513205,2.621211521105388,1,"(15, 30)"
3.3006678880658,2.579354365454126,1,"(15, 30)"
3.3006678880658,2.600194533872938,1,"(15, 30)"
6.067345499573275,2.646897502020164,1,"(15, 30)"
6.067345499573275,2.6456000917634994,1,"(15, 30)"
9.450385130615905,2.664705963672823,1,"(15, 30)"
9.450385130615905,2.658453695504248,1,"(15, 30)"
11.442168314335868,2.652415628843709,1,"(15, 30)"
11.442168314335868,2.647046378578324,1,"(15, 30)"
12.606404406856743,2.6555575379700644,1,"(15, 30)"
12.606404406856743,2.6239536249869766,1,"(15, 30)"
2.14469269500114,2.5269331992772823,1,"(15, 30)"
2.14469269500114,2.5767047227684463,1,"(15, 30)"
5.187552010081708,2.6313258647334705,1,"(15, 30)"
5.187552010081708,2.6747474865536223,1,"(15, 30)"
11.172053205082191,2.641428230836422,1,"(15, 30)"
8.006059408048168,2.643642222277407,1,"(15, 30)"
2.400199145404622,2.5929027014980344,1,"(15, 30)"
1.3295117187779395,2.448150923429455,1,"(15, 30)"
9.636721891211346,2.6288824103338677,1,"(15, 30)"
11.677156190387905,2.6255224940847706,1,"(15, 30)"
13.109783136006444,2.6512160037150805,1,"(15, 30)"
13.109783136006444,2.610713393322682,1,"(15, 30)"
2.9431592179927972,2.610484696339621,1,"(15, 30)"
2.9431592179927972,2.623619336799254,1,"(15, 30)"
0.4492174783721566,2.0092819599570317,1,"(15, 30)"
9.72497387859039,2.6585824531944406,1,"(15, 30)"
9.18108163718134,2.639426942363197,1,"(15, 30)"
9.18108163718134,2.685569983474718,1,"(15, 30)"
12.039560409635303,2.6120224481333816,1,"(15, 30)"
12.039560409635303,2.649937341019978,1,"(15, 30)"
4.397678045090288,2.6295248357931564,1,"(15, 30)"
5.673117930907756,2.6211087815028544,1,"(15, 30)"
1.5287013784516603,2.498209659387813,1,"(15, 30)"
6.845607770374044,2.671830025729108,1,"(15, 30)"
7.138158189086243,2.6872981817813697,1,"(15, 30)"
3.638375840336084,2.624798268512047,1,"(15, 30)"
6.453622344741597,2.642130071154402,1,"(15, 30)"
10.740149992424994,2.633096778139923,1,"(15, 30)"
8.692790259001777,2.6448948978497633,1,"(15, 30)"
5.552933126874268,2.615655854733856,1,"(15, 30)"
4.859604817489162,2.64279241081641,1,"(15, 30)"
12.214753558393568,2.653257287039292,1,"(15, 30)"
7.596493499167263,2.6765225071932637,1,"(15, 30)"
10.597646348364652,2.64712457824462,1,"(15, 30)"
5.96912780990824,2.587985612808104,1,"(15, 30)"
5.96912780990824,2.6150664081794956,1,"(15, 30)"
3.8309622920118263,2.6107746637903504,1,"(15, 30)"
3.8309622920118263,2.6127210302408055,1,"(15, 30)"
11.555164293851703,2.646171483160223,1,"(15, 30)"
1.5147102155257015,2.4632110801136538,1,"(15, 30)"
2.043248233385384,2.564602220204698,1,"(15, 30)"
2.043248233385384,2.5508506232195813,1,"(15, 30)"
7.86930187321268,2.674066222471606,1,"(15, 30)"
7.86930187321268,2.661704231886351,1,"(15, 30)"
7.832118412153795,2.6101623297790963,1,"(15, 30)"
12.751303227618337,2.604051554721115,1,"(15, 30)"
12.756628917017952,2.633909597045331,1,"(15, 30)"
9.907555683748797,2.655695856163773,1,"(15, 30)"
0.8287369545083493,2.2511511864689693,1,"(15, 30)"
2.81722760326229,2.5594365749132906,1,"(15, 30)"
13.22336907866411,2.621818886146856,1,"(15, 30)"
13.22336907866411,2.583076997766275,1,"(15, 30)"
10.24506306508556,2.655987401517145,1,"(15, 30)"
10.24506306508556,2.637704371383006,1,"(15, 30)"
0.3503639793489128,1.8847507924361808,1,"(15, 30)"
0.3503639793489128,1.8775321499260316,1,"(15, 30)"
4.107193436846137,2.6707059078952056,1,"(15, 30)"
4.107193436846137,2.644180574172992,1,"(15, 30)"
4.007414558250457,2.6109274801774953,1,"(15, 30)"
8.84536108081229,2.6413193184788817,1,"(15, 30)"
11.871338791865856,2.641820850610311,1,"(15, 30)"
13.26067641219124,2.6547722654333734,1,"(15, 30)"
9.291429584333674,2.653560076318113,1,"(15, 30)"
9.291429584333674,2.6470121450997097,1,"(15, 30)"
0.9527916050981732,2.3171075248263486,1,"(15, 30)"
0.9527916050981732,2.3332589737960037,1,"(15, 30)"
4.3021539333742105,2.5842929788017592,1,"(15, 30)"
4.3021539333742105,2.6331993942061063,1,"(15, 30)"
8.356510190898552,2.648981728446566,1,"(15, 30)"
8.356510190898552,2.6613180572772137,1,"(15, 30)"
10.505996429827064,2.657731133012769,1,"(15, 30)"
12.277796703064814,2.60205535927076,1,"(15, 30)"
2.9938484357669948,2.634490864520617,1,"(15, 30)"
5.489505299879237,2.630671018960649,1,"(15, 30)"
8.601660193968565,2.642967430045847,1,"(15, 30)"
8.593502699024976,2.65127676308952,1,"(15, 30)"
4.978634209185838,2.639695302882582,1,"(15, 30)"
2.448773524817079,2.5803966363424937,1,"(15, 30)"
1.056937874434516,2.3109052900350853,1,"(15, 30)"
10.55599622572772,2.6315047598871506,1,"(15, 30)"
3.751374600687995,2.626180632819182,1,"(15, 30)"
3.751374600687995,2.671841606078063,1,"(15, 30)"
1.144666075054556,2.4089459327490883,1,"(15, 30)"
1.144666075054556,2.4158388814358647,1,"(15, 30)"
13.059558656066656,2.6338221407032028,1,"(15, 30)"
6.025952253537252,2.659305851620178,1,"(15, 30)"
0.5011947368271649,2.049966357032585,1,"(15, 30)"
13.423420572048054,2.625950691727142,1,"(15, 30)"
7.739362535066902,2.677901461687081,1,"(15, 30)"
3.1822941724210976,2.634307813411227,1,"(15, 30)"
5.79347877940163,2.6454898216661973,1,"(15, 30)"
9.542053074482828,2.645257778417272,1,"(15, 30)"
8.101420602854342,2.650340160302325,1,"(15, 30)"
8.101420602854342,2.6848417120550834,1,"(15, 30)"
3.5204015379305926,2.597527938165212,1,"(15, 30)"
3.5204015379305926,2.644579922057383,1,"(15, 30)"
5.419759037531912,2.6556392166052567,1,"(15, 30)"
10.832239696430042,2.640698051281449,1,"(15, 30)"
11.390712149487808,2.6326193623035445,1,"(15, 30)"
8.893553082738071,2.669871717248601,1,"(15, 30)"
2.1946173456963147,2.565791969653953,1,"(15, 30)"
2.119984528049826,2.5544911968684074,1,"(15, 30)"
9.40797778130509,2.669891312005896,1,"(15, 30)"
11.947365810489282,2.6375402239580437,1,"(15, 30)"
12.200522053567692,2.5773137026448487,1,"(15, 30)"
2.6408861069940026,2.582980046690418,1,"(15, 30)"
6.90700592524372,2.6642081273342133,1,"(15, 30)"
6.535337964398786,2.649953281524781,1,"(15, 30)"
6.64542813305743,2.667674626071295,1,"(15, 30)"
12.883654402429238,2.584728452033818,1,"(15, 30)"
10.78900214228779,2.6472655329211334,1,"(15, 30)"
7.677851067390292,2.6775967543090307,1,"(15, 30)"
2.7520536116324363,2.586872962004039,1,"(15, 30)"
2.7520536116324363,2.529758299937696,1,"(15, 30)"
1.631886718608439,2.479208936281215,1,"(15, 30)"
1.631886718608439,2.4588235218310657,1,"(15, 30)"
8.006872739968822,2.662147318351581,1,"(15, 30)"
7.041630245652049,2.656355478720288,1,"(15, 30)"
5.539090438047423,2.6532073780496694,1,"(15, 30)"
0.5835546085610986,2.094564835875482,1,"(15, 30)"
0.7721971206832677,2.2267403008027573,1,"(15, 30)"
3.414089247817173,2.579661953084326,1,"(15, 30)"
9.943794524855912,2.6482525731689006,1,"(15, 30)"
2.0161854623816904,2.5705287340376763,1,"(15, 30)"
3.588942570891231,2.586204444157223,1,"(15, 30)"
3.588942570891231,2.627175758315545,1,"(15, 30)"
8.999846884049475,2.6210304314860733,1,"(15, 30)"
8.999846884049475,2.666057592487681,1,"(15, 30)"
12.293505433108658,2.610167670784716,1,"(15, 30)"
12.990757953142747,2.625238736596754,1,"(15, 30)"
1.2064404444769026,2.432349633102714,1,"(15, 30)"
1.2064404444769026,2.388425918540023,1,"(15, 30)"
6.432319687353447,2.657496444014082,1,"(15, 30)"
6.432319687353447,2.683202410301892,1,"(15, 30)"
8.872470174031333,2.682474794606152,1,"(15, 30)"
1.524716678354889,2.4811331352849706,1,"(15, 30)"
10.251415684679523,2.681243245873206,1,"(15, 30)"
4.578594342386349,2.6548433358026045,1,"(15, 30)"
3.2615766983013597,2.595831855253059,1,"(15, 30)"
11.452045267866923,2.599786351242978,1,"(15, 30)"
10.62655721041374,2.635516741829436,1,"(15, 30)"
10.62655721041374,2.6528101577600336,1,"(15, 30)"
2.5526487503200768,2.6081733700914707,1,"(15, 30)"
2.5526487503200768,2.598061505705066,1,"(15, 30)"
2.9013508758042006,2.6188986480756293,1,"(15, 30)"
2.9013508758042006,2.592070271299217,1,"(15, 30)"
8.487184045556933,2.676879688108597,1,"(15, 30)"
8.487184045556933,2.6584334831518723,1,"(15, 30)"
11.946146614290774,2.668532236543176,1,"(15, 30)"
7.608467679098248,2.685503137726984,1,"(15, 30)"
9.67569329207763,2.6222481232585886,1,"(15, 30)"
4.936096448684111,2.5962342862740404,1,"(15, 30)"
11.13303693505004,2.6165020469982037,1,"(15, 30)"
1.251763162203133,2.420991740254155,1,"(15, 30)"
8.250935924658553,2.685059221550695,1,"(15, 30)"
8.250935924658553,2.6754986328221952,1,"(15, 30)"
13.31624406822957,2.6367183658422593,1,"(15, 30)"
13.31624406822957,2.6084543628010564,1,"(15, 30)"
5.257121701864525,2.6041861892603344,1,"(15, 30)"
5.257121701864525,2.622378049733369,1,"(15, 30)"
6.1289921760093415,2.6606886378698724,1,"(15, 30)"
6.1289921760093415,2.640121721519423,1,"(15, 30)"
12.919077105727046,2.640453836132492,1,"(15, 30)"
0.3165868170093744,1.8401599063565808,1,"(15, 30)"
0.6794364335015416,2.1815675081261543,1,"(15, 30)"
7.30821335487999,2.6757730283224093,1,"(15, 30)"
7.679332125652581,2.641945919977014,1,"(15, 30)"
4.210962790157645,2.636572228697347,1,"(15, 30)"
5.842015367001294,2.6347227998480625,1,"(15, 30)"
10.13881160262972,2.6829692737716493,1,"(15, 30)"
11.809542889753356,2.6398653609884457,1,"(15, 30)"
8.74142422596924,2.674786384311452,1,"(15, 30)"
6.22372446344234,2.6229745080638733,1,"(15, 30)"
13.157597307488322,2.65001769337394,1,"(15, 30)"
10.370440266281369,2.650083900438275,1,"(15, 30)"
8.249477939819917,2.6818804309026967,1,"(15, 30)"
3.1704482366330917,2.613058867130752,1,"(15, 30)"
1.055751209007576,2.376290669749346,1,"(15, 30)"
8.543271680362523,2.6833074020706538,1,"(15, 30)"
11.30321418205276,2.662702323966255,1,"(15, 30)"
5.022245409991592,2.640422051984597,1,"(15, 30)"
4.726989388093352,2.6229109959102277,1,"(15, 30)"
9.02391622280702,2.6400883943594757,1,"(15, 30)"
9.277900641458109,2.6770639177418967,1,"(15, 30)"
4.556545431353151,2.681169997610103,1,"(15, 30)"
1.7623168868478387,2.536756446606471,1,"(15, 30)"
12.03725984399207,2.631714797342298,1,"(15, 30)"
3.727018973603845,2.630220331497009,1,"(15, 30)"
1.4757683140691369,2.442939761979032,1,"(15, 30)"
10.704020468238742,2.6468515348470336,1,"(15, 30)"
6.876733919093385,2.6725534470998125,1,"(15, 30)"
0.8834373780060559,2.297336780790498,1,"(15, 30)"
11.225808044103903,2.5997753315070207,1,"(15, 30)"
11.660729415901006,2.6136357445569747,1,"(15, 30)"
9.372780388360844,2.6651422819302337,1,"(15, 30)"
7.976511296117677,2.636455404386969,1,"(15, 30)"
4.173143206583336,2.598876757429511,1,"(15, 30)"
1.4116247474681585,2.446627098407403,1,"(15, 30)"
13.477952980436385,2.630473957687336,1,"(15, 30)"
6.5914157660678026,2.681045797375924,1,"(15, 30)"
0.0826325601898133,1.376219534053878,1,"(15, 30)"
0.0826325601898133,1.3409967985746027,1,"(15, 30)"
12.854256468173116,2.6367259465765893,1,"(15, 30)"
12.854256468173116,2.690013913096934,1,"(15, 30)"
11.71318350005895,2.6224055415712337,1,"(15, 30)"
4.276219267398119,2.611401632346389,1,"(15, 30)"
1.8868251769803464,2.5530761155351405,1,"(15, 30)"
1.8868251769803464,2.539651262247729,1,"(15, 30)"
11.780253633577376,2.6200286858287374,1,"(15, 30)"
11.780253633577376,2.6669392002442,1,"(15, 30)"
7.778340374445542,2.6793734672787326,1,"(15, 30)"
9.83202627194114,2.685301213335901,1,"(15, 30)"
5.728173712687567,2.614040319027912,1,"(15, 30)"
2.840192499151453,2.5897550344825686,1,"(15, 30)"
0.5664164035115391,2.069349280295695,1,"(15, 30)"
6.734592823404818,2.6192474194213387,1,"(15, 30)"
4.912565990863367,2.6730800342673886,1,"(15, 30)"
9.09204155835323,2.6838436311851956,1,"(15, 30)"
10.466223346488553,2.649657536906945,1,"(15, 30)"
5.569370323233306,2.660738212582307,1,"(15, 30)"
3.0599487965460863,2.588860374136493,1,"(15, 30)"
12.145803153794258,2.618354288930455,1,"(15, 30)"
7.229163016285747,2.683840448085622,1,"(15, 30)"
7.229163016285747,2.622400218450056,1,"(15, 30)"
6.949540516594424,2.672608034683361,1,"(15, 30)"
6.949540516594424,2.6274470938873096,1,"(15, 30)"
6.33814262766391,2.648994510590264,1,"(15, 30)"
0.7015289861243218,2.2163773555764332,1,"(15, 30)"
6.972233980335295,2.64767856069758,1,"(15, 30)"
13.224576149415224,2.6412508703128275,1,"(15, 30)"
6.606424689944833,2.6591730653326544,1,"(15, 30)"
6.247365816496312,2.6775906126611018,1,"(15, 30)"
12.13522337526083,2.626517337210703,1,"(15, 30)"
9.343157168803735,2.658175506599161,1,"(15, 30)"
1.3662692484445869,2.489375860114808,1,"(15, 30)"
3.4037588676903394,2.634483341428824,1,"(15, 30)"
9.474071703571829,2.619601995294493,1,"(15, 30)"
5.2914783929474645,2.6321070827036115,1,"(15, 30)"
4.060404542088508,2.635059831142908,1,"(15, 30)"
12.500034195184709,2.601324491404864,1,"(15, 30)"
11.324637492652982,2.6540790103955625,1,"(15, 30)"
2.2506955356802787,2.5470193461116635,1,"(15, 30)"
2.2344673404470083,2.557847711207627,1,"(15, 30)"
8.815791724296288,2.6310208482488235,1,"(15, 30)"
10.058401009300724,2.617321782228896,1,"(15, 30)"
10.058401009300724,2.6535351576251545,1,"(15, 30)"
11.00139078986831,2.6020988079772995,1,"(15, 30)"
11.00139078986831,2.64510530795292,1,"(15, 30)"
3.4890573065262283,2.608152906508198,1,"(15, 30)"
3.4890573065262283,2.6161248453914556,1,"(15, 30)"
5.055518552055582,2.639314001351415,1,"(15, 30)"
5.055518552055582,2.6315391014931104,1,"(15, 30)"
12.691362356115132,2.6352176908635507,1,"(15, 30)"
3.1067745812237257,2.6032955526969257,1,"(15, 30)"
3.3628600968979296,2.626170230790288,1,"(15, 30)"
2.3666875529102978,2.600653230772465,1,"(15, 30)"
4.819793278444558,2.6660387582608935,1,"(15, 30)"
5.420538260368629,2.671427689897404,1,"(15, 30)"
12.404885145602748,2.6350292346152293,1,"(15, 30)"
12.404885145602748,2.6554404307664647,1,"(15, 30)"
0.2247921822592616,1.6585825765291395,1,"(15, 30)"
0.2247921822592616,1.6434411469080903,1,"(15, 30)"
1.1098957909736782,2.3943668591125293,1,"(15, 30)"
1.1098957909736782,2.387741605480622,1,"(15, 30)"
7.426662403624504,2.644672263463546,1,"(15, 30)"
7.426662403624504,2.653136316892346,1,"(15, 30)"
11.832296842942014,2.6513088052715643,1,"(15, 30)"
6.499196214554831,2.6459983846314303,1,"(15, 30)"
1.6938082593958823,2.503910503917328,1,"(15, 30)"
12.972309360513464,2.661113932378962,1,"(15, 30)"
10.73519203728065,2.652730257499149,1,"(15, 30)"
10.73519203728065,2.626433074916897,1,"(15, 30)"
11.542779865441844,2.6287163176546096,1,"(15, 30)"
11.542779865441844,2.634903885559516,1,"(15, 30)"
2.804164951480925,2.5918659063931826,1,"(15, 30)"
4.5444969078991555,2.6468008151344793,1,"(15, 30)"
8.362900138832629,2.6490552471905517,1,"(15, 30)"
8.362900138832629,2.6362074075985578,1,"(15, 30)"
0.5552040849812329,2.079732790099172,1,"(15, 30)"
0.5552040849812329,2.0755120255623103,1,"(15, 30)"
5.156697782035916,2.642066724731035,1,"(15, 30)"
7.124976086616516,2.6689143419027963,1,"(15, 30)"
9.56519856187515,2.6618716140521905,1,"(15, 30)"
8.975652282405646,2.668733582405388,1,"(15, 30)"
3.941378357121721,2.611293944537493,1,"(15, 30)"
2.0904498443007467,2.541530773788221,1,"(15, 30)"
11.003249227628112,2.6394376498862093,2,"(30, 45)"
0.7689924075268209,2.271792027372455,2,"(30, 45)"
9.598445448838175,2.6988912734872095,2,"(30, 45)"
3.8096596471499646,2.652113891069196,2,"(30, 45)"
5.176805018121376,2.66979870016959,2,"(30, 45)"
5.176805018121376,2.6735908009673985,2,"(30, 45)"
5.554433538252487,2.6867690254273846,2,"(30, 45)"
5.554433538252487,2.688599688684394,2,"(30, 45)"
13.255392635753378,2.6424703549094786,2,"(30, 45)"
9.181977742817253,2.673240319232565,2,"(30, 45)"
10.756126609677448,2.6877344574671813,2,"(30, 45)"
2.8252681151963768,2.6392227501552195,2,"(30, 45)"
2.8242818578612057,2.654522227031227,2,"(30, 45)"
9.9220649715513,2.689431495515935,2,"(30, 45)"
11.865546986740082,2.64379609622109,2,"(30, 45)"
7.861463460419326,2.675786941875697,2,"(30, 45)"
1.7278824826702477,2.5277232543438783,2,"(30, 45)"
1.499998978897929,2.498235979299898,2,"(30, 45)"
7.044883122388273,2.6994369318004243,2,"(30, 45)"
11.742741570388898,2.657709257083821,2,"(30, 45)"
12.423356623761356,2.656605873962564,2,"(30, 45)"
12.423356623761356,2.6680667820409867,2,"(30, 45)"
12.514548117714003,2.64650414464154,2,"(30, 45)"
12.514548117714003,2.621156748434112,2,"(30, 45)"
3.394471075618639,2.676797229001087,2,"(30, 45)"
3.394471075618639,2.6429110620825016,2,"(30, 45)"
10.266750542586667,2.6729719478048692,2,"(30, 45)"
10.266750542586667,2.6752744703036297,2,"(30, 45)"
4.801328063430264,2.689385906941133,2,"(30, 45)"
7.212899734918028,2.683330168376084,2,"(30, 45)"
0.8492271067108959,2.289592683663979,2,"(30, 45)"
0.8492271067108959,2.269118348763088,2,"(30, 45)"
4.8555311932694165,2.6785893110361414,2,"(30, 45)"
4.8555311932694165,2.69419744262642,2,"(30, 45)"
7.9298040727619075,2.70762032506335,2,"(30, 45)"
8.37165751773864,2.707499624439098,2,"(30, 45)"
5.668660288257524,2.696624988257209,2,"(30, 45)"
0.9610661081038416,2.334086736879299,2,"(30, 45)"
10.076869330834596,2.683919184348326,2,"(30, 45)"
3.3132972555235023,2.640769774831128,2,"(30, 45)"
3.5083432940766213,2.6414255545103167,2,"(30, 45)"
9.357683492358774,2.6875137850049895,2,"(30, 45)"
4.092828977992758,2.656696654223089,2,"(30, 45)"
0.1867669420782476,1.613011263768472,2,"(30, 45)"
11.306161354715003,2.63767455500926,2,"(30, 45)"
10.53461328735575,2.673448615761992,2,"(30, 45)"
13.348162918072196,2.659535913438737,2,"(30, 45)"
5.511090136971324,2.661916737620604,2,"(30, 45)"
0.1599490975961089,1.564952926406899,2,"(30, 45)"
12.27958238814026,2.6544235914173773,2,"(30, 45)"
8.080916220787913,2.680633966680064,2,"(30, 45)"
8.080916220787913,2.684828449381754,2,"(30, 45)"
2.4573543957900252,2.6132076360640273,2,"(30, 45)"
2.4573543957900252,2.6053495680930396,2,"(30, 45)"
2.7052412175573406,2.6213241433600327,2,"(30, 45)"
6.027938459441065,2.6697834401801073,2,"(30, 45)"
8.890780689381064,2.702943390968912,2,"(30, 45)"
8.890780689381064,2.677762330953885,2,"(30, 45)"
9.55043021789752,2.7009086718995348,2,"(30, 45)"
9.55043021789752,2.680101963102144,2,"(30, 45)"
6.58713404261507,2.646422757734819,2,"(30, 45)"
8.2249394163955,2.6945215324180185,2,"(30, 45)"
1.398696840973571,2.4707611281710475,2,"(30, 45)"
11.068546264991165,2.673340294691352,2,"(30, 45)"
7.195921089733019,2.687144837331327,2,"(30, 45)"
5.789796476438641,2.661790430321511,2,"(30, 45)"
6.304076621634885,2.6853071563273185,2,"(30, 45)"
11.926165755931288,2.674503137518597,2,"(30, 45)"
4.892454094998538,2.6810562380583036,2,"(30, 45)"
3.5413996436633166,2.665115999466235,2,"(30, 45)"
10.50029551545158,2.6774819824091325,2,"(30, 45)"
7.162578464346006,2.6976787539812115,2,"(30, 45)"
7.812402873113751,2.693849658381272,2,"(30, 45)"
4.476918520219623,2.6762950295176102,2,"(30, 45)"
5.761418545339256,2.683543945396026,2,"(30, 45)"
11.580394644197076,2.6266056625579934,2,"(30, 45)"
12.999609592370687,2.622365768550483,2,"(30, 45)"
1.6462934161070737,2.541476403661983,2,"(30, 45)"
1.8527559141162784,2.56158105716595,2,"(30, 45)"
1.8527559141162784,2.598966939901006,2,"(30, 45)"
2.6329451038967813,2.614114197652514,2,"(30, 45)"
2.6329451038967813,2.619748189447212,2,"(30, 45)"
3.811272256495431,2.645191610242006,2,"(30, 45)"
6.51433823024854,2.651635972438828,2,"(30, 45)"
5.408579487772658,2.6684063510643377,2,"(30, 45)"
4.671813717205077,2.653461735210667,2,"(30, 45)"
13.457841460360214,2.6246339953361626,2,"(30, 45)"
7.76924395901151,2.697599373282064,2,"(30, 45)"
0.0617032738868147,1.3985543246429275,2,"(30, 45)"
1.61805202155374,2.5321196173009306,2,"(30, 45)"
2.3147846254520115,2.5921800020745227,2,"(30, 45)"
10.014181181183083,2.705373400965459,2,"(30, 45)"
9.393716539070011,2.658972201847478,2,"(30, 45)"
9.393716539070011,2.706601641130848,2,"(30, 45)"
6.391536634415387,2.684404942987799,2,"(30, 45)"
6.391536634415387,2.698597122309071,2,"(30, 45)"
12.058192838076502,2.6804760599761175,2,"(30, 45)"
9.064039365807549,2.696605520247042,2,"(30, 45)"
6.842665182333439,2.708456251526462,2,"(30, 45)"
11.907621061615648,2.661555068459562,2,"(30, 45)"
4.535606574965641,2.6709648128658494,2,"(30, 45)"
4.535606574965641,2.68924948532548,2,"(30, 45)"
10.924481194000691,2.6933618770655654,2,"(30, 45)"
10.924481194000691,2.6690863271401084,2,"(30, 45)"
3.1897358526010064,2.6582865927226695,2,"(30, 45)"
13.357450785301626,2.681887431449189,2,"(30, 45)"
8.511665236158297,2.70095838811017,2,"(30, 45)"
3.0114738132338967,2.630313724952193,2,"(30, 45)"
7.309480652026831,2.686103957755062,2,"(30, 45)"
8.043025011895224,2.6851142413585145,2,"(30, 45)"
6.205248049926012,2.6924610627987735,2,"(30, 45)"
1.262992892274633,2.456817000485029,2,"(30, 45)"
12.655124579742552,2.6562957860088448,2,"(30, 45)"
12.655124579742552,2.67581607260061,2,"(30, 45)"
11.083806967269629,2.6468682023999808,2,"(30, 45)"
11.083806967269629,2.6718661164992485,2,"(30, 45)"
9.858826078567654,2.6789381469335556,2,"(30, 45)"
0.1091094390954822,1.45787183315304,2,"(30, 45)"
3.713309401646256,2.654827266562147,2,"(30, 45)"
7.51483784285374,2.655120033002298,2,"(30, 45)"
11.790251966845243,2.6806774696324163,2,"(30, 45)"
11.790251966845243,2.6898328418937663,2,"(30, 45)"
3.990527718234807,2.682705757930711,2,"(30, 45)"
3.990527718234807,2.671167095250487,2,"(30, 45)"
0.6470154799055309,2.1679202835304316,2,"(30, 45)"
5.319478130340576,2.6886497842210493,2,"(30, 45)"
5.86131265326403,2.686015036691176,2,"(30, 45)"
2.488879982801154,2.600027043255567,2,"(30, 45)"
8.282547429483385,2.676112095830905,2,"(30, 45)"
8.282547429483385,2.6926995582970337,2,"(30, 45)"
1.0444187633693218,2.389157330765927,2,"(30, 45)"
1.0444187633693218,2.3471145125952355,2,"(30, 45)"
3.8640624209772794,2.6670323053561416,2,"(30, 45)"
3.2891086664982137,2.658398940753425,2,"(30, 45)"
11.100614829035475,2.670791826621452,2,"(30, 45)"
13.11628807527013,2.63062593616606,2,"(30, 45)"
2.4338100337889044,2.616294063688962,2,"(30, 45)"
6.329801259329542,2.677111209332526,2,"(30, 45)"
6.355952918203547,2.666456232900258,2,"(30, 45)"
8.700128196459264,2.6803498481762715,2,"(30, 45)"
11.965432977629826,2.6856876165012507,2,"(30, 45)"
5.182587453583255,2.6904910137270623,2,"(30, 45)"
1.613276724750176,2.523219971253592,2,"(30, 45)"
12.581430657533929,2.6435892256725553,2,"(30, 45)"
10.65815904494375,2.6927529853907917,2,"(30, 45)"
10.23265992240049,2.696748083126071,2,"(30, 45)"
2.933776890020817,2.6207040279708824,2,"(30, 45)"
4.199617141811177,2.677780179640944,2,"(30, 45)"
8.83921704897657,2.704198757807633,2,"(30, 45)"
12.78997452366166,2.638936239741838,2,"(30, 45)"
10.271522645186632,2.6699624218411095,2,"(30, 45)"
10.271522645186632,2.6691338279846235,2,"(30, 45)"
9.736096959840507,2.685474071583732,2,"(30, 45)"
9.736096959840507,2.6932142370680583,2,"(30, 45)"
1.239686905546114,2.4452121715461477,2,"(30, 45)"
1.239686905546114,2.438024059370734,2,"(30, 45)"
7.988267405889928,2.6711246784646585,2,"(30, 45)"
7.988267405889928,2.7062683006829436,2,"(30, 45)"
2.0585398380178956,2.5592290802187816,2,"(30, 45)"
0.7898968040943146,2.2387831735793045,2,"(30, 45)"
9.977868322236464,2.704851139426536,2,"(30, 45)"
10.715763375302776,2.6802116799063143,2,"(30, 45)"
3.622192188585177,2.639728023070954,2,"(30, 45)"
3.6335943680722265,2.671081534650365,2,"(30, 45)"
5.560024734865873,2.688646937857866,2,"(30, 45)"
12.044140183599666,2.6453272441238576,2,"(30, 45)"
12.768434781208637,2.6396222095770474,2,"(30, 45)"
1.8032156576402485,2.5426993962317277,2,"(30, 45)"
8.930637172749266,2.676233339081049,2,"(30, 45)"
2.854829855728894,2.611435991728801,2,"(30, 45)"
10.807472392870114,2.6596175886623383,2,"(30, 45)"
10.807472392870114,2.656138215295485,2,"(30, 45)"
6.736171899875625,2.6852021719887427,2,"(30, 45)"
6.736171899875625,2.6909969426525286,2,"(30, 45)"
1.3588853019289673,2.5113436473301327,2,"(30, 45)"
4.2550401818472885,2.6420776652712004,2,"(30, 45)"
6.887712046131491,2.6900401322701444,2,"(30, 45)"
7.88443136261776,2.681550211144123,2,"(30, 45)"
6.62695202017203,2.6965147801568903,2,"(30, 45)"
1.424466159939766,2.474143784351965,2,"(30, 45)"
2.1761508028954264,2.590798207160328,2,"(30, 45)"
10.612788288900628,2.687266800840818,2,"(30, 45)"
9.440405398886652,2.6919511967182195,2,"(30, 45)"
0.6868932078592479,2.1962673513286424,2,"(30, 45)"
8.1198940100614,2.693818921517133,2,"(30, 45)"
9.106469174753874,2.6948058614507655,2,"(30, 45)"
5.439056624425574,2.6823326967963395,2,"(30, 45)"
1.906279680691659,2.5822969980433785,2,"(30, 45)"
13.309153036447242,2.6389608297347897,2,"(30, 45)"
12.147175095556303,2.663260072286782,2,"(30, 45)"
13.03944683535956,2.639286051160335,2,"(30, 45)"
8.447177108936012,2.7059433278732974,2,"(30, 45)"
7.772610599501058,2.692091417219463,2,"(30, 45)"
11.290835089841858,2.665649344116672,2,"(30, 45)"
3.771492784749716,2.659223360869135,2,"(30, 45)"
3.771492784749716,2.6585129201041098,2,"(30, 45)"
13.222560982732102,2.656403407645882,2,"(30, 45)"
13.222560982732102,2.6610966720234175,2,"(30, 45)"
1.8926059589721265,2.547997959824056,2,"(30, 45)"
9.328134979587048,2.6823598499068195,2,"(30, 45)"
6.265073128417134,2.6757022208929224,2,"(30, 45)"
5.289670360973104,2.660207548412282,2,"(30, 45)"
12.477088213991374,2.684083371143104,2,"(30, 45)"
8.807233200222255,2.700642017032075,2,"(30, 45)"
1.0770463882014156,2.393236878786069,2,"(30, 45)"
2.2358830866403876,2.577769640365331,2,"(30, 45)"
3.027911009592935,2.6375095898854464,2,"(30, 45)"
7.294985706824809,2.702279769595186,2,"(30, 45)"
8.581545116426424,2.7064671669969904,2,"(30, 45)"
4.092474408866837,2.679488567033504,2,"(30, 45)"
9.258176960330458,2.6916357111373284,2,"(30, 45)"
13.461228055227547,2.620327637517959,2,"(30, 45)"
4.268083543144166,2.6831677482729885,2,"(30, 45)"
5.959001883864402,2.6820819444270754,2,"(30, 45)"
7.005110039049759,2.6750826146592828,2,"(30, 45)"
5.053605975676327,2.6642076154639613,2,"(30, 45)"
6.534196969820186,2.702261905603342,2,"(30, 45)"
10.979881085455418,2.670816452296345,2,"(30, 45)"
11.90540342000313,2.6613599093659195,2,"(30, 45)"
11.90540342000313,2.6833884317647683,2,"(30, 45)"
1.1590898083057255,2.40926496467062,2,"(30, 45)"
1.1590898083057255,2.4226757986754683,2,"(30, 45)"
9.559435617318377,2.686317925717334,2,"(30, 45)"
10.46564965499565,2.6872717832490944,2,"(30, 45)"
4.040664676995948,2.643435625037347,2,"(30, 45)"
3.887408629618585,2.675809516892858,2,"(30, 45)"
11.042227067006753,2.663502562124738,2,"(30, 45)"
7.411747364280745,2.7021942750313213,2,"(30, 45)"
0.3162968459539115,1.8302323915635053,2,"(30, 45)"
0.3162968459539115,1.8134519912690723,2,"(30, 45)"
8.631322633335367,2.6937006318174914,2,"(30, 45)"
8.631322633335367,2.702022212322583,2,"(30, 45)"
5.708510283008217,2.6699397961858917,2,"(30, 45)"
7.663029323844238,2.6913461297831827,2,"(30, 45)"
12.738163727056236,2.6378447428479035,2,"(30, 45)"
4.565570471994579,2.666749694111622,2,"(30, 45)"
11.522741686785594,2.6546354816335413,2,"(30, 45)"
12.951027634553611,2.6857369974563574,2,"(30, 45)"
2.011643392546102,2.5881443827541335,2,"(30, 45)"
6.497928491514176,2.6835010732653752,2,"(30, 45)"
1.1944323558826,2.415599650247264,2,"(30, 45)"
12.014841557759793,2.6460875481020443,2,"(30, 45)"
7.564061322016641,2.688145146597111,2,"(30, 45)"
7.564061322016641,2.7001367745511433,2,"(30, 45)"
2.082587506296113,2.6042240325409263,2,"(30, 45)"
2.082587506296113,2.591060070630757,2,"(30, 45)"
4.8403122912161045,2.673111634637721,2,"(30, 45)"
4.8403122912161045,2.6852297488346877,2,"(30, 45)"
0.5697343417908997,2.109939067373302,2,"(30, 45)"
0.5697343417908997,2.166153494200027,2,"(30, 45)"
3.355467632506042,2.653261971295845,2,"(30, 45)"
3.6103500482626254,2.6494087778352795,2,"(30, 45)"
1.5479973369278013,2.525865322995742,2,"(30, 45)"
5.892911656852811,2.6784822235430426,2,"(30, 45)"
7.1065537741407745,2.700075387976055,2,"(30, 45)"
8.98849472203292,2.67458809514242,2,"(30, 45)"
6.4212002637796095,2.6684295707593324,2,"(30, 45)"
1.9983693345915523,2.5772530606500617,2,"(30, 45)"
9.16179264332168,2.701174160026965,2,"(30, 45)"
0.594698458397761,2.1235624864203873,2,"(30, 45)"
4.379213130706921,2.658829437925846,2,"(30, 45)"
7.0596549361478536,2.689269397162633,2,"(30, 45)"
10.592866855254396,2.6612781285190645,2,"(30, 45)"
3.4384471045807,2.650064619236554,2,"(30, 45)"
13.090490885311738,2.667365856283197,2,"(30, 45)"
13.090490885311738,2.663458611640771,2,"(30, 45)"
11.476610058918595,2.68845938024166,2,"(30, 45)"
11.476610058918595,2.672358312579331,2,"(30, 45)"
2.3677673941478132,2.5916861772194455,2,"(30, 45)"
2.3677673941478132,2.596614307507307,2,"(30, 45)"
12.98599719936028,2.6257688852310386,2,"(30, 45)"
12.98599719936028,2.656559945179465,2,"(30, 45)"
3.9301883604377505,2.661640664483113,2,"(30, 45)"
9.932068152492866,2.6793539284773034,2,"(30, 45)"
11.422054815106094,2.662050316769513,2,"(30, 45)"
0.0795727511402219,1.3594895486377048,2,"(30, 45)"
2.123755116295069,2.588277201348145,2,"(30, 45)"
7.596939046727493,2.700495525417568,2,"(30, 45)"
0.6991003642324358,2.199611650178561,2,"(30, 45)"
2.5643857449758793,2.6212818032294423,2,"(30, 45)"
7.961716321250424,2.688983153494778,2,"(30, 45)"
7.961716321250424,2.7005813940877945,2,"(30, 45)"
12.3866363347508,2.670315323824299,2,"(30, 45)"
12.3866363347508,2.641148048377856,2,"(30, 45)"
10.337642196239903,2.681462433175971,2,"(30, 45)"
3.0935479603242126,2.6547895815557756,2,"(30, 45)"
3.242702637752518,2.611441818593695,2,"(30, 45)"
9.656651967996732,2.7016159689802577,2,"(30, 45)"
8.77316802092828,2.6988631720153156,2,"(30, 45)"
8.77316802092828,2.687784156710172,2,"(30, 45)"
6.134189020004123,2.69898889739467,2,"(30, 45)"
6.134189020004123,2.6856984757616393,2,"(30, 45)"
6.0464174909517165,2.698381098095182,2,"(30, 45)"
6.0464174909517165,2.693449782561548,2,"(30, 45)"
4.91109551731497,2.6785521227998133,2,"(30, 45)"
4.91109551731497,2.701955579353673,2,"(30, 45)"
6.777372942538931,2.6688661648029224,2,"(30, 45)"
5.093908845866099,2.66805923538438,2,"(30, 45)"
12.123427331680432,2.647615741217172,2,"(30, 45)"
2.2633617805317043,2.6070219330927458,2,"(30, 45)"
2.6714795878157016,2.6510117431716114,2,"(30, 45)"
2.6714795878157016,2.636820723328411,2,"(30, 45)"
0.3346851370297372,1.880998517792851,2,"(30, 45)"
0.3346851370297372,1.836975333195156,2,"(30, 45)"
9.042753606382758,2.7001208455634247,2,"(30, 45)"
10.16371152200736,2.660301800134703,2,"(30, 45)"
4.470327137038112,2.63618862129211,2,"(30, 45)"
4.216052333964035,2.6659162174423057,2,"(30, 45)"
0.1278292634524405,1.4619569707048143,2,"(30, 45)"
0.1278292634524405,1.469212061361883,2,"(30, 45)"
8.267783194128425,2.6712060111421145,2,"(30, 45)"
8.267783194128425,2.675991253842425,2,"(30, 45)"
8.231247342191637,2.712253747832977,2,"(30, 45)"
4.751679166452959,2.6663335401956476,2,"(30, 45)"
5.342536898236721,2.690060358843704,2,"(30, 45)"
11.308513666456566,2.664507261316722,2,"(30, 45)"
4.233105297619477,2.671134450409876,2,"(30, 45)"
6.26082540131174,2.6944923000064613,2,"(30, 45)"
11.25782999782823,2.6891797328135754,2,"(30, 45)"
9.461512220278385,2.685634046270621,2,"(30, 45)"
11.72497896743007,2.6643938975064874,2,"(30, 45)"
10.699367064749822,2.6766691826365605,2,"(30, 45)"
9.924079812550918,2.6805820817011967,2,"(30, 45)"
9.924079812550918,2.6971890865755364,2,"(30, 45)"
6.804914105031639,2.668529511765553,2,"(30, 45)"
6.804914105031639,2.70227239350702,2,"(30, 45)"
5.92652788143605,2.692220891864914,2,"(30, 45)"
9.28914708159864,2.7169418682319666,2,"(30, 45)"
0.5817039746791125,2.1513884650804753,2,"(30, 45)"
12.13277990971692,2.6756383185995123,2,"(30, 45)"
5.055921535287052,2.663459519215832,2,"(30, 45)"
5.055921535287052,2.6777777175788806,2,"(30, 45)"
2.9316084140911696,2.644096368258054,2,"(30, 45)"
2.9316084140911696,2.6364592991924045,2,"(30, 45)"
10.42877303790301,2.647841237811155,2,"(30, 45)"
12.858911500079556,2.6564942764576434,2,"(30, 45)"
12.589075601799411,2.639733590756544,2,"(30, 45)"
4.447517504496499,2.653087594232841,2,"(30, 45)"
0.9765943343285473,2.3580913994094117,2,"(30, 45)"
11.636475777858868,2.6731134353065973,2,"(30, 45)"
6.17307289969176,2.706853519218601,2,"(30, 45)"
10.179157638410109,2.696373595320249,2,"(30, 45)"
12.568971397075805,2.6894555658054973,2,"(30, 45)"
0.3583406823687255,1.8845029346345472,2,"(30, 45)"
10.42108531636186,2.6831201778127016,2,"(30, 45)"
8.752007875125855,2.6987987564675056,2,"(30, 45)"
3.119914545258507,2.6466167755382815,2,"(30, 45)"
2.287414559535682,2.6070785604670585,2,"(30, 45)"
8.489658626401797,2.7000656751948986,2,"(30, 45)"
8.489658626401797,2.6960909498093706,2,"(30, 45)"
12.633388099400326,2.6470044834681103,2,"(30, 45)"
12.633388099400326,2.6570052027372477,2,"(30, 45)"
12.97371764103882,2.6541855603454696,2,"(30, 45)"
3.2359134268946943,2.641964670536954,2,"(30, 45)"
7.628072911640628,2.702225604924105,2,"(30, 45)"
7.628072911640628,2.689674297196156,2,"(30, 45)"
6.276683782925828,2.6810879383983006,2,"(30, 45)"
6.276683782925828,2.6561031208944343,2,"(30, 45)"
3.6270656288601457,2.662569611353763,2,"(30, 45)"
4.7671138588804745,2.682095858612891,2,"(30, 45)"
1.8269874970428648,2.5275407664976552,2,"(30, 45)"
1.0958623267710208,2.397744740025199,2,"(30, 45)"
2.2943052208051085,2.6154285289509898,2,"(30, 45)"
5.644492417713627,2.679422909014322,2,"(30, 45)"
9.322137142065912,2.6787560934770807,2,"(30, 45)"
9.267133381962775,2.685185261089993,2,"(30, 45)"
4.223678701743483,2.680413665305925,2,"(30, 45)"
1.7501302485354244,2.512240815928799,2,"(30, 45)"
5.320899099996313,2.684390209192254,2,"(30, 45)"
6.782503171730786,2.704845961078503,2,"(30, 45)"
13.42742439978756,2.6290347796937628,2,"(30, 45)"
13.42742439978756,2.6809245213708683,2,"(30, 45)"
3.6850699987728146,2.645402361501675,2,"(30, 45)"
3.6850699987728146,2.665738105828688,2,"(30, 45)"
9.075059418333694,2.7052988601692847,2,"(30, 45)"
7.934745881520211,2.679622499882474,2,"(30, 45)"
4.505278501147404,2.674514370816816,2,"(30, 45)"
1.3712787116877734,2.46706628911464,2,"(30, 45)"
10.87308614491485,2.680840724579102,2,"(30, 45)"
11.618975550541654,2.658067125850198,2,"(30, 45)"
1.4246192061342298,2.4756208730982157,2,"(30, 45)"
1.4246192061342298,2.470640674189002,2,"(30, 45)"
12.841834961948916,2.668365333524591,2,"(30, 45)"
12.841834961948916,2.6189243035489773,2,"(30, 45)"
12.239789763791489,2.6523281129238105,2,"(30, 45)"
10.978082886617631,2.6912426518776065,2,"(30, 45)"
7.498345054825768,2.700017068756084,2,"(30, 45)"
7.498345054825768,2.6863246563970975,2,"(30, 45)"
7.083604899374768,2.7068519888073785,2,"(30, 45)"
7.083604899374768,2.6853932235275177,2,"(30, 45)"
4.7746809021569785,2.673186440058123,2,"(30, 45)"
4.7746809021569785,2.6921811192322567,2,"(30, 45)"
9.012047451594844,2.684120458817787,2,"(30, 45)"
9.012047451594844,2.6823864705298615,2,"(30, 45)"
10.302045477740467,2.6739293068471848,2,"(30, 45)"
5.908255358319729,2.667030218182135,2,"(30, 45)"
5.590253349952399,2.688164503970497,2,"(30, 45)"
2.760408032359555,2.6299958180172234,2,"(30, 45)"
12.85632926831022,2.644532455693378,2,"(30, 45)"
13.001329076010734,2.6627842198792337,2,"(30, 45)"
0.7174600828438997,2.2489273095539013,2,"(30, 45)"
6.4447535194456576,2.6913887949884323,2,"(30, 45)"
11.43084247005172,2.639339987997684,2,"(30, 45)"
4.620334078092128,2.649625138150646,2,"(30, 45)"
2.1299036325421183,2.582086521344393,2,"(30, 45)"
11.49236562475562,2.671321473319273,2,"(30, 45)"
9.998537675524132,2.6887256079235327,2,"(30, 45)"
1.5664962226059287,2.543630122790804,2,"(30, 45)"
11.186662239721043,2.6819065554284953,2,"(30, 45)"
11.186662239721043,2.6901088204642836,2,"(30, 45)"
2.54207762745209,2.5876141807350574,2,"(30, 45)"
2.54207762745209,2.6037459962308502,2,"(30, 45)"
0.4608265169896185,2.0371146310075656,2,"(30, 45)"
0.057661867281422,1.34282019501967,2,"(30, 45)"
5.203503512125462,2.685911142700461,2,"(30, 45)"
3.938952678907662,2.666019418676824,2,"(30, 45)"
2.9559974988922475,2.614859778444015,2,"(30, 45)"
2.9559974988922475,2.6338255121225207,2,"(30, 45)"
8.096658771811054,2.6999929480816127,2,"(30, 45)"
8.096658771811054,2.6962150573306993,2,"(30, 45)"
9.166191061679276,2.685188170438959,2,"(30, 45)"
4.894121794961393,2.6700468994644586,2,"(30, 45)"
4.386250687763095,2.6516654291722612,2,"(30, 45)"
11.137313259672371,2.6579225678634324,2,"(30, 45)"
7.1233686756808305,2.6985638688649636,2,"(30, 45)"
13.30549093838781,2.6288126172911186,2,"(30, 45)"
6.442296149721368,2.6931481395038004,2,"(30, 45)"
6.116791608463973,2.6834756653559064,2,"(30, 45)"
8.70755436909385,2.6891938025058573,2,"(30, 45)"
8.70755436909385,2.694275605291573,2,"(30, 45)"
11.017070634290576,2.6677769262514817,2,"(30, 45)"
11.017070634290576,2.691754830522763,2,"(30, 45)"
5.980683486536145,2.6912810649280874,2,"(30, 45)"
5.980683486536145,2.6514019818907375,2,"(30, 45)"
13.498019568715245,2.5819173724303677,2,"(30, 45)"
13.498019568715245,2.5903888501442633,2,"(30, 45)"
12.353419874142856,2.6799011448108305,2,"(30, 45)"
3.143810971127823,2.6391456898274246,2,"(30, 45)"
1.161251106671989,2.4185033700509506,2,"(30, 45)"
9.603515627002343,2.7117956235991327,2,"(30, 45)"
3.43872641576454,2.663439304109863,2,"(30, 45)"
5.459229698684066,2.6654414354731917,2,"(30, 45)"
11.540322971716524,2.6695007747569823,2,"(30, 45)"
8.659890888864174,2.697864416232064,2,"(30, 45)"
12.741686733206734,2.654383365823951,2,"(30, 45)"
0.2402884664479643,1.7113131018019332,2,"(30, 45)"
0.8172579888720065,2.2471187894134834,2,"(30, 45)"
7.440738507313653,2.6788040991822344,2,"(30, 45)"
8.414364007348196,2.6948452370737908,2,"(30, 45)"
2.58106542523019,2.6189935424585915,2,"(30, 45)"
13.235028673382477,2.6161315260663116,2,"(30, 45)"
6.462380788382142,2.697499503556371,2,"(30, 45)"
2.5121944498270747,2.6301080948460083,2,"(30, 45)"
2.5121944498270747,2.6049341733132416,2,"(30, 45)"
4.5304208042100065,2.7081995676800847,2,"(30, 45)"
4.5304208042100065,2.6797516201009692,2,"(30, 45)"
9.510649618785829,2.6834812436358058,2,"(30, 45)"
7.63280539358966,2.6951501973523286,2,"(30, 45)"
1.639997665863484,2.5268633649874452,2,"(30, 45)"
10.782270063832405,2.6671048998696123,2,"(30, 45)"
7.014670490846037,2.685899337825556,2,"(30, 45)"
0.539524240558967,2.0892848755379574,2,"(30, 45)"
6.539470023754983,2.7033233392481595,2,"(30, 45)"
7.111134900944307,2.6928565775234654,2,"(30, 45)"
9.279948664596304,2.694087894629007,2,"(30, 45)"
8.938603591686116,2.712464468099006,2,"(30, 45)"
4.287209695251658,2.6881978160250872,2,"(30, 45)"
2.0519545175600795,2.5769337365296483,2,"(30, 45)"
10.684753245068714,2.6920612906720427,2,"(30, 45)"
11.979283232335002,2.6474495764643375,2,"(30, 45)"
4.964023921918123,2.672771815022979,2,"(30, 45)"
7.912911032233387,2.6780728908064755,2,"(30, 45)"
10.520758836343884,2.6988876608813968,2,"(30, 45)"
4.2917288795579225,2.685055148220535,2,"(30, 45)"
3.005506777856499,2.651655101734452,2,"(30, 45)"
11.794316609716043,2.6657515305404305,2,"(30, 45)"
1.0684952546376736,2.4104288019885822,2,"(30, 45)"
6.773258632933721,2.7034581325257374,2,"(30, 45)"
7.283611147804185,2.68215543904014,2,"(30, 45)"
7.283611147804185,2.7056598413146875,2,"(30, 45)"
9.868867326900364,2.6762380963721992,2,"(30, 45)"
9.868867326900364,2.697052200898355,2,"(30, 45)"
11.659352388465775,2.691082867538933,2,"(30, 45)"
5.606393385166302,2.691667642709793,2,"(30, 45)"
9.779644740046932,2.698485444762634,2,"(30, 45)"
1.9351680079475044,2.590207677076911,2,"(30, 45)"
5.781998110190034,2.6781267098667447,2,"(30, 45)"
5.781998110190034,2.695436074642651,2,"(30, 45)"
0.7153586476109922,2.210055236110305,2,"(30, 45)"
0.7153586476109922,2.2490354606576664,2,"(30, 45)"
0.5159828973934054,2.102982590405176,2,"(30, 45)"
3.75615335474722,2.6127322801771498,2,"(30, 45)"
0.2460862967185675,1.6751148950291086,2,"(30, 45)"
3.365289169736206,2.651033488451344,2,"(30, 45)"
8.113081700727344,2.679761501694585,2,"(30, 45)"
13.187514130724594,2.639249643542682,2,"(30, 45)"
9.419534810772166,2.689236973700905,2,"(30, 45)"
4.801929500652477,2.683711062063191,2,"(30, 45)"
4.11484515783377,2.670352351765393,2,"(30, 45)"
11.255390202486888,2.6798366177494297,2,"(30, 45)"
11.375998745812105,2.6394545852395352,2,"(30, 45)"
0.9075405753217638,2.3767712854796796,2,"(30, 45)"
6.65685679311864,2.69107021854784,2,"(30, 45)"
4.057018498377874,2.6477488130790365,2,"(30, 45)"
12.189143699081615,2.683295197413155,2,"(30, 45)"
12.189143699081615,2.6748472913683865,2,"(30, 45)"
7.2644555338658385,2.6924586571867497,2,"(30, 45)"
7.2644555338658385,2.7022097128585667,2,"(30, 45)"
2.737110876664519,2.632948227463193,2,"(30, 45)"
8.777125914767385,2.6936326324685944,2,"(30, 45)"
4.6147671198472375,2.675545267617746,2,"(30, 45)"
12.461331232683731,2.6665022014632744,2,"(30, 45)"
7.995417824806645,2.6798697943341665,2,"(30, 45)"
3.258892753068358,2.662776379675576,2,"(30, 45)"
5.52412099703215,2.688847774316226,2,"(30, 45)"
9.410035787895325,2.711051718601474,2,"(30, 45)"
3.5740771982818837,2.674030419463539,2,"(30, 45)"
1.0137791607528923,2.3408865377306487,2,"(30, 45)"
11.496917151939124,2.661385276480694,2,"(30, 45)"
11.496917151939124,2.645543079958778,2,"(30, 45)"
11.361599877243862,2.667388713283982,2,"(30, 45)"
11.361599877243862,2.6549391934450366,2,"(30, 45)"
7.433116924576461,2.685195206802876,2,"(30, 45)"
0.2828238970600068,1.7845225281018853,2,"(30, 45)"
12.305088366940618,2.6610740204939254,2,"(30, 45)"
12.305088366940618,2.671326039384237,2,"(30, 45)"
4.164063626481219,2.676712149111165,2,"(30, 45)"
4.164063626481219,2.644151589569746,2,"(30, 45)"
3.2763135511893777,2.662889221819692,2,"(30, 45)"
3.2763135511893777,2.6653525111197,2,"(30, 45)"
5.147431171918288,2.6652009594738364,2,"(30, 45)"
5.147431171918288,2.6743806156877468,2,"(30, 45)"
4.452318981243297,2.670711146793045,2,"(30, 45)"
4.395637024147436,2.67685670013072,2,"(30, 45)"
10.61158892181702,2.6683016151612327,2,"(30, 45)"
8.01684147361666,2.6974524226090804,2,"(30, 45)"
2.8898972132708876,2.6263814358661817,2,"(30, 45)"
1.3417476355098188,2.4806638195098487,2,"(30, 45)"
11.9312792875804,2.6853239646669183,2,"(30, 45)"
2.9851114997640247,2.6525825994647176,2,"(30, 45)"
1.5834553267806768,2.5107038174404983,2,"(30, 45)"
9.765094716753811,2.685428582784149,2,"(30, 45)"
2.450726723950356,2.602901886814368,2,"(30, 45)"
1.8322019905783236,2.54908000471328,2,"(30, 45)"
9.690328631922602,2.6932416973051363,2,"(30, 45)"
9.690328631922602,2.6971493343560486,2,"(30, 45)"
12.081335544632749,2.6575062509778813,2,"(30, 45)"
12.081335544632749,2.680535443654968,2,"(30, 45)"
5.268808553786948,2.6952124810605853,2,"(30, 45)"
10.752561502670869,2.6839758327277146,2,"(30, 45)"
0.395604825252667,1.9682295817502395,2,"(30, 45)"
6.858032383117824,2.6845877715405835,2,"(30, 45)"
7.694147543422877,2.68657165839124,2,"(30, 45)"
13.03744396949187,2.65582864058251,2,"(30, 45)"
12.907623693719506,2.6562859802845504,2,"(30, 45)"
12.907623693719506,2.648051033494784,2,"(30, 45)"
9.983643993502485,2.671544443672327,2,"(30, 45)"
9.983643993502485,2.6829290277056033,2,"(30, 45)"
1.760855094017461,2.5379801494120833,2,"(30, 45)"
7.73913046051748,2.6805367442500403,2,"(30, 45)"
9.841315341694282,2.68608604239505,2,"(30, 45)"
4.636774882022291,2.65201954256662,2,"(30, 45)"
3.693101804936304,2.637003004332522,2,"(30, 45)"
11.423411612585188,2.678581386597239,2,"(30, 45)"
0.8935356460046023,2.3032336950928025,2,"(30, 45)"
0.8935356460046023,2.284935292607016,2,"(30, 45)"
0.6466591069940478,2.185373736948787,2,"(30, 45)"
0.6466591069940478,2.199106885252597,2,"(30, 45)"
7.340356262447312,2.6982259195454463,2,"(30, 45)"
10.889427327271552,2.6650653445082493,2,"(30, 45)"
8.554957279656083,2.6989848444647246,2,"(30, 45)"
5.83927709525451,2.695373276289992,2,"(30, 45)"
5.036983766034245,2.6845313477049766,2,"(30, 45)"
11.872169961221516,2.6655731122508817,2,"(30, 45)"
10.939141536317766,2.6989182499655953,2,"(30, 45)"
4.963088233210146,2.7092757356481294,2,"(30, 45)"
9.008946230635049,2.6988760365710225,2,"(30, 45)"
1.29188823425211,2.446615397860605,2,"(30, 45)"
6.705394282611087,2.690643098461108,2,"(30, 45)"
6.705394282611087,2.693029213908647,2,"(30, 45)"
3.039945466024801,2.6306085078880077,2,"(30, 45)"
3.039945466024801,2.6292204514150854,2,"(30, 45)"
1.490687449509278,2.486146009975658,2,"(30, 45)"
6.080664288904518,2.656763701702213,2,"(30, 45)"
4.158457060111687,2.6459734409926,2,"(30, 45)"
4.158457060111687,2.6684246118081365,2,"(30, 45)"
8.556863843416796,2.6925469936324036,2,"(30, 45)"
8.556863843416796,2.6897149545028745,2,"(30, 45)"
11.240445087524131,2.6493130982751776,2,"(30, 45)"
5.356173842772841,2.685727855665051,2,"(30, 45)"
2.359610312571749,2.588682876144019,2,"(30, 45)"
12.438192935381084,2.6574574429350837,2,"(30, 45)"
0.0943177085369825,1.4040468695486603,2,"(30, 45)"
4.027620664332062,2.673156329765919,2,"(30, 45)"
8.146635794918984,2.665507976837101,2,"(30, 45)"
7.543721360014751,2.693354964271835,2,"(30, 45)"
9.740673364233226,2.6998885086630207,2,"(30, 45)"
8.577819547662513,2.7048883324109254,2,"(30, 45)"
11.698368683550507,2.658690815715167,2,"(30, 45)"
12.262076348625124,2.665846316902025,2,"(30, 45)"
0.5550120444502682,2.0943119253239697,2,"(30, 45)"
0.5550120444502682,2.1173663626657655,2,"(30, 45)"
10.517530135344714,2.6842266750861845,2,"(30, 45)"
10.517530135344714,2.6830431217177404,2,"(30, 45)"
7.789691622043028,2.6890641405911007,2,"(30, 45)"
0.1647580525372177,1.5156928258218745,2,"(30, 45)"
5.743039586348458,2.6751474744037034,2,"(30, 45)"
7.46370400446467,2.687823839327198,2,"(30, 45)"
8.656203024229034,2.7153947849914255,2,"(30, 45)"
8.202919904561714,2.7099401754531987,2,"(30, 45)"
4.924199530901387,2.6867640213360096,2,"(30, 45)"
1.10597153021954,2.4208105177989436,2,"(30, 45)"
6.349675105605274,2.698039248799973,2,"(30, 45)"
9.52801267071627,2.687227830250508,2,"(30, 45)"
12.510583685152232,2.6448707379838567,2,"(30, 45)"
6.010446248948574,2.706105445452062,2,"(30, 45)"
6.960933338943868,2.6681828843645836,2,"(30, 45)"
6.960933338943868,2.6972423277221753,2,"(30, 45)"
3.55726383747533,2.6757826219924348,2,"(30, 45)"
3.55726383747533,2.6325139956138837,2,"(30, 45)"
4.653764199605211,2.6731747199482485,2,"(30, 45)"
5.805237782746553,2.6969156570536272,2,"(30, 45)"
10.842814940446988,2.6703596001845185,2,"(30, 45)"
8.909059087326751,2.698641369565024,2,"(30, 45)"
2.698120285524055,2.6092390663130836,2,"(30, 45)"
2.1340639386791733,2.5964773885925228,2,"(30, 45)"
5.474310185248032,2.682247394399651,2,"(30, 45)"
5.474310185248032,2.6666884586878363,2,"(30, 45)"
12.897505308501422,2.647349440136275,2,"(30, 45)"
12.897505308501422,2.6518399593367534,2,"(30, 45)"
13.392227808525783,2.6403372062210937,2,"(30, 45)"
2.6566064614336935,2.613564991154015,2,"(30, 45)"
11.336167916283012,2.652430780250127,2,"(30, 45)"
7.714890563813969,2.6837102896267333,2,"(30, 45)"
2.24905062103644,2.5658809635953066,2,"(30, 45)"
1.670352808991447,2.504897226396442,2,"(30, 45)"
9.459333497844638,2.6843920694971253,2,"(30, 45)"
11.596245008986443,2.6549784771815728,2,"(30, 45)"
1.9929116556886584,2.559712781564744,2,"(30, 45)"
9.160071669053286,2.6798492285126296,2,"(30, 45)"
10.043584689637646,2.689825681742035,2,"(30, 45)"
5.5374528011772775,2.6707039039026745,2,"(30, 45)"
7.882461102679371,2.6911629665413357,2,"(30, 45)"
10.560795573005452,2.6893858227585388,2,"(30, 45)"
5.625656023714691,2.699431744069299,2,"(30, 45)"
3.7922560225706543,2.6831382343293955,2,"(30, 45)"
12.702715307287871,2.67269825131872,2,"(30, 45)"
6.8897118931636205,2.696445520976359,2,"(30, 45)"
10.15335700372234,2.6689199717710492,2,"(30, 45)"
10.15335700372234,2.709641144535379,2,"(30, 45)"
1.4776838466525075,2.525613491348575,2,"(30, 45)"
1.4776838466525075,2.5080405736393887,2,"(30, 45)"
1.121426765760407,2.423813734165644,2,"(30, 45)"
1.121426765760407,2.4113516294569277,2,"(30, 45)"
2.803351018298417,2.632127682896637,2,"(30, 45)"
2.803351018298417,2.6405650111468666,2,"(30, 45)"
6.020488662226125,2.6905101724393075,2,"(30, 45)"
6.684615299245342,2.689502072763867,2,"(30, 45)"
11.82099790512584,2.6850945055947855,2,"(30, 45)"
10.282089433958754,2.6733732600162576,2,"(30, 45)"
1.678994695516303,2.529099679172903,2,"(30, 45)"
4.145672855200246,2.672270843380871,2,"(30, 45)"
10.723788730427623,2.6602888971282814,2,"(30, 45)"
5.238223590841517,2.68395194774761,2,"(30, 45)"
2.789247118774801,2.648974725740638,2,"(30, 45)"
12.530309896590188,2.6666159424082823,2,"(30, 45)"
9.240996479056776,2.7095530656421323,2,"(30, 45)"
2.184307245630771,2.5849687793126876,2,"(30, 45)"
13.274827410560102,2.6527939467214416,2,"(30, 45)"
13.276195544330402,2.6035539213928565,2,"(30, 45)"
0.2990017240867018,1.7848288092399058,2,"(30, 45)"
6.172766719618812,2.7003945253368644,2,"(30, 45)"
8.374533227924259,2.6905371300756364,2,"(30, 45)"
8.374533227924259,2.692564355880601,2,"(30, 45)"
9.38164047030732,2.6950110285379045,2,"(30, 45)"
9.38164047030732,2.67018217705459,2,"(30, 45)"
3.9559633412864055,2.6747277096544297,2,"(30, 45)"
3.9559633412864055,2.670088772315765,2,"(30, 45)"
8.395216460339725,2.6929047150432033,2,"(30, 45)"
8.395216460339725,2.6988919302949075,2,"(30, 45)"
10.988510470744222,2.703647576005622,2,"(30, 45)"
9.595681222621351,2.6914547253785157,2,"(30, 45)"
2.5310409525409336,2.645908249239076,2,"(30, 45)"
3.129095726087689,2.6505591726674496,2,"(30, 45)"
13.240757947275416,2.614158509816489,2,"(30, 45)"
1.196112845186144,2.4238686704995915,2,"(30, 45)"
0.2657500270288437,1.7626357716858705,2,"(30, 45)"
8.187892905250193,2.6997877741946272,2,"(30, 45)"
8.395465695904567,2.679387364262358,2,"(30, 45)"
8.395465695904567,2.7046020822600303,2,"(30, 45)"
5.090668019419535,2.6660494212540056,2,"(30, 45)"
5.090668019419535,2.677352040771479,2,"(30, 45)"
10.744724455242975,2.6683005460833313,2,"(30, 45)"
7.4485744900070125,2.706398600408415,2,"(30, 45)"
9.206930272607131,2.693121711329419,2,"(30, 45)"
10.50249073500745,2.6811856960332676,2,"(30, 45)"
6.479549620207399,2.679655109614427,2,"(30, 45)"
6.479549620207399,2.7046442778132755,2,"(30, 45)"
12.3297573516611,2.597636449896963,2,"(30, 45)"
12.3297573516611,2.669223035020859,2,"(30, 45)"
1.14072407707572,2.423457187956609,2,"(30, 45)"
11.505590517027304,2.665690790843847,2,"(30, 45)"
7.513430802430957,2.6913459954061834,2,"(30, 45)"
1.6849817479029296,2.536385875238919,2,"(30, 45)"
8.728030191222206,2.70069233850229,2,"(30, 45)"
10.1050731966272,2.681894162816754,2,"(30, 45)"
4.786691420851275,2.685569878366262,2,"(30, 45)"
2.589335919823497,2.6307569746074893,2,"(30, 45)"
10.185784395830703,2.6790045231810513,2,"(30, 45)"
12.935518047446385,2.629699476227136,2,"(30, 45)"
5.657256079511717,2.669832949493366,2,"(30, 45)"
8.947084227297456,2.681591304705284,2,"(30, 45)"
12.683421302912755,2.661657193040394,2,"(30, 45)"
12.683421302912755,2.6913282562498826,2,"(30, 45)"
5.7379796922672535,2.702955037852277,2,"(30, 45)"
5.7379796922672535,2.6897687243038253,2,"(30, 45)"
1.960481357481331,2.57316809902447,2,"(30, 45)"
1.960481357481331,2.553087867881932,2,"(30, 45)"
3.5718803753610695,2.6574921067764747,2,"(30, 45)"
3.5718803753610695,2.640793786527184,2,"(30, 45)"
3.497043253947049,2.653865676274705,2,"(30, 45)"
0.531252117548138,2.1006848419916215,2,"(30, 45)"
9.490934706060216,2.6904673011602056,2,"(30, 45)"
9.490934706060216,2.6692741025519733,2,"(30, 45)"
2.8703138140495863,2.6081697180630856,2,"(30, 45)"
2.8703138140495863,2.602952888555401,2,"(30, 45)"
5.492778306361287,2.671690042339777,2,"(30, 45)"
1.4631576233077794,2.520427972332991,2,"(30, 45)"
13.359795355796814,2.57260726784493,2,"(30, 45)"
11.815698721352964,2.6432234205491216,2,"(30, 45)"
0.1746343922801315,1.5443716542982802,2,"(30, 45)"
4.293717490509152,2.653053603513524,2,"(30, 45)"
4.622159083187579,2.641008762064046,2,"(30, 45)"
4.622159083187579,2.711405096887244,2,"(30, 45)"
6.980070889974012,2.655767653782193,2,"(30, 45)"
6.980070889974012,2.6826582375500867,2,"(30, 45)"
10.862110397871584,2.6783378949839665,2,"(30, 45)"
3.777742200251669,2.633225421456208,2,"(30, 45)"
12.181802341947332,2.661829893676922,2,"(30, 45)"
12.162892318423838,2.6600441978909606,2,"(30, 45)"
1.4101513552945106,2.4964175270982105,2,"(30, 45)"
5.6044031457975505,2.694550442292837,2,"(30, 45)"
6.942467923508956,2.6754234456017087,2,"(30, 45)"
9.12214904422872,2.6809570244668066,2,"(30, 45)"
7.210505071794613,2.675546919861512,2,"(30, 45)"
11.253786374069753,2.674953960335154,2,"(30, 45)"
12.530700391111896,2.6715394919690567,2,"(30, 45)"
8.410140744084492,2.686035083274423,2,"(30, 45)"
3.0785618468187748,2.650176926673239,2,"(30, 45)"
3.0785618468187748,2.64654341340704,2,"(30, 45)"
9.314279664261267,2.699860910246267,2,"(30, 45)"
9.314279664261267,2.682088133461201,2,"(30, 45)"
4.904089388716965,2.664640433645917,2,"(30, 45)"
13.208719772007315,2.6622409070327446,2,"(30, 45)"
0.5348986454308033,2.078032634768427,2,"(30, 45)"
0.5348986454308033,2.1027345160969055,2,"(30, 45)"
2.221807008003816,2.587253843009789,2,"(30, 45)"
2.221807008003816,2.559580075498279,2,"(30, 45)"
7.8237560748122625,2.6886816496499257,2,"(30, 45)"
12.462936639413238,2.6883570347330927,2,"(30, 45)"
5.776286272890865,2.699672145314537,2,"(30, 45)"
5.27563303867355,2.6709694174007064,2,"(30, 45)"
3.826240945933386,2.6718798587047288,2,"(30, 45)"
10.297026118729264,2.685108685837308,2,"(30, 45)"
11.665115834074095,2.6882753106868,2,"(30, 45)"
0.3713649034965783,1.866028941807986,2,"(30, 45)"
13.47258051787503,2.6305843117508942,2,"(30, 45)"
2.3051015412900595,2.596777228754135,2,"(30, 45)"
8.179885212192312,2.7083326496797033,2,"(30, 45)"
5.135688365064561,2.688660048507306,2,"(30, 45)"
4.17857339028269,2.686100318763966,2,"(30, 45)"
4.17857339028269,2.6699159960199372,2,"(30, 45)"
4.228448186349123,2.653799638162263,2,"(30, 45)"
4.228448186349123,2.680198346808317,2,"(30, 45)"
11.206377252656967,2.6593926591008414,2,"(30, 45)"
7.330624087760224,2.687682745292837,2,"(30, 45)"
6.672140957135706,2.678548613064233,2,"(30, 45)"
11.320714208949358,2.688407846133168,2,"(30, 45)"
12.0695952931419,2.6711013073186045,2,"(30, 45)"
1.078176973434165,2.380299149520901,2,"(30, 45)"
1.5107942095957696,2.4978990238735537,2,"(30, 45)"
8.27999548627995,2.686249422964956,2,"(30, 45)"
2.621048211166635,2.628393297961739,2,"(30, 45)"
3.247136743506416,2.603308291795651,2,"(30, 45)"
8.988832606142386,2.6910285584881137,2,"(30, 45)"
13.174673645198345,2.6604867166654533,2,"(30, 45)"
8.523349482612685,2.6666957430695257,2,"(30, 45)"
6.794161000242457,2.661096785787395,2,"(30, 45)"
10.374325632909311,2.682849138881765,2,"(30, 45)"
10.374325632909311,2.6690950956809054,2,"(30, 45)"
10.688574151415375,2.687952868031521,2,"(30, 45)"
10.688574151415375,2.6639233425770388,2,"(30, 45)"
0.9251372801139952,2.3307816419015057,2,"(30, 45)"
12.092681092768908,2.677014238109503,2,"(30, 45)"
7.321063836384564,2.67750572444028,2,"(30, 45)"
1.738264308264479,2.516124791943334,2,"(30, 45)"
6.219883991032838,2.708941007037982,2,"(30, 45)"
9.249010309996084,2.6905784851348153,2,"(30, 45)"
1.7423900042660534,2.5427892553912974,2,"(30, 45)"
1.7423900042660534,2.548588833366242,2,"(30, 45)"
6.575557584874331,2.7047847343400786,2,"(30, 45)"
6.575557584874331,2.683517381378581,2,"(30, 45)"
9.873744312115011,2.693080101538181,2,"(30, 45)"
9.776427062181757,2.683850221553306,2,"(30, 45)"
7.712619196949526,2.6853472919797645,2,"(30, 45)"
1.3831462803762409,2.483281732483224,2,"(30, 45)"
5.872611991921439,2.6892174063063665,2,"(30, 45)"
7.952867375174537,2.7006402922321575,2,"(30, 45)"
5.301235469896346,2.684954114543108,2,"(30, 45)"
2.038493780326098,2.5634314330468406,2,"(30, 45)"
13.145039101876318,2.6352683212205315,2,"(30, 45)"
11.860926928231493,2.665158443866971,2,"(30, 45)"
0.3763137019239366,1.927559999371363,2,"(30, 45)"
5.933022799668833,2.6823555468790903,2,"(30, 45)"
11.08898088815622,2.664354324748831,2,"(30, 45)"
3.449225888261571,2.6754252238133467,2,"(30, 45)"
2.4191232359502464,2.6233128883638277,2,"(30, 45)"
10.953106732247395,2.661776517694052,2,"(30, 45)"
9.70962571776472,2.6739054841718684,2,"(30, 45)"
0.6054656928405165,2.1392139150875327,2,"(30, 45)"
7.15699329287745,2.6902612180809027,2,"(30, 45)"
7.15699329287745,2.6912265687070556,2,"(30, 45)"
7.802796612679958,2.67627050946558,2,"(30, 45)"
7.802796612679958,2.6796667275745394,2,"(30, 45)"
4.433024601079524,2.6809607847793693,2,"(30, 45)"
9.972414163220677,2.676302627754799,2,"(30, 45)"
2.922320872545242,2.6455966908094,2,"(30, 45)"
13.0263036520686,2.647599554548499,2,"(30, 45)"
8.824634169228375,2.7029014489004526,2,"(30, 45)"
3.963544050743803,2.6706693239142374,2,"(30, 45)"
4.67537103286013,2.696334615093804,2,"(30, 45)"
10.414988521160558,2.6877810514044267,2,"(30, 45)"
7.412177867768332,2.6821382873942463,2,"(30, 45)"
12.344870945205912,2.643847802292523,2,"(30, 45)"
6.100844979146495,2.6966720176371775,2,"(30, 45)"
5.367814134480431,2.68828008831638,2,"(30, 45)"
12.339151241397484,2.6477244830648594,2,"(30, 45)"
8.46363111557439,2.703045980942484,2,"(30, 45)"
9.966516222851352,2.7002168506664193,2,"(30, 45)"
6.092201865045353,2.69724609059521,2,"(30, 45)"
3.6073255633469663,2.6617873927254783,2,"(30, 45)"
13.3009119911585,2.670662993402589,2,"(30, 45)"
11.475987665215508,2.649624844562328,2,"(30, 45)"
11.475987665215508,2.6520896000784013,2,"(30, 45)"
3.0515989604406055,2.6508830793005456,2,"(30, 45)"
3.0515989604406055,2.613928481211075,2,"(30, 45)"
0.7494305284693837,2.235982198182037,2,"(30, 45)"
0.7494305284693837,2.273968858343329,2,"(30, 45)"
1.2277983678504825,2.444927463722329,2,"(30, 45)"
1.2277983678504825,2.4158978844887065,2,"(30, 45)"
2.7563967389520254,2.6401294350602353,2,"(30, 45)"
3.8571329532656815,2.6709340688015204,2,"(30, 45)"
8.945425834367052,2.689002283527315,2,"(30, 45)"
7.478135629277676,2.683188142771979,2,"(30, 45)"
6.90260507678613,2.694118865158494,2,"(30, 45)"
2.4202892455272376,2.588211428839734,2,"(30, 45)"
6.638381732441484,2.69452385757815,2,"(30, 45)"
8.56985216420144,2.6837174456466486,2,"(30, 45)"
12.221569011826068,2.6324866377287437,2,"(30, 45)"
12.221569011826068,2.6663995118562873,2,"(30, 45)"
5.474063793150708,2.676915250204667,2,"(30, 45)"
5.474063793150708,2.661995883116142,2,"(30, 45)"
11.356709175743164,2.694187979247989,2,"(30, 45)"
11.356709175743164,2.6623502227894353,2,"(30, 45)"
13.407968443026766,2.6766541208216115,2,"(30, 45)"
13.407968443026766,2.6272569632214644,2,"(30, 45)"
0.2136634892318397,1.652192340756811,2,"(30, 45)"
11.054480207385495,2.686955214800973,2,"(30, 45)"
5.453819732414558,2.698590580442474,2,"(30, 45)"
8.210885659605266,2.695684938720303,2,"(30, 45)"
13.050773431221025,2.660478036964594,2,"(30, 45)"
2.142416104674339,2.5629429369178904,2,"(30, 45)"
0.4950550641398876,2.0316083213025644,2,"(30, 45)"
8.9240772430785,2.6903371939066902,2,"(30, 45)"
1.90749693531543,2.5833219763527695,2,"(30, 45)"
0.5017042060382664,2.0651842084131116,2,"(30, 45)"
9.800579137075692,2.6882731648614935,2,"(30, 45)"
10.849323048861695,2.6506509680249493,2,"(30, 45)"
12.491748205572367,2.6786826419511867,2,"(30, 45)"
1.6620022213086485,2.5322932418800264,2,"(30, 45)"
1.0886023153550923,2.40654638196268,2,"(30, 45)"
7.699870779644697,2.675386646653422,2,"(30, 45)"
7.249540557153522,2.693167777495161,2,"(30, 45)"
4.492613220820203,2.66780308860323,2,"(30, 45)"
4.943086418369784,2.64944707005125,2,"(30, 45)"
4.943086418369784,2.665092860565987,2,"(30, 45)"
6.55282997447066,2.700306147299532,2,"(30, 45)"
6.55282997447066,2.699184976315834,2,"(30, 45)"
3.0395712055731563,2.652169185732424,2,"(30, 45)"
2.671424497198313,2.5973225538361824,2,"(30, 45)"
9.246696892380715,2.665382306590835,2,"(30, 45)"
3.794166168849915,2.657880414091466,2,"(30, 45)"
10.704861558414995,2.6655179363800303,2,"(30, 45)"
10.704861558414995,2.677542007177382,2,"(30, 45)"
0.7534864279907196,2.259915578278398,2,"(30, 45)"
0.7534864279907196,2.2249543427141316,2,"(30, 45)"
1.6732422730419785,2.5298588743565738,2,"(30, 45)"
1.6732422730419785,2.528683653804397,2,"(30, 45)"
1.8446037052664903,2.552124004143583,2,"(30, 45)"
1.8446037052664903,2.571277814040798,2,"(30, 45)"
6.993731133406981,2.676659984047012,2,"(30, 45)"
12.198991979938,2.6907833082842476,2,"(30, 45)"
2.492082428699359,2.5896374061396976,2,"(30, 45)"
9.883598906220868,2.669629466079976,2,"(30, 45)"
9.544721562275663,2.704164789421003,2,"(30, 45)"
6.682706731278449,2.6926261851377298,2,"(30, 45)"
4.0290547865908595,2.6909051953629586,2,"(30, 45)"
12.714094839245082,2.6803316931039527,2,"(30, 45)"
8.434481990989298,2.6904107141809335,2,"(30, 45)"
11.727058393973858,2.670467319558721,2,"(30, 45)"
5.126276713050902,2.6882006953568345,2,"(30, 45)"
4.329844208806753,2.6723047305729963,2,"(30, 45)"
13.201786571461708,2.6313243927766594,2,"(30, 45)"
7.845743131032213,2.686868683406358,2,"(30, 45)"
7.875054508633911,2.694168126789871,2,"(30, 45)"
7.875054508633911,2.7127995376971725,2,"(30, 45)"
8.867267354996875,2.6983123024908404,2,"(30, 45)"
8.867267354996875,2.700092244948534,2,"(30, 45)"
3.457199622550979,2.660185035592428,2,"(30, 45)"
3.457199622550979,2.63498215876556,2,"(30, 45)"
7.226750666042789,2.6704513192366237,2,"(30, 45)"
7.226750666042789,2.675019050615136,2,"(30, 45)"
2.0002672426868227,2.5918734551782334,2,"(30, 45)"
10.28061537789181,2.687516439643067,2,"(30, 45)"
5.949077342962846,2.671215877001317,2,"(30, 45)"
5.949077342962846,2.683698819228555,2,"(30, 45)"
0.9751065369229764,2.3576815351357743,2,"(30, 45)"
0.9751065369229764,2.3358237488313947,2,"(30, 45)"
12.37270759032108,2.677354251888599,2,"(30, 45)"
11.21767288353294,2.668057543996778,2,"(30, 45)"
10.22481993129477,2.6673852743854964,2,"(30, 45)"
6.193844292126595,2.67760581164481,2,"(30, 45)"
3.340857495553791,2.6696693007842556,2,"(30, 45)"
13.277667971979827,2.6167341903783763,2,"(30, 45)"
12.015865356381983,2.652649918727925,2,"(30, 45)"
12.015865356381983,2.6619293522995977,2,"(30, 45)"
4.673791743442416,2.6853526601399245,2,"(30, 45)"
4.673791743442416,2.676668406547156,2,"(30, 45)"
2.987606723932549,2.630867696126337,2,"(30, 45)"
2.987606723932549,2.620080073246865,2,"(30, 45)"
6.317364095244556,2.689459922545507,2,"(30, 45)"
6.317364095244556,2.682181161881402,2,"(30, 45)"
9.146899913297966,2.7059547615986745,2,"(30, 45)"
9.421387173281984,2.655643019481556,2,"(30, 45)"
4.367783719068393,2.673086131912773,2,"(30, 45)"
3.276709707593545,2.6387602307977445,2,"(30, 45)"
0.4423498780000954,1.9460232085700044,2,"(30, 45)"
12.569208845403043,2.6655060767935748,2,"(30, 45)"
8.337077132193372,2.7230541867215328,2,"(30, 45)"
2.328108124667778,2.635122399320486,2,"(30, 45)"
5.235103066870942,2.680988097009756,2,"(30, 45)"
8.687917933566496,2.6778957323297257,2,"(30, 45)"
9.643531770445406,2.6914352439704614,2,"(30, 45)"
7.360173201793804,2.700562025147006,2,"(30, 45)"
3.915425553079694,2.6378259712326027,2,"(30, 45)"
0.265005364222452,1.7287425401225025,2,"(30, 45)"
11.410727517772466,2.6832933732096573,2,"(30, 45)"
9.74689297969453,2.6971227728207237,2,"(30, 45)"
10.031782808806748,2.6760645211731116,2,"(30, 45)"
10.031782808806748,2.6857696511393763,2,"(30, 45)"
12.80073093539104,2.6325997852241554,2,"(30, 45)"
12.80073093539104,2.6540238415586326,2,"(30, 45)"
5.61036203908734,2.7050775783523044,2,"(30, 45)"
5.61036203908734,2.7197147944189948,2,"(30, 45)"
11.712721330113707,2.6776263968334524,2,"(30, 45)"
11.712721330113707,2.674397696733682,2,"(30, 45)"
12.822260306077078,2.6538682524500627,2,"(30, 45)"
1.360151521814987,2.479043591273244,2,"(30, 45)"
4.741439276235178,2.6759378285636504,2,"(30, 45)"
3.673929556086659,2.649512816565597,2,"(30, 45)"
10.322981503186748,2.694701666092272,2,"(30, 45)"
6.876235748594627,2.7140238713571634,2,"(30, 45)"
3.231146009126678,2.6347274756002164,2,"(30, 45)"
0.8302204929757864,2.2950045561598142,2,"(30, 45)"
1.2941329075954855,2.464906803257477,2,"(30, 45)"
9.226042608218268,2.716697154047454,2,"(30, 45)"
7.478233259171247,2.659515261158919,2,"(30, 45)"
5.708274412993341,2.684991261513314,2,"(30, 45)"
1.4455532774794846,2.4713443069424765,2,"(30, 45)"
1.577931158337742,2.5132980000402205,2,"(30, 45)"
6.788851507334038,2.688989954558763,2,"(30, 45)"
11.39851733003743,2.664079821147744,2,"(30, 45)"
6.737426758417859,2.692807035228017,2,"(30, 45)"
4.631679751491173,2.679872361915236,2,"(30, 45)"
4.4851680583320555,2.7000724574200623,2,"(30, 45)"
13.042741048848256,2.626669156447655,2,"(30, 45)"
10.907159666717051,2.6791143918407725,2,"(30, 45)"
10.907159666717051,2.6733539914639266,2,"(30, 45)"
2.6965365242213006,2.6268576159755326,2,"(30, 45)"
2.6965365242213006,2.6403720715400825,2,"(30, 45)"
8.245959894079716,2.700009861648822,2,"(30, 45)"
11.897065872186795,2.6791910062415765,2,"(30, 45)"
5.354145285487174,2.679353144844012,2,"(30, 45)"
5.84437064747326,2.681770341142986,2,"(30, 45)"
13.406486620660871,2.6106972794243957,2,"(30, 45)"
9.053446171619,2.7104280163081205,2,"(30, 45)"
2.260234204260632,2.6004040777759845,2,"(30, 45)"
2.260234204260632,2.608731581257009,2,"(30, 45)"
6.989769807364791,2.6905242056083525,2,"(30, 45)"
6.989769807364791,2.681487247106185,2,"(30, 45)"
4.244609616464004,2.6557174678177127,2,"(30, 45)"
10.884131876332685,2.657126496085941,2,"(30, 45)"
3.659491417603567,2.6699978167430096,2,"(30, 45)"
9.698623991198838,2.69707611490926,2,"(30, 45)"
11.73992360639386,2.6610993971143686,2,"(30, 45)"
6.0758033498656,2.6827413139039265,2,"(30, 45)"
12.941285689361392,2.6455339398121835,2,"(30, 45)"
11.125570377660916,2.6627810931847584,2,"(30, 45)"
0.5930812268517912,2.135724929629132,2,"(30, 45)"
4.987546425545588,2.700006682898934,2,"(30, 45)"
10.440381074417385,2.6746480906376595,2,"(30, 45)"
4.032480025058612,2.682873438831398,2,"(30, 45)"
3.138386123627424,2.6192972993485943,2,"(30, 45)"
10.39856575508602,2.692012036925094,2,"(30, 45)"
8.457236345019192,2.692127897730507,2,"(30, 45)"
8.457236345019192,2.694014194523689,2,"(30, 45)"
0.1510997005738318,1.5320558242559188,2,"(30, 45)"
0.1510997005738318,1.521653605794988,2,"(30, 45)"
6.153783705411478,2.6962988701422175,2,"(30, 45)"
2.5010761160403487,2.610161041972801,2,"(30, 45)"
0.9912055735941976,2.3698657481636984,2,"(30, 45)"
5.331714072125032,2.691549103466917,2,"(30, 45)"
12.557466176338494,2.6483366046693964,2,"(30, 45)"
10.02560860114172,2.7007024952821097,2,"(30, 45)"
7.394067021459341,2.7076463105671684,2,"(30, 45)"
7.394067021459341,2.685541049033775,2,"(30, 45)"
13.079421930154783,2.6362590988614074,2,"(30, 45)"
13.079421930154783,2.6376272528047537,2,"(30, 45)"
5.087524797813966,2.6840944814471843,2,"(30, 45)"
11.435621900530531,2.659306655564309,2,"(30, 45)"
10.409475826798008,2.659990706750249,2,"(30, 45)"
1.606826299894601,2.5186834834187866,2,"(30, 45)"
3.105200891057029,2.6599597816453473,2,"(30, 45)"
7.751352247595786,2.698659093932433,2,"(30, 45)"
5.908058006642386,2.6995540320379026,2,"(30, 45)"
3.5027289739344267,2.64340292695051,2,"(30, 45)"
12.958875817852094,2.648159995733634,2,"(30, 45)"
7.018653524946421,2.7045193293643757,2,"(30, 45)"
11.743455405998976,2.655528831240277,2,"(30, 45)"
1.9866132999770345,2.5704132188162236,2,"(30, 45)"
1.8155078299343583,2.5292231214037995,2,"(30, 45)"
9.081932655535638,2.696307016329772,2,"(30, 45)"
9.89248005738482,2.656438342463515,2,"(30, 45)"
5.881066159484908,2.6795970364543433,2,"(30, 45)"
9.307526604272423,2.6955271007992994,2,"(30, 45)"
1.2813206939026711,2.4694379894200793,2,"(30, 45)"
11.291080993413924,2.665953112327575,2,"(30, 45)"
4.952507389942184,2.6765005597214517,2,"(30, 45)"
0.1479440153110772,1.5076950768128012,2,"(30, 45)"
0.1479440153110772,1.491336325674899,2,"(30, 45)"
6.040340625075623,2.696766822455551,2,"(30, 45)"
6.040340625075623,2.6794251662049273,2,"(30, 45)"
8.197184342471884,2.68677305755555,2,"(30, 45)"
9.668087003938854,2.6914004914723217,2,"(30, 45)"
2.6382310974877323,2.637090529780147,2,"(30, 45)"
2.6382310974877323,2.625828100801302,2,"(30, 45)"
12.398084623506293,2.632293443177579,2,"(30, 45)"
12.398084623506293,2.6726106687456315,2,"(30, 45)"
9.06368286763318,2.689332219744904,2,"(30, 45)"
2.470550552755594,2.61852225000516,2,"(30, 45)"
4.490438732272014,2.6831282049482015,2,"(30, 45)"
8.516717326361686,2.690300958027496,2,"(30, 45)"
6.756550480425357,2.694100922132566,2,"(30, 45)"
0.1209713709540665,1.4639162167495452,2,"(30, 45)"
12.103308872040362,2.6604209694468133,2,"(30, 45)"
10.363512088777496,2.695869350485304,2,"(30, 45)"
12.254553272621706,2.680658689291955,2,"(30, 45)"
6.354571080673486,2.693725106992201,2,"(30, 45)"
1.2717198824044318,2.4597397626923247,2,"(30, 45)"
13.121455958485605,2.6608562044466586,2,"(30, 45)"
10.31670792447403,2.675884007809882,2,"(30, 45)"
11.372193046379834,2.654766783858226,2,"(30, 45)"
3.222586032003164,2.656807009201412,2,"(30, 45)"
4.710575039684772,2.692709567175271,2,"(30, 45)"
8.807235680427402,2.6986630223400816,2,"(30, 45)"
8.807235680427402,2.6847794643539,2,"(30, 45)"
8.331552086910234,2.690662800988881,2,"(30, 45)"
8.331552086910234,2.689106977602866,2,"(30, 45)"
12.86775938142091,2.643112915518819,2,"(30, 45)"
4.174845692049711,2.6897455096511376,2,"(30, 45)"
0.7323535143397748,2.2359849096690376,2,"(30, 45)"
10.227493617497384,2.672124814788721,2,"(30, 45)"
7.940785206109285,2.6858181205227587,2,"(30, 45)"
7.940785206109285,2.68531842384177,2,"(30, 45)"
0.2935942630749196,1.7818153564530554,2,"(30, 45)"
0.2935942630749196,1.7790030445094904,2,"(30, 45)"
3.522816581325605,2.6551468035727015,2,"(30, 45)"
3.522816581325605,2.6663934907595497,2,"(30, 45)"
2.3570942571852354,2.5918159934427227,2,"(30, 45)"
2.3570942571852354,2.615896359032443,2,"(30, 45)"
2.400199145404622,2.607705339884274,2,"(30, 45)"
1.3295117187779395,2.4420490345668946,2,"(30, 45)"
9.636721891211346,2.677780299481058,2,"(30, 45)"
11.677156190387905,2.6715852032697733,2,"(30, 45)"
3.9109020722564303,2.6505725298157397,2,"(30, 45)"
4.383440865855664,2.6719950452978063,2,"(30, 45)"
8.316208924073726,2.697162127037755,2,"(30, 45)"
6.627518233470618,2.6893120890498694,2,"(30, 45)"
5.218163102865218,2.69327191569154,2,"(30, 45)"
12.765589484851809,2.673315529679056,2,"(30, 45)"
4.397678045090288,2.6810422218896033,2,"(30, 45)"
5.673117930907756,2.6769366506530057,2,"(30, 45)"
10.560437609255311,2.6790578539131493,2,"(30, 45)"
10.560437609255311,2.698763336162777,2,"(30, 45)"
9.195811863662676,2.6895142324303127,2,"(30, 45)"
9.195811863662676,2.6900660539022905,2,"(30, 45)"
1.5287013784516603,2.510562211697001,2,"(30, 45)"
6.845607770374044,2.6896068474658525,2,"(30, 45)"
6.453622344741597,2.6938988131230355,2,"(30, 45)"
10.740149992424994,2.677126809377994,2,"(30, 45)"
4.859604817489162,2.6707449794955034,2,"(30, 45)"
12.214753558393568,2.6379691355026824,2,"(30, 45)"
10.20472457013093,2.6888836930929325,2,"(30, 45)"
1.868574712658301,2.5583341508054898,2,"(30, 45)"
3.323042119340971,2.6304330017987376,2,"(30, 45)"
9.174137751711532,2.6831354698324654,2,"(30, 45)"
12.365028662234543,2.6729593917648207,2,"(30, 45)"
6.926548563921823,2.701180260417273,2,"(30, 45)"
1.1759640594013034,2.428079520443083,2,"(30, 45)"
0.7770345478784293,2.2236453739526243,2,"(30, 45)"
7.596493499167263,2.6855739338215576,2,"(30, 45)"
10.597646348364652,2.6580896571296178,2,"(30, 45)"
10.097410890925676,2.6868729928697253,2,"(30, 45)"
10.097410890925676,2.6748200582773136,2,"(30, 45)"
4.3451939228922125,2.7006638174906876,2,"(30, 45)"
4.3451939228922125,2.7071856726962475,2,"(30, 45)"
5.676081613218411,2.6827966507199545,2,"(30, 45)"
5.676081613218411,2.695462675638135,2,"(30, 45)"
6.69845448071137,2.670975316133713,2,"(30, 45)"
6.69845448071137,2.690980896468924,2,"(30, 45)"
0.8287369545083493,2.317328776360866,2,"(30, 45)"
2.81722760326229,2.648760310998864,2,"(30, 45)"
8.42897484577261,2.674386872305581,2,"(30, 45)"
7.204421504354104,2.683988087000045,2,"(30, 45)"
5.116847737180069,2.6937271482635823,2,"(30, 45)"
0.4228092685807496,1.9783930345315577,2,"(30, 45)"
9.52536131888628,2.695755342564322,2,"(30, 45)"
2.1686125700827685,2.579876811109132,2,"(30, 45)"
4.007414558250457,2.669922087717333,2,"(30, 45)"
8.84536108081229,2.7024608940851755,2,"(30, 45)"
11.063154699839652,2.6633108024625645,2,"(30, 45)"
11.063154699839652,2.6627854926730055,2,"(30, 45)"
5.222514760587364,2.678356053919398,2,"(30, 45)"
5.222514760587364,2.6686911075720325,2,"(30, 45)"
7.02604734217748,2.6914537381426777,2,"(30, 45)"
9.366160144610332,2.697509225410519,2,"(30, 45)"
6.554310093261301,2.6871194105058778,2,"(30, 45)"
3.328242683643474,2.655344508931853,2,"(30, 45)"
11.871338791865856,2.661032596244084,2,"(30, 45)"
13.26067641219124,2.6641061646999864,2,"(30, 45)"
2.843168444698676,2.6142727937407217,2,"(30, 45)"
2.843168444698676,2.6503843224841765,2,"(30, 45)"
11.200283288396896,2.6661209022025276,2,"(30, 45)"
11.200283288396896,2.6609895519805753,2,"(30, 45)"
10.505996429827064,2.6835657059633165,2,"(30, 45)"
12.277796703064814,2.678772646971195,2,"(30, 45)"
8.601660193968565,2.7037329663568945,2,"(30, 45)"
8.593502699024976,2.694934763372423,2,"(30, 45)"
6.298324700212105,2.6943427718006085,2,"(30, 45)"
6.298324700212105,2.6887763400755738,2,"(30, 45)"
7.5022090516053135,2.7131882266719054,2,"(30, 45)"
7.5022090516053135,2.716357450289419,2,"(30, 45)"
12.456155520537868,2.6067301443388,2,"(30, 45)"
3.872997347498312,2.669045853321838,2,"(30, 45)"
1.056937874434516,2.3554995016120603,2,"(30, 45)"
10.55599622572772,2.6712814289568496,2,"(30, 45)"
11.647923377668484,2.6686812739840637,2,"(30, 45)"
11.070330371754244,2.689547954551595,2,"(30, 45)"
1.9258478604722769,2.563634983536283,2,"(30, 45)"
5.039092178409919,2.650563965777784,2,"(30, 45)"
0.5011947368271649,2.0482124089384404,2,"(30, 45)"
13.423420572048054,2.622207415235081,2,"(30, 45)"
7.739362535066902,2.7099360939145987,2,"(30, 45)"
3.1822941724210976,2.638134506806458,2,"(30, 45)"
13.340755822975188,2.623502626492446,2,"(30, 45)"
13.340755822975188,2.661266325795695,2,"(30, 45)"
0.4796955169178545,2.033918476025154,2,"(30, 45)"
0.4796955169178545,2.0306193737224536,2,"(30, 45)"
2.1946173456963147,2.574733035280179,2,"(30, 45)"
2.119984528049826,2.586366711139885,2,"(30, 45)"
4.100184063939377,2.67866066217256,2,"(30, 45)"
5.791197378979995,2.66129211689547,2,"(30, 45)"
1.3272850206587463,2.4742377032006613,2,"(30, 45)"
1.3272850206587463,2.475933890734549,2,"(30, 45)"
10.053080480732024,2.6665018113124828,2,"(30, 45)"
10.053080480732024,2.6914078965240287,2,"(30, 45)"
6.90700592524372,2.675908616061625,2,"(30, 45)"
6.535337964398786,2.68610680805869,2,"(30, 45)"
8.962243115901947,2.6896956171710564,2,"(30, 45)"
11.559193011326716,2.679973907738206,2,"(30, 45)"
4.603439421672373,2.6896963466166466,2,"(30, 45)"
4.475519246095791,2.666678227212308,2,"(30, 45)"
10.78900214228779,2.65935500423225,2,"(30, 45)"
7.677851067390292,2.6935950477446795,2,"(30, 45)"
8.006872739968822,2.693135649222987,2,"(30, 45)"
7.041630245652049,2.6885683855773292,2,"(30, 45)"
12.801678336178885,2.6367044907971495,2,"(30, 45)"
12.801678336178885,2.6478119695467144,2,"(30, 45)"
10.936121385497971,2.6614666653618704,2,"(30, 45)"
10.936121385497971,2.6786383797547653,2,"(30, 45)"
2.0786501054652033,2.5946260184579795,2,"(30, 45)"
2.0786501054652033,2.575723814419508,2,"(30, 45)"
11.843544347817078,2.670679085190911,2,"(30, 45)"
11.843544347817078,2.658089847113013,2,"(30, 45)"
9.943794524855912,2.6779750173622645,2,"(30, 45)"
2.0161854623816904,2.57011846645065,2,"(30, 45)"
7.44780262010172,2.672135481849464,2,"(30, 45)"
9.950091214571149,2.6975630453835797,2,"(30, 45)"
6.132592795044183,2.7143564012058605,2,"(30, 45)"
2.7480121549218888,2.5878750570178615,2,"(30, 45)"
4.720971946930512,2.6656061866638745,2,"(30, 45)"
7.780897353217005,2.703459635124571,2,"(30, 45)"
10.251415684679523,2.6700254740185843,2,"(30, 45)"
4.578594342386349,2.666090165739624,2,"(30, 45)"
9.115032659238205,2.7055297992138048,2,"(30, 45)"
9.115032659238205,2.694784117529855,2,"(30, 45)"
5.383157635526731,2.681418904167074,2,"(30, 45)"
5.383157635526731,2.6868395480737055,2,"(30, 45)"
6.387560514826327,2.710221484102495,2,"(30, 45)"
6.387560514826327,2.6715622699284163,2,"(30, 45)"
3.979284785455092,2.6759019855059045,2,"(30, 45)"
3.979284785455092,2.6657624787601084,2,"(30, 45)"
1.5948081276379524,2.5190855721782577,2,"(30, 45)"
0.0979822241701185,1.4141105208146905,2,"(30, 45)"
3.845590567030012,2.6696176153851106,2,"(30, 45)"
3.845590567030012,2.664208105621519,2,"(30, 45)"
11.177450056327508,2.6301196163619083,2,"(30, 45)"
11.177450056327508,2.669461398959159,2,"(30, 45)"
11.13303693505004,2.6731667926052443,2,"(30, 45)"
1.251763162203133,2.453314919743026,2,"(30, 45)"
2.4654143735766407,2.6185513521222465,2,"(30, 45)"
8.136757563706487,2.700683749939563,2,"(30, 45)"
13.175036869989707,2.6326878076353455,2,"(30, 45)"
9.645121707208457,2.700964679921084,2,"(30, 45)"
0.4101884064730256,1.9482663352594445,2,"(30, 45)"
3.075140065606683,2.6397912059939457,2,"(30, 45)"
0.6794364335015416,2.202167535601323,2,"(30, 45)"
7.30821335487999,2.6867806633615756,2,"(30, 45)"
7.679332125652581,2.693141568255811,2,"(30, 45)"
4.210962790157645,2.6516853814434316,2,"(30, 45)"
9.826398962037638,2.693730380347949,2,"(30, 45)"
12.622842605318874,2.63467394121113,2,"(30, 45)"
3.681700051343068,2.662443827678471,2,"(30, 45)"
5.118600202538072,2.695388377749331,2,"(30, 45)"
11.809542889753356,2.6444916379926258,2,"(30, 45)"
8.74142422596924,2.676300678294756,2,"(30, 45)"
7.328774831769987,2.6957160168438143,2,"(30, 45)"
6.265916523430496,2.699893721411231,2,"(30, 45)"
6.22372446344234,2.673471719956899,2,"(30, 45)"
13.157597307488322,2.642468925853503,2,"(30, 45)"
12.62270072004758,2.6668032702362057,2,"(30, 45)"
12.62270072004758,2.632222075244681,2,"(30, 45)"
3.2251346682664,2.623692087271489,2,"(30, 45)"
3.2251346682664,2.6440456487648025,2,"(30, 45)"
3.1704482366330917,2.642125744198137,2,"(30, 45)"
1.055751209007576,2.3741049415036275,2,"(30, 45)"
5.022245409991592,2.67723239272482,2,"(30, 45)"
4.726989388093352,2.66944565184212,2,"(30, 45)"
4.556545431353151,2.677506677313748,2,"(30, 45)"
1.7623168868478387,2.534764599935969,2,"(30, 45)"
10.927841095346958,2.6846932151839087,2,"(30, 45)"
12.10852464325726,2.650792780423468,2,"(30, 45)"
2.572169217467308,2.5806424542743773,2,"(30, 45)"
5.65671861404553,2.688322251735581,2,"(30, 45)"
1.4757683140691369,2.500457480393609,2,"(30, 45)"
10.704020468238742,2.691737767183775,2,"(30, 45)"
6.876733919093385,2.6944880512260663,2,"(30, 45)"
0.8834373780060559,2.298060518122071,2,"(30, 45)"
11.225808044103903,2.6733005918438795,2,"(30, 45)"
11.660729415901006,2.649691149129224,2,"(30, 45)"
2.348026025900617,2.6077709302005707,2,"(30, 45)"
4.452380848582834,2.6864106322376267,2,"(30, 45)"
9.372780388360844,2.673541904378621,2,"(30, 45)"
7.976511296117677,2.6812133791017736,2,"(30, 45)"
5.37450684281066,2.663643289932799,2,"(30, 45)"
5.37450684281066,2.6871386184612933,2,"(30, 45)"
9.800494672311473,2.6835638797916346,2,"(30, 45)"
9.800494672311473,2.652595347952704,2,"(30, 45)"
9.729217747598886,2.694445769625061,2,"(30, 45)"
1.4326382730621845,2.4714793685320813,2,"(30, 45)"
3.7903395880945023,2.664696428245074,2,"(30, 45)"
7.898860607435926,2.7003461889732776,2,"(30, 45)"
5.728173712687567,2.683201199410275,2,"(30, 45)"
2.840192499151453,2.6510252084550547,2,"(30, 45)"
13.02054882454686,2.635503968617814,2,"(30, 45)"
13.02054882454686,2.6466405281269547,2,"(30, 45)"
12.662651275843382,2.6268369137245897,2,"(30, 45)"
12.662651275843382,2.6679392394578696,2,"(30, 45)"
8.641516627231614,2.6827978469324183,2,"(30, 45)"
1.8981059892568737,2.581359626721078,2,"(30, 45)"
10.466223346488553,2.6717133211441393,2,"(30, 45)"
5.569370323233306,2.6943435880376563,2,"(30, 45)"
1.0171262852847576,2.359032482828336,2,"(30, 45)"
1.0171262852847576,2.352232362559508,2,"(30, 45)"
3.7422864901833233,2.664803487870706,2,"(30, 45)"
3.7422864901833233,2.669626947962926,2,"(30, 45)"
6.33814262766391,2.666883991638512,2,"(30, 45)"
0.7015289861243218,2.203626166240611,2,"(30, 45)"
6.606424689944833,2.673039692287148,2,"(30, 45)"
6.247365816496312,2.686732951352082,2,"(30, 45)"
12.13522337526083,2.611343806456772,2,"(30, 45)"
9.343157168803735,2.6971753462368264,2,"(30, 45)"
10.827947914367542,2.6851501989225532,2,"(30, 45)"
0.9232460986357184,2.3184552440742436,2,"(30, 45)"
2.6867677852977065,2.6313480804006435,2,"(30, 45)"
8.438620213279501,2.6764483078630223,2,"(30, 45)"
8.92320121708326,2.6805427609929664,2,"(30, 45)"
8.92320121708326,2.672163942030803,2,"(30, 45)"
4.817621069680899,2.6679435793229382,2,"(30, 45)"
4.817621069680899,2.680681253798305,2,"(30, 45)"
13.380593015858905,2.6175110580616536,2,"(30, 45)"
7.279965146025642,2.6808469542044477,2,"(30, 45)"
0.1915551159065217,1.5886618952698623,2,"(30, 45)"
0.3998305436689406,1.9383080229572955,2,"(30, 45)"
8.061628279136494,2.7021116498917372,2,"(30, 45)"
8.061628279136494,2.6801234138355436,2,"(30, 45)"
10.333700786996634,2.680245136305464,2,"(30, 45)"
10.333700786996634,2.669726992352918,2,"(30, 45)"
4.060404542088508,2.699326776961032,2,"(30, 45)"
12.500034195184709,2.6573170758199525,2,"(30, 45)"
2.2344673404470083,2.620464778047344,2,"(30, 45)"
8.815791724296288,2.701865232855983,2,"(30, 45)"
11.594142083125188,2.661329708157297,2,"(30, 45)"
11.594142083125188,2.6713773287149434,2,"(30, 45)"
8.157668774574995,2.7189905752655763,2,"(30, 45)"
8.157668774574995,2.6998646676851634,2,"(30, 45)"
0.8677018918097019,2.337668455362036,2,"(30, 45)"
0.8677018918097019,2.329302055769072,2,"(30, 45)"
9.565059056598692,2.6896397695027416,2,"(30, 45)"
9.565059056598692,2.667469658411413,2,"(30, 45)"
7.897378584649413,2.690675167093183,2,"(30, 45)"
5.937284067692235,2.659134936233859,2,"(30, 45)"
5.637058879621327,2.692269503610715,2,"(30, 45)"
13.459524241974576,2.6196092477948003,2,"(30, 45)"
3.3628600968979296,2.6521339012600595,2,"(30, 45)"
2.3666875529102978,2.6025796874348788,2,"(30, 45)"
8.758903371542692,2.688664152486974,2,"(30, 45)"
12.294198825815691,2.678132486938719,2,"(30, 45)"
7.556720465933903,2.7051623621286014,2,"(30, 45)"
3.9091248674783854,2.670526123783459,2,"(30, 45)"
6.035228120582178,2.689328444697186,2,"(30, 45)"
10.467355096666145,2.670262892310124,2,"(30, 45)"
11.832296842942014,2.6557286655530103,2,"(30, 45)"
6.499196214554831,2.6785884167348235,2,"(30, 45)"
7.064993064152076,2.703753712172382,2,"(30, 45)"
7.064993064152076,2.686406330551032,2,"(30, 45)"
2.617918204795569,2.614225147355046,2,"(30, 45)"
2.617918204795569,2.605468466198848,2,"(30, 45)"
4.341138111054897,2.6777719120939976,2,"(30, 45)"
4.341138111054897,2.6754911084220097,2,"(30, 45)"
1.713962068222463,2.511243290871994,2,"(30, 45)"
1.713962068222463,2.5342906382380206,2,"(30, 45)"
5.156697782035916,2.669071046262205,2,"(30, 45)"
7.124976086616516,2.7008089812797578,2,"(30, 45)"
13.28946295082569,2.6135526221342653,2,"(30, 45)"
3.609080746909603,2.672197226055066,2,"(30, 45)"
0.3105845076031983,1.8080965240508668,2,"(30, 45)"
10.79612540421076,2.695468855795036,2,"(30, 45)"
11.023362426226958,2.676245370667554,2,"(30, 45)"
12.0163196222391,2.654943676924746,2,"(30, 45)"
2.5636642307508732,2.64878745762898,2,"(30, 45)"
5.774757176311686,2.6626862968095613,2,"(30, 45)"
9.56519856187515,2.680151783224594,2,"(30, 45)"
8.975652282405646,2.6973628588028684,2,"(30, 45)"
