series,x,y
KDE,-0.5,0.0
KDE,0.0,0.0
KDE,-0.498046875,0.0
KDE,-0.494140625,0.0
KDE,-0.490234375,0.0
KDE,-0.486328125,0.0
KDE,-0.482421875,0.0
KDE,-0.478515625,0.0
KDE,-0.474609375,0.0
KDE,-0.470703125,0.0
KDE,-0.466796875,0.0
KDE,-0.462890625,0.0
KDE,-0.458984375,0.0
KDE,-0.455078125,0.0
KDE,-0.451171875,0.0
KDE,-0.447265625,0.0
KDE,-0.443359375,0.0
KDE,-0.439453125,0.0
KDE,-0.435546875,0.0
KDE,-0.431640625,0.0
KDE,-0.427734375,0.0
KDE,-0.423828125,0.0
KDE,-0.419921875,0.0
KDE,-0.416015625,0.0
KDE,-0.412109375,0.0
KDE,-0.408203125,0.0
KDE,-0.404296875,0.0
KDE,-0.400390625,0.0
KDE,-0.396484375,0.0
KDE,-0.392578125,0.0
KDE,-0.388671875,0.0
KDE,-0.384765625,0.0
KDE,-0.380859375,0.0
KDE,-0.376953125,0.0
KDE,-0.373046875,0.0
KDE,-0.369140625,0.0
KDE,-0.365234375,0.0
KDE,-0.361328125,0.0
KDE,-0.357421875,0.0
KDE,-0.353515625,0.0
KDE,-0.349609375,0.0
KDE,-0.345703125,0.0
KDE,-0.341796875,0.0
KDE,-0.337890625,0.0
KDE,-0.333984375,0.0
KDE,-0.330078125,0.0
KDE,-0.326171875,0.0
KDE,-0.322265625,0.0
KDE,-0.318359375,0.0
KDE,-0.314453125,0.0
KDE,-0.310546875,0.0
KDE,-0.306640625,0.0
KDE,-0.302734375,0.0
KDE,-0.298828125,0.0
KDE,-0.294921875,0.0
KDE,-0.291015625,0.0
KDE,-0.287109375,0.0
KDE,-0.283203125,0.0
KDE,-0.279296875,0.0
KDE,-0.275390625,0.0
KDE,-0.271484375,0.0
KDE,-0.267578125,0.0
KDE,-0.263671875,0.0
KDE,-0.259765625,0.0
KDE,-0.255859375,0.0
KDE,-0.251953125,0.0
KDE,-0.248046875,0.0
KDE,-0.244140625,0.0
KDE,-0.240234375,0.0
KDE,-0.236328125,0.0
KDE,-0.232421875,0.0
KDE,-0.228515625,0.0
KDE,-0.224609375,0.0
KDE,-0.220703125,0.0
KDE,-0.216796875,0.0
KDE,-0.212890625,0.0
KDE,-0.208984375,0.0
KDE,-0.205078125,0.0
KDE,-0.201171875,0.0
KDE,-0.197265625,0.0
KDE,-0.193359375,0.0
KDE,-0.189453125,0.0
KDE,-0.185546875,0.0
KDE,-0.181640625,0.0
KDE,-0.177734375,0.0
KDE,-0.173828125,0.0
KDE,-0.169921875,0.0
KDE,-0.166015625,0.0
KDE,-0.162109375,0.0
KDE,-0.158203125,0.0
KDE,-0.154296875,0.0
KDE,-0.150390625,0.0
KDE,-0.146484375,0.0
KDE,-0.142578125,0.0
KDE,-0.138671875,0.0
KDE,-0.134765625,0.0
KDE,-0.130859375,0.0
KDE,-0.126953125,0.0
KDE,-0.123046875,0.0
KDE,-0.119140625,0.0
KDE,-0.115234375,0.0
KDE,-0.111328125,0.0
KDE,-0.107421875,0.0
KDE,-0.103515625,0.0
KDE,-0.099609375,0.0
KDE,-0.095703125,0.0
KDE,-0.091796875,6.058440034202427e-10
KDE,-0.087890625,1.1262189957721672e-08
KDE,-0.083984375,1.1072960420267528e-07
KDE,-0.080078125,6.503492630945755e-07
KDE,-0.076171875,2.424348023210497e-06
KDE,-0.072265625,6.246528769729933e-06
KDE,-0.068359375,1.265114620282667e-05
KDE,-0.064453125,2.4143754281405475e-05
KDE,-0.060546875,5.037606208465502e-05
KDE,-0.056640625,0.0001099502491138
KDE,-0.052734375,0.0002178286232087
KDE,-0.048828125,0.0003684761699799
KDE,-0.044921875,0.0005273690320836
KDE,-0.041015625,0.0006298550942891
KDE,-0.037109375,0.0006215986062063
KDE,-0.033203125,0.0005172885736117
KDE,-0.029296875,0.0003988287672543
KDE,-0.025390625,0.0003578498720763
KDE,-0.021484375,0.0004642490305381
KDE,-0.017578125,0.0008164432611007
KDE,-0.013671875,0.0015691233486654
KDE,-0.009765625,0.0028330083097291
KDE,-0.005859375,0.0045397349212368
KDE,-0.001953125,0.0064735011574066
KDE,0.001953125,0.0084277437930691
KDE,0.005859375,0.0103235653628836
KDE,0.009765625,0.0122964096633394
KDE,0.013671875,0.0146522116919832
KDE,0.017578125,0.0176898339084552
KDE,0.021484375,0.0215717622425197
KDE,0.025390625,0.0264486972417249
KDE,0.029296875,0.0327397148018828
KDE,0.033203125,0.0415632392857957
KDE,0.037109375,0.0561359207358644
KDE,0.041015625,0.0870635240597742
KDE,0.044921875,0.1667401248718776
KDE,0.048828125,0.3903489829895204
KDE,0.052734375,1.0071485975853325
KDE,0.056640625,2.3367577343752854
KDE,0.060546875,4.170346303295165
KDE,0.064453125,5.631609236361664
KDE,0.068359375,6.202455189053567
KDE,0.072265625,6.148656029134924
KDE,0.076171875,5.886188050958683
KDE,0.080078125,5.602033712326337
KDE,0.083984375,5.336519803600255
KDE,0.087890625,5.092344993404203
KDE,0.091796875,4.866887919612447
KDE,0.095703125,4.658121694859983
KDE,0.099609375,4.465490217882813
KDE,0.103515625,4.288324527722362
KDE,0.107421875,4.12354525672357
KDE,0.111328125,3.9682672331726647
KDE,0.115234375,3.822790299629128
KDE,0.119140625,3.687220331723012
KDE,0.123046875,3.5600113353933738
KDE,0.126953125,3.4403085382368803
KDE,0.130859375,3.327294787069853
KDE,0.134765625,3.2194027082733956
KDE,0.138671875,3.116405670536483
KDE,0.142578125,3.018799846391672
KDE,0.146484375,2.925902678274454
KDE,0.150390625,2.837476679137281
KDE,0.154296875,2.753921630835393
KDE,0.158203125,2.674435483228334
KDE,0.162109375,2.5985955359185127
KDE,0.166015625,2.5268701957222235
KDE,0.169921875,2.4580848755264637
KDE,0.173828125,2.39063660499012
KDE,0.177734375,2.3247342343293926
KDE,0.181640625,2.2612628718228094
KDE,0.185546875,2.2005161728498184
KDE,0.189453125,2.1425531806957614
KDE,0.193359375,2.087509495309554
KDE,0.197265625,2.03512126348447
KDE,0.201171875,1.9847079276777784
KDE,0.205078125,1.9357827832572632
KDE,0.208984375,1.8881333805253848
KDE,0.212890625,1.841636782291339
KDE,0.216796875,1.7966986563434215
KDE,0.220703125,1.7539800838381008
KDE,0.224609375,1.7135584630479743
KDE,0.228515625,1.674323440035786
KDE,0.232421875,1.6352542080712251
KDE,0.236328125,1.5966789958712408
KDE,0.240234375,1.559334227149792
KDE,0.244140625,1.524003705133121
KDE,0.248046875,1.4911585754287802
KDE,0.251953125,1.4595457635693592
KDE,0.255859375,1.4275615814334035
KDE,0.259765625,1.3957453817555798
KDE,0.263671875,1.3654796482473617
KDE,0.267578125,1.3369789352513206
KDE,0.271484375,1.3099763495567196
KDE,0.275390625,1.284425009530063
KDE,0.279296875,1.2599391621413945
KDE,0.283203125,1.2357660712750342
KDE,0.287109375,1.2116283609738252
KDE,0.291015625,1.1881384414166525
KDE,0.294921875,1.165530575586741
KDE,0.298828125,1.143110772298641
KDE,0.302734375,1.1208281972758298
KDE,0.306640625,1.0994023082668751
KDE,0.310546875,1.078701307038216
KDE,0.314453125,1.0580184412490925
KDE,0.318359375,1.0372231187413017
KDE,0.322265625,1.016639351645282
KDE,0.326171875,0.9967580565397552
KDE,0.330078125,0.97783679580168
KDE,0.333984375,0.9595417205996052
KDE,0.337890625,0.941514633643496
KDE,0.341796875,0.9235972309321192
KDE,0.345703125,0.90558723802315
KDE,0.349609375,0.8878385818706833
KDE,0.353515625,0.871135747956927
KDE,0.357421875,0.8556172227581144
KDE,0.361328125,0.8405286328166246
KDE,0.365234375,0.8250753203375718
KDE,0.369140625,0.8092541181084191
KDE,0.373046875,0.7937019044345399
KDE,0.376953125,0.7793775472400989
KDE,0.380859375,0.7664557312147438
KDE,0.384765625,0.7537990498784194
KDE,0.388671875,0.7408699108154938
KDE,0.392578125,0.7283816156141425
KDE,0.396484375,0.7163354153035774
KDE,0.400390625,0.7037671428829148
KDE,0.404296875,0.6907509849539185
KDE,0.408203125,0.6785643715611221
KDE,0.412109375,0.6679184252091304
KDE,0.416015625,0.658246725759454
KDE,0.419921875,0.648369531719246
KDE,0.423828125,0.6375161194643055
KDE,0.427734375,0.6261577793887606
KDE,0.431640625,0.615404566273018
KDE,0.435546875,0.6054949052331781
KDE,0.439453125,0.5955596497169426
KDE,0.443359375,0.5852464630562452
KDE,0.447265625,0.5752866808697008
KDE,0.451171875,0.5662092212387313
KDE,0.455078125,0.5577599147749502
KDE,0.458984375,0.5495407691403061
KDE,0.462890625,0.5412612602339998
KDE,0.466796875,0.5328312016322848
KDE,0.470703125,0.5243374592028508
KDE,0.474609375,0.5159154574933557
KDE,0.478515625,0.5076873201533074
KDE,0.482421875,0.4995226042506496
KDE,0.486328125,0.4914076851217514
KDE,0.490234375,0.4835306752851756
KDE,0.494140625,0.4759020352562138
KDE,0.498046875,0.4685624070556933
KDE,0.501953125,0.4615178969815761
KDE,0.505859375,0.4545800545851988
KDE,0.509765625,0.4477240465422551
KDE,0.513671875,0.4410865702687302
KDE,0.517578125,0.4347647468837891
KDE,0.521484375,0.4288321550149974
KDE,0.525390625,0.4233749798753056
KDE,0.529296875,0.4183384232342158
KDE,0.533203125,0.4133218159819927
KDE,0.537109375,0.4080174937754788
KDE,0.541015625,0.4025325577688626
KDE,0.544921875,0.3973155400650995
KDE,0.548828125,0.3926166313252551
KDE,0.552734375,0.3881790178766454
KDE,0.556640625,0.3836342314230458
KDE,0.560546875,0.3786651394807986
KDE,0.564453125,0.3733487042743345
KDE,0.568359375,0.3681804345026329
KDE,0.572265625,0.363315431828326
KDE,0.576171875,0.3585112019595835
KDE,0.580078125,0.3536036491016876
KDE,0.583984375,0.3486151808273435
KDE,0.587890625,0.3435806858633528
KDE,0.591796875,0.3387217906452595
KDE,0.595703125,0.3343211736878198
KDE,0.599609375,0.3301180419187137
KDE,0.603515625,0.3257341037992632
KDE,0.607421875,0.3212431344409615
KDE,0.611328125,0.3170335250498284
KDE,0.615234375,0.3132158300534211
KDE,0.619140625,0.3094633417671517
KDE,0.623046875,0.3057077460559062
KDE,0.626953125,0.3020716844559538
KDE,0.630859375,0.2984134072466727
KDE,0.634765625,0.2946803696810195
KDE,0.638671875,0.2909335404752252
KDE,0.642578125,0.2871163184422416
KDE,0.646484375,0.2832626761279998
KDE,0.650390625,0.2796998982432167
KDE,0.654296875,0.276478817682122
KDE,0.658203125,0.2730963632069331
KDE,0.662109375,0.2693497373148715
KDE,0.666015625,0.265471860350127
KDE,0.669921875,0.2618728203011053
KDE,0.673828125,0.258829476678861
KDE,0.677734375,0.2560208303303307
KDE,0.681640625,0.2531059828273987
KDE,0.685546875,0.2503104958153515
KDE,0.689453125,0.2477574833665361
KDE,0.693359375,0.2450797245028598
KDE,0.697265625,0.2421521176763134
KDE,0.701171875,0.2393825367047778
KDE,0.705078125,0.2369964891352932
KDE,0.708984375,0.2347120735799095
KDE,0.712890625,0.2322128366727864
KDE,0.716796875,0.2293939552901932
KDE,0.720703125,0.2262626655949996
KDE,0.724609375,0.2230709643545717
KDE,0.728515625,0.2201709652501858
KDE,0.732421875,0.2175202360943989
KDE,0.736328125,0.214890210011968
KDE,0.740234375,0.2123026966264328
KDE,0.744140625,0.2098558531386479
KDE,0.748046875,0.2074410645732114
KDE,0.751953125,0.2048470665105274
KDE,0.755859375,0.2021073788810723
KDE,0.759765625,0.1995191200019132
KDE,0.763671875,0.1971515762591821
KDE,0.767578125,0.1947721862248109
KDE,0.771484375,0.1923770060899607
KDE,0.775390625,0.1900458856156646
KDE,0.779296875,0.1878014993431083
KDE,0.783203125,0.1858327294697142
KDE,0.787109375,0.1841406194697432
KDE,0.791015625,0.1823003356673576
KDE,0.794921875,0.1800510313206862
KDE,0.798828125,0.1776851230888928
KDE,0.802734375,0.1755702577959267
KDE,0.806640625,0.1735776590823917
KDE,0.810546875,0.1713977564903545
KDE,0.814453125,0.1691648058318818
KDE,0.818359375,0.1671193802494687
KDE,0.822265625,0.1651310610610518
KDE,0.826171875,0.163027486089185
KDE,0.830078125,0.1607581784040515
KDE,0.833984375,0.1583329287983258
KDE,0.837890625,0.1560259895799416
KDE,0.841796875,0.1540667351581152
KDE,0.845703125,0.1523651686757335
KDE,0.849609375,0.1507979576098365
KDE,0.853515625,0.1493198176786116
KDE,0.857421875,0.1477777840125935
KDE,0.861328125,0.1460703421245272
KDE,0.865234375,0.1444538342161546
KDE,0.869140625,0.143124742590561
KDE,0.873046875,0.1417382039779682
KDE,0.876953125,0.1400915273603264
KDE,0.880859375,0.1385081174580743
KDE,0.884765625,0.1371848483847821
KDE,0.888671875,0.1360693606775349
KDE,0.892578125,0.135022681145452
KDE,0.896484375,0.1338805311592064
KDE,0.900390625,0.1327498408403398
KDE,0.904296875,0.1317580801850646
KDE,0.908203125,0.130652466407865
KDE,0.912109375,0.1292763385400935
KDE,0.916015625,0.1278632274386847
KDE,0.919921875,0.1265743352178678
KDE,0.923828125,0.1253384548899606
KDE,0.927734375,0.1239959175123383
KDE,0.931640625,0.1224936156007793
KDE,0.935546875,0.1209810863291833
KDE,0.939453125,0.1196343732829429
KDE,0.943359375,0.1185406376939594
KDE,0.947265625,0.117702451508779
KDE,0.951171875,0.1170022108159563
KDE,0.955078125,0.1162138784445301
KDE,0.958984375,0.1151329251396101
KDE,0.962890625,0.1138207668898684
KDE,0.966796875,0.1125890965324649
KDE,0.970703125,0.1115366013181733
KDE,0.974609375,0.1104765366594717
KDE,0.978515625,0.1093748213572893
KDE,0.982421875,0.1084079343301882
KDE,0.986328125,0.107574107468702
KDE,0.990234375,0.1066013336337037
KDE,0.994140625,0.1054694175133625
KDE,0.998046875,0.104495603773623
KDE,1.001953125,0.1037276945381418
KDE,1.005859375,0.1028442064072942
KDE,1.009765625,0.1016748445990795
KDE,1.013671875,0.1003833668799115
KDE,1.017578125,0.0992203900147946
KDE,1.021484375,0.098367630552612
KDE,1.025390625,0.0977649426085685
KDE,1.029296875,0.09712593127051
KDE,1.033203125,0.0963211749208253
KDE,1.037109375,0.0954783900936426
KDE,1.041015625,0.0947562863079106
KDE,1.044921875,0.0941435446015314
KDE,1.048828125,0.0935151074481731
KDE,1.052734375,0.0928265684716416
KDE,1.056640625,0.0920733927215614
KDE,1.060546875,0.0912639763284887
KDE,1.064453125,0.0904479583266905
KDE,1.068359375,0.0895610250861437
KDE,1.072265625,0.0884789644534811
KDE,1.076171875,0.0872441051900184
KDE,1.080078125,0.0861477229121371
KDE,1.083984375,0.0854045403487863
KDE,1.087890625,0.0849340046705218
KDE,1.091796875,0.0844865290646966
KDE,1.095703125,0.0838512645060509
KDE,1.099609375,0.0830144834335792
KDE,1.103515625,0.0821120568711774
KDE,1.107421875,0.081292890820239
KDE,1.111328125,0.0806223144556545
KDE,1.115234375,0.0799848912830458
KDE,1.119140625,0.0792093439621068
KDE,1.123046875,0.0782723571495791
KDE,1.126953125,0.077382674234749
KDE,1.130859375,0.0767851240071643
KDE,1.134765625,0.0764649585585292
KDE,1.138671875,0.0762755149303383
KDE,1.142578125,0.0761372355300002
KDE,1.146484375,0.0760351960380543
KDE,1.150390625,0.0759656607817998
KDE,1.154296875,0.0759043447498806
KDE,1.158203125,0.0757892215645908
KDE,1.162109375,0.0755064937937998
KDE,1.166015625,0.0750266975010886
KDE,1.169921875,0.0744899152539954
KDE,1.173828125,0.0740444823831865
KDE,1.177734375,0.0737614646549837
KDE,1.181640625,0.0736485535922132
KDE,1.185546875,0.0735943610529515
KDE,1.189453125,0.0735451095755166
KDE,1.193359375,0.0735244207423562
KDE,1.197265625,0.073448467415337
KDE,1.201171875,0.0731858787416804
KDE,1.205078125,0.0726823919740797
KDE,1.208984375,0.0720331817193196
KDE,1.212890625,0.0714658942862572
KDE,1.216796875,0.0710714995792415
KDE,1.220703125,0.0705701556801815
KDE,1.224609375,0.069641267968481
KDE,1.228515625,0.0683739523621801
KDE,1.232421875,0.0670890762559438
KDE,1.236328125,0.0660036165292091
KDE,1.240234375,0.0651684064019999
KDE,1.244140625,0.0645205365750491
KDE,1.248046875,0.0639126435754012
KDE,1.251953125,0.0632483010989401
KDE,1.255859375,0.0624589475816664
KDE,1.259765625,0.0614544967457302
KDE,1.263671875,0.0603708215282876
KDE,1.267578125,0.0595644446352386
KDE,1.271484375,0.0590764979315118
KDE,1.275390625,0.058543701452962
KDE,1.279296875,0.0578114954282936
KDE,1.283203125,0.057046068045192
KDE,1.287109375,0.0562976627963214
KDE,1.291015625,0.0554502612593034
KDE,1.294921875,0.0545148275487656
KDE,1.298828125,0.0536212468120732
KDE,1.302734375,0.0528459489117945
KDE,1.306640625,0.0522554357774719
KDE,1.310546875,0.0518642509651725
KDE,1.314453125,0.0515522818324939
KDE,1.318359375,0.051213249620666
KDE,1.322265625,0.0509142242214523
KDE,1.326171875,0.0506798907869562
KDE,1.330078125,0.050329436275758
KDE,1.333984375,0.0498090494264314
KDE,1.337890625,0.0492593272159021
KDE,1.341796875,0.0487966093137985
KDE,1.345703125,0.048432310531336
KDE,1.349609375,0.0480174186130896
KDE,1.353515625,0.0474989974710676
KDE,1.357421875,0.0470398999392476
KDE,1.361328125,0.0467384757394778
KDE,1.365234375,0.0465191626302806
KDE,1.369140625,0.0462863008787444
KDE,1.373046875,0.0460406027133458
KDE,1.376953125,0.0458080320611995
KDE,1.380859375,0.0456373394782798
KDE,1.384765625,0.0455594891158327
KDE,1.388671875,0.0455298590167415
KDE,1.392578125,0.0454758049746155
KDE,1.396484375,0.0453533396594724
KDE,1.400390625,0.045165391691054
KDE,1.404296875,0.0449184745050709
KDE,1.408203125,0.0447546791126601
KDE,1.412109375,0.0447795935869856
KDE,1.416015625,0.0447975963290612
KDE,1.419921875,0.0445830645595963
KDE,1.423828125,0.0441305623529086
KDE,1.427734375,0.0435391054070159
KDE,1.431640625,0.0428798275524628
KDE,1.435546875,0.0422242248441965
KDE,1.439453125,0.0416193839502807
KDE,1.443359375,0.0410709864467642
KDE,1.447265625,0.0406136697198891
KDE,1.451171875,0.0402937355682336
KDE,1.455078125,0.0400671828013266
KDE,1.458984375,0.0398627274466557
KDE,1.462890625,0.0396891176667706
KDE,1.466796875,0.0394922014604432
KDE,1.470703125,0.0391494334850621
KDE,1.474609375,0.0386767095123185
KDE,1.478515625,0.0382497537998754
KDE,1.482421875,0.0379526562980968
KDE,1.486328125,0.0376435948499556
KDE,1.490234375,0.0371976850194497
KDE,1.494140625,0.0366452982200431
KDE,1.498046875,0.036097705343707
KDE,1.501953125,0.0356707013964513
KDE,1.505859375,0.0353858929909158
KDE,1.509765625,0.0351757863026273
KDE,1.513671875,0.0350519522553532
KDE,1.517578125,0.0350792031690574
KDE,1.521484375,0.0351839871413635
KDE,1.525390625,0.035262746091095
KDE,1.529296875,0.0352808168861064
KDE,1.533203125,0.0351820737329341
KDE,1.537109375,0.0349503912714184
KDE,1.541015625,0.034679047698347
KDE,1.544921875,0.0344482482256478
KDE,1.548828125,0.0342649764182088
KDE,1.552734375,0.0341183123897628
KDE,1.556640625,0.0339418842073352
KDE,1.560546875,0.0336349780099615
KDE,1.564453125,0.0331989635439822
KDE,1.568359375,0.0327815177228669
KDE,1.572265625,0.0325285669341343
KDE,1.576171875,0.0323588422716324
KDE,1.580078125,0.0321491222787791
KDE,1.583984375,0.0319997833861424
KDE,1.587890625,0.0320006984415593
KDE,1.591796875,0.0320255890795437
KDE,1.595703125,0.0319423483168217
KDE,1.599609375,0.0317545291026395
KDE,1.603515625,0.0315207998859308
KDE,1.607421875,0.0312923237914247
KDE,1.611328125,0.0310866186229631
KDE,1.615234375,0.0308949979724059
KDE,1.619140625,0.030676063618521
KDE,1.623046875,0.0303901975115539
KDE,1.626953125,0.0301016595752875
KDE,1.630859375,0.0299404366959131
KDE,1.634765625,0.0299261813267137
KDE,1.638671875,0.0299415669555648
KDE,1.642578125,0.0298710761484779
KDE,1.646484375,0.0296756696176236
KDE,1.650390625,0.029394932716645
KDE,1.654296875,0.0291592064869337
KDE,1.658203125,0.0290145011287613
KDE,1.662109375,0.0288419758318713
KDE,1.666015625,0.0285753037011474
KDE,1.669921875,0.0282897126796093
KDE,1.673828125,0.0281098921216265
KDE,1.677734375,0.0280528315840753
KDE,1.681640625,0.0280324235465551
KDE,1.685546875,0.0280696459814612
KDE,1.689453125,0.0282214966614055
KDE,1.693359375,0.028401946367801
KDE,1.697265625,0.0284803592204317
KDE,1.701171875,0.0284442273076834
KDE,1.705078125,0.0283515503591838
KDE,1.708984375,0.0282247146106463
KDE,1.712890625,0.028095029172545
KDE,1.716796875,0.0279848558949866
KDE,1.720703125,0.02786814880072
KDE,1.724609375,0.0277324302337565
KDE,1.728515625,0.027609690792164
KDE,1.732421875,0.0275256012208944
KDE,1.736328125,0.0275066235824762
KDE,1.740234375,0.0275795119392978
KDE,1.744140625,0.0277139300192557
KDE,1.748046875,0.0278113647599557
KDE,1.751953125,0.0277793047936393
KDE,1.755859375,0.0276946558666489
KDE,1.759765625,0.027684569813205
KDE,1.763671875,0.0276973850090383
KDE,1.767578125,0.0276636025047441
KDE,1.771484375,0.0275932524520611
KDE,1.775390625,0.0274560800183033
KDE,1.779296875,0.0272092242395099
KDE,1.783203125,0.0268912374120624
KDE,1.787109375,0.0265865525947309
KDE,1.791015625,0.0263526809226617
KDE,1.794921875,0.0262081630472673
KDE,1.798828125,0.0261304867717014
KDE,1.802734375,0.0260574627371519
KDE,1.806640625,0.0259800460260498
KDE,1.810546875,0.0259598193163586
KDE,1.814453125,0.0259570974311464
KDE,1.818359375,0.025862677727057
KDE,1.822265625,0.0256784819699373
KDE,1.826171875,0.0254453174340251
KDE,1.830078125,0.0251564006689225
KDE,1.833984375,0.0248027030884795
KDE,1.837890625,0.0244299763890923
KDE,1.841796875,0.0241226988151552
KDE,1.845703125,0.0239347961292576
KDE,1.849609375,0.0238755830029836
KDE,1.853515625,0.023869922909745
KDE,1.857421875,0.0238591711369908
KDE,1.861328125,0.0238773084682656
KDE,1.865234375,0.0238574905436198
KDE,1.869140625,0.0237231832298425
KDE,1.873046875,0.0235505633622112
KDE,1.876953125,0.0234420033218698
KDE,1.880859375,0.0233798864581144
KDE,1.884765625,0.0233196239546941
KDE,1.888671875,0.0232933993136923
KDE,1.892578125,0.0232859777431273
KDE,1.896484375,0.0232406351372107
KDE,1.900390625,0.0231634791311533
KDE,1.904296875,0.0230952582432569
KDE,1.908203125,0.022993951069429
KDE,1.912109375,0.0228241284802644
KDE,1.916015625,0.0226567988138189
KDE,1.919921875,0.0225875309405577
KDE,1.923828125,0.0226358984078876
KDE,1.927734375,0.0227016292260385
KDE,1.931640625,0.0227009352768987
KDE,1.935546875,0.0226730181738844
KDE,1.939453125,0.0226497773702852
KDE,1.943359375,0.0225705940006325
KDE,1.947265625,0.0223989153756552
KDE,1.951171875,0.0222323748709986
KDE,1.955078125,0.0221349137987171
KDE,1.958984375,0.0220079015481672
KDE,1.962890625,0.0218449017733643
KDE,1.966796875,0.021751444707507
KDE,1.970703125,0.0216847508462638
KDE,1.974609375,0.0215254930855625
KDE,1.978515625,0.0213237865379203
KDE,1.982421875,0.0211994866873973
KDE,1.986328125,0.0211004092907656
KDE,1.990234375,0.0208917705058957
KDE,1.994140625,0.0205995303876634
KDE,1.998046875,0.0203755246072779
KDE,2.001953125,0.0202627753919803
KDE,2.005859375,0.0201661110386131
KDE,2.009765625,0.0200781452453857
KDE,2.013671875,0.020039955022418
KDE,2.017578125,0.0199791604321553
KDE,2.021484375,0.0198799443775334
KDE,2.025390625,0.0198249312764467
KDE,2.029296875,0.0198531239261274
KDE,2.033203125,0.0198941671911465
KDE,2.037109375,0.01981835459235
KDE,2.041015625,0.0195778560160265
KDE,2.044921875,0.0192763266372707
KDE,2.048828125,0.0189962080016677
KDE,2.052734375,0.0187492415512898
KDE,2.056640625,0.0185937939634884
KDE,2.060546875,0.0185359106565248
KDE,2.064453125,0.0184841620201902
KDE,2.068359375,0.0183596485591186
KDE,2.072265625,0.0181392592860697
KDE,2.076171875,0.017907194942481
KDE,2.080078125,0.0178103436294138
KDE,2.083984375,0.0178753182954025
KDE,2.087890625,0.0180268312680051
KDE,2.091796875,0.0181822886648636
KDE,2.095703125,0.0182288431208968
KDE,2.099609375,0.0181239058261989
KDE,2.103515625,0.0179464600794277
KDE,2.107421875,0.0177875701381731
KDE,2.111328125,0.0176905346061988
KDE,2.115234375,0.0176432014592048
KDE,2.119140625,0.0175869138968869
KDE,2.123046875,0.0174973113071528
KDE,2.126953125,0.0174131168040319
KDE,2.130859375,0.0173584888914511
KDE,2.134765625,0.0172871493400431
KDE,2.138671875,0.0171795270217524
KDE,2.142578125,0.0170853562973615
KDE,2.146484375,0.0170203473875274
KDE,2.150390625,0.0169534978840439
KDE,2.154296875,0.0168561094640394
KDE,2.158203125,0.0166892608959395
KDE,2.162109375,0.0164536366985493
KDE,2.166015625,0.0162081703436098
KDE,2.169921875,0.0159693848883451
KDE,2.173828125,0.0157274331128147
KDE,2.177734375,0.0155082011550309
KDE,2.181640625,0.0153167305740604
KDE,2.185546875,0.0151157238261981
KDE,2.189453125,0.0148967639885207
KDE,2.193359375,0.0146871901728455
KDE,2.197265625,0.0144977914722805
KDE,2.201171875,0.0143353880572398
KDE,2.205078125,0.014216428039443
KDE,2.208984375,0.0141875830928115
KDE,2.212890625,0.0142526949119829
KDE,2.216796875,0.0143351209336878
KDE,2.220703125,0.0143617784408269
KDE,2.224609375,0.0143157826707231
KDE,2.228515625,0.0141877841585786
KDE,2.232421875,0.0140168408944435
KDE,2.236328125,0.0139204266618787
KDE,2.240234375,0.0139371023619325
KDE,2.244140625,0.0140064670175161
KDE,2.248046875,0.0140762011790833
KDE,2.251953125,0.014117669532329
KDE,2.255859375,0.0141281755777089
KDE,2.259765625,0.0141535516982889
KDE,2.263671875,0.0142587961196118
KDE,2.267578125,0.0144395537172748
KDE,2.271484375,0.0145921361729542
KDE,2.275390625,0.0146546372177551
KDE,2.279296875,0.0146928359583708
KDE,2.283203125,0.0147568502204551
KDE,2.287109375,0.0147986096557541
KDE,2.291015625,0.0147679446438497
KDE,2.294921875,0.0146773454505023
KDE,2.298828125,0.0145911096165437
KDE,2.302734375,0.0145386026061029
KDE,2.306640625,0.0144970949980634
KDE,2.310546875,0.0144665405893306
KDE,2.314453125,0.0144437467619389
KDE,2.318359375,0.0144018614391821
KDE,2.322265625,0.0143263615388764
KDE,2.326171875,0.0142231115304563
KDE,2.330078125,0.0141399412680451
KDE,2.333984375,0.014099234163943
KDE,2.337890625,0.0140819589008911
KDE,2.341796875,0.0140709850128883
KDE,2.345703125,0.0140320805682769
KDE,2.349609375,0.0139910471559967
KDE,2.353515625,0.0139978498881739
KDE,2.357421875,0.0139931475376283
KDE,2.361328125,0.0139498844141402
KDE,2.365234375,0.0139009164636878
KDE,2.369140625,0.013816464495672
KDE,2.373046875,0.0137175723235764
KDE,2.376953125,0.0136528505704532
KDE,2.380859375,0.0135864967935889
KDE,2.384765625,0.0135408228577906
KDE,2.388671875,0.0135983664425043
KDE,2.392578125,0.0137363735445879
KDE,2.396484375,0.013847273631385
KDE,2.400390625,0.0138543932630006
KDE,2.404296875,0.0137707928477378
KDE,2.408203125,0.0136661658225227
KDE,2.412109375,0.0135965428169357
KDE,2.416015625,0.0135609975164207
KDE,2.419921875,0.0135483885248784
KDE,2.423828125,0.013575306822854
KDE,2.427734375,0.0135732082585634
KDE,2.431640625,0.0135036241328116
KDE,2.435546875,0.013493157917179
KDE,2.439453125,0.0136262728483413
KDE,2.443359375,0.0138020435050208
KDE,2.447265625,0.0138874705001024
KDE,2.451171875,0.0138615895301815
KDE,2.455078125,0.0138208094932857
KDE,2.458984375,0.0138529064544037
KDE,2.462890625,0.0138946028691564
KDE,2.466796875,0.0138654878470577
KDE,2.470703125,0.0137938961347312
KDE,2.474609375,0.0137233366539609
KDE,2.478515625,0.0136716199793373
KDE,2.482421875,0.0136379687428725
KDE,2.486328125,0.0136169009872612
KDE,2.490234375,0.0135729100312227
KDE,2.494140625,0.0134920196885376
KDE,2.498046875,0.0134258540443484
MTM full,-0.5,0.0
MTM full,0.0,0.0
MTM full,-0.498046875,0.0
MTM full,-0.494140625,0.0
MTM full,-0.490234375,0.0
MTM full,-0.486328125,0.0
MTM full,-0.482421875,0.0
MTM full,-0.478515625,0.0
MTM full,-0.474609375,0.0
MTM full,-0.470703125,0.0
MTM full,-0.466796875,0.0
MTM full,-0.462890625,0.0
MTM full,-0.458984375,0.0
MTM full,-0.455078125,0.0
MTM full,-0.451171875,0.0
MTM full,-0.447265625,0.0
MTM full,-0.443359375,0.0
MTM full,-0.439453125,0.0
MTM full,-0.435546875,0.0
MTM full,-0.431640625,0.0
MTM full,-0.427734375,0.0
MTM full,-0.423828125,0.0
MTM full,-0.419921875,0.0
MTM full,-0.416015625,0.0
MTM full,-0.412109375,0.0
MTM full,-0.408203125,0.0
MTM full,-0.404296875,0.0
MTM full,-0.400390625,0.0
MTM full,-0.396484375,0.0
MTM full,-0.392578125,0.0
MTM full,-0.388671875,0.0
MTM full,-0.384765625,0.0
MTM full,-0.380859375,0.0
MTM full,-0.376953125,0.0
MTM full,-0.373046875,0.0
MTM full,-0.369140625,0.0
MTM full,-0.365234375,0.0
MTM full,-0.361328125,0.0
MTM full,-0.357421875,0.0
MTM full,-0.353515625,0.0
MTM full,-0.349609375,0.0
MTM full,-0.345703125,0.0
MTM full,-0.341796875,0.0
MTM full,-0.337890625,0.0
MTM full,-0.333984375,0.0
MTM full,-0.330078125,0.0
MTM full,-0.326171875,0.0
MTM full,-0.322265625,0.0
MTM full,-0.318359375,0.0
MTM full,-0.314453125,0.0
MTM full,-0.310546875,0.0
MTM full,-0.306640625,0.0
MTM full,-0.302734375,0.0
MTM full,-0.298828125,0.0
MTM full,-0.294921875,0.0
MTM full,-0.291015625,0.0
MTM full,-0.287109375,0.0
MTM full,-0.283203125,0.0
MTM full,-0.279296875,0.0
MTM full,-0.275390625,0.0
MTM full,-0.271484375,0.0
MTM full,-0.267578125,0.0
MTM full,-0.263671875,0.0
MTM full,-0.259765625,0.0
MTM full,-0.255859375,0.0
MTM full,-0.251953125,0.0
MTM full,-0.248046875,0.0
MTM full,-0.244140625,0.0
MTM full,-0.240234375,0.0
MTM full,-0.236328125,0.0
MTM full,-0.232421875,0.0
MTM full,-0.228515625,0.0
MTM full,-0.224609375,0.0
MTM full,-0.220703125,0.0
MTM full,-0.216796875,0.0
MTM full,-0.212890625,0.0
MTM full,-0.208984375,0.0
MTM full,-0.205078125,0.0
MTM full,-0.201171875,0.0
MTM full,-0.197265625,0.0
MTM full,-0.193359375,0.0
MTM full,-0.189453125,0.0
MTM full,-0.185546875,0.0
MTM full,-0.181640625,0.0
MTM full,-0.177734375,0.0
MTM full,-0.173828125,0.0
MTM full,-0.169921875,0.0
MTM full,-0.166015625,0.0
MTM full,-0.162109375,0.0
MTM full,-0.158203125,0.0
MTM full,-0.154296875,0.0
MTM full,-0.150390625,0.0
MTM full,-0.146484375,0.0
MTM full,-0.142578125,0.0
MTM full,-0.138671875,0.0
MTM full,-0.134765625,0.0
MTM full,-0.130859375,0.0
MTM full,-0.126953125,0.0
MTM full,-0.123046875,0.0
MTM full,-0.119140625,0.0
MTM full,-0.115234375,0.0
MTM full,-0.111328125,0.0
MTM full,-0.107421875,0.0
MTM full,-0.103515625,0.0
MTM full,-0.099609375,0.0
MTM full,-0.095703125,0.0
MTM full,-0.091796875,0.0
MTM full,-0.087890625,0.0
MTM full,-0.083984375,0.0
MTM full,-0.080078125,0.0
MTM full,-0.076171875,0.0
MTM full,-0.072265625,4e-06
MTM full,-0.068359375,1.2e-05
MTM full,-0.064453125,1.6e-05
MTM full,-0.060546875,3.2e-05
MTM full,-0.056640625,4.4e-05
MTM full,-0.052734375,0.000188
MTM full,-0.048828125,0.000336
MTM full,-0.044921875,0.000556
MTM full,-0.041015625,0.000788
MTM full,-0.037109375,0.000716
MTM full,-0.033203125,0.000556
MTM full,-0.029296875,0.000276
MTM full,-0.025390625,0.00026
MTM full,-0.021484375,0.000328
MTM full,-0.017578125,0.000468
MTM full,-0.013671875,0.00108
MTM full,-0.009765625,0.002276
MTM full,-0.005859375,0.00454
MTM full,-0.001953125,0.006324
MTM full,0.001953125,0.008752
MTM full,0.005859375,0.01022
MTM full,0.009765625,0.012112
MTM full,0.013671875,0.013856
MTM full,0.017578125,0.01704
MTM full,0.021484375,0.020856
MTM full,0.025390625,0.0255
MTM full,0.029296875,0.031148
MTM full,0.033203125,0.03844
MTM full,0.037109375,0.049004
MTM full,0.041015625,0.064484
MTM full,0.044921875,0.0974039999999999
MTM full,0.048828125,0.172456
MTM full,0.052734375,0.548256
MTM full,0.056640625,0.6322639999999999
MTM full,0.060546875,5.296844
MTM full,0.064453125,6.884876
MTM full,0.068359375,6.528464
MTM full,0.072265625,6.182316
MTM full,0.076171875,5.87474
MTM full,0.080078125,5.5799199999999995
MTM full,0.083984375,5.31902
MTM full,0.087890625,5.077807999999999
MTM full,0.091796875,4.8533159999999995
MTM full,0.095703125,4.646644
MTM full,0.099609375,4.4501
MTM full,0.103515625,4.2757439999999995
MTM full,0.107421875,4.1231279999999995
MTM full,0.111328125,3.956432
MTM full,0.115234375,3.813296
MTM full,0.119140625,3.682348
MTM full,0.123046875,3.554484
MTM full,0.126953125,3.431604
MTM full,0.130859375,3.325944
MTM full,0.134765625,3.21662
MTM full,0.138671875,3.10864
MTM full,0.142578125,3.016372
MTM full,0.146484375,2.924368
MTM full,0.150390625,2.830184
MTM full,0.154296875,2.7509319999999997
MTM full,0.158203125,2.6752640000000003
MTM full,0.162109375,2.590564
MTM full,0.166015625,2.5251599999999996
MTM full,0.169921875,2.459292
MTM full,0.173828125,2.38866
MTM full,0.177734375,2.322616
MTM full,0.181640625,2.2583960000000003
MTM full,0.185546875,2.199432
MTM full,0.189453125,2.13884
MTM full,0.193359375,2.085984
MTM full,0.197265625,2.032484
MTM full,0.201171875,1.985564
MTM full,0.205078125,1.932124
MTM full,0.208984375,1.890108
MTM full,0.212890625,1.838332
MTM full,0.216796875,1.796544
MTM full,0.220703125,1.7499760000000002
MTM full,0.224609375,1.712504
MTM full,0.228515625,1.676444
MTM full,0.232421875,1.633836
MTM full,0.236328125,1.5954199999999998
MTM full,0.240234375,1.559152
MTM full,0.244140625,1.51978
MTM full,0.248046875,1.488988
MTM full,0.251953125,1.463124
MTM full,0.255859375,1.427292
MTM full,0.259765625,1.39294
MTM full,0.263671875,1.364044
MTM full,0.267578125,1.3368
MTM full,0.271484375,1.3075640000000002
MTM full,0.275390625,1.2841
MTM full,0.279296875,1.25894
MTM full,0.283203125,1.237456
MTM full,0.287109375,1.210592
MTM full,0.291015625,1.18594
MTM full,0.294921875,1.1662279999999998
MTM full,0.298828125,1.14452
MTM full,0.302734375,1.118328
MTM full,0.306640625,1.09848
MTM full,0.310546875,1.079972
MTM full,0.314453125,1.057512
MTM full,0.318359375,1.037468
MTM full,0.322265625,1.016152
MTM full,0.326171875,0.99518
MTM full,0.330078125,0.977316
MTM full,0.333984375,0.960328
MTM full,0.337890625,0.940076
MTM full,0.341796875,0.924676
MTM full,0.345703125,0.905988
MTM full,0.349609375,0.88584
MTM full,0.353515625,0.870436
MTM full,0.357421875,0.854088
MTM full,0.361328125,0.842836
MTM full,0.365234375,0.824292
MTM full,0.369140625,0.8099719999999999
MTM full,0.373046875,0.7928120000000001
MTM full,0.376953125,0.775892
MTM full,0.380859375,0.767424
MTM full,0.384765625,0.7554799999999999
MTM full,0.388671875,0.739656
MTM full,0.392578125,0.7262839999999999
MTM full,0.396484375,0.71858
MTM full,0.400390625,0.704764
MTM full,0.404296875,0.6896599999999999
MTM full,0.408203125,0.675964
MTM full,0.412109375,0.667836
MTM full,0.416015625,0.657324
MTM full,0.419921875,0.651224
MTM full,0.423828125,0.637352
MTM full,0.427734375,0.626196
MTM full,0.431640625,0.6123959999999999
MTM full,0.435546875,0.607084
MTM full,0.439453125,0.596284
MTM full,0.443359375,0.5851200000000001
MTM full,0.447265625,0.57304
MTM full,0.451171875,0.566864
MTM full,0.455078125,0.55688
MTM full,0.458984375,0.549904
MTM full,0.462890625,0.541812
MTM full,0.466796875,0.532072
MTM full,0.470703125,0.525416
MTM full,0.474609375,0.514532
MTM full,0.478515625,0.508144
MTM full,0.482421875,0.500024
MTM full,0.486328125,0.4902559999999999
MTM full,0.490234375,0.483956
MTM full,0.494140625,0.475664
MTM full,0.498046875,0.467724
MTM full,0.501953125,0.461956
MTM full,0.505859375,0.4546
MTM full,0.509765625,0.4471199999999999
MTM full,0.513671875,0.44144
MTM full,0.517578125,0.433592
MTM full,0.521484375,0.429632
MTM full,0.525390625,0.4213719999999999
MTM full,0.529296875,0.419568
MTM full,0.533203125,0.412996
MTM full,0.537109375,0.40878
MTM full,0.541015625,0.402364
MTM full,0.544921875,0.3958399999999999
MTM full,0.548828125,0.39324
MTM full,0.552734375,0.387784
MTM full,0.556640625,0.383984
MTM full,0.560546875,0.3801
MTM full,0.564453125,0.372056
MTM full,0.568359375,0.3681799999999999
MTM full,0.572265625,0.363148
MTM full,0.576171875,0.35888
MTM full,0.580078125,0.353668
MTM full,0.583984375,0.348136
MTM full,0.587890625,0.3448799999999999
MTM full,0.591796875,0.3364279999999999
MTM full,0.595703125,0.335124
MTM full,0.599609375,0.330096
MTM full,0.603515625,0.326184
MTM full,0.607421875,0.321068
MTM full,0.611328125,0.31576
MTM full,0.615234375,0.313796
MTM full,0.619140625,0.3100159999999999
MTM full,0.623046875,0.3043639999999999
MTM full,0.626953125,0.303096
MTM full,0.630859375,0.2981359999999999
MTM full,0.634765625,0.29464
MTM full,0.638671875,0.2910399999999999
MTM full,0.642578125,0.287172
MTM full,0.646484375,0.283788
MTM full,0.650390625,0.277364
MTM full,0.654296875,0.278448
MTM full,0.658203125,0.272764
MTM full,0.662109375,0.2696159999999999
MTM full,0.666015625,0.26572
MTM full,0.669921875,0.260412
MTM full,0.673828125,0.258668
MTM full,0.677734375,0.256984
MTM full,0.681640625,0.252744
MTM full,0.685546875,0.24944
MTM full,0.689453125,0.24818
MTM full,0.693359375,0.2459239999999999
MTM full,0.697265625,0.2416999999999999
MTM full,0.701171875,0.238576
MTM full,0.705078125,0.237084
MTM full,0.708984375,0.235144
MTM full,0.712890625,0.232296
MTM full,0.716796875,0.229724
MTM full,0.720703125,0.226844
MTM full,0.724609375,0.222096
MTM full,0.728515625,0.219916
MTM full,0.732421875,0.217968
MTM full,0.736328125,0.214668
MTM full,0.740234375,0.212212
MTM full,0.744140625,0.209496
MTM full,0.748046875,0.208
MTM full,0.751953125,0.204924
MTM full,0.755859375,0.202348
MTM full,0.759765625,0.19812
MTM full,0.763671875,0.198412
MTM full,0.767578125,0.194288
MTM full,0.771484375,0.19216
MTM full,0.775390625,0.19042
MTM full,0.779296875,0.187492
MTM full,0.783203125,0.18498
MTM full,0.787109375,0.18454
MTM full,0.791015625,0.183076
MTM full,0.794921875,0.180184
MTM full,0.798828125,0.177136
MTM full,0.802734375,0.1749879999999999
MTM full,0.806640625,0.17458
MTM full,0.810546875,0.1713839999999999
MTM full,0.814453125,0.168508
MTM full,0.818359375,0.167092
MTM full,0.822265625,0.1658319999999999
MTM full,0.826171875,0.162232
MTM full,0.830078125,0.16198
MTM full,0.833984375,0.157708
MTM full,0.837890625,0.155628
MTM full,0.841796875,0.153796
MTM full,0.845703125,0.15258
MTM full,0.849609375,0.150384
MTM full,0.853515625,0.149416
MTM full,0.857421875,0.148112
MTM full,0.861328125,0.146448
MTM full,0.865234375,0.143148
MTM full,0.869140625,0.143392
MTM full,0.873046875,0.1429639999999999
MTM full,0.876953125,0.139172
MTM full,0.880859375,0.1384
MTM full,0.884765625,0.137248
MTM full,0.888671875,0.135456
MTM full,0.892578125,0.13568
MTM full,0.896484375,0.1339759999999999
MTM full,0.900390625,0.1320279999999999
MTM full,0.904296875,0.131872
MTM full,0.908203125,0.131724
MTM full,0.912109375,0.128568
MTM full,0.916015625,0.1280359999999999
MTM full,0.919921875,0.126296
MTM full,0.923828125,0.125492
MTM full,0.927734375,0.1243799999999999
MTM full,0.931640625,0.1224
MTM full,0.935546875,0.120776
MTM full,0.939453125,0.11948
MTM full,0.943359375,0.118204
MTM full,0.947265625,0.117568
MTM full,0.951171875,0.117056
MTM full,0.955078125,0.116484
MTM full,0.958984375,0.115752
MTM full,0.962890625,0.113504
MTM full,0.966796875,0.1119999999999999
MTM full,0.970703125,0.112004
MTM full,0.974609375,0.110452
MTM full,0.978515625,0.10942
MTM full,0.982421875,0.107676
MTM full,0.986328125,0.108056
MTM full,0.990234375,0.107192
MTM full,0.994140625,0.104916
MTM full,0.998046875,0.104036
MTM full,1.001953125,0.103996
MTM full,1.005859375,0.103444
MTM full,1.009765625,0.101564
MTM full,1.013671875,0.1003479999999999
MTM full,1.017578125,0.098996
MTM full,1.021484375,0.097612
MTM full,1.025390625,0.098308
MTM full,1.029296875,0.097188
MTM full,1.033203125,0.096496
MTM full,1.037109375,0.095188
MTM full,1.041015625,0.0945719999999999
MTM full,1.044921875,0.09426
MTM full,1.048828125,0.0937399999999999
MTM full,1.052734375,0.092432
MTM full,1.056640625,0.09282
MTM full,1.060546875,0.0905
MTM full,1.064453125,0.091068
MTM full,1.068359375,0.089204
MTM full,1.072265625,0.08938
MTM full,1.076171875,0.08666
MTM full,1.080078125,0.0858559999999999
MTM full,1.083984375,0.085036
MTM full,1.087890625,0.084972
MTM full,1.091796875,0.084704
MTM full,1.095703125,0.084244
MTM full,1.099609375,0.0828
MTM full,1.103515625,0.08234
MTM full,1.107421875,0.08076
MTM full,1.111328125,0.080728
MTM full,1.115234375,0.080148
MTM full,1.119140625,0.079368
MTM full,1.123046875,0.078584
MTM full,1.126953125,0.0765599999999999
MTM full,1.130859375,0.076748
MTM full,1.134765625,0.07636
MTM full,1.138671875,0.076236
MTM full,1.142578125,0.076192
MTM full,1.146484375,0.075852
MTM full,1.150390625,0.076144
MTM full,1.154296875,0.0757
MTM full,1.158203125,0.0760879999999999
MTM full,1.162109375,0.07572
MTM full,1.166015625,0.07522
MTM full,1.169921875,0.0740079999999999
MTM full,1.173828125,0.074412
MTM full,1.177734375,0.073024
MTM full,1.181640625,0.073948
MTM full,1.185546875,0.07366
MTM full,1.189453125,0.07328
MTM full,1.193359375,0.073652
MTM full,1.197265625,0.073628
MTM full,1.201171875,0.073388
MTM full,1.205078125,0.073
MTM full,1.208984375,0.071868
MTM full,1.212890625,0.071148
MTM full,1.216796875,0.070776
MTM full,1.220703125,0.07174
MTM full,1.224609375,0.069592
MTM full,1.228515625,0.068616
MTM full,1.232421875,0.066496
MTM full,1.236328125,0.066164
MTM full,1.240234375,0.064564
MTM full,1.244140625,0.064808
MTM full,1.248046875,0.063924
MTM full,1.251953125,0.0632
MTM full,1.255859375,0.06276
MTM full,1.259765625,0.061856
MTM full,1.263671875,0.059964
MTM full,1.267578125,0.0586519999999999
MTM full,1.271484375,0.05962
MTM full,1.275390625,0.058932
MTM full,1.279296875,0.057612
MTM full,1.283203125,0.0568759999999999
MTM full,1.287109375,0.05652
MTM full,1.291015625,0.05576
MTM full,1.294921875,0.054112
MTM full,1.298828125,0.0538
MTM full,1.302734375,0.052568
MTM full,1.306640625,0.05202
MTM full,1.310546875,0.051752
MTM full,1.314453125,0.051732
MTM full,1.318359375,0.05136
MTM full,1.322265625,0.050292
MTM full,1.326171875,0.051124
MTM full,1.330078125,0.050724
MTM full,1.333984375,0.049384
MTM full,1.337890625,0.049664
MTM full,1.341796875,0.048144
MTM full,1.345703125,0.048704
MTM full,1.349609375,0.048416
MTM full,1.353515625,0.047132
MTM full,1.357421875,0.04702
MTM full,1.361328125,0.046408
MTM full,1.365234375,0.046936
MTM full,1.369140625,0.0459959999999999
MTM full,1.373046875,0.046192
MTM full,1.376953125,0.045808
MTM full,1.380859375,0.04528
MTM full,1.384765625,0.045864
MTM full,1.388671875,0.045104
MTM full,1.392578125,0.046124
MTM full,1.396484375,0.044816
MTM full,1.400390625,0.04566
MTM full,1.404296875,0.0449119999999999
MTM full,1.408203125,0.044064
MTM full,1.412109375,0.045032
MTM full,1.416015625,0.045036
MTM full,1.419921875,0.04494
MTM full,1.423828125,0.0440119999999999
MTM full,1.427734375,0.04378
MTM full,1.431640625,0.042788
MTM full,1.435546875,0.042136
MTM full,1.439453125,0.041636
MTM full,1.443359375,0.041
MTM full,1.447265625,0.040504
MTM full,1.451171875,0.039984
MTM full,1.455078125,0.040428
MTM full,1.458984375,0.039588
MTM full,1.462890625,0.039652
MTM full,1.466796875,0.039772
MTM full,1.470703125,0.039288
MTM full,1.474609375,0.038772
MTM full,1.478515625,0.037672
MTM full,1.482421875,0.038236
MTM full,1.486328125,0.037784
MTM full,1.490234375,0.037284
MTM full,1.494140625,0.0366999999999999
MTM full,1.498046875,0.035924
MTM full,1.501953125,0.035476
MTM full,1.505859375,0.035316
MTM full,1.509765625,0.035412
MTM full,1.513671875,0.034508
MTM full,1.517578125,0.035156
MTM full,1.521484375,0.03532
MTM full,1.525390625,0.035168
MTM full,1.529296875,0.0354079999999999
MTM full,1.533203125,0.0354359999999999
MTM full,1.537109375,0.034936
MTM full,1.541015625,0.034532
MTM full,1.544921875,0.034504
MTM full,1.548828125,0.034208
MTM full,1.552734375,0.033976
MTM full,1.556640625,0.034308
MTM full,1.560546875,0.033588
MTM full,1.564453125,0.0335079999999999
MTM full,1.568359375,0.032228
MTM full,1.572265625,0.032432
MTM full,1.576171875,0.032736
MTM full,1.580078125,0.032048
MTM full,1.583984375,0.031584
MTM full,1.587890625,0.03208
MTM full,1.591796875,0.032272
MTM full,1.595703125,0.0319119999999999
MTM full,1.599609375,0.031916
MTM full,1.603515625,0.031376
MTM full,1.607421875,0.03136
MTM full,1.611328125,0.0310119999999999
MTM full,1.615234375,0.030904
MTM full,1.619140625,0.030772
MTM full,1.623046875,0.030548
MTM full,1.626953125,0.029808
MTM full,1.630859375,0.029808
MTM full,1.634765625,0.029828
MTM full,1.638671875,0.03022
MTM full,1.642578125,0.0297839999999999
MTM full,1.646484375,0.029988
MTM full,1.650390625,0.029316
MTM full,1.654296875,0.028768
MTM full,1.658203125,0.029296
MTM full,1.662109375,0.0289
MTM full,1.666015625,0.028628
MTM full,1.669921875,0.028256
MTM full,1.673828125,0.02766
MTM full,1.677734375,0.028376
MTM full,1.681640625,0.027948
MTM full,1.685546875,0.027796
MTM full,1.689453125,0.0282359999999999
MTM full,1.693359375,0.028504
MTM full,1.697265625,0.02878
MTM full,1.701171875,0.028192
MTM full,1.705078125,0.028628
MTM full,1.708984375,0.028092
MTM full,1.712890625,0.028104
MTM full,1.716796875,0.027936
MTM full,1.720703125,0.028012
MTM full,1.724609375,0.027632
MTM full,1.728515625,0.027576
MTM full,1.732421875,0.027576
MTM full,1.736328125,0.027256
MTM full,1.740234375,0.027656
MTM full,1.744140625,0.02756
MTM full,1.748046875,0.028084
MTM full,1.751953125,0.028068
MTM full,1.755859375,0.027136
MTM full,1.759765625,0.027912
MTM full,1.763671875,0.027776
MTM full,1.767578125,0.027604
MTM full,1.771484375,0.02762
MTM full,1.775390625,0.02766
MTM full,1.779296875,0.027256
MTM full,1.783203125,0.026868
MTM full,1.787109375,0.026492
MTM full,1.791015625,0.026304
MTM full,1.794921875,0.0260919999999999
MTM full,1.798828125,0.026112
MTM full,1.802734375,0.026244
MTM full,1.806640625,0.025812
MTM full,1.810546875,0.02574
MTM full,1.814453125,0.026376
MTM full,1.818359375,0.025776
MTM full,1.822265625,0.025732
MTM full,1.826171875,0.025496
MTM full,1.830078125,0.025192
MTM full,1.833984375,0.024952
MTM full,1.837890625,0.024224
MTM full,1.841796875,0.024088
MTM full,1.845703125,0.023848
MTM full,1.849609375,0.023516
MTM full,1.853515625,0.024492
MTM full,1.857421875,0.023244
MTM full,1.861328125,0.02414
MTM full,1.865234375,0.02404
MTM full,1.869140625,0.023728
MTM full,1.873046875,0.0235
MTM full,1.876953125,0.023132
MTM full,1.880859375,0.0238719999999999
MTM full,1.884765625,0.02282
MTM full,1.888671875,0.023576
MTM full,1.892578125,0.02308
MTM full,1.896484375,0.023608
MTM full,1.900390625,0.022812
MTM full,1.904296875,0.023236
MTM full,1.908203125,0.023176
MTM full,1.912109375,0.022716
MTM full,1.916015625,0.022672
MTM full,1.919921875,0.0223
MTM full,1.923828125,0.022636
MTM full,1.927734375,0.022944
MTM full,1.931640625,0.022644
MTM full,1.935546875,0.022592
MTM full,1.939453125,0.022716
MTM full,1.943359375,0.0226999999999999
MTM full,1.947265625,0.022608
MTM full,1.951171875,0.0216519999999999
MTM full,1.955078125,0.022524
MTM full,1.958984375,0.0221
MTM full,1.962890625,0.02162
MTM full,1.966796875,0.021592
MTM full,1.970703125,0.022016
MTM full,1.974609375,0.021608
MTM full,1.978515625,0.02108
MTM full,1.982421875,0.021072
MTM full,1.986328125,0.0214
MTM full,1.990234375,0.021016
MTM full,1.994140625,0.020492
MTM full,1.998046875,0.020096
MTM full,2.001953125,0.020316
MTM full,2.005859375,0.0205
MTM full,2.009765625,0.0194319999999999
MTM full,2.013671875,0.020552
MTM full,2.017578125,0.019812
MTM full,2.021484375,0.0199799999999999
MTM full,2.025390625,0.019548
MTM full,2.029296875,0.019944
MTM full,2.033203125,0.01986
MTM full,2.037109375,0.0202439999999999
MTM full,2.041015625,0.019544
MTM full,2.044921875,0.01904
MTM full,2.048828125,0.019276
MTM full,2.052734375,0.0185
MTM full,2.056640625,0.018424
MTM full,2.060546875,0.018652
MTM full,2.064453125,0.018484
MTM full,2.068359375,0.0184879999999999
MTM full,2.072265625,0.0183
MTM full,2.076171875,0.01764
MTM full,2.080078125,0.017532
MTM full,2.083984375,0.018068
MTM full,2.087890625,0.01772
MTM full,2.091796875,0.018476
MTM full,2.095703125,0.01838
MTM full,2.099609375,0.0182039999999999
MTM full,2.103515625,0.017828
MTM full,2.107421875,0.017844
MTM full,2.111328125,0.017456
MTM full,2.115234375,0.01782
MTM full,2.119140625,0.01754
MTM full,2.123046875,0.017616
MTM full,2.126953125,0.017192
MTM full,2.130859375,0.01746
MTM full,2.134765625,0.0174
MTM full,2.138671875,0.017104
MTM full,2.142578125,0.016992
MTM full,2.146484375,0.017128
MTM full,2.150390625,0.016892
MTM full,2.154296875,0.016916
MTM full,2.158203125,0.016892
MTM full,2.162109375,0.016336
MTM full,2.166015625,0.016168
MTM full,2.169921875,0.0161079999999999
MTM full,2.173828125,0.015592
MTM full,2.177734375,0.015532
MTM full,2.181640625,0.015228
MTM full,2.185546875,0.015368
MTM full,2.189453125,0.014584
MTM full,2.193359375,0.014984
MTM full,2.197265625,0.0141599999999999
MTM full,2.201171875,0.014616
MTM full,2.205078125,0.013916
MTM full,2.208984375,0.014176
MTM full,2.212890625,0.014144
MTM full,2.216796875,0.014528
MTM full,2.220703125,0.014368
MTM full,2.224609375,0.0143
MTM full,2.228515625,0.014504
MTM full,2.232421875,0.0137159999999999
MTM full,2.236328125,0.01382
MTM full,2.240234375,0.01394
MTM full,2.244140625,0.0139999999999999
MTM full,2.248046875,0.014088
MTM full,2.251953125,0.014204
MTM full,2.255859375,0.0141
MTM full,2.259765625,0.014112
MTM full,2.263671875,0.014048
MTM full,2.267578125,0.014504
MTM full,2.271484375,0.014808
MTM full,2.275390625,0.014664
MTM full,2.279296875,0.014484
MTM full,2.283203125,0.014932
MTM full,2.287109375,0.014764
MTM full,2.291015625,0.014956
MTM full,2.294921875,0.014608
MTM full,2.298828125,0.01448
MTM full,2.302734375,0.01462
MTM full,2.306640625,0.0144999999999999
MTM full,2.310546875,0.01432
MTM full,2.314453125,0.014664
MTM full,2.318359375,0.0142119999999999
MTM full,2.322265625,0.0145759999999999
MTM full,2.326171875,0.014096
MTM full,2.330078125,0.014032
MTM full,2.333984375,0.014228
MTM full,2.337890625,0.013932
MTM full,2.341796875,0.01412
MTM full,2.345703125,0.014272
MTM full,2.349609375,0.013576
MTM full,2.353515625,0.014168
MTM full,2.357421875,0.014208
MTM full,2.361328125,0.013624
MTM full,2.365234375,0.0141319999999999
MTM full,2.369140625,0.013936
MTM full,2.373046875,0.01338
MTM full,2.376953125,0.013864
MTM full,2.380859375,0.013644
MTM full,2.384765625,0.0132719999999999
MTM full,2.388671875,0.013552
MTM full,2.392578125,0.01376
MTM full,2.396484375,0.0139759999999999
MTM full,2.400390625,0.014016
MTM full,2.404296875,0.01366
MTM full,2.408203125,0.013792
MTM full,2.412109375,0.013256
MTM full,2.416015625,0.01398
MTM full,2.419921875,0.013108
MTM full,2.423828125,0.01372
MTM full,2.427734375,0.013808
MTM full,2.431640625,0.01342
MTM full,2.435546875,0.013148
MTM full,2.439453125,0.0136639999999999
MTM full,2.443359375,0.013944
MTM full,2.447265625,0.013984
MTM full,2.451171875,0.014008
MTM full,2.455078125,0.013524
MTM full,2.458984375,0.0138
MTM full,2.462890625,0.014272
MTM full,2.466796875,0.0135839999999999
MTM full,2.470703125,0.014076
MTM full,2.474609375,0.013412
MTM full,2.478515625,0.013932
MTM full,2.482421875,0.013392
MTM full,2.486328125,0.013748
MTM full,2.490234375,0.01364
MTM full,2.494140625,0.01346
MTM full,2.498046875,0.013348
MTM moments,-0.5,0.0
MTM moments,0.0,0.0
MTM moments,-0.072265625,2.0679188090854245e-05
MTM moments,-0.068359375,4.167493252757761e-05
MTM moments,-0.064453125,4.3385975891409816e-05
MTM moments,-0.060546875,8.311428312579235e-05
MTM moments,-0.056640625,4.8535906255696425e-05
MTM moments,-0.052734375,5.324311380085728e-05
MTM moments,-0.048828125,5.644508626465253e-05
MTM moments,-0.044921875,6.24428383818491e-05
MTM moments,-0.041015625,7.199062838616073e-05
MTM moments,-0.037109375,8.431217574048473e-05
MTM moments,-0.033203125,9.57267509245145e-05
MTM moments,-0.029296875,0.0001194971043089
MTM moments,-0.025390625,0.000138427187843
MTM moments,-0.021484375,0.0001675147871644
MTM moments,-0.017578125,0.0002098146849454
MTM moments,-0.013671875,0.0002692126707871
MTM moments,-0.009765625,0.0003285386881462
MTM moments,-0.005859375,0.000412328838831
MTM moments,-0.001953125,0.0005295405564665
MTM moments,0.001953125,0.0006836960700868
MTM moments,0.005859375,0.0009137105129968
MTM moments,0.009765625,0.0012324861299014
MTM moments,0.013671875,0.0017486087436378
MTM moments,0.017578125,0.0025167111424888
MTM moments,0.021484375,0.0037373376657044
MTM moments,0.025390625,0.0058573643621217
MTM moments,0.029296875,0.0094913244137166
MTM moments,0.033203125,0.0166222773095188
MTM moments,0.037109375,0.0307908169639711
MTM moments,0.041015625,0.0636961376350392
MTM moments,0.044921875,0.1550855675521635
MTM moments,0.048828125,0.3451416028446847
MTM moments,0.052734375,0.6808296736057174
MTM moments,0.056640625,1.682856548129449
MTM moments,0.060546875,3.330214269042884
MTM moments,0.064453125,7.513295822242087
MTM moments,0.068359375,9.235218603546734
MTM moments,0.072265625,8.555603503739302
MTM moments,0.076171875,7.570701098720456
MTM moments,0.080078125,6.821053144993437
MTM moments,0.083984375,6.292304659160477
MTM moments,0.087890625,5.905226003331332
MTM moments,0.091796875,5.545985042230716
MTM moments,0.095703125,5.263543183121287
MTM moments,0.099609375,4.973144862803427
MTM moments,0.103515625,4.727924905673641
MTM moments,0.107421875,4.518114588811793
MTM moments,0.111328125,4.290098870984842
MTM moments,0.115234375,4.105257038995502
MTM moments,0.119140625,3.911899459863883
MTM moments,0.123046875,3.736157466236183
MTM moments,0.126953125,3.6012946477164527
MTM moments,0.130859375,3.480971841866772
MTM moments,0.134765625,3.306710800453123
MTM moments,0.138671875,3.1724079118969635
MTM moments,0.142578125,3.0600905003214933
MTM moments,0.146484375,2.9715867285510624
MTM moments,0.150390625,2.8551549680963886
MTM moments,0.154296875,2.7090756290121876
MTM moments,0.158203125,2.6351991910831685
MTM moments,0.162109375,2.6093211080270486
MTM moments,0.166015625,2.473278162018155
MTM moments,0.169921875,2.381796220926248
MTM moments,0.173828125,2.3446631877883206
MTM moments,0.177734375,2.230344770071527
MTM moments,0.181640625,2.1823374214926643
MTM moments,0.185546875,2.1006009027299974
MTM moments,0.189453125,2.0424239638453363
MTM moments,0.193359375,2.010231799072798
MTM moments,0.197265625,1.9559469362182111
MTM moments,0.201171875,1.87632393071136
MTM moments,0.205078125,1.8495092294903177
MTM moments,0.208984375,1.8210554156291083
MTM moments,0.212890625,1.748150381284134
MTM moments,0.216796875,1.7370152869537383
MTM moments,0.220703125,1.6413619678676277
MTM moments,0.224609375,1.6123779580313518
MTM moments,0.228515625,1.5752462825714209
MTM moments,0.232421875,1.5331228840732836
MTM moments,0.236328125,1.4851949045013404
MTM moments,0.240234375,1.4222239762085775
MTM moments,0.244140625,1.4458289745151838
MTM moments,0.248046875,1.3985976962089923
MTM moments,0.251953125,1.390605744237009
MTM moments,0.255859375,1.3147418384950569
MTM moments,0.259765625,1.2698295890829223
MTM moments,0.263671875,1.2673377209829682
MTM moments,0.267578125,1.2207531949904422
MTM moments,0.271484375,1.2183793108392793
MTM moments,0.275390625,1.191029423819684
MTM moments,0.279296875,1.1596791812519092
MTM moments,0.283203125,1.1747610382404616
MTM moments,0.287109375,1.118241159080026
MTM moments,0.291015625,1.0722804377216062
MTM moments,0.294921875,1.0453971853856057
MTM moments,0.298828125,1.043166536651529
MTM moments,0.302734375,1.0172883780319368
MTM moments,0.306640625,0.982626093314806
MTM moments,0.310546875,0.940968254128014
MTM moments,0.314453125,0.9593466069453076
MTM moments,0.318359375,0.9632428403713342
MTM moments,0.322265625,0.9456129056139908
MTM moments,0.326171875,0.9058469890364724
MTM moments,0.330078125,0.8636494846474181
MTM moments,0.333984375,0.8008538322347524
MTM moments,0.337890625,0.8299650750972893
MTM moments,0.341796875,0.805373280548004
MTM moments,0.345703125,0.7978711577366233
MTM moments,0.349609375,0.7709374753269219
MTM moments,0.353515625,0.803344526141112
MTM moments,0.357421875,0.7456636223602537
MTM moments,0.361328125,0.7593656010508267
MTM moments,0.365234375,0.7247439960958886
MTM moments,0.369140625,0.6846786839868451
MTM moments,0.373046875,0.641503567336655
MTM moments,0.376953125,0.6739684746544065
MTM moments,0.380859375,0.6643243738680737
MTM moments,0.384765625,0.628138096306989
MTM moments,0.388671875,0.6303388120442248
MTM moments,0.392578125,0.6523991257691311
MTM moments,0.396484375,0.649232363570495
MTM moments,0.400390625,0.6325542042372414
MTM moments,0.404296875,0.567393201992268
MTM moments,0.408203125,0.5958980238391082
MTM moments,0.412109375,0.579935715130064
MTM moments,0.416015625,0.5555272203995051
MTM moments,0.419921875,0.579396470755704
MTM moments,0.423828125,0.5466345040061131
MTM moments,0.427734375,0.5313703739083836
MTM moments,0.431640625,0.5228878904253486
MTM moments,0.435546875,0.5283594283206137
MTM moments,0.439453125,0.4694204938503795
MTM moments,0.443359375,0.5201001625962832
MTM moments,0.447265625,0.5238616924102257
MTM moments,0.451171875,0.4684056674736824
MTM moments,0.455078125,0.516584036871793
MTM moments,0.458984375,0.4397640812521041
MTM moments,0.462890625,0.4836142950735629
MTM moments,0.466796875,0.449367796635679
MTM moments,0.470703125,0.4602806682005385
MTM moments,0.474609375,0.4620194605415696
MTM moments,0.478515625,0.4503538735257877
MTM moments,0.482421875,0.4631677307836921
MTM moments,0.486328125,0.4229893739144187
MTM moments,0.490234375,0.4190570505998384
MTM moments,0.494140625,0.3773840747684955
MTM moments,0.498046875,0.3795687276412743
MTM moments,0.501953125,0.4359814200617493
MTM moments,0.505859375,0.3872575242453377
MTM moments,0.509765625,0.3864152369316835
MTM moments,0.513671875,0.3843634936209312
MTM moments,0.517578125,0.4070831170462913
MTM moments,0.521484375,0.3807436456165592
MTM moments,0.525390625,0.352677929049308
MTM moments,0.529296875,0.3264190341689254
MTM moments,0.533203125,0.364151774031949
MTM moments,0.537109375,0.3487339001025521
MTM moments,0.541015625,0.3497665803292298
MTM moments,0.544921875,0.3355707528352839
MTM moments,0.548828125,0.3408028052321983
MTM moments,0.552734375,0.3221354681966489
MTM moments,0.556640625,0.2980205060966138
MTM moments,0.560546875,0.3420056203265014
MTM moments,0.564453125,0.3291856173422536
MTM moments,0.568359375,0.2973101132336844
MTM moments,0.572265625,0.2904898980713103
MTM moments,0.576171875,0.3386870980864555
MTM moments,0.580078125,0.335326113902932
MTM moments,0.583984375,0.2911711239444082
MTM moments,0.587890625,0.3557839525398887
MTM moments,0.591796875,0.2890576961140238
MTM moments,0.595703125,0.2698817421010466
MTM moments,0.599609375,0.3002794920670133
MTM moments,0.603515625,0.2746738321325844
MTM moments,0.607421875,0.2636653431255305
MTM moments,0.611328125,0.2560479320984414
MTM moments,0.615234375,0.3081054377941941
MTM moments,0.619140625,0.3087371034350744
MTM moments,0.623046875,0.2587994936280804
MTM moments,0.626953125,0.2676732274786193
MTM moments,0.630859375,0.2623212296946737
MTM moments,0.634765625,0.2298793234623131
MTM moments,0.638671875,0.2369454363381965
MTM moments,0.642578125,0.2067448178422843
MTM moments,0.646484375,0.2617832120332742
MTM moments,0.650390625,0.2689547647863654
MTM moments,0.654296875,0.2710493017403043
MTM moments,0.658203125,0.2255556434202715
MTM moments,0.662109375,0.2188605942291547
MTM moments,0.666015625,0.2409225972546697
MTM moments,0.669921875,0.2291281707544438
MTM moments,0.673828125,0.1942792376660223
MTM moments,0.677734375,0.1959303530778798
MTM moments,0.681640625,0.2207743972477363
MTM moments,0.685546875,0.2280124944101001
MTM moments,0.689453125,0.2029005201635464
MTM moments,0.693359375,0.1964976268142718
MTM moments,0.697265625,0.1926323269250399
MTM moments,0.701171875,0.1724909446896421
MTM moments,0.705078125,0.2172887578035752
MTM moments,0.708984375,0.1937025013778114
MTM moments,0.712890625,0.1779630306829261
MTM moments,0.716796875,0.1941469964313145
MTM moments,0.720703125,0.1552726207248553
MTM moments,0.724609375,0.1935567286921267
MTM moments,0.728515625,0.1968233910951956
MTM moments,0.732421875,0.1978667483023265
MTM moments,0.736328125,0.2169042405246621
MTM moments,0.740234375,0.1952595847226501
MTM moments,0.744140625,0.1891894408304557
MTM moments,0.748046875,0.1836148775865231
MTM moments,0.751953125,0.1786129176240566
MTM moments,0.755859375,0.1556519360981854
MTM moments,0.759765625,0.1506796079966482
MTM moments,0.763671875,0.192214998046714
MTM moments,0.767578125,0.1812977454203474
MTM moments,0.771484375,0.1825884979472633
MTM moments,0.775390625,0.155491027528196
MTM moments,0.779296875,0.1411972579064155
MTM moments,0.783203125,0.1431752914937637
MTM moments,0.787109375,0.1430798296853598
MTM moments,0.791015625,0.1612719263057865
MTM moments,0.794921875,0.1253840276822659
MTM moments,0.798828125,0.134076237516273
MTM moments,0.802734375,0.1454065221113133
MTM moments,0.806640625,0.1628611918479993
MTM moments,0.810546875,0.1329098257782033
MTM moments,0.814453125,0.1302867045096387
MTM moments,0.818359375,0.1317834322774058
MTM moments,0.822265625,0.1474728638469671
MTM moments,0.826171875,0.1270741446922531
MTM moments,0.830078125,0.1371450294591277
MTM moments,0.833984375,0.1495809559648771
MTM moments,0.837890625,0.1294669125315472
MTM moments,0.841796875,0.1354078368523825
MTM moments,0.845703125,0.1371095640235509
MTM moments,0.849609375,0.1407521588491709
MTM moments,0.853515625,0.1064982045147966
MTM moments,0.857421875,0.1041018080083471
MTM moments,0.861328125,0.1066074248851063
MTM moments,0.865234375,0.118098461056118
MTM moments,0.869140625,0.1337575792231175
MTM moments,0.873046875,0.1228769287334368
MTM moments,0.876953125,0.1176984316053289
MTM moments,0.880859375,0.1018398233182895
MTM moments,0.884765625,0.1262019283526196
MTM moments,0.888671875,0.1146799342830294
MTM moments,0.892578125,0.1010423543498966
MTM moments,0.896484375,0.0960185455357878
MTM moments,0.900390625,0.1109279265586908
MTM moments,0.904296875,0.106630176441787
MTM moments,0.908203125,0.0973363044631152
MTM moments,0.912109375,0.099451739375031
MTM moments,0.916015625,0.0961507536916803
MTM moments,0.919921875,0.0885256434478692
MTM moments,0.923828125,0.1072150968364423
MTM moments,0.927734375,0.1004364803840059
MTM moments,0.931640625,0.1120861874865752
MTM moments,0.935546875,0.1431594092760565
MTM moments,0.939453125,0.1225308140454906
MTM moments,0.943359375,0.0979828960148251
MTM moments,0.947265625,0.0950033904043153
MTM moments,0.951171875,0.0876255179556351
MTM moments,0.955078125,0.0891614759320792
MTM moments,0.958984375,0.0873040329891332
MTM moments,0.962890625,0.0909399229593914
MTM moments,0.966796875,0.0764388148868404
MTM moments,0.970703125,0.0852448118193559
MTM moments,0.974609375,0.0957667995794092
MTM moments,0.978515625,0.0755055078558517
MTM moments,0.982421875,0.101242683347795
MTM moments,0.986328125,0.0776019455531363
MTM moments,0.990234375,0.0921697546845141
MTM moments,0.994140625,0.0796911113009988
MTM moments,0.998046875,0.0618681822964287
MTM moments,1.001953125,0.0672195989277968
MTM moments,1.005859375,0.0941317994162485
MTM moments,1.009765625,0.1060909983104482
MTM moments,1.013671875,0.0766152208684852
MTM moments,1.017578125,0.0649758535315192
MTM moments,1.021484375,0.0778196061559681
MTM moments,1.025390625,0.1044676740417978
MTM moments,1.029296875,0.0712734030712248
MTM moments,1.033203125,0.0685769746582258
MTM moments,1.037109375,0.1039567311542379
MTM moments,1.041015625,0.0731237888460897
MTM moments,1.044921875,0.0783074106746202
MTM moments,1.048828125,0.0610241963882751
MTM moments,1.052734375,0.060504582385237
MTM moments,1.056640625,0.0722918581205327
MTM moments,1.060546875,0.0633668953594219
MTM moments,1.064453125,0.0650089870671465
MTM moments,1.068359375,0.0638689097258176
MTM moments,1.072265625,0.0585505311308503
MTM moments,1.076171875,0.0745957634325831
MTM moments,1.080078125,0.0623615171716177
MTM moments,1.083984375,0.0585060046151568
MTM moments,1.087890625,0.0921929334009037
MTM moments,1.091796875,0.0610333697979227
MTM moments,1.095703125,0.0834132995631192
MTM moments,1.099609375,0.046288254157845
MTM moments,1.103515625,0.0668012763552608
MTM moments,1.107421875,0.0824368038774978
MTM moments,1.111328125,0.0698062567720314
MTM moments,1.115234375,0.0557977972949994
MTM moments,1.119140625,0.0757591355602239
MTM moments,1.123046875,0.0652767632908345
MTM moments,1.126953125,0.0713970230496489
MTM moments,1.130859375,0.0611587117339405
MTM moments,1.134765625,0.0717727996183265
MTM moments,1.138671875,0.088189120177146
MTM moments,1.142578125,0.0664394921102522
MTM moments,1.146484375,0.0601619585349969
MTM moments,1.150390625,0.0561425228136019
MTM moments,1.154296875,0.0665545993309026
MTM moments,1.158203125,0.0616674463201583
MTM moments,1.162109375,0.0481832966188359
MTM moments,1.166015625,0.042017451568894
MTM moments,1.169921875,0.0460899359660494
MTM moments,1.173828125,0.0337358893825034
MTM moments,1.177734375,0.0415100615336096
MTM moments,1.181640625,0.0417365067684364
MTM moments,1.185546875,0.0513867586301772
MTM moments,1.189453125,0.0484995323025876
MTM moments,1.193359375,0.0516557703154347
MTM moments,1.197265625,0.0579045595346714
MTM moments,1.201171875,0.0443895383131052
MTM moments,1.205078125,0.060116502112526
MTM moments,1.208984375,0.0765458721343166
MTM moments,1.212890625,0.0674568452408663
MTM moments,1.216796875,0.0544747811665235
MTM moments,1.220703125,0.0573175034957982
MTM moments,1.224609375,0.0641307303358519
MTM moments,1.228515625,0.0623035951017133
MTM moments,1.232421875,0.0487050311923591
MTM moments,1.236328125,0.0502771155622298
MTM moments,1.240234375,0.0716238117983635
MTM moments,1.244140625,0.058883525242083
MTM moments,1.248046875,0.0550130517374642
MTM moments,1.251953125,0.0667267271231015
MTM moments,1.255859375,0.0481795341440088
MTM moments,1.259765625,0.0626926616027373
MTM moments,1.263671875,0.0554775681816593
MTM moments,1.267578125,0.0463440910092754
MTM moments,1.271484375,0.04668908484618
MTM moments,1.275390625,0.0397827345774588
MTM moments,1.279296875,0.0500906977615206
MTM moments,1.283203125,0.0438376977096823
MTM moments,1.287109375,0.0738879093176737
MTM moments,1.291015625,0.0483378559782825
MTM moments,1.294921875,0.0454325670862493
MTM moments,1.298828125,0.0568417990593069
MTM moments,1.302734375,0.0354460790570049
MTM moments,1.306640625,0.0369705456464565
MTM moments,1.310546875,0.0400816884043748
MTM moments,1.314453125,0.0498482676087563
MTM moments,1.318359375,0.0471811431870473
MTM moments,1.322265625,0.055613759902804
MTM moments,1.326171875,0.0543456496294157
MTM moments,1.330078125,0.0468063072418077
MTM moments,1.333984375,0.0433161219502867
MTM moments,1.337890625,0.0442574874955699
MTM moments,1.341796875,0.0366847680463009
MTM moments,1.345703125,0.0388813536839304
MTM moments,1.349609375,0.046894517041726
MTM moments,1.353515625,0.0434338128335975
MTM moments,1.357421875,0.0307510752275858
MTM moments,1.361328125,0.0616249637038311
MTM moments,1.365234375,0.0387190539354655
MTM moments,1.369140625,0.0271932558148294
MTM moments,1.373046875,0.0299065500865567
MTM moments,1.376953125,0.0487898669989963
MTM moments,1.380859375,0.0510414811166477
MTM moments,1.384765625,0.0350716681864386
MTM moments,1.388671875,0.034647716957422
MTM moments,1.392578125,0.0392962057570249
MTM moments,1.396484375,0.0444070405869912
MTM moments,1.400390625,0.0420425253818595
MTM moments,1.404296875,0.0328953586560845
MTM moments,1.408203125,0.0350447897358103
MTM moments,1.412109375,0.0409107794319583
MTM moments,1.416015625,0.0627351016069416
MTM moments,1.419921875,0.0394912484073925
MTM moments,1.423828125,0.0336675057986143
MTM moments,1.427734375,0.0340205603461817
MTM moments,1.431640625,0.0287321678230618
MTM moments,1.435546875,0.0361061838072878
MTM moments,1.439453125,0.0386896756478724
MTM moments,1.443359375,0.0337414775862804
MTM moments,1.447265625,0.035152965422544
MTM moments,1.451171875,0.0421460130552866
MTM moments,1.455078125,0.0340499814818896
MTM moments,1.458984375,0.0351851178731867
MTM moments,1.462890625,0.029822454042727
MTM moments,1.466796875,0.0313261662541957
MTM moments,1.470703125,0.0359892695372888
MTM moments,1.474609375,0.0368386682371568
MTM moments,1.478515625,0.0364960665066941
MTM moments,1.482421875,0.0244668170316945
MTM moments,1.486328125,0.0292320405187149
MTM moments,1.490234375,0.03728943193915
MTM moments,1.494140625,0.0269238836185206
MTM moments,1.498046875,0.0332634178029813
MTM moments,1.501953125,0.0268361324331423
MTM moments,1.505859375,0.0222891114258811
MTM moments,1.509765625,0.0344356820017182
MTM moments,1.513671875,0.0333073241336845
MTM moments,1.517578125,0.0483934969555812
MTM moments,1.521484375,0.0269031704447943
MTM moments,1.525390625,0.02640754038823
MTM moments,1.529296875,0.057530838606351
MTM moments,1.533203125,0.0267980241731543
MTM moments,1.537109375,0.0384632835508102
MTM moments,1.541015625,0.0285517282938977
MTM moments,1.544921875,0.0302742359384813
MTM moments,1.548828125,0.030144436791729
MTM moments,1.552734375,0.0422370848377198
MTM moments,1.556640625,0.0352961624195478
MTM moments,1.560546875,0.0266667758722523
MTM moments,1.564453125,0.0231661486995547
MTM moments,1.568359375,0.040992578701391
MTM moments,1.572265625,0.0224293413642872
MTM moments,1.576171875,0.0327562296032237
MTM moments,1.580078125,0.0344782233657872
MTM moments,1.583984375,0.0241181911341189
MTM moments,1.587890625,0.0331929877391562
MTM moments,1.591796875,0.0248880611345188
MTM moments,1.595703125,0.0293785844322662
MTM moments,1.599609375,0.0247460724666216
MTM moments,1.603515625,0.0204129289102054
MTM moments,1.607421875,0.0368953685630225
MTM moments,1.611328125,0.022217335303331
MTM moments,1.615234375,0.0219120918982349
MTM moments,1.619140625,0.0264074150558414
MTM moments,1.623046875,0.0283902377676304
MTM moments,1.626953125,0.0245641023340245
MTM moments,1.630859375,0.0342628598927412
MTM moments,1.634765625,0.0256845411196725
MTM moments,1.638671875,0.0225758718256369
MTM moments,1.642578125,0.0279295915028368
MTM moments,1.646484375,0.023674851993524
MTM moments,1.650390625,0.0271476352059818
MTM moments,1.654296875,0.0255788631225102
MTM moments,1.658203125,0.0236595595298075
MTM moments,1.662109375,0.0220940407713028
MTM moments,1.666015625,0.0257459782535248
MTM moments,1.669921875,0.0182637839976385
MTM moments,1.673828125,0.022359967146151
MTM moments,1.677734375,0.0279969265213579
MTM moments,1.681640625,0.0250119333397853
MTM moments,1.685546875,0.023658814304026
MTM moments,1.689453125,0.0226790319507388
MTM moments,1.693359375,0.0461296132314834
MTM moments,1.697265625,0.0234173894772891
MTM moments,1.701171875,0.020281546072131
MTM moments,1.705078125,0.0228526280653272
MTM moments,1.708984375,0.0304972187684514
MTM moments,1.712890625,0.0241545743759334
MTM moments,1.716796875,0.0227026786938397
MTM moments,1.720703125,0.019893797194328
MTM moments,1.724609375,0.0245708091833157
MTM moments,1.728515625,0.0320606776270127
MTM moments,1.732421875,0.0360859788086387
MTM moments,1.736328125,0.024047020667743
MTM moments,1.740234375,0.0246461894331545
MTM moments,1.744140625,0.0221286733651907
MTM moments,1.748046875,0.0208249981191229
MTM moments,1.751953125,0.0240884481645047
MTM moments,1.755859375,0.0198166260949531
MTM moments,1.759765625,0.0279504901528578
MTM moments,1.763671875,0.0212713683955228
MTM moments,1.767578125,0.0216594962418707
MTM moments,1.771484375,0.0244020594022789
MTM moments,1.775390625,0.0385466753641489
MTM moments,1.779296875,0.0301428234577574
MTM moments,1.783203125,0.0312152335902928
MTM moments,1.787109375,0.0222967629579779
MTM moments,1.791015625,0.0216454491422762
MTM moments,1.794921875,0.0240606440099796
MTM moments,1.798828125,0.0220494731266735
MTM moments,1.802734375,0.0210910721870734
MTM moments,1.806640625,0.0210570239659077
MTM moments,1.810546875,0.0187139377289474
MTM moments,1.814453125,0.0179155991257049
MTM moments,1.818359375,0.0244844242845978
MTM moments,1.822265625,0.0201588852291145
MTM moments,1.826171875,0.0224617781545205
MTM moments,1.830078125,0.0235376177899469
MTM moments,1.833984375,0.0219762460209052
MTM moments,1.837890625,0.0240649381096718
MTM moments,1.841796875,0.0229626982751069
MTM moments,1.845703125,0.0265238482110024
MTM moments,1.849609375,0.031933628346322
MTM moments,1.853515625,0.0174966260912801
MTM moments,1.857421875,0.0260253810006159
MTM moments,1.861328125,0.0308996103465454
MTM moments,1.865234375,0.0255597624865769
MTM moments,1.869140625,0.019206535103935
MTM moments,1.873046875,0.0219752973345128
MTM moments,1.876953125,0.0261619274960746
MTM moments,1.880859375,0.0165859917235416
MTM moments,1.884765625,0.0168108781937676
MTM moments,1.888671875,0.018068689636505
MTM moments,1.892578125,0.0247362524862262
MTM moments,1.896484375,0.0199485925791175
MTM moments,1.900390625,0.0155318741542972
MTM moments,1.904296875,0.0294224492149706
MTM moments,1.908203125,0.0177088481253199
MTM moments,1.912109375,0.0195800593687181
MTM moments,1.916015625,0.0172407519549078
MTM moments,1.919921875,0.0240281827526016
MTM moments,1.923828125,0.0168794029942413
MTM moments,1.927734375,0.0207920527485739
MTM moments,1.931640625,0.0158308623773919
MTM moments,1.935546875,0.0226744854442566
MTM moments,1.939453125,0.0188143536686005
MTM moments,1.943359375,0.0237847630224815
MTM moments,1.947265625,0.0207625779410582
MTM moments,1.951171875,0.018431812303639
MTM moments,1.955078125,0.0199148833322415
MTM moments,1.958984375,0.0181460388199522
MTM moments,1.962890625,0.0122940024242107
MTM moments,1.966796875,0.0194088847272666
MTM moments,1.970703125,0.0215189453546113
MTM moments,1.974609375,0.0174352244456658
MTM moments,1.978515625,0.0282776255494061
MTM moments,1.982421875,0.0233129090590829
MTM moments,1.986328125,0.0164327910367146
MTM moments,1.990234375,0.0218292179500917
MTM moments,1.994140625,0.0321065698427614
MTM moments,1.998046875,0.0298864346258521
MTM moments,2.001953125,0.0198222161947143
MTM moments,2.005859375,0.0219009174189775
MTM moments,2.009765625,0.0190322597585119
MTM moments,2.013671875,0.0175985417160315
MTM moments,2.017578125,0.017853031446658
MTM moments,2.021484375,0.0223642588233117
MTM moments,2.025390625,0.0184111491381187
MTM moments,2.029296875,0.0236128221703834
MTM moments,2.033203125,0.0220620094984073
MTM moments,2.037109375,0.0187108336837737
MTM moments,2.041015625,0.0192170130496484
MTM moments,2.044921875,0.0129889821246946
MTM moments,2.048828125,0.0168109456467749
MTM moments,2.052734375,0.0168776699367503
MTM moments,2.056640625,0.0204951508772322
MTM moments,2.060546875,0.02094781738612
MTM moments,2.064453125,0.0167751007910717
MTM moments,2.068359375,0.0188470878927367
MTM moments,2.072265625,0.0255498501532345
MTM moments,2.076171875,0.018269217783877
MTM moments,2.080078125,0.0155078627532606
MTM moments,2.083984375,0.0154230769413281
MTM moments,2.087890625,0.0187400830621542
MTM moments,2.091796875,0.0111824803181565
MTM moments,2.095703125,0.0155199471262265
MTM moments,2.099609375,0.0153783951809674
MTM moments,2.103515625,0.0175847775750291
MTM moments,2.107421875,0.0159799105135324
MTM moments,2.111328125,0.0210154221626191
MTM moments,2.115234375,0.0196535869789139
MTM moments,2.119140625,0.0212213510688418
MTM moments,2.123046875,0.0168729750484254
MTM moments,2.126953125,0.0163333034887273
MTM moments,2.130859375,0.0202062060517183
MTM moments,2.134765625,0.0164526890968967
MTM moments,2.138671875,0.0142696651565893
MTM moments,2.142578125,0.0150799963156633
MTM moments,2.146484375,0.0209336974171177
MTM moments,2.150390625,0.0207215184920789
MTM moments,2.154296875,0.0194490693174665
MTM moments,2.158203125,0.0171517926577211
MTM moments,2.162109375,0.0119885804446038
MTM moments,2.166015625,0.0174191982888027
MTM moments,2.169921875,0.0196134477751805
MTM moments,2.173828125,0.0160247317882719
MTM moments,2.177734375,0.0204054295338234
MTM moments,2.181640625,0.0213154549222694
MTM moments,2.185546875,0.0123614298389187
MTM moments,2.189453125,0.013399614550407
MTM moments,2.193359375,0.0159645508108845
MTM moments,2.197265625,0.0156321990666452
MTM moments,2.201171875,0.0159894541408121
MTM moments,2.205078125,0.0142117232268932
MTM moments,2.208984375,0.0121893272309591
MTM moments,2.212890625,0.0120143978467902
MTM moments,2.216796875,0.0248361207983063
MTM moments,2.220703125,0.0154152388826083
MTM moments,2.224609375,0.016639460276046
MTM moments,2.228515625,0.0157592154497015
MTM moments,2.232421875,0.0092608197313259
MTM moments,2.236328125,0.0157641446803268
MTM moments,2.240234375,0.013233592714558
MTM moments,2.244140625,0.0130444380778058
MTM moments,2.248046875,0.0149387307054624
MTM moments,2.251953125,0.0113988128954306
MTM moments,2.255859375,0.0102286516053145
MTM moments,2.259765625,0.0139580679181848
MTM moments,2.263671875,0.0161251367184304
MTM moments,2.267578125,0.0160248608239111
MTM moments,2.271484375,0.0129748240884811
MTM moments,2.275390625,0.0126348477160888
MTM moments,2.279296875,0.0126759682412646
MTM moments,2.283203125,0.0144920941942727
MTM moments,2.287109375,0.0222460533885686
MTM moments,2.291015625,0.0094661882602043
MTM moments,2.294921875,0.0203520758118355
MTM moments,2.298828125,0.0158617332017993
MTM moments,2.302734375,0.0168647504224426
MTM moments,2.306640625,0.0171804663174315
MTM moments,2.310546875,0.0177543726600157
MTM moments,2.314453125,0.0145247060325291
MTM moments,2.318359375,0.0171647496514887
MTM moments,2.322265625,0.0256154878103865
MTM moments,2.326171875,0.015261990313569
MTM moments,2.330078125,0.0132090799626998
MTM moments,2.333984375,0.013980886785508
MTM moments,2.337890625,0.0167503702780194
MTM moments,2.341796875,0.0150211439116445
MTM moments,2.345703125,0.0141285399066787
MTM moments,2.349609375,0.0152896464958031
MTM moments,2.353515625,0.0169559693878383
MTM moments,2.357421875,0.0123520299435978
MTM moments,2.361328125,0.0153809203272222
MTM moments,2.365234375,0.0174226026458061
MTM moments,2.369140625,0.0138038480938115
MTM moments,2.373046875,0.0126229081155124
MTM moments,2.376953125,0.0115917888214167
MTM moments,2.380859375,0.0109383422797949
MTM moments,2.384765625,0.0152077821003812
MTM moments,2.388671875,0.0132940341508228
MTM moments,2.392578125,0.0153715786523654
MTM moments,2.396484375,0.0113076773592164
MTM moments,2.400390625,0.0143297240084304
MTM moments,2.404296875,0.01615382035305
MTM moments,2.408203125,0.0150387657280703
MTM moments,2.412109375,0.0133274163922511
MTM moments,2.416015625,0.014120092710672
MTM moments,2.419921875,0.0139453165119765
MTM moments,2.423828125,0.0157082211673796
MTM moments,2.427734375,0.0134614745214557
MTM moments,2.431640625,0.0135895868832225
MTM moments,2.435546875,0.0234506295958572
MTM moments,2.439453125,0.0139804528047066
MTM moments,2.443359375,0.0146068317751162
MTM moments,2.447265625,0.0125816956196993
MTM moments,2.451171875,0.0155089667762711
MTM moments,2.455078125,0.0150799483659862
MTM moments,2.458984375,0.013694263067576
MTM moments,2.462890625,0.0154321823565088
MTM moments,2.466796875,0.0144081697670179
MTM moments,2.470703125,0.0168229357988779
MTM moments,2.474609375,0.0138331009000096
MTM moments,2.478515625,0.0104875099985326
MTM moments,2.482421875,0.0126534690814068
MTM moments,2.486328125,0.0131861159951658
MTM moments,2.490234375,0.0172292853821245
MTM moments,2.494140625,0.0133857239328054
MTM moments,2.498046875,0.0114512444565901
Jump KM corr.,0.001953125,0.6192071401253748
Jump KM corr.,0.005859375,0.7424676034256813
Jump KM corr.,0.009765625,0.75852650934245
Jump KM corr.,0.013671875,0.918149347574566
Jump KM corr.,0.017578125,1.0093881486868377
Jump KM corr.,0.021484375,1.2372105106145723
Jump KM corr.,0.025390625,1.2209075625745245
Jump KM corr.,0.029296875,1.2700332865131312
Jump KM corr.,0.033203125,1.4194214006307235
Jump KM corr.,0.037109375,1.5615504260005135
Jump KM corr.,0.041015625,1.7263714652580515
Jump KM corr.,0.044921875,1.851408575200496
Jump KM corr.,0.048828125,2.068903322213422
Jump KM corr.,0.052734375,2.1735861245537027
Jump KM corr.,0.056640625,2.2660812880815944
Jump KM corr.,0.060546875,2.3035954649954364
Jump KM corr.,0.064453125,2.357148229574316
Jump KM corr.,0.068359375,2.4433231879172075
Jump KM corr.,0.072265625,2.511047125615152
Jump KM corr.,0.076171875,2.577592229651366
Jump KM corr.,0.080078125,2.6056675019008493
Jump KM corr.,0.083984375,2.59566704241709
Jump KM corr.,0.087890625,2.5868150087936668
Jump KM corr.,0.091796875,2.577255576033118
Jump KM corr.,0.095703125,2.57445221756485
Jump KM corr.,0.099609375,2.550420982587742
Jump KM corr.,0.103515625,2.497462551025406
Jump KM corr.,0.107421875,2.4503750542700455
Jump KM corr.,0.111328125,2.417376310826458
Jump KM corr.,0.115234375,2.40086123106869
Jump KM corr.,0.119140625,2.3758875855032975
Jump KM corr.,0.123046875,2.297995406772231
Jump KM corr.,0.126953125,2.2622662994979383
Jump KM corr.,0.130859375,2.228017777129579
Jump KM corr.,0.134765625,2.235850313010702
Jump KM corr.,0.138671875,2.2004577496250213
Jump KM corr.,0.142578125,2.1780819198953307
Jump KM corr.,0.146484375,2.1475252904435265
Jump KM corr.,0.150390625,2.1243829573566178
Jump KM corr.,0.154296875,2.0654363288563373
Jump KM corr.,0.158203125,2.0318348022595334
Jump KM corr.,0.162109375,2.011832139385359
Jump KM corr.,0.166015625,1.989065581161099
Jump KM corr.,0.169921875,1.962989657672584
Jump KM corr.,0.173828125,1.9376559422861703
Jump KM corr.,0.177734375,1.7345619694183323
Jump KM corr.,0.181640625,1.7214332148187148
Jump KM corr.,0.185546875,1.688762409151982
Jump KM corr.,0.189453125,1.8639225039354257
Jump KM corr.,0.193359375,1.8471288974174735
Jump KM corr.,0.197265625,1.819804451655866
Jump KM corr.,0.201171875,1.790731005144701
Jump KM corr.,0.205078125,1.7667830508553588
Jump KM corr.,0.208984375,1.75619775183021
Jump KM corr.,0.212890625,1.7135609508758096
Jump KM corr.,0.216796875,1.700997935856472
Jump KM corr.,0.220703125,1.6908862506307014
Jump KM corr.,0.224609375,1.68626498784237
Jump KM corr.,0.228515625,1.637019153526606
Jump KM corr.,0.232421875,1.5920999002765122
Jump KM corr.,0.236328125,1.5713961674631984
Jump KM corr.,0.240234375,1.5673411934501107
Jump KM corr.,0.244140625,1.557834626975254
Jump KM corr.,0.248046875,1.5491405745480078
Jump KM corr.,0.251953125,1.5142012579445094
Jump KM corr.,0.255859375,1.475185169237269
Jump KM corr.,0.259765625,1.25605108249123
Jump KM corr.,0.263671875,1.229359210623991
Jump KM corr.,0.267578125,1.2047698294620934
Jump KM corr.,0.271484375,1.4019123994418137
Jump KM corr.,0.275390625,1.4165206091187004
Jump KM corr.,0.279296875,1.425493075587582
Jump KM corr.,0.283203125,1.372588976028454
Jump KM corr.,0.287109375,1.3356731212367412
Jump KM corr.,0.291015625,1.3406623045186945
Jump KM corr.,0.294921875,1.3472320946048768
Jump KM corr.,0.298828125,1.355136373777722
Jump KM corr.,0.302734375,1.3497466066749346
Jump KM corr.,0.306640625,1.2907995846721525
Jump KM corr.,0.310546875,1.2715775712975317
Jump KM corr.,0.314453125,1.2620957799287431
Jump KM corr.,0.318359375,1.2787103907780717
Jump KM corr.,0.322265625,1.24967385048567
Jump KM corr.,0.326171875,1.2122361787919576
Jump KM corr.,0.330078125,1.2139647190976002
Jump KM corr.,0.333984375,1.202842453770894
Jump KM corr.,0.337890625,1.163836654952796
Jump KM corr.,0.341796875,1.1581583443081271
Jump KM corr.,0.345703125,1.1707738154861629
Jump KM corr.,0.349609375,1.1755927945951468
Jump KM corr.,0.353515625,1.1280073688409058
Jump KM corr.,0.357421875,1.101637776965744
Jump KM corr.,0.361328125,1.1177455074984608
Jump KM corr.,0.365234375,1.114177562104564
Jump KM corr.,0.369140625,1.1216138217969394
Jump KM corr.,0.373046875,1.0819300826184
Jump KM corr.,0.376953125,1.098249828287532
Jump KM corr.,0.380859375,1.0791765797207238
Jump KM corr.,0.384765625,1.0341115888727423
Jump KM corr.,0.388671875,1.003526885656821
Jump KM corr.,0.392578125,0.9855435226259492
Jump KM corr.,0.396484375,1.005113566990182
Jump KM corr.,0.400390625,0.9944089920073602
Jump KM corr.,0.404296875,0.9732357158492918
Jump KM corr.,0.408203125,0.9815895542002994
Jump KM corr.,0.412109375,0.9678709715935342
Jump KM corr.,0.416015625,0.966004382435859
Jump KM corr.,0.419921875,0.933176673291811
Jump KM corr.,0.423828125,0.9059483442368472
Jump KM corr.,0.427734375,0.9140558795068306
Jump KM corr.,0.431640625,0.9031930333305588
Jump KM corr.,0.435546875,0.8224777165366617
Jump KM corr.,0.439453125,0.7981987915667602
Jump KM corr.,0.443359375,0.6433901885139163
Jump KM corr.,0.447265625,0.6921382404546033
Jump KM corr.,0.451171875,0.6621005403028971
Jump KM corr.,0.455078125,0.8426005153701636
Jump KM corr.,0.458984375,0.8247528378520806
Jump KM corr.,0.462890625,0.8746386122119905
Jump KM corr.,0.466796875,0.8021348467972198
Jump KM corr.,0.470703125,0.7936295647743437
Jump KM corr.,0.474609375,0.7785926933603087
Jump KM corr.,0.478515625,0.8008655963651409
Jump KM corr.,0.482421875,0.8124582637368729
Jump KM corr.,0.486328125,0.7994744833423447
Jump KM corr.,0.490234375,0.7543591433045107
Jump KM corr.,0.494140625,0.7431796680233761
Jump KM corr.,0.498046875,0.7400367788106483
Jump KM corr.,0.501953125,0.7887373916616123
Jump KM corr.,0.505859375,0.7956395944092637
Jump KM corr.,0.509765625,0.7841264041999527
Jump KM corr.,0.513671875,0.780031683401279
Jump KM corr.,0.517578125,0.7646803273030418
Jump KM corr.,0.521484375,0.721685521392662
Jump KM corr.,0.525390625,0.7252954825550133
Jump KM corr.,0.529296875,0.721272587837747
Jump KM corr.,0.533203125,0.7385016414415395
Jump KM corr.,0.537109375,0.6633105546188836
Jump KM corr.,0.541015625,0.6238397367454014
Jump KM corr.,0.544921875,0.6340630193551992
Jump KM corr.,0.548828125,0.6713643665621631
Jump KM corr.,0.552734375,0.6642736675041778
Jump KM corr.,0.556640625,0.6183979510028683
Jump KM corr.,0.560546875,0.6259970697855111
Jump KM corr.,0.564453125,0.645498492052281
Jump KM corr.,0.568359375,0.6770834487426237
Jump KM corr.,0.572265625,0.6176028817831928
Jump KM corr.,0.576171875,0.6123290764480496
Jump KM corr.,0.580078125,0.6290329094274574
Jump KM corr.,0.583984375,0.6270984913494445
Jump KM corr.,0.587890625,0.6071344649082822
Jump KM corr.,0.591796875,0.567508004396575
Jump KM corr.,0.595703125,0.5509236621181228
Jump KM corr.,0.599609375,0.562950086814566
Jump KM corr.,0.603515625,0.5531282349864022
Jump KM corr.,0.607421875,0.5288619320864665
Jump KM corr.,0.611328125,0.5251853041247936
Jump KM corr.,0.615234375,0.500825017833213
Jump KM corr.,0.619140625,0.5795686860872499
Jump KM corr.,0.623046875,0.5102807073397784
Jump KM corr.,0.626953125,0.5279744494494681
Jump KM corr.,0.630859375,0.4806573106300552
Jump KM corr.,0.634765625,0.5228699760487097
Jump KM corr.,0.638671875,0.5152173930153388
Jump KM corr.,0.642578125,0.461917863444564
Jump KM corr.,0.646484375,0.444131208641553
Jump KM corr.,0.650390625,0.4284733904901392
Jump KM corr.,0.654296875,0.4575858730240351
Jump KM corr.,0.658203125,0.4298255162475933
Jump KM corr.,0.662109375,0.4475578674881572
Jump KM corr.,0.666015625,0.4956070024862384
Jump KM corr.,0.669921875,0.5212978450994976
Jump KM corr.,0.673828125,0.5063225480871266
Jump KM corr.,0.677734375,0.4343539554165024
Jump KM corr.,0.681640625,0.4130600922933063
Jump KM corr.,0.685546875,0.3720556367359595
Jump KM corr.,0.689453125,0.366825997508438
Jump KM corr.,0.693359375,0.3964359026221745
Jump KM corr.,0.697265625,0.4006790190128691
Jump KM corr.,0.701171875,0.4157299168187504
Jump KM corr.,0.705078125,0.3854655723473247
Jump KM corr.,0.708984375,0.400578699542552
Jump KM corr.,0.712890625,0.3754237487073539
Jump KM corr.,0.716796875,0.3741313460057109
Jump KM corr.,0.720703125,0.3972160990975681
Jump KM corr.,0.724609375,0.4018212467137478
Jump KM corr.,0.728515625,0.4079735208476432
Jump KM corr.,0.732421875,0.3913877075186281
Jump KM corr.,0.736328125,0.402443171301288
Jump KM corr.,0.740234375,0.3421941805913845
Jump KM corr.,0.744140625,0.3272081878751933
Jump KM corr.,0.748046875,0.3126328228559649
Jump KM corr.,0.751953125,0.3230933665761905
Jump KM corr.,0.755859375,0.3540908054860076
Jump KM corr.,0.759765625,0.3841959567782506
Jump KM corr.,0.763671875,0.4109543850160549
Jump KM corr.,0.767578125,0.404949544433573
Jump KM corr.,0.771484375,0.3479939720728883
Jump KM corr.,0.775390625,0.3742690566174717
Jump KM corr.,0.779296875,0.3489426318679424
Jump KM corr.,0.783203125,0.3182766148057807
Jump KM corr.,0.787109375,0.2874247841033872
Jump KM corr.,0.791015625,0.2665959971086271
Jump KM corr.,0.794921875,0.2842124090218786
Jump KM corr.,0.798828125,0.2553429775145247
Jump KM corr.,0.802734375,0.2583553488673221
Jump KM corr.,0.806640625,0.2611765683438033
Jump KM corr.,0.810546875,0.2693941296914773
Jump KM corr.,0.814453125,0.301725274177938
Jump KM corr.,0.818359375,0.3160400331876311
Jump KM corr.,0.822265625,0.2840210842929997
Jump KM corr.,0.826171875,0.2528497025555531
Jump KM corr.,0.830078125,0.2572257635041476
Jump KM corr.,0.833984375,0.2899003976654418
Jump KM corr.,0.837890625,0.2751326110200057
Jump KM corr.,0.841796875,0.2560260786519501
Jump KM corr.,0.845703125,0.2642876130244403
Jump KM corr.,0.849609375,0.2288692350272269
Jump KM corr.,0.853515625,0.2373087298780418
Jump KM corr.,0.857421875,0.2385982721783137
Jump KM corr.,0.861328125,0.2910397250455715
Jump KM corr.,0.865234375,0.2679762795253649
Jump KM corr.,0.869140625,0.2590091366792373
Jump KM corr.,0.873046875,0.2408713217889972
Jump KM corr.,0.876953125,0.2229966905084695
Jump KM corr.,0.880859375,0.2008101423157524
Jump KM corr.,0.884765625,0.1917476550036911
Jump KM corr.,0.888671875,0.2082568926420331
Jump KM corr.,0.892578125,0.2230543278563636
Jump KM corr.,0.896484375,0.2249736585929883
Jump KM corr.,0.900390625,0.1840017833921781
Jump KM corr.,0.904296875,0.1667872899723457
Jump KM corr.,0.908203125,0.1505648111357397
Jump KM corr.,0.912109375,0.1601684317045386
Jump KM corr.,0.916015625,0.1807063863917822
Jump KM corr.,0.919921875,0.1944147608863884
Jump KM corr.,0.923828125,0.1969939273198909
Jump KM corr.,0.927734375,0.1626107278580285
Jump KM corr.,0.931640625,0.1690783113022663
Jump KM corr.,0.935546875,0.160032168029145
Jump KM corr.,0.939453125,0.1653275280588027
Jump KM corr.,0.943359375,0.1559544765618176
Jump KM corr.,0.947265625,0.13146965146768
Jump KM corr.,0.951171875,0.1386840205345962
Jump KM corr.,0.955078125,0.1305958420900898
Jump KM corr.,0.958984375,0.1605578700456336
Jump KM corr.,0.962890625,0.1634112668299502
Jump KM corr.,0.966796875,0.1638175276090104
Jump KM corr.,0.970703125,0.163399508044185
Jump KM corr.,0.974609375,0.1420379817647897
Jump KM corr.,0.978515625,0.1305230202165928
Jump KM corr.,0.982421875,0.1378176860701618
Jump KM corr.,0.986328125,0.1304853564949447
Jump KM corr.,0.990234375,0.1465529157607581
Jump KM corr.,0.994140625,0.1371223663803301
Jump KM corr.,0.998046875,0.1343612308337062
Jump KM corr.,1.001953125,0.1184059903276577
Jump KM corr.,1.005859375,0.1233253438715563
Jump KM corr.,1.009765625,0.1164563891860662
Jump KM corr.,1.013671875,0.1276058133383092
Jump KM corr.,1.017578125,0.1070210705943265
Jump KM corr.,1.021484375,0.0908851660215819
Jump KM corr.,1.025390625,0.0892802496406772
Jump KM corr.,1.029296875,0.0800853179988429
Jump KM corr.,1.033203125,0.1076464178839737
Jump KM corr.,1.037109375,0.0864667436867358
Jump KM corr.,1.041015625,0.0875845783287984
Jump KM corr.,1.044921875,0.0886817235314402
Jump KM corr.,1.048828125,0.085457767858558
Jump KM corr.,1.052734375,0.0879424141769699
Jump KM corr.,1.056640625,0.0808449450109422
Jump KM corr.,1.060546875,0.0979991043311118
Jump KM corr.,1.064453125,0.1033441890357806
Jump KM corr.,1.068359375,0.0996652032162407
Jump KM corr.,1.072265625,0.1156607339217126
Jump KM corr.,1.076171875,0.1155988035614946
Jump KM corr.,1.080078125,0.1168624677683637
Jump KM corr.,1.083984375,0.0926588153254038
Jump KM corr.,1.087890625,0.0827151677366717
Jump KM corr.,1.091796875,0.0871143268685259
Jump KM corr.,1.095703125,0.0738093687340183
Jump KM corr.,1.099609375,0.0940115299472086
Jump KM corr.,1.103515625,0.0851414831803261
Jump KM corr.,1.107421875,0.0837711893174431
Jump KM corr.,1.111328125,0.0742213437207643
Jump KM corr.,1.115234375,0.0600372092582568
Jump KM corr.,1.119140625,0.0526562047905676
Jump KM corr.,1.123046875,0.0526458953413836
Jump KM corr.,1.126953125,0.0627739635430527
Jump KM corr.,1.130859375,0.089557662501624
Jump KM corr.,1.134765625,0.0905404904494966
Jump KM corr.,1.138671875,0.0568911341704474
Jump KM corr.,1.142578125,0.055131379302997
Jump KM corr.,1.146484375,0.0415265899113515
Jump KM corr.,1.150390625,0.0466940618340418
Jump KM corr.,1.154296875,0.047714290622322
Jump KM corr.,1.158203125,0.0500363717853366
Jump KM corr.,1.162109375,0.0428933912274381
Jump KM corr.,1.166015625,0.0394483275146932
Jump KM corr.,1.169921875,0.0432072496683113
Jump KM corr.,1.173828125,0.0359381029017081
Jump KM corr.,1.177734375,0.0320695508468422
Jump KM corr.,1.181640625,0.0298514266051456
Jump KM corr.,1.185546875,0.0358010861163098
Jump KM corr.,1.189453125,0.0368207983679681
Jump KM corr.,1.193359375,0.0349747599568617
Jump KM corr.,1.197265625,0.0364970347990572
Jump KM corr.,1.201171875,0.0316751904555445
Jump KM corr.,1.205078125,0.0379979866460451
Jump KM corr.,1.208984375,0.0326374967141932
Jump KM corr.,1.212890625,0.045567519143939
Jump KM corr.,1.216796875,0.0369505918615509
Jump KM corr.,1.220703125,0.0449457007269088
Jump KM corr.,1.224609375,0.041620515959431
Jump KM corr.,1.228515625,0.0436548140017588
Jump KM corr.,1.232421875,0.048998470531266
Jump KM corr.,1.236328125,0.0546777858650979
Jump KM corr.,1.240234375,0.0515380113695216
Jump KM corr.,1.244140625,0.0415676782257171
Jump KM corr.,1.248046875,0.0326124388900311
Jump KM corr.,1.251953125,0.0374223405742519
Jump KM corr.,1.255859375,0.0449466035287408
Jump KM corr.,1.259765625,0.0390636393969578
Jump KM corr.,1.263671875,0.0297290657315118
Jump KM corr.,1.267578125,0.0229278621815458
Jump KM corr.,1.271484375,0.0200341784922594
Jump KM corr.,1.275390625,0.022185816718259
Jump KM corr.,1.279296875,0.0240131371959062
Jump KM corr.,1.283203125,0.0319102759995254
Jump KM corr.,1.287109375,0.0265438506420322
Jump KM corr.,1.291015625,0.032359596847874
Jump KM corr.,1.294921875,0.0383257399709779
Jump KM corr.,1.298828125,0.0337461765350814
Jump KM corr.,1.302734375,0.0264343615811766
Jump KM corr.,1.306640625,0.0180177763020111
Jump KM corr.,1.310546875,0.0246432034744073
Jump KM corr.,1.314453125,0.0276700666055948
Jump KM corr.,1.318359375,0.0344479330702494
Jump KM corr.,1.322265625,0.025663355174641
Jump KM corr.,1.326171875,0.0301593351841839
Jump KM corr.,1.330078125,0.0324795348512488
Jump KM corr.,1.333984375,0.0368054584375625
Jump KM corr.,1.337890625,0.0285943821771285
Jump KM corr.,1.341796875,0.0266009285825307
Jump KM corr.,1.345703125,0.0272257036921599
Jump KM corr.,1.349609375,0.0214209725560406
Jump KM corr.,1.353515625,0.026840312183182
Jump KM corr.,1.357421875,0.0275431782397388
Jump KM corr.,1.361328125,0.0373923791228111
Jump KM corr.,1.365234375,0.0240425563348561
Jump KM corr.,1.369140625,0.0243058785252471
Jump KM corr.,1.373046875,0.0311081037578043
Jump KM corr.,1.376953125,0.0402969341758954
Jump KM corr.,1.380859375,0.0377263047443555
Jump KM corr.,1.384765625,0.0325045450875879
Jump KM corr.,1.388671875,0.0339794604935348
Jump KM corr.,1.392578125,0.0288057092887515
Jump KM corr.,1.396484375,0.03359616492974
Jump KM corr.,1.400390625,0.0272741883558991
Jump KM corr.,1.404296875,0.0310564197891015
Jump KM corr.,1.408203125,0.0236459558068133
Jump KM corr.,1.412109375,0.0266740602016234
Jump KM corr.,1.416015625,0.0302252623952883
Jump KM corr.,1.419921875,0.0316125153563165
Jump KM corr.,1.423828125,0.0313972567756349
Jump KM corr.,1.427734375,0.0266186436544864
Jump KM corr.,1.431640625,0.0267821098258831
Jump KM corr.,1.435546875,0.0314207664615788
Jump KM corr.,1.439453125,0.0264689621076787
Jump KM corr.,1.443359375,0.02465371236834
Jump KM corr.,1.447265625,0.0238441448548093
Jump KM corr.,1.451171875,0.0257829514197323
Jump KM corr.,1.455078125,0.0284372114196869
Jump KM corr.,1.458984375,0.0236456979698333
Jump KM corr.,1.462890625,0.0228403770019256
Jump KM corr.,1.466796875,0.0186947197514031
Jump KM corr.,1.470703125,0.0212175096618582
Jump KM corr.,1.474609375,0.0258185697900875
Jump KM corr.,1.478515625,0.0369796572263892
Jump KM corr.,1.482421875,0.0380784568503385
Jump KM corr.,1.486328125,0.0358109442467159
Jump KM corr.,1.490234375,0.0272558854840688
Jump KM corr.,1.494140625,0.0295118506528916
Jump KM corr.,1.498046875,0.0256080131209799
Jump KM corr.,1.501953125,0.0321999412172632
Jump KM corr.,1.505859375,0.032706025232997
Jump KM corr.,1.509765625,0.0378008863211229
Jump KM corr.,1.513671875,0.0337251681444585
Jump KM corr.,1.517578125,0.0291957961370547
Jump KM corr.,1.521484375,0.0323295791180899
Jump KM corr.,1.525390625,0.0358658574148864
Jump KM corr.,1.529296875,0.0379974875930406
Jump KM corr.,1.533203125,0.0292815455615605
Jump KM corr.,1.537109375,0.0243688003533629
Jump KM corr.,1.541015625,0.0290186661252836
Jump KM corr.,1.544921875,0.0322113427132241
Jump KM corr.,1.548828125,0.0384734950598477
Jump KM corr.,1.552734375,0.0346065882161509
Jump KM corr.,1.556640625,0.02430770513816
Jump KM corr.,1.560546875,0.0204083752193935
Jump KM corr.,1.564453125,0.0221430214122937
Jump KM corr.,1.568359375,0.0322722638986566
Jump KM corr.,1.572265625,0.0448066412540179
Jump KM corr.,1.576171875,0.0353344730737075
Jump KM corr.,1.580078125,0.0295224098136496
Jump KM corr.,1.583984375,0.0259131621818186
Jump KM corr.,1.587890625,0.0235964091746302
Jump KM corr.,1.591796875,0.0305082066146464
Jump KM corr.,1.595703125,0.022450345614708
Jump KM corr.,1.599609375,0.0254699654592438
Jump KM corr.,1.603515625,0.0251074045298715
Jump KM corr.,1.607421875,0.0457504807979299
Jump KM corr.,1.611328125,0.0328961704000173
Jump KM corr.,1.615234375,0.0254322658243858
Jump KM corr.,1.619140625,0.0204188691990696
Jump KM corr.,1.623046875,0.0273581231167263
Jump KM corr.,1.626953125,0.0252711255482046
Jump KM corr.,1.630859375,0.0230457988452976
Jump KM corr.,1.634765625,0.0223137374046079
Jump KM corr.,1.638671875,0.0296352281515198
Jump KM corr.,1.642578125,0.0416994627926395
Jump KM corr.,1.646484375,0.0396755192256845
Jump KM corr.,1.650390625,0.0405302933153282
Jump KM corr.,1.654296875,0.0414354686874333
Jump KM corr.,1.658203125,0.0531124945755413
Jump KM corr.,1.662109375,0.0406806869440933
Jump KM corr.,1.666015625,0.0321058999319976
Jump KM corr.,1.669921875,0.0246041020400249
Jump KM corr.,1.673828125,0.0229384794073049
Jump KM corr.,1.677734375,0.0249707468931312
Jump KM corr.,1.681640625,0.0378040543294135
Jump KM corr.,1.685546875,0.0390299358410188
Jump KM corr.,1.689453125,0.0363114026573905
Jump KM corr.,1.693359375,0.0359546461762577
Jump KM corr.,1.697265625,0.0322428561767592
Jump KM corr.,1.701171875,0.0251797216778979
Jump KM corr.,1.705078125,0.0223656002786281
Jump KM corr.,1.708984375,0.0339560803529336
Jump KM corr.,1.712890625,0.0552495060900339
Jump KM corr.,1.716796875,0.0361808147970602
Jump KM corr.,1.720703125,0.0274840219101825
Jump KM corr.,1.724609375,0.0252920898591766
Jump KM corr.,1.728515625,0.0273338346526381
Jump KM corr.,1.732421875,0.022611811173195
Jump KM corr.,1.736328125,0.0218251691741343
Jump KM corr.,1.740234375,0.0235021206522974
Jump KM corr.,1.744140625,0.0413510824534163
Jump KM corr.,1.748046875,0.0445367996856892
Jump KM corr.,1.751953125,0.047828471029657
Jump KM corr.,1.755859375,0.0282973070845182
Jump KM corr.,1.759765625,0.0210513646948504
Jump KM corr.,1.763671875,0.0228276937827324
Jump KM corr.,1.767578125,0.0200975310753694
Jump KM corr.,1.771484375,0.0241797857974022
Jump KM corr.,1.775390625,0.0251288056484941
Jump KM corr.,1.779296875,0.0509154584839114
Jump KM corr.,1.783203125,0.0506152697173205
Jump KM corr.,1.787109375,0.0327757519957731
Jump KM corr.,1.791015625,0.0244635407473812
Jump KM corr.,1.794921875,0.0246236821209825
Jump KM corr.,1.798828125,0.024636119180787
Jump KM corr.,1.802734375,0.0303466229283362
Jump KM corr.,1.806640625,0.0280859004907797
Jump KM corr.,1.810546875,0.0287478936145391
Jump KM corr.,1.814453125,0.0291425715365615
Jump KM corr.,1.818359375,0.0317230487795456
Jump KM corr.,1.822265625,0.0294054178323671
Jump KM corr.,1.826171875,0.0242631972353589
Jump KM corr.,1.830078125,0.0245540858432721
Jump KM corr.,1.833984375,0.0324070704841427
Jump KM corr.,1.837890625,0.0475573894369949
Jump KM corr.,1.841796875,0.0366193442156777
Jump KM corr.,1.845703125,0.0399438284487287
Jump KM corr.,1.849609375,0.0386774770596197
Jump KM corr.,1.853515625,0.0727656998748466
Jump KM corr.,1.857421875,0.0277331647348517
Jump KM corr.,1.861328125,0.02760922229852
Jump KM corr.,1.865234375,0.0228712075424897
Jump KM corr.,1.869140625,0.0475343512726608
Jump KM corr.,1.873046875,0.0451387910127325
Jump KM corr.,1.876953125,0.0426496498882198
Jump KM corr.,1.880859375,0.0253772030473498
Jump KM corr.,1.884765625,0.0217078717205334
Jump KM corr.,1.888671875,0.0249027918450825
Jump KM corr.,1.892578125,0.0305832366745601
Jump KM corr.,1.896484375,0.0344188532255851
Jump KM corr.,1.900390625,0.0363956630375739
Jump KM corr.,1.904296875,0.0322653480316918
Jump KM corr.,1.908203125,0.0400134459377505
Jump KM corr.,1.912109375,0.0373518011930969
Jump KM corr.,1.916015625,0.0328198598726301
Jump KM corr.,1.919921875,0.0365526026803074
Jump KM corr.,1.923828125,0.0409306215103125
Jump KM corr.,1.927734375,0.0631866765224662
Jump KM corr.,1.931640625,0.0324508615030912
Jump KM corr.,1.935546875,0.0327068940416736
Jump KM corr.,1.939453125,0.0188048510703675
Jump KM corr.,1.943359375,0.0210613971147547
Jump KM corr.,1.947265625,0.021467325604776
Jump KM corr.,1.951171875,0.0389484971131908
Jump KM corr.,1.955078125,0.0566806684959775
Jump KM corr.,1.958984375,0.0395821112929847
Jump KM corr.,1.962890625,0.0417328945867689
Jump KM corr.,1.966796875,0.0382036002503431
Jump KM corr.,1.970703125,0.0485088224575841
Jump KM corr.,1.974609375,0.0440163626620038
Jump KM corr.,1.978515625,0.0357150868827008
Jump KM corr.,1.982421875,0.0317527100408829
Jump KM corr.,1.986328125,0.0359630936341629
Jump KM corr.,1.990234375,0.0324300798063018
Jump KM corr.,1.994140625,0.0358756355860892
Jump KM corr.,1.998046875,0.0322644657439502
Jump KM corr.,2.001953125,0.0363482886571877
Jump KM corr.,2.005859375,0.0395396198696757
Jump KM corr.,2.009765625,0.0531836818848317
Jump KM corr.,2.013671875,0.0615741444190281
Jump KM corr.,2.017578125,0.0396715354179269
Jump KM corr.,2.021484375,0.0264934631556736
Jump KM corr.,2.025390625,0.0272384855793044
Jump KM corr.,2.029296875,0.031637147952706
Jump KM corr.,2.033203125,0.0419078451730089
Jump KM corr.,2.037109375,0.0385460832714152
Jump KM corr.,2.041015625,0.0376394314102829
Jump KM corr.,2.044921875,0.0336532115959067
Jump KM corr.,2.048828125,0.0280446293145379
Jump KM corr.,2.052734375,0.0270483527034832
Jump KM corr.,2.056640625,0.0225143623922776
Jump KM corr.,2.060546875,0.0339765534074394
Jump KM corr.,2.064453125,0.0306464852205512
Jump KM corr.,2.068359375,0.058441721764985
Jump KM corr.,2.072265625,0.0509508418501156
Jump KM corr.,2.076171875,0.0482603851025631
Jump KM corr.,2.080078125,0.0310283093444193
Jump KM corr.,2.083984375,0.033191817146484
Jump KM corr.,2.087890625,0.0535375056388559
Jump KM corr.,2.091796875,0.0736518857036375
Jump KM corr.,2.095703125,0.0496483645821708
Jump KM corr.,2.099609375,0.0325253715970785
Jump KM corr.,2.103515625,0.0380011100069623
Jump KM corr.,2.107421875,0.0378027013162916
Jump KM corr.,2.111328125,0.051094575513919
Jump KM corr.,2.115234375,0.0389813539161432
Jump KM corr.,2.119140625,0.0413161909689268
Jump KM corr.,2.123046875,0.0303105231237437
Jump KM corr.,2.126953125,0.0316230629529649
Jump KM corr.,2.130859375,0.0261335633640952
Jump KM corr.,2.134765625,0.0281240712787431
Jump KM corr.,2.138671875,0.0267682000227655
Jump KM corr.,2.142578125,0.0373228924056486
Jump KM corr.,2.146484375,0.0302380447965805
Jump KM corr.,2.150390625,0.0366360252378551
Jump KM corr.,2.154296875,0.0338949161399881
Jump KM corr.,2.158203125,0.050610433121956
Jump KM corr.,2.162109375,0.0424540920528655
Jump KM corr.,2.166015625,0.03955732768941
Jump KM corr.,2.169921875,0.0400101675983021
Jump KM corr.,2.173828125,0.0523930506774096
Jump KM corr.,2.177734375,0.0717643858454967
Jump KM corr.,2.181640625,0.103532296966551
Jump KM corr.,2.185546875,0.0688210260615027
Jump KM corr.,2.189453125,0.0803295061671825
Jump KM corr.,2.193359375,0.0645562151842084
Jump KM corr.,2.197265625,0.033753366267614
Jump KM corr.,2.201171875,0.0318149240579682
Jump KM corr.,2.205078125,0.0309091250326705
Jump KM corr.,2.208984375,0.0419271527979872
Jump KM corr.,2.212890625,0.0377726597307958
Jump KM corr.,2.216796875,0.0370413230554485
Jump KM corr.,2.220703125,0.0491296095445416
Jump KM corr.,2.224609375,0.0464579407413303
Jump KM corr.,2.228515625,0.0325603167427629
Jump KM corr.,2.232421875,0.0251567658767274
Jump KM corr.,2.236328125,0.0213117819443517
Jump KM corr.,2.240234375,0.03010257846589
Jump KM corr.,2.244140625,0.0417773145318258
Jump KM corr.,2.248046875,0.0418578633610738
Jump KM corr.,2.251953125,0.0292948915202488
Jump KM corr.,2.255859375,0.0283938533259211
Jump KM corr.,2.259765625,0.0419532612494975
Jump KM corr.,2.263671875,0.041964857130066
Jump KM corr.,2.267578125,0.0428023771652797
Jump KM corr.,2.271484375,0.0412380765300414
Jump KM corr.,2.275390625,0.0650391045988153
Jump KM corr.,2.279296875,0.0519662960394562
Jump KM corr.,2.283203125,0.0354525823735645
Jump KM corr.,2.287109375,0.0344718290032591
Jump KM corr.,2.291015625,0.032926141420315
Jump KM corr.,2.294921875,0.0547195754191121
Jump KM corr.,2.298828125,0.0643709240804676
Jump KM corr.,2.302734375,0.0591057447589329
Jump KM corr.,2.306640625,0.0517399287451095
Jump KM corr.,2.310546875,0.0411733493725037
Jump KM corr.,2.314453125,0.0521161671258902
Jump KM corr.,2.318359375,0.043566250461944
Jump KM corr.,2.322265625,0.0521847477661771
Jump KM corr.,2.326171875,0.0360803198678383
Jump KM corr.,2.330078125,0.0421065158504706
Jump KM corr.,2.333984375,0.0399563196733595
Jump KM corr.,2.337890625,0.0574962584386228
Jump KM corr.,2.341796875,0.0407753964419924
Jump KM corr.,2.345703125,0.0417819628622123
Jump KM corr.,2.349609375,0.0447573535930955
Jump KM corr.,2.353515625,0.0734056119221994
Jump KM corr.,2.357421875,0.0849443147743305
Jump KM corr.,2.361328125,0.1341121414178407
Jump KM corr.,2.365234375,0.0991018218050324
Jump KM corr.,2.369140625,0.0576128483635846
Jump KM corr.,2.373046875,0.0565238597360072
Jump KM corr.,2.376953125,0.0740650592250908
Jump KM corr.,2.380859375,0.0613418375774039
Jump KM corr.,2.384765625,0.044685763168447
Jump KM corr.,2.388671875,0.0416806694073012
Jump KM corr.,2.392578125,0.0695691536225334
Jump KM corr.,2.396484375,0.0526870752755679
Jump KM corr.,2.400390625,0.0486173634478868
Jump KM corr.,2.404296875,0.0305184747582482
Jump KM corr.,2.408203125,0.0344992340940856
Jump KM corr.,2.412109375,0.0338937098990004
Jump KM corr.,2.416015625,0.0371371869593478
Jump KM corr.,2.419921875,0.0357196783814596
Jump KM corr.,2.423828125,0.0445172433033956
Jump KM corr.,2.427734375,0.0611554682687821
Jump KM corr.,2.431640625,0.0572128979984264
Jump KM corr.,2.435546875,0.0321132015100734
Jump KM corr.,2.439453125,0.0260417496187782
Jump KM corr.,2.443359375,0.0265353760744005
Jump KM corr.,2.447265625,0.0273727337283592
Jump KM corr.,2.451171875,0.0295365086183181
Jump KM corr.,2.455078125,0.0470217819297525
Jump KM corr.,2.458984375,0.0833195684905919
Jump KM corr.,2.462890625,0.1897736041421004
Jump KM corr.,2.466796875,0.0776101884771196
Jump KM corr.,2.470703125,0.0681397616885349
Jump KM corr.,2.474609375,0.0579757647962128
Jump KM corr.,2.478515625,0.0887502152179768
Jump KM corr.,2.482421875,0.0562899776576337
Jump KM corr.,2.486328125,0.0435059322568235
Jump KM corr.,2.490234375,0.0411092739809753
Jump KM corr.,2.494140625,0.0516421732010873
Jump KM corr.,2.498046875,0.064987270817313
Jump KM flag,0.001953125,2.588393510970705
Jump KM flag,0.005859375,2.633638017605254
Jump KM flag,0.009765625,2.6882124661445035
Jump KM flag,0.013671875,2.7431682118894725
Jump KM flag,0.017578125,2.7947881478731063
Jump KM flag,0.021484375,2.8456882587711085
Jump KM flag,0.025390625,2.8905201558087863
Jump KM flag,0.029296875,2.933795931868622
Jump KM flag,0.033203125,2.972675636022967
Jump KM flag,0.037109375,3.0051685236486096
Jump KM flag,0.041015625,3.0328271444264985
Jump KM flag,0.044921875,3.054709269345479
Jump KM flag,0.048828125,3.0694066785717364
Jump KM flag,0.052734375,3.0762358467702944
Jump KM flag,0.056640625,3.0741997812768567
Jump KM flag,0.060546875,3.0613918148962993
Jump KM flag,0.064453125,3.038746332904268
Jump KM flag,0.068359375,3.007852964979048
Jump KM flag,0.072265625,2.9696242919043256
Jump KM flag,0.076171875,2.9281852946017644
Jump KM flag,0.080078125,2.883192711872097
Jump KM flag,0.083984375,2.8336926179254407
Jump KM flag,0.087890625,2.780702909079033
Jump KM flag,0.091796875,2.719382910799107
Jump KM flag,0.095703125,2.658112385126799
Jump KM flag,0.099609375,2.600535308019838
Jump KM flag,0.103515625,2.544189261961219
Jump KM flag,0.107421875,2.4843655473450426
Jump KM flag,0.111328125,2.409645619299986
Jump KM flag,0.115234375,2.3662871480450716
Jump KM flag,0.119140625,2.306796534471293
Jump KM flag,0.123046875,2.2652737444427125
Jump KM flag,0.126953125,2.213332801578683
Jump KM flag,0.130859375,2.180326106622477
Jump KM flag,0.134765625,2.137680481118349
Jump KM flag,0.138671875,2.073292257350601
Jump KM flag,0.142578125,2.0067930739156754
Jump KM flag,0.146484375,1.953115439503751
Jump KM flag,0.150390625,1.9048377181315537
Jump KM flag,0.154296875,1.872398167539454
Jump KM flag,0.158203125,1.8361612793564488
Jump KM flag,0.162109375,1.800591676612057
Jump KM flag,0.166015625,1.755398475382763
Jump KM flag,0.169921875,1.7174173522559766
Jump KM flag,0.173828125,1.6798518775131954
Jump KM flag,0.177734375,1.6726155554634092
Jump KM flag,0.181640625,1.649199957066105
Jump KM flag,0.185546875,1.6114646252387577
Jump KM flag,0.189453125,1.5695718491693442
Jump KM flag,0.193359375,1.5134016766018925
Jump KM flag,0.197265625,1.5027395448066587
Jump KM flag,0.201171875,1.4742383138575883
Jump KM flag,0.205078125,1.4795629069616665
Jump KM flag,0.208984375,1.4570997889740915
Jump KM flag,0.212890625,1.4470463672772471
Jump KM flag,0.216796875,1.4171291790342335
Jump KM flag,0.220703125,1.397194825009199
Jump KM flag,0.224609375,1.3655692019779495
Jump KM flag,0.228515625,1.318590163154565
Jump KM flag,0.232421875,1.280107038039361
Jump KM flag,0.236328125,1.2603854030006556
Jump KM flag,0.240234375,1.2764771275558455
Jump KM flag,0.244140625,1.252644734152423
Jump KM flag,0.248046875,1.2210276753854683
Jump KM flag,0.251953125,1.1779435575731343
Jump KM flag,0.255859375,1.190234180715665
Jump KM flag,0.259765625,1.1832195226432358
Jump KM flag,0.263671875,1.2040347572029144
Jump KM flag,0.267578125,1.1849470827176622
Jump KM flag,0.271484375,1.1796215769603824
Jump KM flag,0.275390625,1.1376260148766604
Jump KM flag,0.279296875,1.1250322311242065
Jump KM flag,0.283203125,1.0883850714925256
Jump KM flag,0.287109375,1.1172108150033002
Jump KM flag,0.291015625,1.0984210190112669
Jump KM flag,0.294921875,1.0953255840330656
Jump KM flag,0.298828125,1.0503367275795386
Jump KM flag,0.302734375,1.0207256240340064
Jump KM flag,0.306640625,0.999412989559871
Jump KM flag,0.310546875,0.9937604865069616
Jump KM flag,0.314453125,0.9649904374508828
Jump KM flag,0.318359375,0.9465218269278122
Jump KM flag,0.322265625,0.9392243511165684
Jump KM flag,0.326171875,0.9355357781201648
Jump KM flag,0.330078125,0.9113300037459252
Jump KM flag,0.333984375,0.883525610095728
Jump KM flag,0.337890625,0.8968927826177809
Jump KM flag,0.341796875,0.916963190999356
Jump KM flag,0.345703125,0.892712652352927
Jump KM flag,0.349609375,0.8450819847008981
Jump KM flag,0.353515625,0.8292482785695194
Jump KM flag,0.357421875,0.8152570262512908
Jump KM flag,0.361328125,0.812400486112646
Jump KM flag,0.365234375,0.7786773670858829
Jump KM flag,0.369140625,0.7872779375197518
Jump KM flag,0.373046875,0.7993838912696153
Jump KM flag,0.376953125,0.8027989431231868
Jump KM flag,0.380859375,0.7690524767083287
Jump KM flag,0.384765625,0.7358541349504238
Jump KM flag,0.388671875,0.7320415555706441
Jump KM flag,0.392578125,0.7651708600250469
Jump KM flag,0.396484375,0.7635191365377675
Jump KM flag,0.400390625,0.7375457005842287
Jump KM flag,0.404296875,0.6823803669090087
Jump KM flag,0.408203125,0.680179868990838
Jump KM flag,0.412109375,0.676370676640843
Jump KM flag,0.416015625,0.7019841525199373
Jump KM flag,0.419921875,0.7390502510959148
Jump KM flag,0.423828125,0.7410422488898829
Jump KM flag,0.427734375,0.7302228542487978
Jump KM flag,0.431640625,0.6969761743793851
Jump KM flag,0.435546875,0.6569128072636913
Jump KM flag,0.439453125,0.6249536793716254
Jump KM flag,0.443359375,0.6077171654176349
Jump KM flag,0.447265625,0.6108171053768989
Jump KM flag,0.451171875,0.6383173843421075
Jump KM flag,0.455078125,0.6105105474141806
Jump KM flag,0.458984375,0.6059193088183982
Jump KM flag,0.462890625,0.5967293426669009
Jump KM flag,0.466796875,0.5919697781412208
Jump KM flag,0.470703125,0.6411364231671333
Jump KM flag,0.474609375,0.6512840602505986
Jump KM flag,0.478515625,0.6442813097286652
Jump KM flag,0.482421875,0.5876832420597744
Jump KM flag,0.486328125,0.5477251114721119
Jump KM flag,0.490234375,0.5278814166157519
Jump KM flag,0.494140625,0.5267569088723015
Jump KM flag,0.498046875,0.5364398208899158
Jump KM flag,0.501953125,0.562512460335949
Jump KM flag,0.505859375,0.5655691619016305
Jump KM flag,0.509765625,0.5636097790716709
Jump KM flag,0.513671875,0.5450239881045872
Jump KM flag,0.517578125,0.5505649524533432
Jump KM flag,0.521484375,0.5503447913380446
Jump KM flag,0.525390625,0.5651231568908578
Jump KM flag,0.529296875,0.5526517553932169
Jump KM flag,0.533203125,0.5262301700847829
Jump KM flag,0.537109375,0.5495740643513463
Jump KM flag,0.541015625,0.5178894429851332
Jump KM flag,0.544921875,0.501565062509229
Jump KM flag,0.548828125,0.4439996133843639
Jump KM flag,0.552734375,0.4586048870895271
Jump KM flag,0.556640625,0.4827191585589749
Jump KM flag,0.560546875,0.4943623565621116
Jump KM flag,0.564453125,0.4661916041331698
Jump KM flag,0.568359375,0.4730659698140436
Jump KM flag,0.572265625,0.4922488034302632
Jump KM flag,0.576171875,0.5372124647405963
Jump KM flag,0.580078125,0.4930014402505205
Jump KM flag,0.583984375,0.4470221312207418
Jump KM flag,0.587890625,0.4222525369805547
Jump KM flag,0.591796875,0.4091313633192037
Jump KM flag,0.595703125,0.4209185417303175
Jump KM flag,0.599609375,0.4030565239729672
Jump KM flag,0.603515625,0.4226996390842905
Jump KM flag,0.607421875,0.3890029583781261
Jump KM flag,0.611328125,0.408684306706231
Jump KM flag,0.615234375,0.3836095585770028
Jump KM flag,0.619140625,0.4433890143356506
Jump KM flag,0.623046875,0.4622775179786635
Jump KM flag,0.626953125,0.4216922010157881
Jump KM flag,0.630859375,0.3746379818760444
Jump KM flag,0.634765625,0.3283551597699038
Jump KM flag,0.638671875,0.3305819060546994
Jump KM flag,0.642578125,0.3118286706720839
Jump KM flag,0.646484375,0.3158671554868431
Jump KM flag,0.650390625,0.3402559948641704
Jump KM flag,0.654296875,0.3198700292491481
Jump KM flag,0.658203125,0.3396342917311232
Jump KM flag,0.662109375,0.3289078799570624
Jump KM flag,0.666015625,0.3728441124451892
Jump KM flag,0.669921875,0.3657357270784789
Jump KM flag,0.673828125,0.363520020976262
Jump KM flag,0.677734375,0.3260003726335536
Jump KM flag,0.681640625,0.3032866556412572
Jump KM flag,0.685546875,0.3203983890911939
Jump KM flag,0.689453125,0.324261201256422
Jump KM flag,0.693359375,0.3385664601792265
Jump KM flag,0.697265625,0.2910055185673305
Jump KM flag,0.701171875,0.338488365663773
Jump KM flag,0.705078125,0.2888202168442176
Jump KM flag,0.708984375,0.3308679297078698
Jump KM flag,0.712890625,0.2732090700326401
Jump KM flag,0.716796875,0.3098601618611175
Jump KM flag,0.720703125,0.2388395787157903
Jump KM flag,0.724609375,0.2387527027873497
Jump KM flag,0.728515625,0.2462255190185948
Jump KM flag,0.732421875,0.252922514183733
Jump KM flag,0.736328125,0.2543301322623209
Jump KM flag,0.740234375,0.2671888064559621
Jump KM flag,0.744140625,0.2565836161320742
Jump KM flag,0.748046875,0.2692367921619656
Jump KM flag,0.751953125,0.2401579111579442
Jump KM flag,0.755859375,0.2882638156702877
Jump KM flag,0.759765625,0.2689278989888648
Jump KM flag,0.763671875,0.2752413749688655
Jump KM flag,0.767578125,0.2638643819466502
Jump KM flag,0.771484375,0.2745571786820966
Jump KM flag,0.775390625,0.261094795743397
Jump KM flag,0.779296875,0.2562164064995233
Jump KM flag,0.783203125,0.238245312248873
Jump KM flag,0.787109375,0.2239227145104205
Jump KM flag,0.791015625,0.2090466612848419
Jump KM flag,0.794921875,0.2195263341165555
Jump KM flag,0.798828125,0.202634521924633
Jump KM flag,0.802734375,0.2186040409118558
Jump KM flag,0.806640625,0.1743964597958026
Jump KM flag,0.810546875,0.1971299899877732
Jump KM flag,0.814453125,0.1686138002442865
Jump KM flag,0.818359375,0.1854416578224672
Jump KM flag,0.822265625,0.1797804015858255
Jump KM flag,0.826171875,0.2357524351668681
Jump KM flag,0.830078125,0.2834061092151013
Jump KM flag,0.833984375,0.2338236554463621
Jump KM flag,0.837890625,0.1832019636658935
Jump KM flag,0.841796875,0.1644272239746384
Jump KM flag,0.845703125,0.1758805596125819
Jump KM flag,0.849609375,0.1930634890993327
Jump KM flag,0.853515625,0.182604945584469
Jump KM flag,0.857421875,0.160327700457925
Jump KM flag,0.861328125,0.1877145275583247
Jump KM flag,0.865234375,0.179626315409274
Jump KM flag,0.869140625,0.2098336293299305
Jump KM flag,0.873046875,0.1774768861115342
Jump KM flag,0.876953125,0.2067852817399456
Jump KM flag,0.880859375,0.2379039435491562
Jump KM flag,0.884765625,0.2625333481605019
Jump KM flag,0.888671875,0.2205544101006616
Jump KM flag,0.892578125,0.1733346098835166
Jump KM flag,0.896484375,0.1887034195719927
Jump KM flag,0.900390625,0.1728344328132628
Jump KM flag,0.904296875,0.1809179974759378
Jump KM flag,0.908203125,0.1565709542393299
Jump KM flag,0.912109375,0.2031732273480762
Jump KM flag,0.916015625,0.1578166683893803
Jump KM flag,0.919921875,0.1450243664274866
Jump KM flag,0.923828125,0.1265307444837073
Jump KM flag,0.927734375,0.1522815932498681
Jump KM flag,0.931640625,0.1752270530286291
Jump KM flag,0.935546875,0.2247807416237924
Jump KM flag,0.939453125,0.2580026330689464
Jump KM flag,0.943359375,0.2307777605828127
Jump KM flag,0.947265625,0.1522790860228234
Jump KM flag,0.951171875,0.1303823360615721
Jump KM flag,0.955078125,0.1361188595278607
Jump KM flag,0.958984375,0.157584530506305
Jump KM flag,0.962890625,0.1438927555114165
Jump KM flag,0.966796875,0.126146274174252
Jump KM flag,0.970703125,0.0825927214084729
Jump KM flag,0.974609375,0.0788277568091297
Jump KM flag,0.978515625,0.0834709008018683
Jump KM flag,0.982421875,0.1562740053421972
Jump KM flag,0.986328125,0.2396531420940489
Jump KM flag,0.990234375,0.206280976695986
Jump KM flag,0.994140625,0.2090863813175248
Jump KM flag,0.998046875,0.2075786631856283
Jump KM flag,1.001953125,0.2342767806992711
Jump KM flag,1.005859375,0.1993255328173774
Jump KM flag,1.009765625,0.1524630305093388
Jump KM flag,1.013671875,0.1610961122082336
Jump KM flag,1.017578125,0.1465178197519817
Jump KM flag,1.021484375,0.1576011547433252
Jump KM flag,1.025390625,0.1782609710955005
Jump KM flag,1.029296875,0.1781268450224671
Jump KM flag,1.033203125,0.1312757883691375
Jump KM flag,1.037109375,0.0949012510787532
Jump KM flag,1.041015625,0.1103893441621512
Jump KM flag,1.044921875,0.1480638069292154
Jump KM flag,1.048828125,0.1938352616116856
Jump KM flag,1.052734375,0.2167628616933478
Jump KM flag,1.056640625,0.2009603111435646
Jump KM flag,1.060546875,0.2201400238361996
Jump KM flag,1.064453125,0.165482041315043
Jump KM flag,1.068359375,0.1982005612407752
Jump KM flag,1.072265625,0.1728847574110954
Jump KM flag,1.076171875,0.2001441960897657
Jump KM flag,1.080078125,0.1500493084363904
Jump KM flag,1.083984375,0.1745038803941067
Jump KM flag,1.087890625,0.1906616481006678
Jump KM flag,1.091796875,0.2021007235881186
Jump KM flag,1.095703125,0.1676188552263579
Jump KM flag,1.099609375,0.1527329181104937
Jump KM flag,1.103515625,0.1560678018545907
Jump KM flag,1.107421875,0.1963471754017591
Jump KM flag,1.111328125,0.1522611729681016
Jump KM flag,1.115234375,0.137505049244053
Jump KM flag,1.119140625,0.1064081523235378
Jump KM flag,1.123046875,0.1226171576842207
Jump KM flag,1.126953125,0.1509780974563485
Jump KM flag,1.130859375,0.130425950151735
Jump KM flag,1.134765625,0.1539444617972191
Jump KM flag,1.138671875,0.1316279323398175
Jump KM flag,1.142578125,0.1748661318051856
Jump KM flag,1.146484375,0.1516500635053455
Jump KM flag,1.150390625,0.1301349592033676
Jump KM flag,1.154296875,0.127495690918314
Jump KM flag,1.158203125,0.127160860672674
Jump KM flag,1.162109375,0.1450872889436623
Jump KM flag,1.166015625,0.1553266496865963
Jump KM flag,1.169921875,0.1401429101094263
Jump KM flag,1.173828125,0.124502597119298
Jump KM flag,1.177734375,0.1198642971482695
Jump KM flag,1.181640625,0.1802054158177986
Jump KM flag,1.185546875,0.2157314779139769
Jump KM flag,1.189453125,0.1753309369235368
Jump KM flag,1.193359375,0.1567646300851921
Jump KM flag,1.197265625,0.1402700500918355
Jump KM flag,1.201171875,0.1825818482394953
Jump KM flag,1.205078125,0.1402931011463503
Jump KM flag,1.208984375,0.1499849793285665
Jump KM flag,1.212890625,0.1501289155217894
Jump KM flag,1.216796875,0.1412432040993838
Jump KM flag,1.220703125,0.1859909297313082
Jump KM flag,1.224609375,0.1003931781235366
Jump KM flag,1.228515625,0.1321937790938314
Jump KM flag,1.232421875,0.1030179429574554
Jump KM flag,1.236328125,0.1868891273947876
Jump KM flag,1.240234375,0.1258091723529024
Jump KM flag,1.244140625,0.1465764012190427
Jump KM flag,1.248046875,0.12340521395594
Jump KM flag,1.251953125,0.1483083280435257
Jump KM flag,1.255859375,0.1364444428293354
Jump KM flag,1.259765625,0.1564929629002766
Jump KM flag,1.263671875,0.1808453511166766
Jump KM flag,1.267578125,0.1770106208951983
Jump KM flag,1.271484375,0.106516124925723
Jump KM flag,1.275390625,0.1053777770764841
Jump KM flag,1.279296875,0.1145165071431408
Jump KM flag,1.283203125,0.2363113443228431
Jump KM flag,1.287109375,0.2428702729538034
Jump KM flag,1.291015625,0.2113515626440414
Jump KM flag,1.294921875,0.1818585404463835
Jump KM flag,1.298828125,0.158607250359056
Jump KM flag,1.302734375,0.1353605671909936
Jump KM flag,1.306640625,0.0996656554022223
Jump KM flag,1.310546875,0.1060364371246
Jump KM flag,1.314453125,0.1173284694954737
Jump KM flag,1.318359375,0.1571319633874675
Jump KM flag,1.322265625,0.1266591463340705
Jump KM flag,1.326171875,0.1737468106187036
Jump KM flag,1.330078125,0.0580251314361808
Jump KM flag,1.333984375,0.0622147287662327
Jump KM flag,1.337890625,0.0604795294335788
Jump KM flag,1.341796875,0.1262221689219959
Jump KM flag,1.345703125,0.0553075042834693
Jump KM flag,1.349609375,0.0466604679722762
Jump KM flag,1.353515625,0.0467209201048992
Jump KM flag,1.357421875,0.1289859200400355
Jump KM flag,1.361328125,0.0916814936592033
Jump KM flag,1.365234375,0.0952899393929279
Jump KM flag,1.369140625,0.0947042732571883
Jump KM flag,1.373046875,0.091658844184491
Jump KM flag,1.376953125,0.0969992353941306
Jump KM flag,1.380859375,0.0914610734082646
Jump KM flag,1.384765625,0.1470909460705979
Jump KM flag,1.388671875,0.1296506272040782
Jump KM flag,1.392578125,0.1322919607590134
Jump KM flag,1.396484375,0.1054001917866458
Jump KM flag,1.400390625,0.0892409848780929
Jump KM flag,1.404296875,0.0874921998356306
Jump KM flag,1.408203125,0.0538577955300035
Jump KM flag,1.412109375,0.0615676237919284
Jump KM flag,1.416015625,0.0518442554574081
Jump KM flag,1.419921875,0.0866744687061282
Jump KM flag,1.423828125,0.0973047155437949
Jump KM flag,1.427734375,0.1408763250585818
Jump KM flag,1.431640625,0.0708633113705542
Jump KM flag,1.435546875,0.0544257210949181
Jump KM flag,1.439453125,0.0539589266323367
Jump KM flag,1.443359375,0.0606769669009727
Jump KM flag,1.447265625,0.0633762869011895
Jump KM flag,1.451171875,0.0795328785505752
Jump KM flag,1.455078125,0.1146334798022256
Jump KM flag,1.458984375,0.1261096531456745
Jump KM flag,1.462890625,0.1107111822831726
Jump KM flag,1.466796875,0.1127308728298793
Jump KM flag,1.470703125,0.1356639149223882
Jump KM flag,1.474609375,0.0354655542890511
Jump KM flag,1.478515625,0.032164076497542
Jump KM flag,1.482421875,0.030956773377812
Jump KM flag,1.486328125,0.1026488644572288
Jump KM flag,1.490234375,0.1085984823579018
Jump KM flag,1.494140625,0.1292407337525769
Jump KM flag,1.498046875,0.07730415933788
Jump KM flag,1.501953125,0.0757942181561821
Jump KM flag,1.505859375,0.0848531250536325
Jump KM flag,1.509765625,0.1815709822123378
Jump KM flag,1.513671875,0.1668936202880403
Jump KM flag,1.517578125,0.1728161338888507
Jump KM flag,1.521484375,0.1295020157399957
Jump KM flag,1.525390625,0.1445234233532791
Jump KM flag,1.529296875,0.0785699575422432
Jump KM flag,1.533203125,0.0736208244860822
Jump KM flag,1.537109375,0.0665164225700971
Jump KM flag,1.541015625,0.1063264628145027
Jump KM flag,1.544921875,0.0153390151031549
Jump KM flag,1.548828125,0.0173276440957487
Jump KM flag,1.552734375,0.0133211037686427
Jump KM flag,1.556640625,0.1204375645043235
Jump KM flag,1.560546875,0.1169341391917103
Jump KM flag,1.564453125,0.0442141240427219
Jump KM flag,1.568359375,0.0590263030303991
Jump KM flag,1.572265625,0.056671202682374
Jump KM flag,1.576171875,0.1480572101743484
Jump KM flag,1.580078125,0.1452137741704773
Jump KM flag,1.583984375,0.1476155049296326
Jump KM flag,1.587890625,0.079549109841813
Jump KM flag,1.591796875,0.0626099552191166
Jump KM flag,1.595703125,0.0509712677881213
Jump KM flag,1.599609375,0.0776463548852657
Jump KM flag,1.603515625,0.1396160510551639
Jump KM flag,1.607421875,0.0820277049012454
Jump KM flag,1.611328125,0.0657358950082393
Jump KM flag,1.615234375,0.0626593279684252
Jump KM flag,1.619140625,0.0745098647368205
Jump KM flag,1.623046875,0.0914570095826551
Jump KM flag,1.626953125,0.0640438206394258
Jump KM flag,1.630859375,0.0774819042910044
Jump KM flag,1.634765625,0.0589628012350272
Jump KM flag,1.638671875,0.0906951748621472
Jump KM flag,1.642578125,0.0946602979589192
Jump KM flag,1.646484375,0.110850715762864
Jump KM flag,1.650390625,0.0712273643086056
Jump KM flag,1.654296875,0.0737620206118338
Jump KM flag,1.658203125,0.0619956872048524
Jump KM flag,1.662109375,0.0434263574718186
Jump KM flag,1.666015625,0.0398357724662458
Jump KM flag,1.669921875,0.0426229447900486
Jump KM flag,1.673828125,0.0874728677934182
Jump KM flag,1.677734375,0.0900171406304014
Jump KM flag,1.681640625,0.1021279733981929
Jump KM flag,1.685546875,0.0878224250916232
Jump KM flag,1.689453125,0.0751308645990279
Jump KM flag,1.693359375,0.0944077684481654
Jump KM flag,1.697265625,0.0261663487111586
Jump KM flag,1.701171875,0.0233938570813924
Jump KM flag,1.705078125,0.0205783420056755
Jump KM flag,1.708984375,0.0260647453248927
Jump KM flag,1.712890625,0.027090608583669
Jump KM flag,1.716796875,0.0335262194261662
Jump KM flag,1.720703125,0.0452834443564176
Jump KM flag,1.724609375,0.0630390323731567
Jump KM flag,1.728515625,0.0590932045335979
Jump KM flag,1.732421875,0.1102542299151267
Jump KM flag,1.736328125,0.0744822355880464
Jump KM flag,1.740234375,0.0423692688043434
Jump KM flag,1.744140625,0.0123175129938722
Jump KM flag,1.748046875,0.0114055038646601
Jump KM flag,1.751953125,0.011775972996967
Jump KM flag,1.755859375,0.027617988416572
Jump KM flag,1.759765625,0.0405796871604231
Jump KM flag,1.763671875,0.0338573571901041
Jump KM flag,1.767578125,0.0672140050876496
Jump KM flag,1.771484375,0.0220526542907928
Jump KM flag,1.775390625,0.0313828038730111
Jump KM flag,1.779296875,0.0345608678626418
Jump KM flag,1.783203125,0.0345322989434535
Jump KM flag,1.787109375,0.0281018145187549
Jump KM flag,1.791015625,0.0144263428698633
Jump KM flag,1.794921875,0.0319375624900612
Jump KM flag,1.798828125,0.0295527256560185
Jump KM flag,1.802734375,0.0507291632945065
Jump KM flag,1.806640625,0.0667008697242575
Jump KM flag,1.810546875,0.0499216184836658
Jump KM flag,1.814453125,0.0412412325213635
Jump KM flag,1.818359375,0.0423509920613531
Jump KM flag,1.822265625,0.0734679999264413
Jump KM flag,1.826171875,0.02386311844295
Jump KM flag,1.830078125,0.0254324514355651
Jump KM flag,1.833984375,0.0226113702729673
Jump KM flag,1.837890625,0.0936244315160773
Jump KM flag,1.841796875,0.0131917786019732
Jump KM flag,1.845703125,0.0144314135693673
Jump KM flag,1.849609375,0.0181018642735007
Jump KM flag,1.853515625,0.0300776976291565
Jump KM flag,1.857421875,0.0141787857268361
Jump KM flag,1.861328125,0.0153704856422514
Jump KM flag,1.865234375,0.0113154362307345
Jump KM flag,1.869140625,0.0090136836201556
Jump KM flag,1.873046875,0.009794042425916
Jump KM flag,1.876953125,0.0131292242814992
Jump KM flag,1.880859375,0.0221527332081877
Jump KM flag,1.884765625,0.0273097690686949
Jump KM flag,1.888671875,0.0522894125549975
Jump KM flag,1.892578125,0.0349368517809465
Jump KM flag,1.896484375,0.0270346769134072
Jump KM flag,1.900390625,0.0194938155006244
Jump KM flag,1.904296875,0.0196086654820111
Jump KM flag,1.908203125,0.0178546529226771
Jump KM flag,1.912109375,0.0092984524293959
Jump KM flag,1.916015625,0.0138042817630567
Jump KM flag,1.919921875,0.011135851396281
Jump KM flag,1.923828125,0.0341159035147624
Jump KM flag,1.927734375,0.0317365552484669
Jump KM flag,1.931640625,0.016480072068847
Jump KM flag,1.935546875,0.0105755521024771
Jump KM flag,1.939453125,0.009052615783759
Jump KM flag,1.943359375,0.0173597380940811
Jump KM flag,1.947265625,0.0098335325286637
Jump KM flag,1.951171875,0.0083779464857327
Jump KM flag,1.955078125,0.0067303321034429
Jump KM flag,1.958984375,0.0224557379193968
Jump KM flag,1.962890625,0.0098843091320258
Jump KM flag,1.966796875,0.0065560382106591
Jump KM flag,1.970703125,0.0069794715138917
Jump KM flag,1.974609375,0.0145449161686899
Jump KM flag,1.978515625,0.0177240779384248
Jump KM flag,1.982421875,0.1273068786696375
Jump KM flag,1.986328125,0.0100868800673714
Jump KM flag,1.990234375,0.0054078764184803
Jump KM flag,1.994140625,0.0032643880701132
Jump KM flag,1.998046875,0.0033765748465603
Jump KM flag,2.001953125,0.0059092131767879
Jump KM flag,2.005859375,0.0057672274064294
Jump KM flag,2.009765625,0.0054115677521555
Jump KM flag,2.013671875,0.004400630153153
Jump KM flag,2.017578125,0.012478711261719
Jump KM flag,2.021484375,0.0199558564580951
Jump KM flag,2.025390625,0.023834455510869
Jump KM flag,2.029296875,0.0558668133406158
Jump KM flag,2.033203125,0.0298579601024411
Jump KM flag,2.037109375,0.0127489667735934
Jump KM flag,2.041015625,0.0058396056474344
Jump KM flag,2.044921875,0.0084448229106973
Jump KM flag,2.048828125,0.010511703196709
Jump KM flag,2.052734375,0.0119213035484345
Jump KM flag,2.056640625,0.0184314376971887
Jump KM flag,2.060546875,0.0388323261870902
Jump KM flag,2.064453125,0.1408955803814621
Jump KM flag,2.068359375,0.0047011099834204
Jump KM flag,2.072265625,0.0040416490775455
Jump KM flag,2.076171875,0.0036625642722371
Jump KM flag,2.080078125,0.0219565304124691
Jump KM flag,2.083984375,0.0173694066317015
Jump KM flag,2.087890625,0.0192546806385006
Jump KM flag,2.091796875,0.0046494457651802
Jump KM flag,2.095703125,0.005099034487128
Jump KM flag,2.099609375,0.0056395393339353
Jump KM flag,2.103515625,0.0103150883285023
Jump KM flag,2.107421875,0.0120402028895622
Jump KM flag,2.111328125,0.0032005427098264
Jump KM flag,2.115234375,0.0038295718873955
Jump KM flag,2.119140625,0.0022499763786289
Jump KM flag,2.123046875,0.0030628771170348
Jump KM flag,2.126953125,0.0029514924209942
Jump KM flag,2.130859375,0.0034971968633136
Jump KM flag,2.134765625,0.0041514233146856
Jump KM flag,2.138671875,0.0046627609402917
Jump KM flag,2.142578125,0.0056237375571121
Jump KM flag,2.146484375,0.0065854637958162
Jump KM flag,2.150390625,0.0031396860955398
Jump KM flag,2.154296875,0.0035667808295288
Jump KM flag,2.158203125,0.0023564561376626
Jump KM flag,2.162109375,0.0057041016320755
Jump KM flag,2.166015625,0.0048540518600311
Jump KM flag,2.169921875,0.0165918890763019
Jump KM flag,2.173828125,0.0116197333364117
Jump KM flag,2.177734375,0.008929836409025
Jump KM flag,2.181640625,0.0145101283599874
Jump KM flag,2.185546875,0.0133449798564289
Jump KM flag,2.189453125,0.0030988992522198
Jump KM flag,2.193359375,0.0022308134173598
Jump KM flag,2.197265625,0.002380388522535
Jump KM flag,2.201171875,0.0031179900964181
Jump KM flag,2.205078125,0.0032978872842672
Jump KM flag,2.208984375,0.0036279888556888
Jump KM flag,2.212890625,0.0076452762403639
Jump KM flag,2.216796875,0.028381498473674
Jump KM flag,2.220703125,0.0172440662340074
Jump KM flag,2.224609375,0.0040019667659596
Jump KM flag,2.228515625,0.0044466227858431
Jump KM flag,2.232421875,0.0054880163302067
Jump KM flag,2.236328125,0.0202390767386254
Jump KM flag,2.240234375,0.0108121167554006
Jump KM flag,2.244140625,0.0106996069447438
Jump KM flag,2.248046875,0.0102822318290225
Jump KM flag,2.251953125,0.0077181741665441
Jump KM flag,2.255859375,0.0065059489085615
Jump KM flag,2.259765625,0.0042696602742076
Jump KM flag,2.263671875,0.0046577724862571
Jump KM flag,2.267578125,0.001843830167039
Jump KM flag,2.271484375,0.0020449189688508
Jump KM flag,2.275390625,0.0020554190466821
Jump KM flag,2.279296875,0.0150234931617637
Jump KM flag,2.283203125,0.0048729951411067
Jump KM flag,2.287109375,0.0036000009032465
Jump KM flag,2.291015625,0.0030748162911695
Jump KM flag,2.294921875,0.0052286940914184
Jump KM flag,2.298828125,0.005917545171561
Jump KM flag,2.302734375,0.0053685347443316
Jump KM flag,2.306640625,0.0079295727209965
Jump KM flag,2.310546875,0.0085303112289289
Jump KM flag,2.314453125,0.0066791972548726
Jump KM flag,2.318359375,0.0048201696205964
Jump KM flag,2.322265625,0.0026859020895168
Jump KM flag,2.326171875,0.003554800172922
Jump KM flag,2.330078125,0.0026175336679304
Jump KM flag,2.333984375,0.0026760544153738
Jump KM flag,2.337890625,0.0053152025053008
Jump KM flag,2.341796875,0.0030202394853152
Jump KM flag,2.345703125,0.0046009863699346
Jump KM flag,2.349609375,0.0032453643644404
Jump KM flag,2.353515625,0.0014963762577697
Jump KM flag,2.357421875,0.0014320860636228
Jump KM flag,2.361328125,0.0019680992811914
Jump KM flag,2.365234375,0.0031796918467849
Jump KM flag,2.369140625,0.0027438019664844
Jump KM flag,2.373046875,0.0032929418348578
Jump KM flag,2.376953125,0.0031572192097161
Jump KM flag,2.380859375,0.0061218982762576
Jump KM flag,2.384765625,0.0045645933743441
Jump KM flag,2.388671875,0.0041904236431599
Jump KM flag,2.392578125,0.0034385340034756
Jump KM flag,2.396484375,0.0026890115611209
Jump KM flag,2.400390625,0.0211647417277525
Jump KM flag,2.404296875,0.005051957356886
Jump KM flag,2.408203125,0.00470402614991
Jump KM flag,2.412109375,0.0021346013874068
Jump KM flag,2.416015625,0.0023804659971595
Jump KM flag,2.419921875,0.0029920948580067
Jump KM flag,2.423828125,0.0085031495646893
Jump KM flag,2.427734375,0.0035484944784001
Jump KM flag,2.431640625,0.0026193174574626
Jump KM flag,2.435546875,0.0024845884858241
Jump KM flag,2.439453125,0.0026652498540771
Jump KM flag,2.443359375,0.004116542616409
Jump KM flag,2.447265625,0.0090071716718916
Jump KM flag,2.451171875,0.0582996028735218
Jump KM flag,2.455078125,0.0444523308225055
Jump KM flag,2.458984375,0.0495350195517558
Jump KM flag,2.462890625,0.0139195971705662
Jump KM flag,2.466796875,0.0043994234981126
Jump KM flag,2.470703125,0.0025312344328937
Jump KM flag,2.474609375,0.0028228336134723
Jump KM flag,2.478515625,0.0124958905573682
Jump KM flag,2.482421875,0.018677336892211
Jump KM flag,2.486328125,0.0064663424491847
Jump KM flag,2.490234375,0.0086747414142686
Jump KM flag,2.494140625,0.0057371715648251
Jump KM flag,2.498046875,0.0112046585272829
