series,x,y
passive_hist,-2.9850000000000003,0.0
passive_hist,-2.955,0.0
passive_hist,-2.9250000000000007,0.0
passive_hist,-2.8950000000000005,0.0
passive_hist,-2.865000000000001,0.0
passive_hist,-2.835000000000001,0.0
passive_hist,-2.8050000000000015,0.0
passive_hist,-2.7750000000000012,0.0
passive_hist,-2.745000000000002,0.0
passive_hist,-2.7150000000000016,0.0
passive_hist,-2.6850000000000023,0.0
passive_hist,-2.655000000000002,0.0
passive_hist,-2.6250000000000027,0.0
passive_hist,-2.5950000000000024,0.0
passive_hist,-2.565000000000003,2.0832812513020644e-05
passive_hist,-2.535000000000003,0.0001979117188736
passive_hist,-2.505000000000003,0.0031145054706965
passive_hist,-2.475000000000003,0.01465588360291
passive_hist,-2.445000000000004,1.3047277984717134
passive_hist,-2.4150000000000036,2.6965055040290835
passive_hist,-2.385000000000004,1.955274034815809
passive_hist,-2.355000000000004,1.501524961875963
passive_hist,-2.3250000000000046,1.205646942159787
passive_hist,-2.2950000000000044,0.9836837412398088
passive_hist,-2.265000000000005,0.8203128255127009
passive_hist,-2.2350000000000048,0.6917222902760809
passive_hist,-2.2050000000000054,0.5949747089656131
passive_hist,-2.175000000000005,0.5128205128205162
passive_hist,-2.145000000000006,0.4470617401231664
passive_hist,-2.1150000000000055,0.3822821096139288
passive_hist,-2.085000000000006,0.339606093181006
passive_hist,-2.055000000000006,0.2987321150304595
passive_hist,-2.0250000000000066,0.2642954759464364
passive_hist,-1.9950000000000063,0.2340045665525044
passive_hist,-1.9650000000000067,0.2117863720073678
passive_hist,-1.935000000000007,0.1926201844953888
passive_hist,-1.9050000000000071,0.1743289751089567
passive_hist,-1.875000000000007,0.15590235244119
passive_hist,-1.8450000000000075,0.1425797688391133
passive_hist,-1.8150000000000075,0.1296009266435014
passive_hist,-1.785000000000008,0.1201844953876161
passive_hist,-1.755000000000008,0.1071535711607216
passive_hist,-1.7250000000000083,0.0973517328733454
passive_hist,-1.6950000000000085,0.0878623867736645
passive_hist,-1.6650000000000087,0.0788209461430136
passive_hist,-1.635000000000009,0.0726544336391595
passive_hist,-1.605000000000009,0.0668733281667962
passive_hist,-1.5750000000000093,0.0604672383190424
passive_hist,-1.5450000000000097,0.0577485562860932
passive_hist,-1.5150000000000097,0.0539986500337495
passive_hist,-1.48500000000001,0.0495612609684761
passive_hist,-1.45500000000001,0.0465821687791141
passive_hist,-1.4250000000000105,0.0435926601834956
passive_hist,-1.3950000000000105,0.0413114672133199
passive_hist,-1.3650000000000106,0.0382177945551363
passive_hist,-1.3350000000000108,0.0372699015857939
passive_hist,-1.305000000000011,0.0359574343974736
passive_hist,-1.2750000000000112,0.0344262226777666
passive_hist,-1.2450000000000114,0.031290884394557
passive_hist,-1.2150000000000116,0.0288326125180205
passive_hist,-1.1850000000000118,0.0254785297034242
passive_hist,-1.155000000000012,0.0230723398581703
passive_hist,-1.1250000000000122,0.0226348507953969
passive_hist,-1.0950000000000124,0.022270276576419
passive_hist,-1.0650000000000126,0.0213640492321026
passive_hist,-1.0350000000000128,0.0201453297000909
passive_hist,-1.005000000000013,0.0188849445430532
passive_hist,-0.9750000000000132,0.0176453921985284
passive_hist,-0.9450000000000134,0.0179266351674542
passive_hist,-0.9150000000000136,0.0175412281359633
passive_hist,-0.8850000000000138,0.0164683382915428
passive_hist,-0.855000000000014,0.0150412906344009
passive_hist,-0.8250000000000142,0.0148329625092706
passive_hist,-0.7950000000000144,0.0146871328216795
passive_hist,-0.7650000000000146,0.0146246343841404
passive_hist,-0.7350000000000148,0.0142704765714191
passive_hist,-0.705000000000015,0.0134579968834113
passive_hist,-0.6750000000000151,0.0136142429772589
passive_hist,-0.6450000000000153,0.0126142679766339
passive_hist,-0.6150000000000155,0.0123434414139647
passive_hist,-0.5850000000000157,0.0123226086014517
passive_hist,-0.5550000000000159,0.0118851195386782
passive_hist,-0.5250000000000161,0.0117184570385741
passive_hist,-0.4950000000000163,0.011655958601035
passive_hist,-0.4650000000000165,0.0107288984442056
passive_hist,-0.4350000000000167,0.0093851820371158
passive_hist,-0.4050000000000169,0.0099164187561978
passive_hist,-0.3750000000000171,0.0092185195370116
passive_hist,-0.3450000000000173,0.0081352132863345
passive_hist,-0.3150000000000175,0.0076977242235611
passive_hist,-0.2850000000000177,0.0071560710982225
passive_hist,-0.2550000000000179,0.0070206578168879
passive_hist,-0.225000000000018,0.0073956484421223
passive_hist,-0.1950000000000182,0.0073852320358658
passive_hist,-0.1650000000000184,0.0068539953167837
passive_hist,-0.1350000000000186,0.0072706515670442
passive_hist,-0.1050000000000188,0.0069373265668358
passive_hist,-0.075000000000019,0.0069164937543228
passive_hist,-0.0450000000000192,0.0069060773480663
passive_hist,-0.0150000000000194,0.0067706640667317
passive_hist,0.0149999999999803,0.0068019132855012
passive_hist,0.0449999999999801,0.0069789921918619
passive_hist,0.0749999999999799,0.0062081781288801
passive_hist,0.1049999999999797,0.007124821879453
passive_hist,0.1349999999999795,0.0068435789105272
passive_hist,0.1649999999999793,0.0070102414106314
passive_hist,0.1949999999999792,0.0073331500045832
passive_hist,0.224999999999979,0.007145654691966
passive_hist,0.2549999999999788,0.0072081531295051
passive_hist,0.2849999999999786,0.0067289984417056
passive_hist,0.3149999999999784,0.0074373140671483
passive_hist,0.3449999999999782,0.0083852070364908
passive_hist,0.374999999999978,0.0084789546927994
passive_hist,0.4049999999999778,0.0082081281301301
passive_hist,0.4349999999999776,0.008635200786647
passive_hist,0.4649999999999774,0.0089476929743423
passive_hist,0.4949999999999772,0.0090518570369074
passive_hist,0.524999999999977,0.0097810054748631
passive_hist,0.5549999999999768,0.0103955734439973
passive_hist,0.5849999999999766,0.0103330750064582
passive_hist,0.6149999999999765,0.0107705640692316
passive_hist,0.6449999999999763,0.0113642992258527
passive_hist,0.6749999999999761,0.0118538703199087
passive_hist,0.7049999999999759,0.012635100789147
passive_hist,0.7349999999999757,0.0134475804771548
passive_hist,0.7649999999999755,0.0129892586018683
passive_hist,0.7949999999999753,0.0134996625084373
passive_hist,0.8249999999999751,0.0138642367274152
passive_hist,0.8549999999999749,0.0145413031340884
passive_hist,0.8849999999999747,0.0138954859461847
passive_hist,0.9149999999999744,0.0146454671966535
passive_hist,0.9449999999999744,0.0162600101664126
passive_hist,0.974999999999974,0.0173016507920636
passive_hist,1.004999999999974,0.0183016257926886
passive_hist,1.0349999999999735,0.0193120171995701
passive_hist,1.0649999999999735,0.0208536453255336
passive_hist,1.094999999999973,0.0228640117330401
passive_hist,1.1249999999999731,0.0233327500145831
passive_hist,1.154999999999973,0.0254576968909112
passive_hist,1.1849999999999727,0.0254889461096807
passive_hist,1.2149999999999723,0.0284055398615036
passive_hist,1.2449999999999724,0.031374215644609
passive_hist,1.2749999999999722,0.0343637242402275
passive_hist,1.304999999999972,0.0371032390856897
passive_hist,1.3349999999999718,0.0376865578360543
passive_hist,1.3649999999999716,0.0380302992425191
passive_hist,1.3949999999999714,0.0411343883069592
passive_hist,1.4249999999999712,0.0439364015899605
passive_hist,1.454999999999971,0.047988383623743
passive_hist,1.4849999999999708,0.0507903969067443
passive_hist,1.5149999999999706,0.0529049273768159
passive_hist,1.5449999999999704,0.0587693640992312
passive_hist,1.5749999999999702,0.0638213211336387
passive_hist,1.60499999999997,0.0678212211361387
passive_hist,1.6349999999999698,0.0723627742639772
passive_hist,1.6649999999999696,0.078768864111731
passive_hist,1.6949999999999694,0.0870811563044263
passive_hist,1.7249999999999692,0.0933205836520759
passive_hist,1.754999999999969,0.1016849578760537
passive_hist,1.7849999999999688,0.1100076664750055
passive_hist,1.8149999999999689,0.1207573977317241
passive_hist,1.8449999999999684,0.1345903852403698
passive_hist,1.874999999999968,0.1452672016532929
passive_hist,1.904999999999968,0.1626313508828956
passive_hist,1.934999999999968,0.1806100680816325
passive_hist,1.9649999999999677,0.1966825829354279
passive_hist,1.9949999999999677,0.2230256743581425
passive_hist,2.0249999999999675,0.2510249743756422
passive_hist,2.054999999999967,0.2808054798630052
passive_hist,2.084999999999967,0.3236377423897756
passive_hist,2.1149999999999665,0.3676574752297883
passive_hist,2.1449999999999667,0.4218748697949245
passive_hist,2.174999999999966,0.4905710690566101
passive_hist,2.2049999999999663,0.5764335058290248
passive_hist,2.2349999999999657,0.665045873853158
passive_hist,2.264999999999966,0.7885219536178314
passive_hist,2.2949999999999653,0.9525282701265864
passive_hist,2.3249999999999655,1.168637450730406
passive_hist,2.354999999999965,1.4630363407581572
passive_hist,2.384999999999965,1.8951922035282571
passive_hist,2.4149999999999645,2.6075181453797156
passive_hist,2.4449999999999648,1.260541403131597
passive_hist,2.474999999999964,0.0143954734464972
passive_hist,2.5049999999999644,0.0026353507828971
passive_hist,2.5349999999999637,0.0002604101564127
passive_hist,2.564999999999964,4.166562502604129e-05
passive_hist,2.5949999999999633,0.0
passive_hist,2.6249999999999636,0.0
passive_hist,2.654999999999963,0.0
passive_hist,2.684999999999963,0.0
passive_hist,2.7149999999999626,0.0
passive_hist,2.744999999999963,0.0
passive_hist,2.774999999999962,0.0
passive_hist,2.8049999999999624,0.0
passive_hist,2.8349999999999618,0.0
passive_hist,2.864999999999962,0.0
passive_hist,2.8949999999999614,0.0
passive_hist,2.9249999999999616,0.0
passive_hist,2.954999999999961,0.0
passive_hist,2.9849999999999612,0.0
passive_kde,-3.0,0.0
passive_kde,-2.997,0.0
passive_kde,-2.994,0.0
passive_kde,-2.991,0.0
passive_kde,-2.988,0.0
passive_kde,-2.985,0.0
passive_kde,-2.982,0.0
passive_kde,-2.979,0.0
passive_kde,-2.976,0.0
passive_kde,-2.973,0.0
passive_kde,-2.97,0.0
passive_kde,-2.967,0.0
passive_kde,-2.964,0.0
passive_kde,-2.961,0.0
passive_kde,-2.958,0.0
passive_kde,-2.955,0.0
passive_kde,-2.952,0.0
passive_kde,-2.949,0.0
passive_kde,-2.946,0.0
passive_kde,-2.943,0.0
passive_kde,-2.94,0.0
passive_kde,-2.937,0.0
passive_kde,-2.934,0.0
passive_kde,-2.931,0.0
passive_kde,-2.928,0.0
passive_kde,-2.925,0.0
passive_kde,-2.922,0.0
passive_kde,-2.919,0.0
passive_kde,-2.916,0.0
passive_kde,-2.913,0.0
passive_kde,-2.91,0.0
passive_kde,-2.907,0.0
passive_kde,-2.904,4.4e-323
passive_kde,-2.901,1.426288e-317
passive_kde,-2.898,4.143087308834e-312
passive_kde,-2.895,1.076926277805033e-306
passive_kde,-2.892,2.504914658466765e-301
passive_kde,-2.889,5.21368712474361e-296
passive_kde,-2.886,9.710510628321668e-291
passive_kde,-2.883,1.6183939329144035e-285
passive_kde,-2.88,2.413634398413793e-280
passive_kde,-2.877,3.221096996512094e-275
passive_kde,-2.874,3.846636873066897e-270
passive_kde,-2.871,4.110585150928759e-265
passive_kde,-2.868,3.9307115875720526e-260
passive_kde,-2.865,3.3634407393473835e-255
passive_kde,-2.862,2.575380794447801e-250
passive_kde,-2.859,1.7645915547150508e-245
passive_kde,-2.856,1.0819121831762867e-240
passive_kde,-2.853,5.935877059464175e-236
passive_kde,-2.85,2.914223492998259e-231
passive_kde,-2.847,1.2802827192956807e-226
passive_kde,-2.844,5.0330817388203394e-222
passive_kde,-2.841,1.7705457561628426e-217
passive_kde,-2.838,5.5734665259200246e-213
passive_kde,-2.835,1.5699604458292265e-208
passive_kde,-2.832,3.957282875024854e-204
passive_kde,-2.829,8.925869887163206e-200
passive_kde,-2.826,1.8015614459341512e-195
passive_kde,-2.823,3.2538136584511646e-191
passive_kde,-2.82,5.258735744520617e-187
passive_kde,-2.817,7.605277915439967e-183
passive_kde,-2.814,9.842238872973994e-179
passive_kde,-2.811,1.139771478001685e-174
passive_kde,-2.808,1.1811001909326369e-170
passive_kde,-2.805,1.0952184866492644e-166
passive_kde,-2.802,9.08782306937017e-163
passive_kde,-2.799,6.747828431154345e-159
passive_kde,-2.796,4.483459712464825e-155
passive_kde,-2.793,2.6656773553578286e-151
passive_kde,-2.79,1.4182309706153862e-147
passive_kde,-2.787,6.751984219901155e-144
passive_kde,-2.784,2.876477249358761e-140
passive_kde,-2.781,1.096567927666728e-136
passive_kde,-2.778,3.7407200447072776e-133
passive_kde,-2.775,1.1418786302387325e-129
passive_kde,-2.772,3.119103278688786e-126
passive_kde,-2.769,7.624030697090128e-123
passive_kde,-2.766,1.6675719778423174e-119
passive_kde,-2.763,3.2638456476503363e-116
passive_kde,-2.76,5.716361780777205e-113
passive_kde,-2.757,8.958903794655867e-110
passive_kde,-2.754,1.2564207789145174e-106
passive_kde,-2.751,1.5767412107086424e-103
passive_kde,-2.748,1.7706421508421474e-100
passive_kde,-2.745,1.7792879993698968e-97
passive_kde,-2.742,1.5999513305902676e-94
passive_kde,-2.739,1.287396622736845e-91
passive_kde,-2.736,9.269643465011224e-89
passive_kde,-2.733,5.9725358668354455e-86
passive_kde,-2.73,3.443495929487904e-83
passive_kde,-2.727,1.7765827982230354e-80
passive_kde,-2.724,8.20193650500999e-78
passive_kde,-2.721,3.3883824562904343e-75
passive_kde,-2.718,1.252603202005288e-72
passive_kde,-2.715,4.143617725530623e-70
passive_kde,-2.7119999999999997,1.226565990473002e-67
passive_kde,-2.709,3.248981414633495e-65
passive_kde,-2.706,7.701026319434021e-63
passive_kde,-2.703,1.6334094391565842e-60
passive_kde,-2.7,3.1001776965961817e-58
passive_kde,-2.697,5.265300815188389e-56
passive_kde,-2.694,8.002116394613506e-54
passive_kde,-2.691,1.088257369944126e-51
passive_kde,-2.688,1.3243520531861925e-49
passive_kde,-2.685,1.4421829737519355e-47
passive_kde,-2.682,1.4053431018379946e-45
passive_kde,-2.679,1.2254326930638625e-43
passive_kde,-2.676,9.561844188257236e-42
passive_kde,-2.673,6.676348208355854e-40
passive_kde,-2.67,4.171396115645857e-38
passive_kde,-2.667,2.332217491839384e-36
passive_kde,-2.664,1.1668146282815908e-34
passive_kde,-2.661,5.223720567636293e-33
passive_kde,-2.658,2.092682491115348e-31
passive_kde,-2.655,7.501915778919002e-30
passive_kde,-2.652,2.406504185345977e-28
passive_kde,-2.649,6.907913171860546e-27
passive_kde,-2.646,1.7744069908444705e-25
passive_kde,-2.643,4.078553557431371e-24
passive_kde,-2.64,8.388924448787798e-23
passive_kde,-2.637,1.54402549485259e-21
passive_kde,-2.634,2.543032925273437e-20
passive_kde,-2.631,3.74800902616184e-19
passive_kde,-2.628,4.943140611837546e-18
passive_kde,-2.625,5.833949318380032e-17
passive_kde,-2.622,6.161478337991489e-16
passive_kde,-2.619,5.823408991376843e-15
passive_kde,-2.616,4.925502459827088e-14
passive_kde,-2.613,3.728380443338127e-13
passive_kde,-2.61,2.5258574543811674e-12
passive_kde,-2.607,1.5316131567937027e-11
passive_kde,-2.604,8.313592560735862e-11
passive_kde,-2.601,4.0401545624847666e-10
passive_kde,-2.598,1.7582504458171401e-09
passive_kde,-2.595,6.8547578683135155e-09
passive_kde,-2.592,2.3953325765557868e-08
passive_kde,-2.589,7.508573541637149e-08
passive_kde,-2.586,2.1140410609050906e-07
passive_kde,-2.583,5.356493421358222e-07
passive_kde,-2.58,1.2251161695982831e-06
passive_kde,-2.577,2.5412641390819248e-06
passive_kde,-2.574,4.815282573483986e-06
passive_kde,-2.571,8.423173185612848e-06
passive_kde,-2.568,1.3798702976404356e-05
passive_kde,-2.565,2.1532731032560708e-05
passive_kde,-2.562,3.252349493814917e-05
passive_kde,-2.559,4.799556433269627e-05
passive_kde,-2.556,6.913181637030061e-05
passive_kde,-2.553,9.623383724683192e-05
passive_kde,-2.55,0.0001277525294835
passive_kde,-2.547,0.0001599334844657
passive_kde,-2.544,0.0001877750548537
passive_kde,-2.541,0.0002073282741999
passive_kde,-2.538,0.0002184578774514
passive_kde,-2.535,0.0002267529308103
passive_kde,-2.532,0.0002437203454948
passive_kde,-2.529,0.0002853498614451
passive_kde,-2.526,0.0003698211767092
passive_kde,-2.523,0.0005151067178471
passive_kde,-2.52,0.0007367677332235
passive_kde,-2.517,0.0010458964864062
passive_kde,-2.514,0.0014472248813131
passive_kde,-2.511,0.0019378072211093
passive_kde,-2.508,0.0025070465397389
passive_kde,-2.505,0.0031387758615696
passive_kde,-2.502,0.0038154882978697
passive_kde,-2.499,0.0045239919637384
passive_kde,-2.496,0.0052613451843696
passive_kde,-2.493,0.0060401183341957
passive_kde,-2.49,0.006892549507326
passive_kde,-2.487,0.0078738981339509
passive_kde,-2.484,0.0090668667733741
passive_kde,-2.481,0.0105927332931484
passive_kde,-2.478,0.0126432969495398
passive_kde,-2.475,0.0155650946691254
passive_kde,-2.472,0.0200576874666363
passive_kde,-2.469,0.0275870003480447
passive_kde,-2.466,0.0411338087138827
passive_kde,-2.463,0.0663243196632239
passive_kde,-2.46,0.1127189560173435
passive_kde,-2.457,0.1945244973023918
passive_kde,-2.4539999999999997,0.3294600512315325
passive_kde,-2.451,0.534543948564517
passive_kde,-2.448,0.8188391850180211
passive_kde,-2.445,1.1755929533819094
passive_kde,-2.442,1.5782170039757344
passive_kde,-2.439,1.9839945742182252
passive_kde,-2.436,2.3455484443980397
passive_kde,-2.433,2.6252009636239473
passive_kde,-2.4299999999999997,2.805210608891775
passive_kde,-2.427,2.889381736434903
passive_kde,-2.424,2.8967555452393925
passive_kde,-2.4210000000000003,2.852025148102306
passive_kde,-2.418,2.7776058551685594
passive_kde,-2.415,2.689767953356632
passive_kde,-2.412,2.5984134608989553
passive_kde,-2.409,2.5087133720721955
passive_kde,-2.406,2.42299886360094
passive_kde,-2.403,2.342134023689831
passive_kde,-2.4,2.266291403330679
passive_kde,-2.397,2.195335230662995
passive_kde,-2.394,2.1290041369563006
passive_kde,-2.391,2.0669826105885445
passive_kde,-2.388,2.0088900383091435
passive_kde,-2.385,1.9542247488554263
passive_kde,-2.382,1.9023344952303416
passive_kde,-2.379,1.852483377617457
passive_kde,-2.376,1.804021798886173
passive_kde,-2.373,1.7565770841312636
passive_kde,-2.37,1.710142994893772
passive_kde,-2.367,1.6650009256698892
passive_kde,-2.364,1.621517775118836
passive_kde,-2.361,1.579945759715761
passive_kde,-2.358,1.5403358991711849
passive_kde,-2.355,1.502587502812023
passive_kde,-2.352,1.4665656294811946
passive_kde,-2.349,1.432191993720512
passive_kde,-2.346,1.3994579297928371
passive_kde,-2.343,1.3683727492053404
passive_kde,-2.34,1.338894241699888
passive_kde,-2.3369999999999997,1.3108790436531803
passive_kde,-2.334,1.2840688318505775
passive_kde,-2.331,1.2581198396103623
passive_kde,-2.328,1.2326786392977096
passive_kde,-2.325,1.2074844420733215
passive_kde,-2.322,1.1824474308253674
passive_kde,-2.319,1.1576539908650951
passive_kde,-2.316,1.1332980187357116
passive_kde,-2.3129999999999997,1.1095901423077643
passive_kde,-2.31,1.0866986703735175
passive_kde,-2.307,1.0647292835926463
passive_kde,-2.304,1.0437130129657988
passive_kde,-2.301,1.0235858073334554
passive_kde,-2.298,1.0041837703012468
passive_kde,-2.295,0.985289428826628
passive_kde,-2.292,0.9667261371520184
passive_kde,-2.289,0.948446976832339
passive_kde,-2.286,0.9305533514376664
passive_kde,-2.283,0.9132222996706292
passive_kde,-2.28,0.8965865983091812
passive_kde,-2.277,0.8806455952617582
passive_kde,-2.274,0.8652608076791947
passive_kde,-2.271,0.8502297380282514
passive_kde,-2.268,0.8353832160662359
passive_kde,-2.265,0.8206491312707858
passive_kde,-2.262,0.8060600495020296
passive_kde,-2.259,0.7917187099100993
passive_kde,-2.256,0.7777482791071689
passive_kde,-2.253,0.7642463488528968
passive_kde,-2.25,0.7512516280923304
passive_kde,-2.247,0.738730745200335
passive_kde,-2.244,0.726593339508105
passive_kde,-2.241,0.7147354802606002
passive_kde,-2.238,0.7030946269080898
passive_kde,-2.235,0.6916872956319347
passive_kde,-2.232,0.6806058473792286
passive_kde,-2.229,0.6699719598866932
passive_kde,-2.226,0.65986804441909
passive_kde,-2.223,0.6502804137164956
passive_kde,-2.22,0.6410833544626451
passive_kde,-2.217,0.6320740698876762
passive_kde,-2.214,0.623044220834072
passive_kde,-2.211,0.613856708057345
passive_kde,-2.208,0.6044945682557586
passive_kde,-2.205,0.5950618356098749
passive_kde,-2.202,0.5857366297752966
passive_kde,-2.199,0.5766960995316892
passive_kde,-2.1959999999999997,0.5680446830391501
passive_kde,-2.193,0.5597769598109374
passive_kde,-2.19,0.5517923134551185
passive_kde,-2.187,0.5439541026760757
passive_kde,-2.184,0.5361618583419121
passive_kde,-2.181,0.5283965209375192
passive_kde,-2.178,0.520715133535355
passive_kde,-2.175,0.5132039706746081
passive_kde,-2.1719999999999997,0.5059235521103427
passive_kde,-2.169,0.4988770998642371
passive_kde,-2.166,0.4920123201610721
passive_kde,-2.1630000000000003,0.4852473369218056
passive_kde,-2.16,0.4785066029261763
passive_kde,-2.157,0.471753594544901
passive_kde,-2.154,0.4650057620270204
passive_kde,-2.151,0.4583200613414802
passive_kde,-2.148,0.4517529184143947
passive_kde,-2.145,0.445318112177374
passive_kde,-2.142,0.4389705495169875
passive_kde,-2.139,0.4326270618596943
passive_kde,-2.136,0.4262115977350728
passive_kde,-2.133,0.4196994422884403
passive_kde,-2.13,0.4131382532122199
passive_kde,-2.127,0.4066366478530888
passive_kde,-2.124,0.4003264917511963
passive_kde,-2.121,0.3943170358576955
passive_kde,-2.118,0.3886620219878512
passive_kde,-2.115,0.3833527658796288
passive_kde,-2.112,0.3783359797705412
passive_kde,-2.109,0.3735434072713345
passive_kde,-2.106,0.3689172778681966
passive_kde,-2.103,0.3644215745029296
passive_kde,-2.1,0.3600393127612737
passive_kde,-2.097,0.3557629417074965
passive_kde,-2.094,0.3515841494072672
passive_kde,-2.091,0.3474844219875539
passive_kde,-2.088,0.3434268721534298
passive_kde,-2.085,0.3393552652598038
passive_kde,-2.082,0.3352092108995025
passive_kde,-2.0789999999999997,0.3309555222205645
passive_kde,-2.076,0.3266185046630767
passive_kde,-2.073,0.32228373737991
passive_kde,-2.07,0.3180637469888535
passive_kde,-2.067,0.3140418351662071
passive_kde,-2.064,0.3102286507403168
passive_kde,-2.061,0.3065588043503178
passive_kde,-2.058,0.3029284164527295
passive_kde,-2.0549999999999997,0.2992501041127548
passive_kde,-2.052,0.2954954123533725
passive_kde,-2.049,0.2917056956743853
passive_kde,-2.046,0.2879696796974565
passive_kde,-2.043,0.2843794946026856
passive_kde,-2.04,0.2809842631365933
passive_kde,-2.037,0.2777618218129469
passive_kde,-2.034,0.2746229716557467
passive_kde,-2.031,0.2714475231336665
passive_kde,-2.028,0.2681339319454006
passive_kde,-2.025,0.2646372666057905
passive_kde,-2.022,0.2609799663451329
passive_kde,-2.019,0.2572381323746017
passive_kde,-2.016,0.2535176989487254
passive_kde,-2.013,0.2499324406288921
passive_kde,-2.01,0.2465858299468644
passive_kde,-2.007,0.2435531133296545
passive_kde,-2.004,0.2408634298586997
passive_kde,-2.001,0.2384884859704438
passive_kde,-1.998,0.2363456222351353
passive_kde,-1.995,0.2343174227758659
passive_kde,-1.992,0.2322828305284289
passive_kde,-1.989,0.2301507696111882
passive_kde,-1.986,0.2278860784180998
passive_kde,-1.983,0.2255176786003101
passive_kde,-1.98,0.2231225208244898
passive_kde,-1.977,0.2207885595071053
passive_kde,-1.974,0.218572273648521
passive_kde,-1.971,0.2164718809624711
passive_kde,-1.968,0.2144303309356904
passive_kde,-1.965,0.2123662711002795
passive_kde,-1.962,0.2102168072470558
passive_kde,-1.959,0.2079708273708332
passive_kde,-1.956,0.2056770201589604
passive_kde,-1.953,0.2034232507983476
passive_kde,-1.95,0.2012982460833159
passive_kde,-1.947,0.1993551969192513
passive_kde,-1.944,0.1975941208161781
passive_kde,-1.941,0.1959675971269062
passive_kde,-1.938,0.1944020488154755
passive_kde,-1.935,0.1928219359882133
passive_kde,-1.932,0.1911673537459846
passive_kde,-1.929,0.1894022965247297
passive_kde,-1.926,0.187517134171979
passive_kde,-1.923,0.1855308542747179
passive_kde,-1.92,0.1834935863943196
passive_kde,-1.917,0.181481176339406
passive_kde,-1.914,0.1795716738011472
passive_kde,-1.911,0.1778059369958582
passive_kde,-1.908,0.1761535503834575
passive_kde,-1.905,0.1745119940288372
passive_kde,-1.902,0.1727500873761318
passive_kde,-1.899,0.1707760584078108
passive_kde,-1.896,0.1685904022433771
passive_kde,-1.893,0.1662912613159012
passive_kde,-1.89,0.1640303784250222
passive_kde,-1.887,0.1619477753866011
passive_kde,-1.884,0.1601218160261548
passive_kde,-1.881,0.1585555788379373
passive_kde,-1.878,0.157196156315198
passive_kde,-1.875,0.1559685794679178
passive_kde,-1.872,0.1548061752965321
passive_kde,-1.869,0.153667524355632
passive_kde,-1.866,0.1525380503755861
passive_kde,-1.863,0.1514186844119912
passive_kde,-1.86,0.1503068480405573
passive_kde,-1.857,0.1491778762564768
passive_kde,-1.854,0.1479767999488281
passive_kde,-1.851,0.1466282186404622
passive_kde,-1.848,0.1450642752359793
passive_kde,-1.845,0.143260105091889
passive_kde,-1.842,0.1412590203436977
passive_kde,-1.839,0.1391720421712231
passive_kde,-1.836,0.1371484178116247
passive_kde,-1.833,0.1353287949880302
passive_kde,-1.83,0.133801713385604
passive_kde,-1.827,0.1325820242885338
passive_kde,-1.824,0.1316187878391785
passive_kde,-1.821,0.1308264542523879
passive_kde,-1.818,0.1301228030392227
passive_kde,-1.815,0.1294544314599607
passive_kde,-1.812,0.128798020015307
passive_kde,-1.809,0.1281411976831132
passive_kde,-1.806,0.1274611813041645
passive_kde,-1.803,0.1267203777771921
passive_kde,-1.8,0.1258829372847392
passive_kde,-1.797,0.1249369461585614
passive_kde,-1.794,0.1239009824769249
passive_kde,-1.791,0.1228072309897096
passive_kde,-1.788,0.1216745035490851
passive_kde,-1.785,0.1204940885477977
passive_kde,-1.782,0.1192404151311039
passive_kde,-1.779,0.1178970889170875
passive_kde,-1.776,0.116476585276464
passive_kde,-1.773,0.1150190505408098
passive_kde,-1.77,0.1135737835372575
passive_kde,-1.767,0.1121787819240945
passive_kde,-1.764,0.1108508690075117
passive_kde,-1.761,0.1095879965947987
passive_kde,-1.758,0.1083779607114365
passive_kde,-1.755,0.1072079195230757
passive_kde,-1.752,0.1060718187185836
passive_kde,-1.749,0.1049733420977895
passive_kde,-1.746,0.1039220586689536
passive_kde,-1.743,0.1029239113085114
passive_kde,-1.74,0.1019723569825311
passive_kde,-1.737,0.1010470269432562
passive_kde,-1.734,0.1001207766532366
passive_kde,-1.731,0.0991695114847617
passive_kde,-1.728,0.0981788705160397
passive_kde,-1.725,0.0971467189743316
passive_kde,-1.722,0.0960838178017943
passive_kde,-1.719,0.0950135214578687
passive_kde,-1.716,0.093968184676714
passive_kde,-1.713,0.0929802367817472
passive_kde,-1.71,0.0920702764916534
passive_kde,-1.707,0.0912386570143493
passive_kde,-1.704,0.090466074070397
passive_kde,-1.701,0.0897225104798093
passive_kde,-1.698,0.0889778445442407
passive_kde,-1.695,0.0882073502586339
passive_kde,-1.692,0.0873912705382367
passive_kde,-1.689,0.0865133890066453
passive_kde,-1.686,0.0855633228012635
passive_kde,-1.683,0.0845421176028059
passive_kde,-1.68,0.0834664592809173
passive_kde,-1.677,0.0823671472073633
passive_kde,-1.674,0.0812812127990878
passive_kde,-1.671,0.0802410628088869
passive_kde,-1.668,0.0792660306477951
passive_kde,-1.665,0.0783606016535992
passive_kde,-1.662,0.0775196836227847
passive_kde,-1.659,0.0767371221852333
passive_kde,-1.656,0.0760121548590296
passive_kde,-1.653,0.0753503292966548
passive_kde,-1.65,0.0747590849492549
passive_kde,-1.647,0.0742417705639251
passive_kde,-1.644,0.0737950468255525
passive_kde,-1.641,0.0734113425077019
passive_kde,-1.638,0.0730819662698587
passive_kde,-1.635,0.0727940830006385
passive_kde,-1.632,0.0725206947878993
passive_kde,-1.629,0.0722125597743797
passive_kde,-1.626,0.071804182497067
passive_kde,-1.623,0.0712375323894974
passive_kde,-1.62,0.0704931405383443
passive_kde,-1.617,0.0696099842537422
passive_kde,-1.614,0.0686795327783943
passive_kde,-1.611,0.0678131303897747
passive_kde,-1.608,0.0670972819701847
passive_kde,-1.605,0.0665592723839036
passive_kde,-1.602,0.0661605453073292
passive_kde,-1.599,0.065819484552421
passive_kde,-1.596,0.0654485124136786
passive_kde,-1.593,0.0649843828971571
passive_kde,-1.59,0.0643992282536263
passive_kde,-1.587,0.0636954585536266
passive_kde,-1.584,0.0628968112807762
passive_kde,-1.581,0.0620441499133259
passive_kde,-1.578,0.0611937731474024
passive_kde,-1.575,0.0604098643403183
passive_kde,-1.572,0.0597475626949075
passive_kde,-1.569,0.059233877246743
passive_kde,-1.566,0.0588591283747495
passive_kde,-1.563,0.0585857126547585
passive_kde,-1.56,0.0583687290420142
passive_kde,-1.557,0.0581752040699053
passive_kde,-1.554,0.057991336020013
passive_kde,-1.551,0.0578167416333427
passive_kde,-1.548,0.0576527469854509
passive_kde,-1.545,0.0574930863357396
passive_kde,-1.542,0.0573212113846552
passive_kde,-1.539,0.0571137926247702
passive_kde,-1.536,0.0568484178838753
passive_kde,-1.533,0.0565137540903358
passive_kde,-1.53,0.0561189472286835
passive_kde,-1.527,0.0556957863717742
passive_kde,-1.524,0.055287544452769
passive_kde,-1.521,0.0549264773849877
passive_kde,-1.518,0.054612740377398
passive_kde,-1.515,0.0543099620397762
passive_kde,-1.512,0.0539621701996552
passive_kde,-1.509,0.0535215322868549
passive_kde,-1.506,0.0529699177294914
passive_kde,-1.503,0.0523242678810277
passive_kde,-1.5,0.0516280827515503
passive_kde,-1.497,0.0509378326599304
passive_kde,-1.494,0.0503107644916812
passive_kde,-1.491,0.0497951205004128
passive_kde,-1.488,0.0494213671885928
passive_kde,-1.485,0.0491943869696849
passive_kde,-1.482,0.0490889734146686
passive_kde,-1.479,0.0490521468622316
passive_kde,-1.476,0.0490146621332519
passive_kde,-1.473,0.0489101950627285
passive_kde,-1.47,0.0486956648939705
passive_kde,-1.467,0.0483638041984509
passive_kde,-1.464,0.0479421215548307
passive_kde,-1.461,0.0474792190461606
passive_kde,-1.458,0.0470254843797217
passive_kde,-1.455,0.046616930017808
passive_kde,-1.452,0.0462679883180459
passive_kde,-1.449,0.0459736389143117
passive_kde,-1.446,0.0457167204711357
passive_kde,-1.443,0.0454752210339355
passive_kde,-1.44,0.0452267676879669
passive_kde,-1.437,0.0449510551130754
passive_kde,-1.434,0.044632807191394
passive_kde,-1.431,0.0442667810215287
passive_kde,-1.428,0.0438630055365179
passive_kde,-1.425,0.0434474359173413
passive_kde,-1.422,0.0430538729266392
passive_kde,-1.419,0.0427087116824835
passive_kde,-1.416,0.0424173528405657
passive_kde,-1.413,0.0421629742607924
passive_kde,-1.41,0.0419208260931231
passive_kde,-1.407,0.041678781608161
passive_kde,-1.404,0.0414482009744635
passive_kde,-1.401,0.0412553634024394
passive_kde,-1.398,0.0411187275467165
passive_kde,-1.395,0.0410287717640255
passive_kde,-1.392,0.0409456836797141
passive_kde,-1.389,0.0408172415362981
passive_kde,-1.386,0.0406051729479056
passive_kde,-1.383,0.0403031894611216
passive_kde,-1.38,0.039936475341358
passive_kde,-1.377,0.0395452061128249
passive_kde,-1.374,0.0391645589834519
passive_kde,-1.371,0.0388140172886184
passive_kde,-1.368,0.0384999177774832
passive_kde,-1.365,0.0382244784958499
passive_kde,-1.362,0.0379908393792099
passive_kde,-1.359,0.037799759251408
passive_kde,-1.356,0.0376433552627274
passive_kde,-1.353,0.0375050668981418
passive_kde,-1.35,0.0373693140126957
passive_kde,-1.347,0.0372348754472812
passive_kde,-1.344,0.0371215950466003
passive_kde,-1.341,0.0370638399209592
passive_kde,-1.338,0.0370924026152268
passive_kde,-1.335,0.0372135853057302
passive_kde,-1.332,0.0373967304278353
passive_kde,-1.329,0.037578571106645
passive_kde,-1.326,0.0376850683540495
passive_kde,-1.323,0.037661701502662
passive_kde,-1.32,0.0374968167393107
passive_kde,-1.317,0.0372247639440797
passive_kde,-1.314,0.0369066213207709
passive_kde,-1.311,0.0365999470778909
passive_kde,-1.308,0.0363355523143921
passive_kde,-1.305,0.0361135371351654
passive_kde,-1.302,0.0359171045067834
passive_kde,-1.299,0.0357315699929464
passive_kde,-1.296,0.0355552330407899
passive_kde,-1.293,0.0353971235995806
passive_kde,-1.29,0.0352663215608011
passive_kde,-1.287,0.0351616440709416
passive_kde,-1.284,0.0350679506532953
passive_kde,-1.281,0.0349601095555855
passive_kde,-1.278,0.0348121452790408
passive_kde,-1.275,0.0346081336497771
passive_kde,-1.272,0.034350971361852
passive_kde,-1.269,0.0340641569325445
passive_kde,-1.266,0.0337825218586574
passive_kde,-1.263,0.0335333302675891
passive_kde,-1.26,0.033317319204074
passive_kde,-1.257,0.0331026602061241
passive_kde,-1.254,0.03283802819859
passive_kde,-1.251,0.0324780491023638
passive_kde,-1.248,0.0320062863069156
passive_kde,-1.245,0.0314440212795799
passive_kde,-1.242,0.0308429764130059
passive_kde,-1.239,0.0302679183093191
passive_kde,-1.236,0.0297770632320268
passive_kde,-1.233,0.0294067384007358
passive_kde,-1.23,0.0291642368536462
passive_kde,-1.227,0.0290293491648258
passive_kde,-1.224,0.0289616155928664
passive_kde,-1.221,0.0289095855008719
passive_kde,-1.218,0.0288207208215135
passive_kde,-1.215,0.0286524474507381
passive_kde,-1.212,0.0283831544852898
passive_kde,-1.209,0.0280186125625931
passive_kde,-1.206,0.0275890885592929
passive_kde,-1.203,0.0271370208629331
passive_kde,-1.2,0.0267011075774201
passive_kde,-1.197,0.0263052331435418
passive_kde,-1.194,0.0259576829874212
passive_kde,-1.191,0.0256592262590761
passive_kde,-1.188,0.0254122454098385
passive_kde,-1.185,0.0252221121762768
passive_kde,-1.182,0.0250884569877171
passive_kde,-1.179,0.02499364646303
passive_kde,-1.176,0.0249001147270894
passive_kde,-1.173,0.0247622446156791
passive_kde,-1.17,0.0245470256980006
passive_kde,-1.167,0.0242509854643479
passive_kde,-1.164,0.0239039959027011
passive_kde,-1.161,0.0235590790906513
passive_kde,-1.158,0.0232737949000328
passive_kde,-1.155,0.0230905251147925
passive_kde,-1.152,0.0230220999839937
passive_kde,-1.149,0.0230475614047573
passive_kde,-1.146,0.0231199291527219
passive_kde,-1.143,0.0231833431627831
passive_kde,-1.14,0.0231927613407965
passive_kde,-1.137,0.0231281469166204
passive_kde,-1.134,0.022997775427075
passive_kde,-1.131,0.022830487995319
passive_kde,-1.128,0.0226615779388798
passive_kde,-1.125,0.0225190324594856
passive_kde,-1.122,0.0224153925497814
passive_kde,-1.119,0.0223470041187202
passive_kde,-1.116,0.0222992465008088
passive_kde,-1.113,0.0222548172082107
passive_kde,-1.11,0.0222020337352025
passive_kde,-1.107,0.0221403912155116
passive_kde,-1.104,0.0220810368040754
passive_kde,-1.101,0.0220411650068132
passive_kde,-1.098,0.0220341111389808
passive_kde,-1.095,0.0220599130356789
passive_kde,-1.092,0.0221018743640642
passive_kde,-1.089,0.02213192416651
passive_kde,-1.086,0.0221227895774575
passive_kde,-1.083,0.0220610650102879
passive_kde,-1.08,0.0219541974905536
passive_kde,-1.077,0.0218268895577966
passive_kde,-1.074,0.0217080833815067
passive_kde,-1.071,0.0216160747815968
passive_kde,-1.068,0.0215515179121292
passive_kde,-1.065,0.0215026585528562
passive_kde,-1.062,0.0214572766720657
passive_kde,-1.059,0.0214103110846912
passive_kde,-1.056,0.0213607589117816
passive_kde,-1.053,0.0213021179783149
passive_kde,-1.05,0.0212170280652931
passive_kde,-1.047,0.0210828502634743
passive_kde,-1.044,0.0208849127913122
passive_kde,-1.041,0.0206275968206079
passive_kde,-1.038,0.0203355478318478
passive_kde,-1.035,0.020044843578946
passive_kde,-1.032,0.0197899163038387
passive_kde,-1.029,0.0195927322550833
passive_kde,-1.026,0.0194577990568836
passive_kde,-1.023,0.01937335833625
passive_kde,-1.02,0.0193171637852692
passive_kde,-1.017,0.0192642963069208
passive_kde,-1.014,0.0191942328406237
passive_kde,-1.011,0.0190950029079466
passive_kde,-1.008,0.0189636620253403
passive_kde,-1.005,0.0188039570403477
passive_kde,-1.002,0.0186232562355238
passive_kde,-0.999,0.0184308628780818
passive_kde,-0.996,0.0182383460615935
passive_kde,-0.993,0.0180602479211123
passive_kde,-0.9899999999999998,0.0179124705503753
passive_kde,-0.987,0.0178073995708153
passive_kde,-0.984,0.017748323570568
passive_kde,-0.981,0.0177275267313096
passive_kde,-0.9779999999999998,0.0177302204445746
passive_kde,-0.975,0.0177419668039725
passive_kde,-0.972,0.0177547742674274
passive_kde,-0.969,0.0177688132913593
passive_kde,-0.9659999999999996,0.0177903342144769
passive_kde,-0.963,0.0178279788868305
passive_kde,-0.96,0.0178885884217524
passive_kde,-0.957,0.0179726491526065
passive_kde,-0.9539999999999996,0.0180706566734279
passive_kde,-0.951,0.0181631847571507
passive_kde,-0.948,0.0182264254903596
passive_kde,-0.9449999999999998,0.0182414696075744
passive_kde,-0.9420000000000002,0.0182026582018
passive_kde,-0.939,0.0181204099857391
passive_kde,-0.936,0.0180167230713241
passive_kde,-0.9329999999999998,0.0179152265701238
passive_kde,-0.9300000000000002,0.0178305351786505
passive_kde,-0.927,0.0177624058917101
passive_kde,-0.924,0.0176979153232099
passive_kde,-0.9209999999999998,0.0176202835213426
passive_kde,-0.918,0.0175188916571502
passive_kde,-0.915,0.0173945352409659
passive_kde,-0.912,0.017257528692413
passive_kde,-0.9089999999999998,0.0171211713191986
passive_kde,-0.906,0.0169955317522196
passive_kde,-0.903,0.0168849702591862
passive_kde,-0.8999999999999999,0.0167892422313416
passive_kde,-0.8969999999999998,0.0167058065237794
passive_kde,-0.8940000000000001,0.016631537730618
passive_kde,-0.891,0.0165637657550385
passive_kde,-0.8879999999999999,0.0165010829751498
passive_kde,-0.8849999999999998,0.0164434697510097
passive_kde,-0.8820000000000001,0.0163908102172126
passive_kde,-0.879,0.0163399992624067
passive_kde,-0.8759999999999999,0.0162825532686723
passive_kde,-0.8729999999999998,0.0162049674261471
passive_kde,-0.8700000000000001,0.0160924734245374
passive_kde,-0.867,0.0159347843337539
passive_kde,-0.8639999999999999,0.0157315018950257
passive_kde,-0.8609999999999998,0.0154951736542284
passive_kde,-0.8580000000000001,0.0152505489957406
passive_kde,-0.855,0.0150292166079576
passive_kde,-0.8519999999999999,0.0148603589984913
passive_kde,-0.8489999999999998,0.0147608302097363
passive_kde,-0.8460000000000001,0.0147292673871979
passive_kde,-0.843,0.0147475127151087
passive_kde,-0.8399999999999999,0.0147886630557219
passive_kde,-0.8369999999999997,0.0148273396551621
passive_kde,-0.8340000000000001,0.0148469426029359
passive_kde,-0.831,0.0148411638797283
passive_kde,-0.8279999999999998,0.0148109656019113
passive_kde,-0.8249999999999997,0.0147607897399478
passive_kde,-0.8220000000000001,0.014697203544356
passive_kde,-0.819,0.014630067114373
passive_kde,-0.8159999999999998,0.0145732224670323
passive_kde,-0.8130000000000002,0.0145414103987663
passive_kde,-0.81,0.0145433232209838
passive_kde,-0.8069999999999999,0.0145750487995083
passive_kde,-0.8039999999999998,0.014619688951988
passive_kde,-0.8010000000000002,0.0146554060670328
passive_kde,-0.798,0.0146676329677218
passive_kde,-0.7949999999999999,0.014657014374374
passive_kde,-0.7919999999999998,0.0146370113148139
passive_kde,-0.7890000000000001,0.014622861287747
passive_kde,-0.786,0.0146205068672578
passive_kde,-0.7829999999999999,0.0146239911725112
passive_kde,-0.7799999999999998,0.0146224945005769
passive_kde,-0.7770000000000001,0.0146102338944118
passive_kde,-0.774,0.0145909936751573
passive_kde,-0.7709999999999999,0.0145746466333445
passive_kde,-0.7679999999999998,0.0145695902151746
passive_kde,-0.7650000000000001,0.014576864287082
passive_kde,-0.762,0.0145889676646781
passive_kde,-0.7589999999999999,0.0145930127376956
passive_kde,-0.7559999999999998,0.014576315158516
passive_kde,-0.7530000000000001,0.0145322602755285
passive_kde,-0.75,0.0144643056847571
passive_kde,-0.7469999999999999,0.0143863838506401
passive_kde,-0.7439999999999998,0.014318982545819
passive_kde,-0.7410000000000001,0.0142814532066983
passive_kde,-0.738,0.01428257416746
passive_kde,-0.7349999999999999,0.0143132834844168
passive_kde,-0.7319999999999998,0.0143465924307354
passive_kde,-0.7290000000000001,0.0143474261647726
passive_kde,-0.726,0.0142890193570555
passive_kde,-0.7229999999999999,0.0141667090435783
passive_kde,-0.7199999999999998,0.0140003197525491
passive_kde,-0.7170000000000001,0.0138238344477286
passive_kde,-0.714,0.0136697795760333
passive_kde,-0.7109999999999999,0.0135583306046776
passive_kde,-0.7079999999999997,0.0134959332251365
passive_kde,-0.7050000000000001,0.0134805038929159
passive_kde,-0.702,0.0135065690282881
passive_kde,-0.6989999999999998,0.0135660561547123
passive_kde,-0.6959999999999997,0.0136457635218765
passive_kde,-0.6930000000000001,0.0137260819002178
passive_kde,-0.69,0.0137846106575651
passive_kde,-0.6869999999999998,0.0138038614104765
passive_kde,-0.6840000000000002,0.0137781593185647
passive_kde,-0.681,0.0137148243718944
passive_kde,-0.6779999999999999,0.013628807211393
passive_kde,-0.6749999999999998,0.0135344895294703
passive_kde,-0.6720000000000002,0.0134396752508377
passive_kde,-0.669,0.0133445895237045
passive_kde,-0.6659999999999999,0.0132453414306732
passive_kde,-0.6629999999999998,0.0131389859865646
passive_kde,-0.6600000000000001,0.0130268439028891
passive_kde,-0.657,0.0129141291215989
passive_kde,-0.6539999999999999,0.0128065546869212
passive_kde,-0.6509999999999998,0.0127067250039792
passive_kde,-0.6480000000000001,0.0126130056246277
passive_kde,-0.645,0.0125213551187717
passive_kde,-0.6419999999999999,0.0124284916749642
passive_kde,-0.6389999999999998,0.0123344969392136
passive_kde,-0.6360000000000001,0.012244003730255
passive_kde,-0.633,0.0121658738743833
passive_kde,-0.6299999999999999,0.012111389084912
passive_kde,-0.6269999999999998,0.0120913572061901
passive_kde,-0.6240000000000001,0.01211330293898
passive_kde,-0.621,0.0121798110134116
passive_kde,-0.6179999999999999,0.0122876611676199
passive_kde,-0.6149999999999998,0.0124265086219379
passive_kde,-0.6120000000000001,0.0125774145282024
passive_kde,-0.609,0.0127140274373111
passive_kde,-0.6059999999999999,0.0128088446383866
passive_kde,-0.6029999999999998,0.0128427844268574
passive_kde,-0.6000000000000001,0.0128123966131624
passive_kde,-0.597,0.0127300221228951
passive_kde,-0.5939999999999999,0.0126173993807802
passive_kde,-0.5909999999999997,0.0124974099247866
passive_kde,-0.5880000000000001,0.0123883232301468
passive_kde,-0.585,0.0123016336552999
passive_kde,-0.5819999999999999,0.0122421342501466
passive_kde,-0.5789999999999997,0.0122086911585219
passive_kde,-0.5760000000000001,0.0121950635202585
passive_kde,-0.573,0.012190846894689
passive_kde,-0.5699999999999998,0.0121830994764761
passive_kde,-0.5670000000000002,0.0121593055752028
passive_kde,-0.5640000000000001,0.0121114855962534
passive_kde,-0.5609999999999999,0.0120397813380885
passive_kde,-0.5579999999999998,0.0119532769337957
passive_kde,-0.5550000000000002,0.011867137676665
passive_kde,-0.552,0.0117973052079881
passive_kde,-0.5489999999999999,0.0117551179079643
passive_kde,-0.5459999999999998,0.0117438422502383
passive_kde,-0.5430000000000001,0.011758110721139
passive_kde,-0.54,0.0117862722920565
passive_kde,-0.5369999999999999,0.0118145391771867
passive_kde,-0.5339999999999998,0.011830920015819
passive_kde,-0.5310000000000001,0.0118273500613661
passive_kde,-0.528,0.0118002213953993
passive_kde,-0.5249999999999999,0.0117507959507062
passive_kde,-0.5219999999999998,0.011686030489121
passive_kde,-0.5190000000000001,0.0116182278765261
passive_kde,-0.516,0.0115616386249903
passive_kde,-0.5129999999999999,0.0115267456635821
passive_kde,-0.5099999999999998,0.0115158329381184
passive_kde,-0.5070000000000001,0.011523091478817
passive_kde,-0.504,0.0115388360897331
passive_kde,-0.5009999999999999,0.0115540059567601
passive_kde,-0.4979999999999998,0.0115614474600323
passive_kde,-0.4950000000000001,0.011554116558296
passive_kde,-0.492,0.0115235707975258
passive_kde,-0.4889999999999999,0.0114618273733134
passive_kde,-0.4859999999999997,0.0113662806781561
passive_kde,-0.4830000000000001,0.0112441110579773
passive_kde,-0.48,0.011112288457342
passive_kde,-0.4769999999999998,0.01099202621747
passive_kde,-0.4739999999999997,0.0109001684135919
passive_kde,-0.4710000000000001,0.0108419590302762
passive_kde,-0.4679999999999999,0.0108088505150639
passive_kde,-0.4649999999999998,0.0107821977266316
passive_kde,-0.4619999999999997,0.0107406132482525
passive_kde,-0.4590000000000001,0.0106671620543923
passive_kde,-0.4559999999999999,0.0105533194437615
passive_kde,-0.4529999999999998,0.0103991520441148
passive_kde,-0.4499999999999997,0.0102116184210961
passive_kde,-0.447,0.0100032856687542
passive_kde,-0.4439999999999999,0.0097919357290422
passive_kde,-0.4409999999999998,0.0095994567957907
passive_kde,-0.4380000000000001,0.0094483195896154
passive_kde,-0.435,0.0093559896534687
passive_kde,-0.4319999999999999,0.009329777600255
passive_kde,-0.4289999999999998,0.0093648363141747
passive_kde,-0.4260000000000001,0.0094461963458163
passive_kde,-0.423,0.009553482906089
passive_kde,-0.4199999999999999,0.0096658620432662
passive_kde,-0.4169999999999998,0.0097652892588734
passive_kde,-0.4140000000000001,0.0098377176623416
passive_kde,-0.411,0.0098734473584591
passive_kde,-0.4079999999999999,0.0098680668395543
passive_kde,-0.4049999999999998,0.0098240269744534
passive_kde,-0.4020000000000001,0.0097510197558532
passive_kde,-0.399,0.0096632294433166
passive_kde,-0.3959999999999999,0.009573975450234
passive_kde,-0.3929999999999998,0.0094911108785611
passive_kde,-0.3900000000000001,0.0094166009173514
passive_kde,-0.387,0.0093504209463373
passive_kde,-0.3839999999999999,0.009295212254742
passive_kde,-0.3809999999999998,0.0092573986132307
passive_kde,-0.3780000000000001,0.0092432724869452
passive_kde,-0.375,0.0092525450087934
passive_kde,-0.3719999999999999,0.0092740154193132
passive_kde,-0.3689999999999998,0.0092868213668781
passive_kde,-0.3660000000000001,0.0092670083436598
passive_kde,-0.363,0.0091956999408075
passive_kde,-0.3599999999999999,0.009064716474668
passive_kde,-0.3569999999999997,0.008878154741917
passive_kde,-0.3540000000000001,0.0086512820653329
passive_kde,-0.351,0.0084083221760521
passive_kde,-0.3479999999999998,0.0081788422146618
passive_kde,-0.3449999999999997,0.0079915488748046
passive_kde,-0.3420000000000001,0.0078661425252903
passive_kde,-0.3389999999999999,0.0078067625700251
passive_kde,-0.3359999999999998,0.0078011705494237
passive_kde,-0.3329999999999997,0.0078268060640214
passive_kde,-0.33,0.0078603301904221
passive_kde,-0.3269999999999999,0.007884967806306
passive_kde,-0.3239999999999998,0.0078918785744701
passive_kde,-0.3209999999999997,0.0078764221420621
passive_kde,-0.318,0.0078338032703755
passive_kde,-0.3149999999999999,0.0077583848172962
passive_kde,-0.3119999999999998,0.0076473497629234
passive_kde,-0.3090000000000001,0.0075055071942654
passive_kde,-0.306,0.0073470075829791
passive_kde,-0.3029999999999999,0.0071921695701878
passive_kde,-0.2999999999999998,0.0070613252482393
passive_kde,-0.2970000000000001,0.0069695158446262
passive_kde,-0.294,0.0069245642701729
passive_kde,-0.2909999999999999,0.0069277871118795
passive_kde,-0.2879999999999998,0.00697442135872
passive_kde,-0.2850000000000001,0.0070519911691571
passive_kde,-0.282,0.0071385106904625
passive_kde,-0.2789999999999999,0.0072049346163641
passive_kde,-0.2759999999999998,0.0072243493207163
passive_kde,-0.2730000000000001,0.0071847531590127
passive_kde,-0.27,0.0070976737986867
passive_kde,-0.2669999999999999,0.0069959203187715
passive_kde,-0.2639999999999998,0.0069203086466489
passive_kde,-0.2610000000000001,0.006902184572445
passive_kde,-0.258,0.0069507632413066
passive_kde,-0.2549999999999999,0.0070508580738653
passive_kde,-0.2519999999999998,0.0071708518061581
passive_kde,-0.2490000000000001,0.0072764571988111
passive_kde,-0.246,0.0073442019819643
passive_kde,-0.2429999999999998,0.0073692321793874
passive_kde,-0.2399999999999997,0.0073645351068937
passive_kde,-0.2370000000000001,0.0073525372287191
passive_kde,-0.2339999999999999,0.0073536798520333
passive_kde,-0.2309999999999998,0.0073778424633169
passive_kde,-0.2279999999999997,0.0074223807643904
passive_kde,-0.2250000000000001,0.0074763926024513
passive_kde,-0.2219999999999999,0.0075274245823553
passive_kde,-0.2189999999999998,0.0075663726984675
passive_kde,-0.2159999999999997,0.0075886929491734
passive_kde,-0.213,0.0075930038316333
passive_kde,-0.2099999999999999,0.007579449534255
passive_kde,-0.2069999999999998,0.0075493605451548
passive_kde,-0.2039999999999997,0.0075061109687321
passive_kde,-0.201,0.0074560606886296
passive_kde,-0.1979999999999999,0.0074084468283821
passive_kde,-0.1949999999999998,0.0073735988846332
passive_kde,-0.1919999999999997,0.0073595344557085
passive_kde,-0.189,0.0073678944027725
passive_kde,-0.1859999999999999,0.007391165940847
passive_kde,-0.1829999999999998,0.0074133676880671
passive_kde,-0.1800000000000001,0.0074149233648662
passive_kde,-0.177,0.0073798281573599
passive_kde,-0.1739999999999999,0.0073015202952751
passive_kde,-0.1709999999999998,0.0071848064505425
passive_kde,-0.1680000000000001,0.0070439467777032
passive_kde,-0.165,0.006898940721675
passive_kde,-0.1619999999999999,0.0067716247459596
passive_kde,-0.1589999999999998,0.0066816426081799
passive_kde,-0.1560000000000001,0.006642050868196
passive_kde,-0.153,0.006655758527085
passive_kde,-0.1499999999999999,0.0067150580781628
passive_kde,-0.1469999999999998,0.0068050866097328
passive_kde,-0.1440000000000001,0.0069089817027796
passive_kde,-0.141,0.0070110473105742
passive_kde,-0.1379999999999999,0.0070964550864938
passive_kde,-0.1349999999999998,0.0071499487472119
passive_kde,-0.1320000000000001,0.0071575263339319
passive_kde,-0.129,0.0071122459879964
passive_kde,-0.1259999999999999,0.0070207163101838
passive_kde,-0.1229999999999997,0.0069049514005714
passive_kde,-0.1200000000000001,0.0067969103752876
passive_kde,-0.1169999999999999,0.0067278090301516
passive_kde,-0.1139999999999998,0.0067172858136008
passive_kde,-0.1109999999999997,0.0067669927090243
passive_kde,-0.1080000000000001,0.0068604958809055
passive_kde,-0.1049999999999999,0.0069688194342759
passive_kde,-0.1019999999999998,0.0070595934503185
passive_kde,-0.0989999999999997,0.0071071802042713
passive_kde,-0.096,0.0071008409630116
passive_kde,-0.0929999999999999,0.0070481847293603
passive_kde,-0.0899999999999998,0.0069722982263222
passive_kde,-0.0869999999999997,0.0069030746101619
passive_kde,-0.084,0.0068656811805208
passive_kde,-0.0809999999999999,0.0068708302979657
passive_kde,-0.0779999999999998,0.0069114164010554
passive_kde,-0.0749999999999997,0.0069674399436503
passive_kde,-0.072,0.0070167281455152
passive_kde,-0.0689999999999999,0.0070454243366548
passive_kde,-0.0659999999999998,0.0070523767787986
passive_kde,-0.0629999999999997,0.0070457145352068
passive_kde,-0.06,0.0070350735214659
passive_kde,-0.0569999999999999,0.0070252792246802
passive_kde,-0.0539999999999998,0.0070153137891137
passive_kde,-0.0510000000000001,0.0070019520145054
passive_kde,-0.048,0.0069840383387587
passive_kde,-0.0449999999999999,0.0069634940706159
passive_kde,-0.0419999999999998,0.0069424886274435
passive_kde,-0.0390000000000001,0.0069198235502065
passive_kde,-0.036,0.0068902724129488
passive_kde,-0.0329999999999999,0.0068479214437568
passive_kde,-0.0299999999999998,0.0067911199629182
passive_kde,-0.0270000000000001,0.0067254804898454
passive_kde,-0.024,0.0066630066336672
passive_kde,-0.0209999999999999,0.0066180452549597
passive_kde,-0.0179999999999997,0.0066023326805986
passive_kde,-0.0150000000000001,0.0066212701632272
passive_kde,-0.012,0.0066723796192829
passive_kde,-0.0089999999999998,0.0067457887348285
passive_kde,-0.0059999999999997,0.0068262897412042
passive_kde,-0.0030000000000001,0.0068967825756059
passive_kde,0.0,0.0069428766343391
passive_kde,0.0030000000000001,0.0069575828988994
passive_kde,0.0060000000000002,0.0069439971788819
passive_kde,0.0089999999999998,0.0069139853763887
passive_kde,0.012,0.0068828440493038
passive_kde,0.0150000000000001,0.0068627100129479
passive_kde,0.0180000000000002,0.0068587504355219
passive_kde,0.0209999999999999,0.0068702251983947
passive_kde,0.024,0.0068945772281297
passive_kde,0.0270000000000001,0.0069303126758936
passive_kde,0.0300000000000002,0.00697600474439
passive_kde,0.0329999999999999,0.0070267938586925
passive_kde,0.036,0.0070722355343214
passive_kde,0.0390000000000001,0.0070979929011522
passive_kde,0.0420000000000002,0.0070904073006529
passive_kde,0.0449999999999999,0.0070409224019575
passive_kde,0.048,0.0069482225344984
passive_kde,0.0510000000000001,0.0068182202557821
passive_kde,0.0540000000000002,0.0066632076024192
passive_kde,0.0569999999999999,0.0065007559908803
passive_kde,0.06,0.0063516413181855
passive_kde,0.0630000000000001,0.0062359978944412
passive_kde,0.0660000000000002,0.0061684039820775
passive_kde,0.0689999999999999,0.0061541475121413
passive_kde,0.072,0.0061887475296348
passive_kde,0.0750000000000001,0.006260887905052
passive_kde,0.0779999999999998,0.0063569990612963
passive_kde,0.0809999999999999,0.0064652945359605
passive_kde,0.084,0.0065778790428671
passive_kde,0.0870000000000001,0.0066904763963096
passive_kde,0.0899999999999998,0.0068000811444861
passive_kde,0.0929999999999999,0.0069018285041494
passive_kde,0.096,0.0069872595769673
passive_kde,0.0990000000000002,0.0070457171085287
passive_kde,0.1019999999999998,0.0070685235703907
passive_kde,0.1049999999999999,0.0070534533882278
passive_kde,0.1080000000000001,0.0070067520684488
passive_kde,0.1110000000000002,0.0069416724023032
passive_kde,0.1139999999999998,0.0068745043213966
passive_kde,0.1169999999999999,0.0068199580765541
passive_kde,0.1200000000000001,0.0067875944439293
passive_kde,0.1230000000000002,0.0067804412077157
passive_kde,0.1259999999999999,0.0067960792657614
passive_kde,0.129,0.006829254042452
passive_kde,0.1320000000000001,0.0068742137480373
passive_kde,0.1350000000000002,0.0069255086081347
passive_kde,0.1379999999999999,0.0069775899894585
passive_kde,0.141,0.007024538229683
passive_kde,0.1440000000000001,0.007060626691211
passive_kde,0.1470000000000002,0.0070812479383398
passive_kde,0.1499999999999999,0.0070836295207307
passive_kde,0.153,0.00706767962043
passive_kde,0.1560000000000001,0.0070375509236007
passive_kde,0.1590000000000002,0.0070032220182733
passive_kde,0.1619999999999999,0.0069799394606895
passive_kde,0.165,0.0069838770453566
passive_kde,0.1680000000000001,0.0070251036414556
passive_kde,0.1710000000000002,0.0071016234503179
passive_kde,0.1739999999999999,0.0071982939074108
passive_kde,0.177,0.0072916693373254
passive_kde,0.1800000000000001,0.0073585427080875
passive_kde,0.1830000000000002,0.0073843768508462
passive_kde,0.1859999999999999,0.0073682189210947
passive_kde,0.189,0.0073222191538488
passive_kde,0.1920000000000001,0.0072660266049554
passive_kde,0.1950000000000002,0.0072186990132682
passive_kde,0.1979999999999999,0.0071920116545803
passive_kde,0.201,0.0071878367068793
passive_kde,0.2040000000000001,0.0071993695872228
passive_kde,0.2069999999999998,0.0072141605703121
passive_kde,0.2099999999999999,0.0072177470934896
passive_kde,0.213,0.0071983721300731
passive_kde,0.2160000000000002,0.0071527876360052
passive_kde,0.2189999999999998,0.0070904000715769
passive_kde,0.2219999999999999,0.0070315713436509
passive_kde,0.2250000000000001,0.0069987354759966
passive_kde,0.2280000000000002,0.0070045170505965
passive_kde,0.2309999999999998,0.0070442718012485
passive_kde,0.2339999999999999,0.0070982022759877
passive_kde,0.2370000000000001,0.007142051504736
passive_kde,0.2400000000000002,0.0071599420274285
passive_kde,0.2429999999999998,0.0071517871155232
passive_kde,0.246,0.0071311995086137
passive_kde,0.2490000000000001,0.0071155314556755
passive_kde,0.2520000000000002,0.0071141982315034
passive_kde,0.2549999999999999,0.0071222714599559
passive_kde,0.258,0.0071231401057776
passive_kde,0.2610000000000001,0.0070987263697198
passive_kde,0.2640000000000002,0.0070413148424869
passive_kde,0.2669999999999999,0.006959987234135
passive_kde,0.27,0.0068776607533853
passive_kde,0.2730000000000001,0.0068202574031749
passive_kde,0.2760000000000002,0.0068042997605419
passive_kde,0.2789999999999999,0.0068300421446604
passive_kde,0.282,0.006883459152049
passive_kde,0.2850000000000001,0.0069448429182713
passive_kde,0.2880000000000002,0.0069984875035977
passive_kde,0.2909999999999999,0.0070387233835919
passive_kde,0.294,0.0070706454778936
passive_kde,0.2970000000000001,0.0071063934215047
passive_kde,0.3000000000000002,0.0071588057161105
passive_kde,0.3029999999999999,0.0072346553860453
passive_kde,0.306,0.0073301739709081
passive_kde,0.3090000000000001,0.0074313688217739
passive_kde,0.3120000000000003,0.0075197277513755
passive_kde,0.3149999999999999,0.0075809042691724
passive_kde,0.318,0.0076119763746418
passive_kde,0.3210000000000002,0.0076234908325624
passive_kde,0.3240000000000003,0.0076353905163215
passive_kde,0.3269999999999999,0.0076691188925716
passive_kde,0.33,0.0077397423888894
passive_kde,0.3330000000000002,0.0078512044122138
passive_kde,0.3359999999999998,0.0079957480922588
passive_kde,0.3389999999999999,0.0081566999065637
passive_kde,0.3420000000000001,0.0083131382137518
passive_kde,0.3450000000000002,0.0084451584069441
passive_kde,0.3479999999999998,0.0085385670948453
passive_kde,0.351,0.0085876507200788
passive_kde,0.3540000000000001,0.0085949715379392
passive_kde,0.3570000000000002,0.0085685811143917
passive_kde,0.3599999999999999,0.0085187128243669
passive_kde,0.363,0.0084560775702229
passive_kde,0.3660000000000001,0.008391877213822
passive_kde,0.3690000000000002,0.0083375610217508
passive_kde,0.3719999999999999,0.0083025518443561
passive_kde,0.375,0.0082905305779069
passive_kde,0.3780000000000001,0.0082968585049287
passive_kde,0.3810000000000002,0.0083093667537969
passive_kde,0.3839999999999999,0.0083126321048014
passive_kde,0.387,0.0082939626479475
passive_kde,0.3900000000000001,0.0082487327765881
passive_kde,0.3930000000000002,0.0081831259877827
passive_kde,0.3959999999999999,0.0081131659991749
passive_kde,0.399,0.0080599898772302
passive_kde,0.4020000000000001,0.0080425926618508
passive_kde,0.4050000000000002,0.0080704095245452
passive_kde,0.4079999999999999,0.0081386376115549
passive_kde,0.411,0.0082287648627027
passive_kde,0.4140000000000001,0.0083150869941682
passive_kde,0.4170000000000002,0.0083752221029442
passive_kde,0.4199999999999999,0.0084000171532166
passive_kde,0.423,0.0083977696081797
passive_kde,0.4260000000000001,0.0083903623598061
passive_kde,0.4290000000000002,0.0084033206201211
passive_kde,0.4319999999999999,0.0084549454830299
passive_kde,0.435,0.008549525456412
passive_kde,0.4380000000000001,0.0086767997106438
passive_kde,0.4410000000000003,0.0088167463346254
passive_kde,0.4439999999999999,0.0089471481154377
passive_kde,0.447,0.0090510732150953
passive_kde,0.4500000000000002,0.0091215044754088
passive_kde,0.4530000000000003,0.0091610780184308
passive_kde,0.4559999999999999,0.0091771341835783
passive_kde,0.4590000000000001,0.0091752953795183
passive_kde,0.4620000000000002,0.0091558898505681
passive_kde,0.4649999999999998,0.0091152344968117
passive_kde,0.4679999999999999,0.0090501211242523
passive_kde,0.4710000000000001,0.0089622370983191
passive_kde,0.4740000000000002,0.0088604582455966
passive_kde,0.4769999999999998,0.0087607090315378
passive_kde,0.48,0.0086834934588914
passive_kde,0.4830000000000001,0.0086489655606608
passive_kde,0.4860000000000002,0.0086702553304012
passive_kde,0.4889999999999999,0.0087476810266531
passive_kde,0.492,0.0088673929689434
passive_kde,0.4950000000000001,0.0090061619635401
passive_kde,0.4980000000000002,0.0091403066882961
passive_kde,0.5009999999999999,0.00925411262963
passive_kde,0.504,0.0093436697478332
passive_kde,0.5070000000000001,0.0094150752301017
passive_kde,0.5100000000000002,0.0094788726404392
passive_kde,0.5129999999999999,0.0095438531964293
passive_kde,0.516,0.0096131602851747
passive_kde,0.5190000000000001,0.009684539536776
passive_kde,0.5220000000000002,0.009754429900639
passive_kde,0.5249999999999999,0.0098228471536338
passive_kde,0.528,0.0098947972173587
passive_kde,0.5310000000000001,0.0099762962726709
passive_kde,0.5340000000000003,0.0100678343906534
passive_kde,0.5369999999999999,0.0101610408589028
passive_kde,0.54,0.0102421369809044
passive_kde,0.5430000000000001,0.0103000601920126
passive_kde,0.5460000000000003,0.0103331448550295
passive_kde,0.5489999999999999,0.0103496111472103
passive_kde,0.552,0.0103622385870745
passive_kde,0.5550000000000002,0.0103815138431992
passive_kde,0.5580000000000003,0.0104112222758393
passive_kde,0.5609999999999999,0.01044753592696
passive_kde,0.5640000000000001,0.0104807053044565
passive_kde,0.5670000000000002,0.0104985972484011
passive_kde,0.5700000000000003,0.0104916354635623
passive_kde,0.573,0.0104576973499519
passive_kde,0.5760000000000001,0.0104044399695755
passive_kde,0.5790000000000002,0.0103474701112928
passive_kde,0.5820000000000003,0.010305460044876
passive_kde,0.585,0.0102950588245207
passive_kde,0.5880000000000001,0.0103274666948456
passive_kde,0.5910000000000002,0.010406226115199
passive_kde,0.5939999999999999,0.0105250578754664
passive_kde,0.597,0.0106663327247181
passive_kde,0.6000000000000001,0.0108027732126828
passive_kde,0.6030000000000002,0.0109043434542208
passive_kde,0.6059999999999999,0.010948716543906
passive_kde,0.609,0.0109301424932996
passive_kde,0.6120000000000001,0.0108615494146264
passive_kde,0.6150000000000002,0.0107689417748503
passive_kde,0.6179999999999999,0.010682131250178
passive_kde,0.621,0.0106270153355038
passive_kde,0.6240000000000001,0.010621311755139
passive_kde,0.6270000000000002,0.0106720702038325
passive_kde,0.6299999999999999,0.0107736277072145
passive_kde,0.633,0.010907869006925
passive_kde,0.6360000000000001,0.0110496325524048
passive_kde,0.6390000000000002,0.011176435047422
passive_kde,0.6419999999999999,0.0112770106522545
passive_kde,0.645,0.0113529556989152
passive_kde,0.6480000000000001,0.0114128463721014
passive_kde,0.6510000000000002,0.0114638199500826
passive_kde,0.6539999999999999,0.0115068174090965
passive_kde,0.657,0.0115381362655809
passive_kde,0.6600000000000001,0.0115552322333741
passive_kde,0.6630000000000003,0.0115622267117782
passive_kde,0.6659999999999999,0.0115711344371539
passive_kde,0.669,0.0115974887791039
passive_kde,0.6720000000000002,0.0116524885227751
passive_kde,0.6750000000000003,0.0117363884503093
passive_kde,0.6779999999999999,0.0118377501527597
passive_kde,0.681,0.0119396853690128
passive_kde,0.6840000000000002,0.0120293333874006
passive_kde,0.6870000000000003,0.0121043026244689
passive_kde,0.69,0.0121720458140001
passive_kde,0.6930000000000001,0.0122434872914815
passive_kde,0.6960000000000002,0.0123261762280758
passive_kde,0.6990000000000003,0.0124216153327348
passive_kde,0.702,0.0125272639517902
passive_kde,0.7050000000000001,0.012639999156104
passive_kde,0.7080000000000002,0.0127575259442765
passive_kde,0.7110000000000003,0.0128769790998933
passive_kde,0.714,0.0129929254444068
passive_kde,0.7170000000000001,0.0130975852350166
passive_kde,0.7200000000000002,0.0131840281541425
passive_kde,0.7229999999999999,0.0132502864732501
passive_kde,0.726,0.013301229209784
passive_kde,0.7290000000000001,0.013346624394835
passive_kde,0.7320000000000002,0.0133967183572761
passive_kde,0.7349999999999999,0.0134583085132781
passive_kde,0.738,0.013533231076723
passive_kde,0.7410000000000001,0.0136186025352374
passive_kde,0.7440000000000002,0.0137068012227347
passive_kde,0.7469999999999999,0.0137845020383966
passive_kde,0.75,0.013832514720298
passive_kde,0.7530000000000001,0.013828800270943
passive_kde,0.7560000000000002,0.0137549338610142
passive_kde,0.7589999999999999,0.0136035785365351
passive_kde,0.762,0.0133837911100729
passive_kde,0.7650000000000001,0.013122248286508
passive_kde,0.7680000000000002,0.0128598378057644
passive_kde,0.7709999999999999,0.0126436462162254
passive_kde,0.774,0.0125153956189256
passive_kde,0.7770000000000001,0.0124995733608102
passive_kde,0.7800000000000002,0.0125960357843347
passive_kde,0.7829999999999999,0.0127803637516581
passive_kde,0.786,0.0130113342203681
passive_kde,0.7890000000000001,0.0132419607058835
passive_kde,0.7920000000000003,0.0134306799656189
passive_kde,0.7949999999999999,0.0135507375815229
passive_kde,0.798,0.0135960387579143
passive_kde,0.8010000000000002,0.0135810450045469
passive_kde,0.8040000000000003,0.0135334660920114
passive_kde,0.8069999999999999,0.0134823749224844
passive_kde,0.81,0.0134478935900487
passive_kde,0.8130000000000002,0.0134379382394916
passive_kde,0.8160000000000003,0.013452580558118
passive_kde,0.819,0.013491430307701
passive_kde,0.8220000000000001,0.0135582097939009
passive_kde,0.8250000000000002,0.0136597740153785
passive_kde,0.8280000000000003,0.0138010973365831
passive_kde,0.831,0.0139799341037992
passive_kde,0.8340000000000001,0.0141842389330753
passive_kde,0.8370000000000002,0.0143934581633781
passive_kde,0.8399999999999999,0.0145830403333315
passive_kde,0.843,0.0147304295826357
passive_kde,0.8460000000000001,0.0148202632668074
passive_kde,0.8490000000000002,0.0148466665778431
passive_kde,0.8519999999999999,0.0148118583602513
passive_kde,0.855,0.0147224683735916
passive_kde,0.8580000000000001,0.0145865226659217
passive_kde,0.8610000000000002,0.0144134469051443
passive_kde,0.8639999999999999,0.0142168973937674
passive_kde,0.867,0.014017786055749
passive_kde,0.8700000000000001,0.0138443010119786
passive_kde,0.8730000000000002,0.0137270855266486
passive_kde,0.8759999999999999,0.0136901286038658
passive_kde,0.879,0.0137406984851725
passive_kde,0.8820000000000001,0.0138638509819776
passive_kde,0.8850000000000002,0.0140265141219047
passive_kde,0.8879999999999999,0.0141912779754637
passive_kde,0.891,0.0143329436541763
passive_kde,0.8940000000000001,0.0144473766643914
passive_kde,0.8970000000000002,0.0145465117047682
passive_kde,0.8999999999999999,0.0146431222794434
passive_kde,0.903,0.0147365329211452
passive_kde,0.906,0.0148097163508841
passive_kde,0.9090000000000004,0.0148399946095138
passive_kde,0.912,0.014816285769843
passive_kde,0.915,0.014751837171994
passive_kde,0.918,0.0146844599512942
passive_kde,0.9210000000000004,0.0146635640113682
passive_kde,0.924,0.014730191879642
passive_kde,0.927,0.0148994634846676
passive_kde,0.9300000000000002,0.0151535120953714
passive_kde,0.9330000000000004,0.0154481431112942
passive_kde,0.936,0.0157302132532374
passive_kde,0.939,0.0159578789114265
passive_kde,0.9420000000000002,0.016114838794635
passive_kde,0.9450000000000004,0.0162130298056793
passive_kde,0.948,0.0162839318687411
passive_kde,0.951,0.0163635114392503
passive_kde,0.9540000000000002,0.0164776139942587
passive_kde,0.9570000000000004,0.0166330788753602
passive_kde,0.96,0.0168165371459886
passive_kde,0.963,0.016999872950313
passive_kde,0.9660000000000002,0.0171498939513796
passive_kde,0.969,0.0172394779195515
passive_kde,0.972,0.0172572521417206
passive_kde,0.975,0.0172126101151024
passive_kde,0.9780000000000002,0.017133727782012
passive_kde,0.981,0.017058882859663
passive_kde,0.984,0.0170245117851877
passive_kde,0.987,0.0170548193865066
passive_kde,0.9900000000000002,0.0171565914918819
passive_kde,0.993,0.0173204180422504
passive_kde,0.996,0.0175273118952253
passive_kde,0.999,0.0177579209936962
passive_kde,1.0019999999999998,0.0180000504701987
passive_kde,1.005,0.0182501973361652
passive_kde,1.008,0.0185078421932286
passive_kde,1.011,0.0187664349093569
passive_kde,1.0140000000000002,0.0190082552372985
passive_kde,1.0170000000000003,0.0192080811850575
passive_kde,1.0200000000000005,0.0193441422408769
passive_kde,1.0229999999999997,0.0194095090658315
passive_kde,1.0259999999999998,0.0194169715046742
passive_kde,1.029,0.0193948732600116
passive_kde,1.032,0.0193765131928393
passive_kde,1.035,0.0193885207569323
passive_kde,1.0380000000000005,0.0194432670735986
passive_kde,1.0410000000000004,0.019537715971062
passive_kde,1.0440000000000005,0.019657897327265
passive_kde,1.0469999999999997,0.0197862850363085
passive_kde,1.0499999999999998,0.0199093760813941
passive_kde,1.053,0.0200234584032977
passive_kde,1.056,0.0201366665031252
passive_kde,1.0590000000000002,0.0202656804816809
passive_kde,1.0620000000000005,0.0204274938761846
passive_kde,1.0650000000000004,0.0206301374005632
passive_kde,1.0680000000000005,0.0208680367299763
passive_kde,1.0709999999999995,0.0211253332581319
passive_kde,1.0739999999999998,0.0213851920675993
passive_kde,1.077,0.0216388783271102
passive_kde,1.08,0.0218884938921222
passive_kde,1.0830000000000002,0.0221416855359751
passive_kde,1.0860000000000003,0.0224021681009457
passive_kde,1.0890000000000004,0.0226625722103064
passive_kde,1.0920000000000003,0.0229041328289591
passive_kde,1.0949999999999998,0.0231029447496957
passive_kde,1.098,0.0232388142996118
passive_kde,1.101,0.0233024593247905
passive_kde,1.104,0.023298879988134
passive_kde,1.1070000000000002,0.023246581046167
passive_kde,1.1100000000000003,0.023172998759463
passive_kde,1.1130000000000004,0.0231070611829036
passive_kde,1.1159999999999997,0.0230712388285255
passive_kde,1.1189999999999998,0.023076759325141
passive_kde,1.122,0.023124770534977
passive_kde,1.125,0.0232124927160074
passive_kde,1.128,0.0233393068721033
passive_kde,1.1310000000000002,0.0235073447204143
passive_kde,1.1340000000000003,0.0237158467140241
passive_kde,1.1370000000000005,0.0239546374144535
passive_kde,1.1399999999999997,0.0242037839856504
passive_kde,1.1429999999999998,0.0244417716110047
passive_kde,1.146,0.0246571158481845
passive_kde,1.149,0.0248544360274876
passive_kde,1.152,0.0250490663266275
passive_kde,1.1550000000000002,0.0252524128587966
passive_kde,1.1580000000000004,0.025457717546431
passive_kde,1.1610000000000005,0.0256370281820784
passive_kde,1.1639999999999997,0.0257535401720655
passive_kde,1.1669999999999998,0.0257831353301021
passive_kde,1.17,0.0257319633986939
passive_kde,1.173,0.0256384692749668
passive_kde,1.1760000000000002,0.0255577310720141
passive_kde,1.1790000000000005,0.025537036309807
passive_kde,1.1820000000000004,0.0255968306260769
passive_kde,1.1850000000000005,0.0257273430096062
passive_kde,1.1879999999999995,0.0259012997259713
passive_kde,1.1909999999999998,0.0260937035600283
passive_kde,1.194,0.0262963492645835
passive_kde,1.197,0.0265191454034178
passive_kde,1.2000000000000002,0.0267791541033044
passive_kde,1.2030000000000003,0.0270856557242714
passive_kde,1.2060000000000004,0.0274310362298856
passive_kde,1.2090000000000003,0.027792723472882
passive_kde,1.2119999999999995,0.0281443533152516
passive_kde,1.215,0.0284691869489023
passive_kde,1.218,0.0287680100746407
passive_kde,1.221,0.0290571446187312
passive_kde,1.2240000000000002,0.0293577061865529
passive_kde,1.2270000000000003,0.0296820842000699
passive_kde,1.2300000000000004,0.0300253893762314
passive_kde,1.2329999999999997,0.0303670870652673
passive_kde,1.2359999999999998,0.0306821253178167
passive_kde,1.239,0.0309549236747781
passive_kde,1.242,0.0311877872124169
passive_kde,1.245,0.0313993151536647
passive_kde,1.2480000000000002,0.0316151876472238
passive_kde,1.2510000000000003,0.0318577889753384
passive_kde,1.2540000000000004,0.0321396350804914
passive_kde,1.2569999999999997,0.0324612666584075
passive_kde,1.2599999999999998,0.0328120438429321
passive_kde,1.263,0.0331732778170852
passive_kde,1.266,0.03352398709205
passive_kde,1.269,0.0338478097997546
passive_kde,1.2720000000000002,0.0341375480783516
passive_kde,1.2750000000000004,0.0343951196062988
passive_kde,1.2780000000000005,0.0346285610437869
passive_kde,1.2809999999999997,0.0348494836858108
passive_kde,1.2839999999999998,0.0350718783158135
passive_kde,1.287,0.0353100004705852
passive_kde,1.29,0.0355737832827805
passive_kde,1.293,0.0358640368528015
passive_kde,1.2960000000000005,0.0361713972728772
passive_kde,1.2990000000000004,0.0364799201101383
passive_kde,1.3020000000000005,0.0367719325569103
passive_kde,1.3049999999999995,0.0370305309184629
passive_kde,1.3079999999999998,0.0372400610315781
passive_kde,1.311,0.0373878153130526
passive_kde,1.314,0.0374682276579699
passive_kde,1.3170000000000002,0.0374866846155047
passive_kde,1.3200000000000005,0.0374592906186609
passive_kde,1.3230000000000004,0.0374086074622619
passive_kde,1.3260000000000003,0.0373586610567125
passive_kde,1.3289999999999995,0.0373311948485972
passive_kde,1.332,0.0373415600883789
passive_kde,1.335,0.0373925503916133
passive_kde,1.338,0.0374691602986955
passive_kde,1.3410000000000002,0.0375409498867771
passive_kde,1.3440000000000003,0.0375754052643956
passive_kde,1.3470000000000004,0.0375568590604292
passive_kde,1.3500000000000003,0.0374993514885802
passive_kde,1.3529999999999998,0.0374444537998072
passive_kde,1.356,0.0374443630029055
passive_kde,1.359,0.0375390136869779
passive_kde,1.362,0.037738422616694
passive_kde,1.3650000000000002,0.0380183144091018
passive_kde,1.3680000000000003,0.0383310703074489
passive_kde,1.3710000000000004,0.0386274667007926
passive_kde,1.3739999999999997,0.0388795053917045
passive_kde,1.3769999999999998,0.0390933393226045
passive_kde,1.38,0.039305523390195
passive_kde,1.383,0.0395642979414109
passive_kde,1.386,0.0399057041812623
passive_kde,1.3890000000000002,0.0403366421548779
passive_kde,1.3920000000000003,0.0408318631395191
passive_kde,1.3950000000000005,0.0413436089341039
passive_kde,1.3979999999999997,0.0418176295684553
passive_kde,1.4009999999999998,0.0422097320641884
passive_kde,1.404,0.0424991708249229
passive_kde,1.407,0.0426954681636841
passive_kde,1.41,0.0428351600610301
passive_kde,1.4130000000000005,0.0429682381016761
passive_kde,1.4160000000000004,0.0431400955639549
passive_kde,1.4190000000000005,0.043378087045382
passive_kde,1.4219999999999997,0.0436885358018615
passive_kde,1.4249999999999998,0.0440628090598513
passive_kde,1.428,0.044486093699101
passive_kde,1.431,0.0449429796818053
passive_kde,1.4340000000000002,0.0454180288898684
passive_kde,1.4370000000000005,0.0458935015467898
passive_kde,1.4400000000000004,0.0463482729356359
passive_kde,1.4430000000000005,0.04676121893351
passive_kde,1.4459999999999995,0.0471189969676363
passive_kde,1.4489999999999998,0.0474235914765485
passive_kde,1.452,0.047692819501235
passive_kde,1.455,0.0479504004429355
passive_kde,1.4580000000000002,0.0482099836792527
passive_kde,1.4610000000000003,0.0484639405474083
passive_kde,1.4640000000000004,0.0486869834726346
passive_kde,1.4670000000000003,0.0488557499937201
passive_kde,1.4699999999999998,0.0489734013469553
passive_kde,1.473,0.0490815632271277
passive_kde,1.476,0.049247208612734
passive_kde,1.479,0.0495280743978771
passive_kde,1.4820000000000002,0.0499363569475584
passive_kde,1.4850000000000003,0.0504240726272769
passive_kde,1.4880000000000004,0.0509008806937888
passive_kde,1.4909999999999997,0.0512754416482921
passive_kde,1.4939999999999998,0.0514983096735123
passive_kde,1.497,0.0515849217560519
passive_kde,1.5,0.0516084825270642
passive_kde,1.503,0.0516672140733064
passive_kde,1.5060000000000002,0.051842427736398
passive_kde,1.5090000000000003,0.0521684385475432
passive_kde,1.5120000000000005,0.0526289211241379
passive_kde,1.5149999999999997,0.0531783427035797
passive_kde,1.5179999999999998,0.0537712862546026
passive_kde,1.521,0.0543794070299077
passive_kde,1.524,0.054988852422754
passive_kde,1.527,0.0555885991372203
passive_kde,1.5300000000000002,0.0561656938433742
passive_kde,1.5330000000000004,0.0567123056411853
passive_kde,1.5360000000000005,0.0572343566773763
passive_kde,1.5389999999999997,0.0577484074579564
passive_kde,1.5419999999999998,0.0582654123512982
passive_kde,1.545,0.0587747093441198
passive_kde,1.548,0.0592445713468008
passive_kde,1.5510000000000002,0.0596433870068103
passive_kde,1.5540000000000005,0.0599682837288335
passive_kde,1.5570000000000004,0.0602604066331733
passive_kde,1.5600000000000005,0.0605944612087201
passive_kde,1.5629999999999995,0.061047340300988
passive_kde,1.5659999999999998,0.0616631578638457
passive_kde,1.569,0.0624321037163333
passive_kde,1.572,0.0632912855481858
passive_kde,1.5750000000000002,0.0641452842267696
passive_kde,1.5780000000000003,0.0648975856225385
passive_kde,1.5810000000000004,0.0654814156085453
passive_kde,1.5840000000000003,0.0658788007171302
passive_kde,1.5869999999999995,0.0661208022786521
passive_kde,1.59,0.0662702366669042
passive_kde,1.593,0.0663968852009583
passive_kde,1.596,0.0665576200011182
passive_kde,1.5990000000000002,0.0667877678514232
passive_kde,1.6020000000000003,0.0671012149879451
passive_kde,1.6050000000000004,0.0674934613594599
passive_kde,1.6080000000000003,0.0679455416221733
passive_kde,1.6109999999999998,0.0684308182554739
passive_kde,1.614,0.0689249962895205
passive_kde,1.617,0.0694145524209442
passive_kde,1.62,0.0698977811027213
passive_kde,1.6230000000000002,0.0703788041379155
passive_kde,1.6260000000000003,0.0708619416726699
passive_kde,1.6290000000000004,0.0713532886499785
passive_kde,1.6319999999999997,0.0718675627945962
passive_kde,1.6349999999999998,0.072430207094413
passive_kde,1.638,0.0730668362201467
passive_kde,1.641,0.0737841219614863
passive_kde,1.644,0.0745570500422378
passive_kde,1.6470000000000002,0.0753355375944273
passive_kde,1.6500000000000004,0.0760685541637312
passive_kde,1.6530000000000005,0.0767289704396444
passive_kde,1.6559999999999997,0.0773214090493937
passive_kde,1.6589999999999998,0.0778697771728438
passive_kde,1.662,0.0783978006487002
passive_kde,1.665,0.078919650876032
passive_kde,1.668,0.0794461550555104
passive_kde,1.6710000000000005,0.0799971347328505
passive_kde,1.6740000000000004,0.0806060836447971
passive_kde,1.6770000000000005,0.0813117846756343
passive_kde,1.6799999999999995,0.0821424510178137
passive_kde,1.6829999999999998,0.0831015797975541
passive_kde,1.686,0.0841611461925667
passive_kde,1.689,0.0852639254749135
passive_kde,1.6920000000000002,0.0863355040364603
passive_kde,1.6950000000000005,0.0873041721346014
passive_kde,1.6980000000000004,0.0881213249518748
passive_kde,1.7010000000000003,0.08877192945612
passive_kde,1.7039999999999995,0.0892706899307407
passive_kde,1.707,0.0896511909814606
passive_kde,1.71,0.089959981329018
passive_kde,1.713,0.0902585501282338
passive_kde,1.7160000000000002,0.090622546055939
passive_kde,1.7190000000000003,0.0911255735777051
passive_kde,1.7220000000000004,0.0918092041856922
passive_kde,1.7250000000000003,0.0926581587747793
passive_kde,1.7279999999999998,0.0936019330866675
passive_kde,1.731,0.0945472931730212
passive_kde,1.734,0.0954238612496991
passive_kde,1.737,0.0962157423038518
passive_kde,1.7400000000000002,0.0969623604270439
passive_kde,1.7430000000000003,0.0977321857094495
passive_kde,1.7460000000000004,0.0985882168312088
passive_kde,1.7489999999999997,0.0995644645397694
passive_kde,1.7519999999999998,0.1006608789211301
passive_kde,1.755,0.1018511156878744
passive_kde,1.758,0.1030928417618206
passive_kde,1.761,0.1043347962725973
passive_kde,1.7640000000000002,0.1055217067095994
passive_kde,1.7670000000000003,0.1066005203364805
passive_kde,1.7700000000000005,0.1075286137901034
passive_kde,1.7729999999999997,0.1082815491864923
passive_kde,1.7759999999999998,0.108858663884879
passive_kde,1.779,0.1092876812817678
passive_kde,1.782,0.1096292134029311
passive_kde,1.785,0.1099768116922983
passive_kde,1.7880000000000005,0.1104441989672345
passive_kde,1.7910000000000004,0.1111361727856618
passive_kde,1.7940000000000005,0.1121122007605834
passive_kde,1.7969999999999997,0.1133608388281428
passive_kde,1.7999999999999998,0.1147996409795321
passive_kde,1.803,0.1163022102065031
passive_kde,1.806,0.1177419077619339
passive_kde,1.809,0.119036129318814
passive_kde,1.8120000000000005,0.1201744666533899
passive_kde,1.8150000000000004,0.1212178760512265
passive_kde,1.8180000000000005,0.122266909408326
passive_kde,1.8209999999999995,0.123413232828224
passive_kde,1.824,0.1246994003289262
passive_kde,1.827,0.1261070769753441
passive_kde,1.83,0.1275757980502448
passive_kde,1.833,0.1290364407124053
passive_kde,1.8360000000000003,0.1304385660221663
passive_kde,1.8390000000000004,0.1317601333198847
passive_kde,1.8420000000000003,0.1330021952492892
passive_kde,1.845,0.1341786227910169
passive_kde,1.848,0.1353083381170901
passive_kde,1.851,0.13641106433183
passive_kde,1.854,0.1375046273060539
passive_kde,1.857,0.1386031055869133
passive_kde,1.8600000000000003,0.1397162347028641
passive_kde,1.8630000000000004,0.1408494022984642
passive_kde,1.8659999999999997,0.1420031828056215
passive_kde,1.869,0.1431739373402435
passive_kde,1.872,0.1443592611196646
passive_kde,1.875,0.1455687715094574
passive_kde,1.878,0.1468331217752502
passive_kde,1.881,0.1482009960339797
passive_kde,1.8840000000000003,0.1497213873278228
passive_kde,1.8870000000000005,0.1514208660184308
passive_kde,1.8899999999999997,0.1532900398843248
passive_kde,1.893,0.1552852345530174
passive_kde,1.896,0.1573398398602139
passive_kde,1.899,0.1593769541901971
passive_kde,1.902,0.1613216643724594
passive_kde,1.905,0.1631168054579608
passive_kde,1.9080000000000004,0.164741846233463
passive_kde,1.9110000000000005,0.1662250481101873
passive_kde,1.9139999999999997,0.1676368826126074
passive_kde,1.917,0.1690639219955499
passive_kde,1.92,0.1705780565537853
passive_kde,1.923,0.1722199765546547
passive_kde,1.926,0.1740026498798437
passive_kde,1.9290000000000005,0.1759223621320608
passive_kde,1.9320000000000004,0.1779604563445454
passive_kde,1.9350000000000005,0.1800731896360985
passive_kde,1.9379999999999995,0.1821850766800006
passive_kde,1.941,0.1842031293062596
passive_kde,1.944,0.186052120064715
passive_kde,1.947,0.1877105989425706
passive_kde,1.95,0.1892229018710723
passive_kde,1.9530000000000003,0.1906776091123
passive_kde,1.9560000000000004,0.1921651434611998
passive_kde,1.9590000000000003,0.1937404128135196
passive_kde,1.9619999999999995,0.1954129874978706
passive_kde,1.965,0.197169953017276
passive_kde,1.968,0.1990150960427998
passive_kde,1.971,0.200995755117684
passive_kde,1.974,0.2031954629084999
passive_kde,1.9770000000000003,0.2056936209728955
passive_kde,1.9800000000000004,0.2085161182041535
passive_kde,1.9830000000000003,0.2116060558279499
passive_kde,1.986,0.214830304669463
passive_kde,1.989,0.218018889743138
passive_kde,1.992,0.2210219549999576
passive_kde,1.995,0.2237637913755197
passive_kde,1.998,0.2262720532394928
passive_kde,2.0010000000000003,0.228666058940947
passive_kde,2.0040000000000004,0.231105266850742
passive_kde,2.0069999999999997,0.2337207579207202
passive_kde,2.01,0.2365625569340767
passive_kde,2.013,0.2395854474981265
passive_kde,2.016,0.2426750421731362
passive_kde,2.019,0.2456999341268043
passive_kde,2.022,0.2485693877259161
passive_kde,2.0250000000000004,0.2512740541557322
passive_kde,2.0280000000000005,0.2538897459012026
passive_kde,2.0309999999999997,0.2565387472341013
passive_kde,2.034,0.2593278097541983
passive_kde,2.037,0.2622987698420646
passive_kde,2.04,0.2654198383775976
passive_kde,2.043,0.2686180159348829
passive_kde,2.0460000000000003,0.2718279353315015
passive_kde,2.0490000000000004,0.2750270121230036
passive_kde,2.0520000000000005,0.2782411001437347
passive_kde,2.0549999999999997,0.2815264053973182
passive_kde,2.058,0.2849468509725787
passive_kde,2.061,0.288561829491085
passive_kde,2.064,0.2924221136411644
passive_kde,2.067,0.2965601682890648
passive_kde,2.0700000000000003,0.3009694473382183
passive_kde,2.0730000000000004,0.3055868334857414
passive_kde,2.0760000000000005,0.3102994183922985
passive_kde,2.0789999999999997,0.3149807486675714
passive_kde,2.082,0.3195379656159461
passive_kde,2.085,0.3239426883419354
passive_kde,2.088,0.3282303659435203
passive_kde,2.091,0.3324720068915547
passive_kde,2.0940000000000003,0.3367347325230642
passive_kde,2.0970000000000004,0.341050085299625
passive_kde,2.1000000000000005,0.3454042297545833
passive_kde,2.103,0.3497538988324074
passive_kde,2.106,0.3540585538397332
passive_kde,2.109,0.3583102274403127
passive_kde,2.112,0.3625458651944463
passive_kde,2.115,0.3668404229754115
passive_kde,2.1180000000000003,0.3712896394932208
passive_kde,2.1210000000000004,0.3759901077967225
passive_kde,2.1239999999999997,0.3810167650806423
passive_kde,2.127,0.386397159816492
passive_kde,2.13,0.3920911609358171
passive_kde,2.133,0.3979933306540592
passive_kde,2.136,0.4039698326858283
passive_kde,2.139,0.4099207214180413
passive_kde,2.1420000000000003,0.4158350424031775
passive_kde,2.1450000000000005,0.4218005683402646
passive_kde,2.1479999999999997,0.4279531855078863
passive_kde,2.151,0.4343913666692455
passive_kde,2.154,0.4411093120142398
passive_kde,2.157,0.4479945298561787
passive_kde,2.16,0.4548952445260878
passive_kde,2.1630000000000003,0.4617178578729633
passive_kde,2.1660000000000004,0.468494947537003
passive_kde,2.1690000000000005,0.4753822709041989
passive_kde,2.1719999999999997,0.4825870194172618
passive_kde,2.175,0.4902701895878758
passive_kde,2.178,0.4984760240622726
passive_kde,2.181,0.5071169219919317
passive_kde,2.184,0.5160071087664057
passive_kde,2.1870000000000003,0.5249215975285609
passive_kde,2.1900000000000004,0.5336623356560815
passive_kde,2.1930000000000005,0.5421196256085535
passive_kde,2.1959999999999997,0.5503096783181938
passive_kde,2.199,0.5583629984343573
passive_kde,2.202,0.5664565024186602
passive_kde,2.205,0.5747206533405533
passive_kde,2.208,0.5831769992295044
passive_kde,2.2110000000000003,0.5917438553087209
passive_kde,2.2140000000000004,0.6003005385744433
passive_kde,2.2170000000000005,0.6087645102372711
passive_kde,2.22,0.6171395174507843
passive_kde,2.223,0.6255252752845397
passive_kde,2.226,0.6341041210613336
passive_kde,2.229,0.6431153198844517
passive_kde,2.232,0.6528081468612171
passive_kde,2.2350000000000003,0.6633642053569482
passive_kde,2.2380000000000004,0.6748100261653617
passive_kde,2.2410000000000005,0.6869750748036834
passive_kde,2.244,0.6995451028760086
passive_kde,2.247,0.7122041467437159
passive_kde,2.25,0.7247886799082797
passive_kde,2.253,0.7373545108388558
passive_kde,2.256,0.7501091332526981
passive_kde,2.2590000000000003,0.7632557798936543
passive_kde,2.2620000000000005,0.776858778232723
passive_kde,2.2649999999999997,0.7908224880514196
passive_kde,2.268,0.8049915752426898
passive_kde,2.271,0.8192943478695014
passive_kde,2.274,0.833826613690371
passive_kde,2.277,0.8488226693182652
passive_kde,2.28,0.8645389001398752
passive_kde,2.2830000000000004,0.8811251636433283
passive_kde,2.2860000000000005,0.8985525570130194
passive_kde,2.2889999999999997,0.9166227053049374
passive_kde,2.292,0.935043039597613
passive_kde,2.295,0.9535362770428266
passive_kde,2.298,0.9719515198887656
passive_kde,2.301,0.990342240456982
passive_kde,2.3040000000000003,1.0089756531080083
passive_kde,2.3070000000000004,1.0282570364373858
passive_kde,2.3100000000000005,1.04859445570342
passive_kde,2.3129999999999997,1.070265966101184
passive_kde,2.316,1.0933495204031385
passive_kde,2.319,1.117735029078293
passive_kde,2.322,1.1431926381123505
passive_kde,2.325,1.1694542673894348
passive_kde,2.3280000000000003,1.1962787991646642
passive_kde,2.3310000000000004,1.22349341935256
passive_kde,2.3340000000000005,1.2510163901013611
passive_kde,2.3369999999999997,1.2788682231858772
passive_kde,2.34,1.3071743488961665
passive_kde,2.343,1.3361551877038362
passive_kde,2.346,1.3660921688315506
passive_kde,2.349,1.397262028145709
passive_kde,2.3520000000000003,1.4298554668499972
passive_kde,2.3550000000000004,1.4639252548531445
passive_kde,2.3580000000000005,1.4994087318150362
passive_kde,2.361,1.5362245116296664
passive_kde,2.364,1.5743845241167356
passive_kde,2.367,1.6140447057180396
passive_kde,2.37,1.6554611809310629
passive_kde,2.373,1.6988871741180245
passive_kde,2.3760000000000003,1.7444829490759903
passive_kde,2.3790000000000004,1.7922937527335534
passive_kde,2.3819999999999997,1.8423018680515455
passive_kde,2.385,1.8945176804874333
passive_kde,2.388,1.9490638769790745
passive_kde,2.391,2.006222397406578
passive_kde,2.394,2.0664348877415475
passive_kde,2.397,2.1302576111628397
passive_kde,2.4000000000000004,2.1982736363537767
passive_kde,2.4030000000000005,2.270970583711863
passive_kde,2.4059999999999997,2.3485948755472936
passive_kde,2.409,2.430962315782208
passive_kde,2.412,2.517119837070874
passive_kde,2.415,2.6046524552300983
passive_kde,2.418,2.6884303233847033
passive_kde,2.4210000000000003,2.758863723349295
passive_kde,2.4240000000000004,2.800377790427445
passive_kde,2.4270000000000005,2.7916075978838975
passive_kde,2.4299999999999997,2.709020184840361
passive_kde,2.433,2.5344245013918787
passive_kde,2.436,2.264140979100308
passive_kde,2.439,1.9151242218527835
passive_kde,2.442,1.5235237820433103
passive_kde,2.4450000000000003,1.1349148106730456
passive_kde,2.4480000000000004,0.7904824694486642
passive_kde,2.4510000000000005,0.5159292568873601
passive_kde,2.4539999999999997,0.3178441250069513
passive_kde,2.457,0.1875383406618074
passive_kde,2.46,0.1086117277498602
passive_kde,2.463,0.0639523217481623
passive_kde,2.466,0.0398102597999975
passive_kde,2.4690000000000003,0.0269058394220767
passive_kde,2.4720000000000004,0.0197598022853612
passive_kde,2.4750000000000005,0.0154660423682902
passive_kde,2.478,0.0126085147908153
passive_kde,2.481,0.0105344113792691
passive_kde,2.484,0.0089415027580834
passive_kde,2.487,0.0076718378738992
passive_kde,2.49,0.0066216346708668
passive_kde,2.4930000000000003,0.0057104325981868
passive_kde,2.4960000000000004,0.0048772130407205
passive_kde,2.499000000000001,0.0040852155652118
passive_kde,2.502,0.0033249187766253
passive_kde,2.505,0.0026102135179477
passive_kde,2.508,0.0019679042808742
passive_kde,2.511,0.0014246094083259
passive_kde,2.514,0.0009963229655923
passive_kde,2.5170000000000003,0.0006840278102165
passive_kde,2.5200000000000005,0.0004754017336711
passive_kde,2.5229999999999997,0.0003500929489357
passive_kde,2.526,0.0002854617150981
passive_kde,2.529,0.0002607088487818
passive_kde,2.532,0.0002587897092211
passive_kde,2.535,0.0002665912123395
passive_kde,2.5380000000000003,0.0002743119053662
passive_kde,2.5410000000000004,0.0002749284813566
passive_kde,2.5440000000000005,0.0002641802397517
passive_kde,2.5469999999999997,0.0002408767258562
passive_kde,2.55,0.0002069304698834
passive_kde,2.553,0.0001666444897812
passive_kde,2.556,0.0001253187595723
passive_kde,2.559,8.77116582373912e-05
passive_kde,2.5620000000000003,5.695095233654952e-05
passive_kde,2.5650000000000004,3.418630206916047e-05
passive_kde,2.5680000000000005,1.8902541488228977e-05
passive_kde,2.5709999999999997,9.591203496750633e-06
passive_kde,2.574,4.44958244392787e-06
passive_kde,2.577,1.8809764780386032e-06
passive_kde,2.58,7.22365429109539e-07
passive_kde,2.583,2.5137376375399834e-07
passive_kde,2.5860000000000003,7.909314180915472e-08
passive_kde,2.5890000000000004,2.2462080506950816e-08
passive_kde,2.5920000000000005,5.749578993827658e-09
passive_kde,2.595,1.324953908676423e-09
passive_kde,2.598,2.746284809360634e-10
passive_kde,2.601,5.116221110713846e-11
passive_kde,2.604,8.561533740366854e-12
passive_kde,2.607,1.2862916473100409e-12
passive_kde,2.6100000000000003,1.7343513527384554e-13
passive_kde,2.6130000000000004,2.0979623285304623e-14
passive_kde,2.6160000000000005,2.276131792432896e-15
passive_kde,2.619,2.2142704047215526e-16
passive_kde,2.622,1.931107954364987e-17
passive_kde,2.625,1.5095454207790354e-18
passive_kde,2.628,1.0575003264335508e-19
passive_kde,2.631,6.638175344108773e-21
passive_kde,2.6340000000000003,3.733334946068606e-22
passive_kde,2.6370000000000005,1.8809501455758512e-23
passive_kde,2.6399999999999997,8.488811256883163e-25
passive_kde,2.643,3.43136828020374e-26
passive_kde,2.646,1.2422360242436087e-27
passive_kde,2.649,4.0274124938695826e-29
passive_kde,2.652,1.1692441221910771e-30
passive_kde,2.655,3.039596375469344e-32
passive_kde,2.6580000000000004,7.075142778472528e-34
passive_kde,2.6610000000000005,1.4744909665616114e-35
passive_kde,2.6639999999999997,2.7511710264763975e-37
passive_kde,2.667,4.595621768458289e-39
passive_kde,2.67,6.872367301492867e-41
passive_kde,2.673,9.20003331967935e-43
passive_kde,2.676,1.1025040328376445e-44
passive_kde,2.6790000000000003,1.1826783257097728e-46
passive_kde,2.6820000000000004,1.135632152033665e-48
passive_kde,2.6850000000000005,9.760749192049117e-51
passive_kde,2.6879999999999997,7.509200977216421e-53
passive_kde,2.691,5.1708367124879025e-55
passive_kde,2.694,3.186959486300106e-57
passive_kde,2.697,1.7580596545371817e-59
passive_kde,2.7,8.680111525205648e-62
passive_kde,2.7030000000000003,3.8357071073152344e-64
passive_kde,2.7060000000000004,1.5170094104664271e-66
passive_kde,2.7090000000000005,5.369681398760492e-69
passive_kde,2.7119999999999997,1.7010663777022128e-71
passive_kde,2.715,4.822830009991848e-74
passive_kde,2.718,1.2237321868390172e-76
passive_kde,2.721,2.778885366948257e-79
passive_kde,2.724,5.647432718379943e-82
passive_kde,2.7270000000000003,1.0271273778222497e-84
passive_kde,2.7300000000000004,1.6718111172444277e-87
passive_kde,2.7330000000000005,2.435212430081557e-90
passive_kde,2.736,3.1744647696652007e-93
passive_kde,2.739,3.7032723425894242e-96
passive_kde,2.742,3.866160755392233e-99
passive_kde,2.745,3.612027735057279e-102
passive_kde,2.748,3.0199315569999667e-105
passive_kde,2.7510000000000003,2.259519329169365e-108
passive_kde,2.7540000000000004,1.5128858696865985e-111
passive_kde,2.757000000000001,9.064956920389223e-115
passive_kde,2.76,4.860637485644327e-118
passive_kde,2.763,2.3323148012485175e-121
passive_kde,2.766,1.0014890131484272e-124
passive_kde,2.769,3.848300865384984e-128
passive_kde,2.772,1.3232882703083688e-131
passive_kde,2.7750000000000004,4.071940344681215e-135
passive_kde,2.7780000000000005,1.1212663951180231e-138
passive_kde,2.7809999999999997,2.762966917567115e-142
passive_kde,2.784,6.092578432243688e-146
passive_kde,2.787,1.202220924766452e-149
passive_kde,2.79,2.1228746262743981e-153
passive_kde,2.793,3.35444418533296e-157
passive_kde,2.7960000000000003,4.743208906449075e-161
passive_kde,2.7990000000000004,6.001761561855808e-165
passive_kde,2.8020000000000005,6.795781548056007e-169
passive_kde,2.8049999999999997,6.885788728656277e-173
passive_kde,2.808,6.243398404474339e-177
passive_kde,2.811,5.065717557176155e-181
passive_kde,2.814,3.678010700280033e-185
passive_kde,2.817,2.389662981755771e-189
passive_kde,2.8200000000000003,1.3893496611799558e-193
passive_kde,2.8230000000000004,7.228318993280186e-198
passive_kde,2.8260000000000005,3.365220639503572e-202
passive_kde,2.8289999999999997,1.4019738701492511e-206
passive_kde,2.832,5.226562126745659e-211
passive_kde,2.835,1.7435798350487448e-215
passive_kde,2.838,5.2049528589164476e-220
passive_kde,2.841,1.3904031492145063e-224
passive_kde,2.8440000000000003,3.32363572376853e-229
passive_kde,2.8470000000000004,7.109426952991846e-234
passive_kde,2.8500000000000005,1.3608305824126956e-238
passive_kde,2.853,2.330889089545914e-243
passive_kde,2.856,3.572621860954901e-248
passive_kde,2.859,4.900046596929525e-253
passive_kde,2.862,6.013965304379642e-258
passive_kde,2.865,6.604942179701526e-263
passive_kde,2.8680000000000003,6.491190717054513e-268
passive_kde,2.8710000000000004,5.708563399611262e-273
passive_kde,2.874000000000001,4.4923777748230684e-278
passive_kde,2.877,3.1635344836113303e-283
passive_kde,2.88,1.9934971739782105e-288
passive_kde,2.883,1.1241009607713273e-293
passive_kde,2.886,5.672069685103676e-299
passive_kde,2.889,2.5610865062826437e-304
passive_kde,2.8920000000000003,1.034792571958916e-309
passive_kde,2.8950000000000005,3.7413526e-315
passive_kde,2.8979999999999997,1.2105e-320
passive_kde,2.901,0.0
passive_kde,2.904,0.0
passive_kde,2.907,0.0
passive_kde,2.91,0.0
passive_kde,2.9130000000000003,0.0
passive_kde,2.9160000000000004,0.0
passive_kde,2.9190000000000005,0.0
passive_kde,2.9219999999999997,0.0
passive_kde,2.925,0.0
passive_kde,2.928,0.0
passive_kde,2.931,0.0
passive_kde,2.934,0.0
passive_kde,2.9370000000000003,0.0
passive_kde,2.9400000000000004,0.0
passive_kde,2.9430000000000005,0.0
passive_kde,2.9459999999999997,0.0
passive_kde,2.949,0.0
passive_kde,2.952,0.0
passive_kde,2.955,0.0
passive_kde,2.958,0.0
passive_kde,2.9610000000000003,0.0
passive_kde,2.9640000000000004,0.0
passive_kde,2.9670000000000005,0.0
passive_kde,2.97,0.0
passive_kde,2.973,0.0
passive_kde,2.976,0.0
passive_kde,2.979,0.0
passive_kde,2.982,0.0
passive_kde,2.9850000000000003,0.0
passive_kde,2.9880000000000004,0.0
passive_kde,2.9910000000000005,0.0
passive_kde,2.994,0.0
passive_kde,2.997,0.0
passive_kde,3.0,0.0
swimmer_hist,-2.9850000000000003,3.3332500020833026e-05
swimmer_hist,-2.955,0.0
swimmer_hist,-2.9250000000000007,0.0
swimmer_hist,-2.8950000000000005,0.0
swimmer_hist,-2.865000000000001,0.0
swimmer_hist,-2.835000000000001,0.0
swimmer_hist,-2.8050000000000015,3.3332500020833026e-05
swimmer_hist,-2.7750000000000012,0.0
swimmer_hist,-2.745000000000002,0.0
swimmer_hist,-2.7150000000000016,0.0
swimmer_hist,-2.6850000000000023,0.0
swimmer_hist,-2.655000000000002,3.3332500020833026e-05
swimmer_hist,-2.6250000000000027,0.0
swimmer_hist,-2.5950000000000024,0.0
swimmer_hist,-2.565000000000003,0.0
swimmer_hist,-2.535000000000003,0.0
swimmer_hist,-2.505000000000003,0.0
swimmer_hist,-2.475000000000003,0.0
swimmer_hist,-2.445000000000004,0.0
swimmer_hist,-2.4150000000000036,0.0
swimmer_hist,-2.385000000000004,3.3332500020833026e-05
swimmer_hist,-2.355000000000004,0.0008666450005416
swimmer_hist,-2.3250000000000046,0.0007666475004791
swimmer_hist,-2.2950000000000044,0.0012666350007916
swimmer_hist,-2.265000000000005,0.0015332950009583
swimmer_hist,-2.2350000000000048,0.0033665825021041
swimmer_hist,-2.2050000000000054,0.0104997375065624
swimmer_hist,-2.175000000000005,1.0353741156471157
swimmer_hist,-2.145000000000006,0.6942826429339312
swimmer_hist,-2.1150000000000055,0.5594193478496408
swimmer_hist,-2.085000000000006,0.5077206403173287
swimmer_hist,-2.055000000000006,0.4615884602884958
swimmer_hist,-2.0250000000000066,0.3081922951926221
swimmer_hist,-1.9950000000000063,0.2873261501795807
swimmer_hist,-1.9650000000000067,0.2669933251668726
swimmer_hist,-1.935000000000007,0.2492604351557893
swimmer_hist,-1.9050000000000071,0.2455938601534977
swimmer_hist,-1.875000000000007,0.2255943601409979
swimmer_hist,-1.8450000000000075,0.2208944776380604
swimmer_hist,-1.8150000000000075,0.2088281126305189
swimmer_hist,-1.785000000000008,0.2111613876319772
swimmer_hist,-1.755000000000008,0.2087281151304564
swimmer_hist,-1.7250000000000083,0.2017616226261023
swimmer_hist,-1.6950000000000085,0.195428447622144
swimmer_hist,-1.6650000000000087,0.1930951726206857
swimmer_hist,-1.635000000000009,0.1940618151212899
swimmer_hist,-1.605000000000009,0.1913952151196232
swimmer_hist,-1.5750000000000093,0.1940951476213107
swimmer_hist,-1.5450000000000097,0.1922618601201649
swimmer_hist,-1.5150000000000097,0.1882952926176857
swimmer_hist,-1.48500000000001,0.1863286751164566
swimmer_hist,-1.45500000000001,0.1826287676141441
swimmer_hist,-1.4250000000000105,0.1853953651158733
swimmer_hist,-1.3950000000000105,0.1937284901210815
swimmer_hist,-1.3650000000000106,0.1849620426156024
swimmer_hist,-1.3350000000000108,0.1897285901185816
swimmer_hist,-1.305000000000011,0.1894952626184357
swimmer_hist,-1.2750000000000112,0.1871619876169774
swimmer_hist,-1.2450000000000114,0.1827954301142483
swimmer_hist,-1.2150000000000116,0.1927618476204774
swimmer_hist,-1.1850000000000118,0.1848953776155608
swimmer_hist,-1.155000000000012,0.1920951976200607
swimmer_hist,-1.1250000000000122,0.1899952501187483
swimmer_hist,-1.0950000000000124,0.1901619126188524
swimmer_hist,-1.0650000000000126,0.1876953076173108
swimmer_hist,-1.0350000000000128,0.1890952726181857
swimmer_hist,-1.005000000000013,0.1874619801171649
swimmer_hist,-0.9750000000000132,0.1876953076173108
swimmer_hist,-0.9450000000000134,0.1829620926143524
swimmer_hist,-0.9150000000000136,0.1807288151129567
swimmer_hist,-0.8850000000000138,0.1863286751164566
swimmer_hist,-0.855000000000014,0.1880952976175607
swimmer_hist,-0.8250000000000142,0.1890619401181649
swimmer_hist,-0.7950000000000144,0.1885952851178732
swimmer_hist,-0.7650000000000146,0.1872286526170191
swimmer_hist,-0.7350000000000148,0.1891952701182482
swimmer_hist,-0.705000000000015,0.1852953676158108
swimmer_hist,-0.6750000000000151,0.1878953026174357
swimmer_hist,-0.6450000000000153,0.1867619976167274
swimmer_hist,-0.6150000000000155,0.1905619026191024
swimmer_hist,-0.5850000000000157,0.1906285676191441
swimmer_hist,-0.5550000000000159,0.1858953526161858
swimmer_hist,-0.5250000000000161,0.1904952376190608
swimmer_hist,-0.4950000000000163,0.1906285676191441
swimmer_hist,-0.4650000000000165,0.1867619976167274
swimmer_hist,-0.4350000000000167,0.1874286476171441
swimmer_hist,-0.4050000000000169,0.1925951851203732
swimmer_hist,-0.3750000000000171,0.1854286976158941
swimmer_hist,-0.3450000000000173,0.1922951926201857
swimmer_hist,-0.3150000000000175,0.1911618876194774
swimmer_hist,-0.2850000000000177,0.1866620001166649
swimmer_hist,-0.2550000000000179,0.1854620301159149
swimmer_hist,-0.225000000000018,0.1898285876186441
swimmer_hist,-0.1950000000000182,0.1873619826171024
swimmer_hist,-0.1650000000000184,0.1872953176170608
swimmer_hist,-0.1350000000000186,0.1905285701190816
swimmer_hist,-0.1050000000000188,0.1843620576152275
swimmer_hist,-0.075000000000019,0.1916618751197899
swimmer_hist,-0.0450000000000192,0.194428472621519
swimmer_hist,-0.0150000000000194,0.1878286376173941
swimmer_hist,0.0149999999999803,0.1888952776180607
swimmer_hist,0.0449999999999801,0.1884619551177899
swimmer_hist,0.0749999999999799,0.1896285926185191
swimmer_hist,0.1049999999999797,0.1873953151171233
swimmer_hist,0.1349999999999795,0.1876953076173108
swimmer_hist,0.1649999999999793,0.1889286101180816
swimmer_hist,0.1949999999999792,0.1889286101180816
swimmer_hist,0.224999999999979,0.1872286526170191
swimmer_hist,0.2549999999999788,0.1827954301142483
swimmer_hist,0.2849999999999786,0.1887952801179982
swimmer_hist,0.3149999999999784,0.1865286701165816
swimmer_hist,0.3449999999999782,0.1878619701174149
swimmer_hist,0.374999999999978,0.1880286326175191
swimmer_hist,0.4049999999999778,0.1875286451172066
swimmer_hist,0.4349999999999776,0.1875953101172482
swimmer_hist,0.4649999999999774,0.1903285751189566
swimmer_hist,0.4949999999999772,0.1847287151154566
swimmer_hist,0.524999999999977,0.1839287351149566
swimmer_hist,0.5549999999999768,0.1844620551152899
swimmer_hist,0.5849999999999766,0.1886286176178941
swimmer_hist,0.6149999999999765,0.1895285951184566
swimmer_hist,0.6449999999999763,0.1846953826154358
swimmer_hist,0.6749999999999761,0.1850953726156858
swimmer_hist,0.7049999999999759,0.18366207511479
swimmer_hist,0.7349999999999757,0.1913952151196232
swimmer_hist,0.7649999999999755,0.1882286276176441
swimmer_hist,0.7949999999999753,0.1892286026182691
swimmer_hist,0.8249999999999751,0.1880952976175607
swimmer_hist,0.8549999999999749,0.1877953051173733
swimmer_hist,0.8849999999999747,0.1890286076181441
swimmer_hist,0.9149999999999744,0.1893286001183316
swimmer_hist,0.9449999999999744,0.191028557619394
swimmer_hist,0.974999999999974,0.1900952476188107
swimmer_hist,1.004999999999974,0.1864286726165191
swimmer_hist,1.0349999999999735,0.1880619651175399
swimmer_hist,1.0649999999999735,0.1914285476196441
swimmer_hist,1.094999999999973,0.1888619451180399
swimmer_hist,1.1249999999999731,0.1865286701165816
swimmer_hist,1.154999999999973,0.1865286701165816
swimmer_hist,1.1849999999999727,0.1895285951184566
swimmer_hist,1.2149999999999723,0.1869953251168733
swimmer_hist,1.2449999999999724,0.1843953901152483
swimmer_hist,1.2749999999999722,0.1877286401173316
swimmer_hist,1.304999999999972,0.1847620476154775
swimmer_hist,1.3349999999999718,0.1864286726165191
swimmer_hist,1.3649999999999716,0.1906619001191649
swimmer_hist,1.3949999999999714,0.1871286551169566
swimmer_hist,1.4249999999999712,0.1899619176187274
swimmer_hist,1.454999999999971,0.1884619551177899
swimmer_hist,1.4849999999999708,0.1848953776155608
swimmer_hist,1.5149999999999706,0.1869286601168316
swimmer_hist,1.5449999999999704,0.1882619601176649
swimmer_hist,1.5749999999999702,0.1907618976192274
swimmer_hist,1.60499999999997,0.1922618601201649
swimmer_hist,1.6349999999999698,0.193828487621144
swimmer_hist,1.6649999999999696,0.1980617151237898
swimmer_hist,1.6949999999999694,0.2021616126263523
swimmer_hist,1.7249999999999692,0.1991283551244565
swimmer_hist,1.754999999999969,0.2101947451313731
swimmer_hist,1.7849999999999688,0.2126946826329355
swimmer_hist,1.8149999999999689,0.2140279826337689
swimmer_hist,1.8449999999999684,0.2269943251418729
swimmer_hist,1.874999999999968,0.2346608001466645
swimmer_hist,1.904999999999968,0.2429272601518311
swimmer_hist,1.934999999999968,0.2509603926568519
swimmer_hist,1.9649999999999677,0.2640933976650601
swimmer_hist,1.9949999999999677,0.2902260776813932
swimmer_hist,2.0249999999999675,0.3118922026949347
swimmer_hist,2.054999999999967,0.4613218002883291
swimmer_hist,2.084999999999967,0.509453930318412
swimmer_hist,2.1149999999999665,0.5605859853503699
swimmer_hist,2.1449999999999667,0.6808829779255563
swimmer_hist,2.174999999999966,1.0442072281526362
swimmer_hist,2.2049999999999663,0.0093997650058749
swimmer_hist,2.2349999999999657,0.0035332450022083
swimmer_hist,2.264999999999966,0.0016332925010208
swimmer_hist,2.2949999999999653,0.0011333050007083
swimmer_hist,2.3249999999999655,0.0007666475004791
swimmer_hist,2.354999999999965,0.0005666525003541
swimmer_hist,2.384999999999965,3.3332500020833026e-05
swimmer_hist,2.4149999999999645,0.0
swimmer_hist,2.4449999999999648,0.0
swimmer_hist,2.474999999999964,0.0
swimmer_hist,2.5049999999999644,0.0
swimmer_hist,2.5349999999999637,0.0
swimmer_hist,2.564999999999964,0.0
swimmer_hist,2.5949999999999633,0.0
swimmer_hist,2.6249999999999636,0.0
swimmer_hist,2.654999999999963,0.0
swimmer_hist,2.684999999999963,0.0
swimmer_hist,2.7149999999999626,0.0
swimmer_hist,2.744999999999963,0.0
swimmer_hist,2.774999999999962,3.3332500020833026e-05
swimmer_hist,2.8049999999999624,0.0
swimmer_hist,2.8349999999999618,3.3332500020833026e-05
swimmer_hist,2.864999999999962,0.0
swimmer_hist,2.8949999999999614,0.0
swimmer_hist,2.9249999999999616,0.0
swimmer_hist,2.954999999999961,0.0
swimmer_hist,2.9849999999999612,0.0
swimmer_kde,-3.0,3.8736052721302926e-05
swimmer_kde,-2.997,4.3566536042662667e-05
swimmer_kde,-2.994,4.384658731227483e-05
swimmer_kde,-2.991,3.948786574143876e-05
swimmer_kde,-2.988,3.1822670685418994e-05
swimmer_kde,-2.985,2.2948520214684556e-05
swimmer_kde,-2.982,1.4808731075075489e-05
swimmer_kde,-2.979,8.55118112015616e-06
swimmer_kde,-2.976,4.418546832574649e-06
swimmer_kde,-2.973,2.0430449332394054e-06
swimmer_kde,-2.97,8.453206389621567e-07
swimmer_kde,-2.967,3.129753440522536e-07
swimmer_kde,-2.964,1.0369167188583945e-07
swimmer_kde,-2.961,3.074133523081088e-08
swimmer_kde,-2.958,8.155426449846848e-09
swimmer_kde,-2.955,1.936046225359215e-09
swimmer_kde,-2.952,4.1127268639828543e-10
swimmer_kde,-2.949,7.817882016898614e-11
swimmer_kde,-2.946,1.3298218198884895e-11
swimmer_kde,-2.943,2.024150945923945e-12
swimmer_kde,-2.94,2.757004249279933e-13
swimmer_kde,-2.937,3.3602924308190046e-14
swimmer_kde,-2.934,3.664897311477683e-15
swimmer_kde,-2.931,3.5767752007434943e-16
swimmer_kde,-2.928,3.123680306486381e-17
swimmer_kde,-2.925,2.4411058523507754e-18
swimmer_kde,-2.922,1.7070716220287406e-19
swimmer_kde,-2.919,1.0682231171941684e-20
swimmer_kde,-2.916,5.98159907070379e-22
swimmer_kde,-2.913,2.99721382380064e-23
swimmer_kde,-2.91,1.3438894619033561e-24
swimmer_kde,-2.907,5.395309798200373e-26
swimmer_kde,-2.904,2.971702014662252e-27
swimmer_kde,-2.901,2.9508056485261677e-26
swimmer_kde,-2.898,7.490836720411876e-25
swimmer_kde,-2.895,1.7052162183334913e-23
swimmer_kde,-2.892,3.4735592505038155e-22
swimmer_kde,-2.889,6.3316232867893505e-21
swimmer_kde,-2.886,1.0327626486238245e-19
swimmer_kde,-2.883,1.5074089035911188e-18
swimmer_kde,-2.88,1.9688232445460357e-17
swimmer_kde,-2.877,2.30105753981573e-16
swimmer_kde,-2.874,2.406541347246693e-15
swimmer_kde,-2.871,2.2521861083822887e-14
swimmer_kde,-2.868,1.8860809194151522e-13
swimmer_kde,-2.865,1.413388216402194e-12
swimmer_kde,-2.862,9.477803697783936e-12
swimmer_kde,-2.859,5.687207202071075e-11
swimmer_kde,-2.856,3.0537641439286426e-10
swimmer_kde,-2.853,1.467293623813685e-09
swimmer_kde,-2.85,6.308755082968437e-09
swimmer_kde,-2.847,2.4272549953002454e-08
swimmer_kde,-2.844,8.356650478873537e-08
swimmer_kde,-2.841,2.574507556749578e-07
swimmer_kde,-2.838,7.097431381130827e-07
swimmer_kde,-2.835,1.7508677060244875e-06
swimmer_kde,-2.832,3.865009457746932e-06
swimmer_kde,-2.829,7.634716026070096e-06
swimmer_kde,-2.826,1.3495230715728373e-05
swimmer_kde,-2.823,2.1345819752423297e-05
swimmer_kde,-2.82,3.021276415538433e-05
swimmer_kde,-2.817,3.826601009731131e-05
swimmer_kde,-2.814,4.336915909863501e-05
swimmer_kde,-2.811,4.3983918707142935e-05
swimmer_kde,-2.808,3.9916452447110704e-05
swimmer_kde,-2.805,3.241567369725006e-05
swimmer_kde,-2.802,2.3556093306127137e-05
swimmer_kde,-2.799,1.531780647416863e-05
swimmer_kde,-2.796,8.913227453839974e-06
swimmer_kde,-2.793,4.641074060530298e-06
swimmer_kde,-2.79,2.1624551399753056e-06
swimmer_kde,-2.787,9.016143460488932e-07
swimmer_kde,-2.784,3.363873212495551e-07
swimmer_kde,-2.781,1.1230614554660916e-07
swimmer_kde,-2.778,3.355154505176177e-08
swimmer_kde,-2.775,8.969466764375428e-09
swimmer_kde,-2.772,2.1456843035572593e-09
swimmer_kde,-2.769,4.593144642305819e-10
swimmer_kde,-2.766,8.798315234928217e-11
swimmer_kde,-2.763,1.5081134496717702e-11
swimmer_kde,-2.76,2.3132022521347948e-12
swimmer_kde,-2.757,3.174960293849456e-13
swimmer_kde,-2.754,3.899492494690031e-14
swimmer_kde,-2.751,4.285711947545674e-15
swimmer_kde,-2.748,4.2148581746980924e-16
swimmer_kde,-2.745,3.7092675514335617e-17
swimmer_kde,-2.742,2.921238825694573e-18
swimmer_kde,-2.739,2.0945421967667177e-19
swimmer_kde,-2.736,7.320271315255791e-20
swimmer_kde,-2.733,8.991224296412279e-19
swimmer_kde,-2.73,1.1992667104381793e-17
swimmer_kde,-2.727,1.432547621176618e-16
swimmer_kde,-2.724,1.5312594599143613e-15
swimmer_kde,-2.721,1.4646491543870167e-14
swimmer_kde,-2.718,1.2536131070391105e-13
swimmer_kde,-2.715,9.60148796229164e-13
swimmer_kde,-2.7119999999999997,6.580496429946032e-12
swimmer_kde,-2.709,4.035746441167722e-11
swimmer_kde,-2.706,2.2147983210459368e-10
swimmer_kde,-2.703,1.087651084712357e-09
swimmer_kde,-2.7,4.7795840979113774e-09
swimmer_kde,-2.697,1.8794713777398622e-08
swimmer_kde,-2.694,6.61342485993219e-08
swimmer_kde,-2.691,2.0823907664067097e-07
swimmer_kde,-2.688,5.86736537659618e-07
swimmer_kde,-2.685,1.4793438705768716e-06
swimmer_kde,-2.682,3.3376457367517323e-06
swimmer_kde,-2.679,6.738394574562233e-06
swimmer_kde,-2.676,1.2173563809322265e-05
swimmer_kde,-2.673,1.9679956471902967e-05
swimmer_kde,-2.67,2.846922397101913e-05
swimmer_kde,-2.667,3.685294705046068e-05
swimmer_kde,-2.664,4.26887969551586e-05
swimmer_kde,-2.661,4.4248719465024165e-05
swimmer_kde,-2.658,4.1042385630967674e-05
swimmer_kde,-2.655,3.406509346658051e-05
swimmer_kde,-2.652,2.53006495830811e-05
swimmer_kde,-2.649,1.6815076866302227e-05
swimmer_kde,-2.646,1.00002565288133e-05
swimmer_kde,-2.643,5.321922221038071e-06
swimmer_kde,-2.64,2.5343757477084978e-06
swimmer_kde,-2.637,1.079987138295267e-06
swimmer_kde,-2.634,4.11823629110747e-07
swimmer_kde,-2.631,1.4052352580145637e-07
swimmer_kde,-2.628,4.29073717387663e-08
swimmer_kde,-2.625,1.1723570151368626e-08
swimmer_kde,-2.622,2.866374678356656e-09
swimmer_kde,-2.619,6.27120689938424e-10
swimmer_kde,-2.616,1.2277625960374988e-10
swimmer_kde,-2.613,2.150912612092052e-11
swimmer_kde,-2.61,3.371912003355636e-12
swimmer_kde,-2.607,4.730148736924391e-13
swimmer_kde,-2.604,5.937702859532325e-14
swimmer_kde,-2.601,6.669714163479256e-15
swimmer_kde,-2.598,6.704109245006993e-16
swimmer_kde,-2.595,6.030037896313102e-17
swimmer_kde,-2.592,4.8533777962510585e-18
swimmer_kde,-2.589,3.49553178000411e-19
swimmer_kde,-2.586,2.252825272282234e-20
swimmer_kde,-2.583,1.299232460065297e-21
swimmer_kde,-2.58,6.704884701374728e-23
swimmer_kde,-2.577,3.0962845387754375e-24
swimmer_kde,-2.574,1.27948592496469e-25
swimmer_kde,-2.571,4.731243061603215e-27
swimmer_kde,-2.568,1.565525354572823e-28
swimmer_kde,-2.565,4.6354302428235296e-30
swimmer_kde,-2.562,1.2281886868494008e-31
swimmer_kde,-2.559,2.911958853186161e-33
swimmer_kde,-2.556,6.178036557251207e-35
swimmer_kde,-2.553,1.1728995298391144e-36
swimmer_kde,-2.55,1.9925822124630552e-38
swimmer_kde,-2.547,3.029122134971285e-40
swimmer_kde,-2.544,4.120618599705913e-42
swimmer_kde,-2.541,5.015949449399534e-44
swimmer_kde,-2.538,5.463726883976179e-46
swimmer_kde,-2.535,5.3256167718528796e-48
swimmer_kde,-2.532,4.645109324807104e-50
swimmer_kde,-2.529,3.625492962249242e-52
swimmer_kde,-2.526,2.532114216605459e-54
swimmer_kde,-2.523,1.5825034066904997e-56
swimmer_kde,-2.52,8.88154137419737e-59
swimmer_kde,-2.517,6.360397201422269e-59
swimmer_kde,-2.514,1.1374931640521217e-56
swimmer_kde,-2.511,1.8331313129638962e-54
swimmer_kde,-2.508,2.6435298724627173e-52
swimmer_kde,-2.505,3.4113072168573162e-50
swimmer_kde,-2.502,3.9391600417361706e-48
swimmer_kde,-2.499,4.0703604878641925e-46
swimmer_kde,-2.496,3.763647308477432e-44
swimmer_kde,-2.493,3.1140973825253636e-42
swimmer_kde,-2.49,2.3057022450939478e-40
swimmer_kde,-2.487,1.5276458719089104e-38
swimmer_kde,-2.484,9.057147461970904e-37
swimmer_kde,-2.481,4.805189561835579e-35
swimmer_kde,-2.478,2.2812941103210712e-33
swimmer_kde,-2.475,9.691820710200252e-32
swimmer_kde,-2.472,3.684553792278393e-30
swimmer_kde,-2.469,1.2534947260435356e-28
swimmer_kde,-2.466,3.8161156647176056e-27
swimmer_kde,-2.463,1.0396476028384202e-25
swimmer_kde,-2.46,2.5346716044762853e-24
swimmer_kde,-2.457,5.530124117883383e-23
swimmer_kde,-2.4539999999999997,1.0797773746365597e-21
swimmer_kde,-2.451,1.8868205065483354e-20
swimmer_kde,-2.448,2.9507867992476814e-19
swimmer_kde,-2.445,4.1302250819184394e-18
swimmer_kde,-2.442,5.174413355683558e-17
swimmer_kde,-2.439,5.802693322857945e-16
swimmer_kde,-2.436,5.825292268136049e-15
swimmer_kde,-2.433,5.2357131819269066e-14
swimmer_kde,-2.4299999999999997,4.2137668429826423e-13
swimmer_kde,-2.427,3.037316461658469e-12
swimmer_kde,-2.424,1.9613396337138745e-11
swimmer_kde,-2.4210000000000003,1.1350591248741833e-10
swimmer_kde,-2.418,5.88984980775337e-10
swimmer_kde,-2.415,2.7422505821310855e-09
swimmer_kde,-2.412,1.1466627927048258e-08
swimmer_kde,-2.409,4.3117408587625096e-08
swimmer_kde,-2.406,1.460600381516181e-07
swimmer_kde,-2.403,4.468141897254103e-07
swimmer_kde,-2.4,1.2383844123970898e-06
swimmer_kde,-2.397,3.1229666803638043e-06
swimmer_kde,-2.394,7.204109312588184e-06
swimmer_kde,-2.391,1.529751165602306e-05
swimmer_kde,-2.388,3.010361689061e-05
swimmer_kde,-2.385,5.52510250732649e-05
swimmer_kde,-2.382,9.504825274006334e-05
swimmer_kde,-2.379,0.0001536912208448
swimmer_kde,-2.376,0.0002337318529937
swimmer_kde,-2.373,0.0003340533940256
swimmer_kde,-2.37,0.0004483458827732
swimmer_kde,-2.367,0.0005654670453661
swimmer_kde,-2.364,0.0006723220121787
swimmer_kde,-2.361,0.0007581497499773
swimmer_kde,-2.358,0.0008177963614524
swimmer_kde,-2.355,0.0008521074765498
swimmer_kde,-2.352,0.0008656844262807
swimmer_kde,-2.349,0.0008639940968797
swimmer_kde,-2.346,0.0008516981976509
swimmer_kde,-2.343,0.0008325516729707
swimmer_kde,-2.34,0.0008099834525131
swimmer_kde,-2.3369999999999997,0.0007874573695
swimmer_kde,-2.334,0.0007684370106663
swimmer_kde,-2.331,0.0007562772846744
swimmer_kde,-2.328,0.0007542367521379
swimmer_kde,-2.325,0.0007653668093452
swimmer_kde,-2.322,0.0007918591942079
swimmer_kde,-2.319,0.0008338254404515
swimmer_kde,-2.316,0.0008881831761056
swimmer_kde,-2.3129999999999997,0.0009486875153551
swimmer_kde,-2.31,0.001007708493803
swimmer_kde,-2.307,0.0010592748965065
swimmer_kde,-2.304,0.0011018781396063
swimmer_kde,-2.301,0.0011393485465628
swimmer_kde,-2.298,0.0011790930911745
swimmer_kde,-2.295,0.0012285406355699
swimmer_kde,-2.292,0.0012916295234996
swimmer_kde,-2.289,0.0013669294073432
swimmer_kde,-2.286,0.0014479297134279
swimmer_kde,-2.283,0.0015249914525371
swimmer_kde,-2.28,0.0015878902642157
swimmer_kde,-2.277,0.0016279546734875
swimmer_kde,-2.274,0.0016396359075524
swimmer_kde,-2.271,0.001622313644024
swimmer_kde,-2.268,0.0015828242794863
swimmer_kde,-2.265,0.0015372235469823
swimmer_kde,-2.262,0.0015088180564498
swimmer_kde,-2.259,0.0015212051420305
swimmer_kde,-2.256,0.0015893826050287
swimmer_kde,-2.253,0.0017147407690271
swimmer_kde,-2.25,0.0018875151452896
swimmer_kde,-2.247,0.0020945753004534
swimmer_kde,-2.244,0.0023264524450133
swimmer_kde,-2.241,0.0025787815483433
swimmer_kde,-2.238,0.0028482892974431
swimmer_kde,-2.235,0.0031275313213747
swimmer_kde,-2.232,0.0034029713268809
swimmer_kde,-2.229,0.0036589280940276
swimmer_kde,-2.226,0.00388894197796
swimmer_kde,-2.223,0.0041196870829886
swimmer_kde,-2.22,0.0044638099377584
swimmer_kde,-2.217,0.0052391855815418
swimmer_kde,-2.214,0.007216914491786
swimmer_kde,-2.211,0.0120600998192161
swimmer_kde,-2.208,0.0229335907642836
swimmer_kde,-2.205,0.045053110952464
swimmer_kde,-2.202,0.0856502138945696
swimmer_kde,-2.199,0.152688158777453
swimmer_kde,-2.1959999999999997,0.2520137556110383
swimmer_kde,-2.193,0.3836015973302999
swimmer_kde,-2.19,0.5386874824705591
swimmer_kde,-2.187,0.6999264376368367
swimmer_kde,-2.184,0.8455201731138225
swimmer_kde,-2.181,0.9559657070713224
swimmer_kde,-2.178,1.020259841328062
swimmer_kde,-2.175,1.038535214287181
swimmer_kde,-2.1719999999999997,1.0201958571369851
swimmer_kde,-2.169,0.9791091395516164
swimmer_kde,-2.166,0.9285799738080855
swimmer_kde,-2.1630000000000003,0.8782026927729589
swimmer_kde,-2.16,0.8331253116969692
swimmer_kde,-2.157,0.7949849916983289
swimmer_kde,-2.154,0.7633840157079845
swimmer_kde,-2.151,0.737100890355759
swimmer_kde,-2.148,0.7147714481142691
swimmer_kde,-2.145,0.6951559398414284
swimmer_kde,-2.142,0.6772258768567145
swimmer_kde,-2.139,0.6602340229904288
swimmer_kde,-2.136,0.6437980696346381
swimmer_kde,-2.133,0.6279356306997714
swimmer_kde,-2.13,0.6129837379305303
swimmer_kde,-2.127,0.5994035233646271
swimmer_kde,-2.124,0.5875472734241228
swimmer_kde,-2.121,0.5774909465298169
swimmer_kde,-2.118,0.5689983770505235
swimmer_kde,-2.115,0.5616173293866706
swimmer_kde,-2.112,0.5548535187380921
swimmer_kde,-2.109,0.5483455978483859
swimmer_kde,-2.106,0.5419704885588695
swimmer_kde,-2.103,0.5358382428113575
swimmer_kde,-2.1,0.5301819877760536
swimmer_kde,-2.097,0.5251962202947821
swimmer_kde,-2.094,0.5209024439472982
swimmer_kde,-2.091,0.5171088440665693
swimmer_kde,-2.088,0.5134860464983086
swimmer_kde,-2.085,0.5097275608871169
swimmer_kde,-2.082,0.505725236131203
swimmer_kde,-2.0789999999999997,0.5016784053360782
swimmer_kde,-2.076,0.4980692141220796
swimmer_kde,-2.073,0.4954704725466062
swimmer_kde,-2.07,0.4942063378526256
swimmer_kde,-2.067,0.493965068399454
swimmer_kde,-2.064,0.4935515051717684
swimmer_kde,-2.061,0.4909985232169572
swimmer_kde,-2.058,0.4841409563474956
swimmer_kde,-2.0549999999999997,0.471486161468799
swimmer_kde,-2.052,0.4529549474781447
swimmer_kde,-2.049,0.4300540395627775
swimmer_kde,-2.046,0.4053526934421465
swimmer_kde,-2.043,0.3815583312880369
swimmer_kde,-2.04,0.3606915707089537
swimmer_kde,-2.037,0.3437177345599483
swimmer_kde,-2.034,0.3306641137928633
swimmer_kde,-2.031,0.3210037661296561
swimmer_kde,-2.028,0.3140417854085824
swimmer_kde,-2.025,0.309143938165182
swimmer_kde,-2.022,0.3057862025235343
swimmer_kde,-2.019,0.303501323049488
swimmer_kde,-2.016,0.3018266720019196
swimmer_kde,-2.013,0.3003188081102558
swimmer_kde,-2.01,0.2986274459460395
swimmer_kde,-2.007,0.2965693759757509
swimmer_kde,-2.004,0.2941473871590583
swimmer_kde,-2.001,0.2915062835833405
swimmer_kde,-1.998,0.2888586507875778
swimmer_kde,-1.995,0.286413760819301
swimmer_kde,-1.992,0.2843176113173811
swimmer_kde,-1.989,0.2825999700659061
swimmer_kde,-1.986,0.281141600182978
swimmer_kde,-1.983,0.2796947049238547
swimmer_kde,-1.98,0.277974919162313
swimmer_kde,-1.977,0.2757935629409537
swimmer_kde,-1.974,0.2731568942784887
swimmer_kde,-1.971,0.2702677902877643
swimmer_kde,-1.968,0.2674245406227744
swimmer_kde,-1.965,0.2648777305659573
swimmer_kde,-1.962,0.2627308841263048
swimmer_kde,-1.959,0.2609374388018834
swimmer_kde,-1.956,0.2593805440963098
swimmer_kde,-1.953,0.2579694129543637
swimmer_kde,-1.95,0.2566827271961534
swimmer_kde,-1.947,0.2555367436686733
swimmer_kde,-1.944,0.2545167461897005
swimmer_kde,-1.941,0.2535380620918286
swimmer_kde,-1.938,0.2524761787245324
swimmer_kde,-1.935,0.2512471843366496
swimmer_kde,-1.932,0.2498773557414284
swimmer_kde,-1.929,0.248507755540537
swimmer_kde,-1.926,0.2473287784107972
swimmer_kde,-1.923,0.2464895055863258
swimmer_kde,-1.92,0.246037926213155
swimmer_kde,-1.917,0.245916299577839
swimmer_kde,-1.914,0.2459937070983806
swimmer_kde,-1.911,0.2461018919786119
swimmer_kde,-1.908,0.2460573375923382
swimmer_kde,-1.905,0.2456773909724913
swimmer_kde,-1.902,0.244805005424959
swimmer_kde,-1.899,0.2433434895218221
swimmer_kde,-1.896,0.2412874565682754
swimmer_kde,-1.893,0.2387341182519155
swimmer_kde,-1.89,0.235869241933616
swimmer_kde,-1.887,0.2329334900649608
swimmer_kde,-1.884,0.2301795397700767
swimmer_kde,-1.881,0.227829075420522
swimmer_kde,-1.878,0.226036403908429
swimmer_kde,-1.875,0.2248645135160139
swimmer_kde,-1.872,0.2242783456281222
swimmer_kde,-1.869,0.2241568323661335
swimmer_kde,-1.866,0.22432042131031
swimmer_kde,-1.863,0.224566962278977
swimmer_kde,-1.86,0.224707885752928
swimmer_kde,-1.857,0.2245979605169722
swimmer_kde,-1.854,0.2241535089325044
swimmer_kde,-1.851,0.2233553383246408
swimmer_kde,-1.848,0.2222360268127775
swimmer_kde,-1.845,0.2208576113145899
swimmer_kde,-1.842,0.2192911204500014
swimmer_kde,-1.839,0.2176078759600492
swimmer_kde,-1.836,0.2158837031963
swimmer_kde,-1.833,0.214207567942749
swimmer_kde,-1.83,0.2126824866523325
swimmer_kde,-1.827,0.2114110873164648
swimmer_kde,-1.824,0.2104690075815601
swimmer_kde,-1.821,0.2098808570575211
swimmer_kde,-1.818,0.2096167296110762
swimmer_kde,-1.815,0.2096156131431757
swimmer_kde,-1.812,0.2098208684100587
swimmer_kde,-1.809,0.2101998861726614
swimmer_kde,-1.806,0.2107300088424689
swimmer_kde,-1.803,0.2113610202288139
swimmer_kde,-1.8,0.2119874295834818
swimmer_kde,-1.797,0.2124603630343733
swimmer_kde,-1.794,0.2126408845883762
swimmer_kde,-1.791,0.212466430748354
swimmer_kde,-1.788,0.2119917348099448
swimmer_kde,-1.785,0.2113795204212202
swimmer_kde,-1.782,0.2108423974112137
swimmer_kde,-1.779,0.2105601401942185
swimmer_kde,-1.776,0.2106063649335234
swimmer_kde,-1.773,0.2109139562636159
swimmer_kde,-1.77,0.2112930741214062
swimmer_kde,-1.767,0.2114955046800969
swimmer_kde,-1.764,0.2113019345327515
swimmer_kde,-1.761,0.2106007103254447
swimmer_kde,-1.758,0.2094299154760671
swimmer_kde,-1.755,0.2079667132406357
swimmer_kde,-1.752,0.2064653149346856
swimmer_kde,-1.749,0.2051648713422115
swimmer_kde,-1.746,0.2042052951605222
swimmer_kde,-1.743,0.2035908602864048
swimmer_kde,-1.74,0.2032191041035768
swimmer_kde,-1.737,0.2029542370417476
swimmer_kde,-1.734,0.2026972217541613
swimmer_kde,-1.731,0.202412707207344
swimmer_kde,-1.728,0.2021098657633805
swimmer_kde,-1.725,0.2018064858264227
swimmer_kde,-1.722,0.2015067074323438
swimmer_kde,-1.719,0.2011990926958841
swimmer_kde,-1.716,0.2008616605390139
swimmer_kde,-1.713,0.2004616021223351
swimmer_kde,-1.71,0.199951914417714
swimmer_kde,-1.707,0.1992769932655574
swimmer_kde,-1.704,0.1983954842560452
swimmer_kde,-1.701,0.197315272801486
swimmer_kde,-1.698,0.1961211652192729
swimmer_kde,-1.695,0.1949699653002108
swimmer_kde,-1.692,0.1940393733926518
swimmer_kde,-1.689,0.1934472599669334
swimmer_kde,-1.686,0.1931882878411802
swimmer_kde,-1.683,0.1931357357228749
swimmer_kde,-1.68,0.1931157592099521
swimmer_kde,-1.677,0.1930065988676406
swimmer_kde,-1.674,0.192794132321043
swimmer_kde,-1.671,0.1925493140048637
swimmer_kde,-1.668,0.1923540976172288
swimmer_kde,-1.665,0.1922383569214895
swimmer_kde,-1.662,0.1921738881330775
swimmer_kde,-1.659,0.1921213691180203
swimmer_kde,-1.656,0.1920846833824326
swimmer_kde,-1.653,0.1921242449459611
swimmer_kde,-1.65,0.1923155981388026
swimmer_kde,-1.647,0.1926844886642712
swimmer_kde,-1.644,0.1931706525463546
swimmer_kde,-1.641,0.1936516230303353
swimmer_kde,-1.638,0.1940094659292094
swimmer_kde,-1.635,0.1941880218601124
swimmer_kde,-1.632,0.1941984407421619
swimmer_kde,-1.629,0.194077879796594
swimmer_kde,-1.626,0.1938457315503116
swimmer_kde,-1.623,0.1934972882125915
swimmer_kde,-1.62,0.1930346702970294
swimmer_kde,-1.617,0.1925006690656495
swimmer_kde,-1.614,0.1919825574382571
swimmer_kde,-1.611,0.1915814058284074
swimmer_kde,-1.608,0.1913684560276357
swimmer_kde,-1.605,0.1913556290343639
swimmer_kde,-1.602,0.191495921153474
swimmer_kde,-1.599,0.1917129599823799
swimmer_kde,-1.596,0.1919444769475498
swimmer_kde,-1.593,0.1921757689930913
swimmer_kde,-1.59,0.1924419470080242
swimmer_kde,-1.587,0.1927952423222649
swimmer_kde,-1.584,0.1932577300105104
swimmer_kde,-1.581,0.1937918662105746
swimmer_kde,-1.578,0.1943087265626246
swimmer_kde,-1.575,0.1947059986900848
swimmer_kde,-1.572,0.1949088796326332
swimmer_kde,-1.569,0.1948918386344529
swimmer_kde,-1.566,0.1946787177164201
swimmer_kde,-1.563,0.1943320399802692
swimmer_kde,-1.56,0.1939396447059898
swimmer_kde,-1.557,0.1935964821022811
swimmer_kde,-1.554,0.1933768994973939
swimmer_kde,-1.551,0.1933034245845409
swimmer_kde,-1.548,0.1933314154549653
swimmer_kde,-1.545,0.1933677725764594
swimmer_kde,-1.542,0.193319878440945
swimmer_kde,-1.539,0.1931435794770487
swimmer_kde,-1.536,0.1928534281000015
swimmer_kde,-1.533,0.192486018524104
swimmer_kde,-1.53,0.1920471947592454
swimmer_kde,-1.527,0.1914895188386824
swimmer_kde,-1.524,0.1907419223241998
swimmer_kde,-1.521,0.1897710374000947
swimmer_kde,-1.518,0.188630455096915
swimmer_kde,-1.515,0.1874656844866196
swimmer_kde,-1.512,0.1864729100554767
swimmer_kde,-1.509,0.1858333442511314
swimmer_kde,-1.506,0.1856510112328644
swimmer_kde,-1.503,0.1859152271505966
swimmer_kde,-1.5,0.1864982889055525
swimmer_kde,-1.497,0.1871879935230207
swimmer_kde,-1.494,0.1877450199398418
swimmer_kde,-1.491,0.187968618459058
swimmer_kde,-1.488,0.1877516998869363
swimmer_kde,-1.485,0.1871081679815939
swimmer_kde,-1.482,0.1861615509966834
swimmer_kde,-1.479,0.1850963934624185
swimmer_kde,-1.476,0.1840911346556708
swimmer_kde,-1.473,0.1832637211058134
swimmer_kde,-1.47,0.1826559181374125
swimmer_kde,-1.467,0.1822576497669085
swimmer_kde,-1.464,0.1820462646006214
swimmer_kde,-1.461,0.1820099246182006
swimmer_kde,-1.458,0.1821434562322942
swimmer_kde,-1.455,0.1824297771345479
swimmer_kde,-1.452,0.1828282793258141
swimmer_kde,-1.449,0.183280071938323
swimmer_kde,-1.446,0.1837239367481002
swimmer_kde,-1.443,0.1841112528665972
swimmer_kde,-1.44,0.1844139214720331
swimmer_kde,-1.437,0.1846267038437531
swimmer_kde,-1.434,0.1847668920038871
swimmer_kde,-1.431,0.1848714241332353
swimmer_kde,-1.428,0.1849901621370618
swimmer_kde,-1.425,0.1851761439991744
swimmer_kde,-1.422,0.1854765261992366
swimmer_kde,-1.419,0.1859283176628833
swimmer_kde,-1.416,0.1865596435382518
swimmer_kde,-1.413,0.1873915481327187
swimmer_kde,-1.41,0.1884315303634813
swimmer_kde,-1.407,0.1896533475408372
swimmer_kde,-1.404,0.1909692084433767
swimmer_kde,-1.401,0.192213691383997
swimmer_kde,-1.398,0.1931618856056593
swimmer_kde,-1.395,0.1935890319408788
swimmer_kde,-1.392,0.1933504500504797
swimmer_kde,-1.389,0.1924397979169149
swimmer_kde,-1.386,0.190992459490728
swimmer_kde,-1.383,0.1892371205498305
swimmer_kde,-1.38,0.1874319095694968
swimmer_kde,-1.377,0.1858214399338874
swimmer_kde,-1.374,0.1846200932403099
swimmer_kde,-1.371,0.1839979428488123
swimmer_kde,-1.368,0.1840477209695706
swimmer_kde,-1.365,0.1847410726549488
swimmer_kde,-1.362,0.1859101017321721
swimmer_kde,-1.359,0.1872870652545597
swimmer_kde,-1.356,0.1885981343119057
swimmer_kde,-1.353,0.1896636601336655
swimmer_kde,-1.35,0.1904444761486502
swimmer_kde,-1.347,0.1910067289543783
swimmer_kde,-1.344,0.1914339666711687
swimmer_kde,-1.341,0.1917514791911633
swimmer_kde,-1.338,0.1919163228103559
swimmer_kde,-1.335,0.1918758334108924
swimmer_kde,-1.332,0.1916441940327573
swimmer_kde,-1.329,0.1913292614568892
swimmer_kde,-1.326,0.1910766076724518
swimmer_kde,-1.323,0.1909643988433421
swimmer_kde,-1.32,0.1909309040780306
swimmer_kde,-1.317,0.1908008526167309
swimmer_kde,-1.314,0.1904019144335587
swimmer_kde,-1.311,0.1896886515940717
swimmer_kde,-1.308,0.1887833929347092
swimmer_kde,-1.305,0.1879083231268935
swimmer_kde,-1.302,0.187262397587939
swimmer_kde,-1.299,0.1869254611740314
swimmer_kde,-1.296,0.1868379568956536
swimmer_kde,-1.293,0.1868490702214906
swimmer_kde,-1.29,0.1867946023655408
swimmer_kde,-1.287,0.1865681282169542
swimmer_kde,-1.284,0.1861643313708018
swimmer_kde,-1.281,0.1856826815355848
swimmer_kde,-1.278,0.185285049631727
swimmer_kde,-1.275,0.185116168252009
swimmer_kde,-1.272,0.1852216843713344
swimmer_kde,-1.269,0.185512655540761
swimmer_kde,-1.266,0.1858039520922361
swimmer_kde,-1.263,0.1859050227770235
swimmer_kde,-1.26,0.1857062171480058
swimmer_kde,-1.257,0.1852152084234796
swimmer_kde,-1.254,0.1845415771526036
swimmer_kde,-1.251,0.1838576796165199
swimmer_kde,-1.248,0.1833572735054741
swimmer_kde,-1.245,0.1832117725609288
swimmer_kde,-1.242,0.1835204987676878
swimmer_kde,-1.239,0.1842689624265671
swimmer_kde,-1.236,0.1853228380765653
swimmer_kde,-1.233,0.1864743687061855
swimmer_kde,-1.23,0.1875269033611439
swimmer_kde,-1.227,0.1883746072569103
swimmer_kde,-1.224,0.189030389957333
swimmer_kde,-1.221,0.1895830195033293
swimmer_kde,-1.218,0.1901093412146322
swimmer_kde,-1.215,0.1905992627380039
swimmer_kde,-1.212,0.1909451661930462
swimmer_kde,-1.209,0.1910047909032057
swimmer_kde,-1.206,0.1906955094942213
swimmer_kde,-1.203,0.1900548674339408
swimmer_kde,-1.2,0.1892263761153214
swimmer_kde,-1.197,0.1883849978307488
swimmer_kde,-1.194,0.1876597724492446
swimmer_kde,-1.191,0.1871053703569816
swimmer_kde,-1.188,0.186727574188724
swimmer_kde,-1.185,0.1865259577053357
swimmer_kde,-1.182,0.1865166034237133
swimmer_kde,-1.179,0.1867277366128507
swimmer_kde,-1.176,0.1871831248319299
swimmer_kde,-1.173,0.1878846148098807
swimmer_kde,-1.17,0.1887944879319868
swimmer_kde,-1.167,0.1898214321665002
swimmer_kde,-1.164,0.190824756004267
swimmer_kde,-1.161,0.1916486383862681
swimmer_kde,-1.158,0.192176903097954
swimmer_kde,-1.155,0.192378575791004
swimmer_kde,-1.152,0.1923161541895438
swimmer_kde,-1.149,0.1921115483851336
swimmer_kde,-1.146,0.1918898097733595
swimmer_kde,-1.143,0.1917303729555624
swimmer_kde,-1.14,0.1916470334235931
swimmer_kde,-1.137,0.1916004049264834
swimmer_kde,-1.134,0.1915305824026758
swimmer_kde,-1.131,0.1913902110195187
swimmer_kde,-1.128,0.1911625429511017
swimmer_kde,-1.125,0.1908623051449967
swimmer_kde,-1.122,0.1905282326359803
swimmer_kde,-1.119,0.190214930327541
swimmer_kde,-1.116,0.1899820512294665
swimmer_kde,-1.113,0.1898751269383285
swimmer_kde,-1.11,0.189901499328063
swimmer_kde,-1.107,0.190016237644783
swimmer_kde,-1.104,0.190131840074526
swimmer_kde,-1.101,0.1901502547909022
swimmer_kde,-1.098,0.1899994670780829
swimmer_kde,-1.095,0.189654504225577
swimmer_kde,-1.092,0.1891369334281317
swimmer_kde,-1.089,0.1885043106831791
swimmer_kde,-1.086,0.1878433972112541
swimmer_kde,-1.083,0.1872656364832553
swimmer_kde,-1.08,0.1868897305591969
swimmer_kde,-1.077,0.1868044339303374
swimmer_kde,-1.074,0.1870292328588824
swimmer_kde,-1.071,0.1875030966071079
swimmer_kde,-1.068,0.1881142310318269
swimmer_kde,-1.065,0.188751767437868
swimmer_kde,-1.062,0.1893445099213082
swimmer_kde,-1.059,0.189865035393723
swimmer_kde,-1.056,0.1903042563629474
swimmer_kde,-1.053,0.1906393451940543
swimmer_kde,-1.05,0.1908180012815183
swimmer_kde,-1.047,0.1907697281343611
swimmer_kde,-1.044,0.1904385423688775
swimmer_kde,-1.041,0.1898187296376629
swimmer_kde,-1.038,0.18897262731846
swimmer_kde,-1.035,0.1880193813068027
swimmer_kde,-1.032,0.1871003942786572
swimmer_kde,-1.029,0.1863401986104318
swimmer_kde,-1.026,0.1858227382343193
swimmer_kde,-1.023,0.185591324250437
swimmer_kde,-1.02,0.1856628455586203
swimmer_kde,-1.017,0.1860364137469696
swimmer_kde,-1.014,0.1866835185601531
swimmer_kde,-1.011,0.1875265855871731
swimmer_kde,-1.008,0.1884285157612114
swimmer_kde,-1.005,0.1892131591409042
swimmer_kde,-1.002,0.1897166448605607
swimmer_kde,-0.999,0.1898460028738243
swimmer_kde,-0.996,0.1896114476235098
swimmer_kde,-0.993,0.1891117661950228
swimmer_kde,-0.9899999999999998,0.1884827168446345
swimmer_kde,-0.987,0.1878441356795749
swimmer_kde,-0.984,0.1872791837434883
swimmer_kde,-0.981,0.1868476341972993
swimmer_kde,-0.9779999999999998,0.186602347872426
swimmer_kde,-0.975,0.1865774350838792
swimmer_kde,-0.972,0.1867511522321445
swimmer_kde,-0.969,0.187021351453058
swimmer_kde,-0.9659999999999996,0.1872278468597885
swimmer_kde,-0.963,0.1872153976371463
swimmer_kde,-0.96,0.1868945093296517
swimmer_kde,-0.957,0.1862613265971358
swimmer_kde,-0.9539999999999996,0.18537515352315
swimmer_kde,-0.951,0.1843235667301241
swimmer_kde,-0.948,0.18320370080846
swimmer_kde,-0.9449999999999998,0.18212228905069
swimmer_kde,-0.9420000000000002,0.181194772961721
swimmer_kde,-0.939,0.1805255334709968
swimmer_kde,-0.936,0.1801737131116154
swimmer_kde,-0.9329999999999998,0.1801292964534592
swimmer_kde,-0.9300000000000002,0.1803204697040646
swimmer_kde,-0.927,0.1806482920610538
swimmer_kde,-0.924,0.1810241875189035
swimmer_kde,-0.9209999999999998,0.1813897727518597
swimmer_kde,-0.918,0.1817184886474585
swimmer_kde,-0.915,0.1820104633125826
swimmer_kde,-0.912,0.1822868730489034
swimmer_kde,-0.9089999999999998,0.1825802537118918
swimmer_kde,-0.906,0.1829170292781545
swimmer_kde,-0.903,0.1832980381638523
swimmer_kde,-0.8999999999999999,0.1836912187705958
swimmer_kde,-0.8969999999999998,0.1840474993209776
swimmer_kde,-0.8940000000000001,0.1843349124400186
swimmer_kde,-0.891,0.1845681833099575
swimmer_kde,-0.8879999999999999,0.184808880180979
swimmer_kde,-0.8849999999999998,0.1851309334167166
swimmer_kde,-0.8820000000000001,0.1855727641236853
swimmer_kde,-0.879,0.1861076003014932
swimmer_kde,-0.8759999999999999,0.1866509638382681
swimmer_kde,-0.8729999999999998,0.1871015405795784
swimmer_kde,-0.8700000000000001,0.187393593904057
swimmer_kde,-0.867,0.1875318787479728
swimmer_kde,-0.8639999999999999,0.1875866989629725
swimmer_kde,-0.8609999999999998,0.187649207174008
swimmer_kde,-0.8580000000000001,0.1877752737702634
swimmer_kde,-0.855,0.1879573580040567
swimmer_kde,-0.8519999999999999,0.1881439618720141
swimmer_kde,-0.8489999999999998,0.188289878950818
swimmer_kde,-0.8460000000000001,0.188398162536964
swimmer_kde,-0.843,0.1885229264431159
swimmer_kde,-0.8399999999999999,0.1887308162506382
swimmer_kde,-0.8369999999999997,0.1890468596884262
swimmer_kde,-0.8340000000000001,0.1894218999625422
swimmer_kde,-0.831,0.1897475428705267
swimmer_kde,-0.8279999999999998,0.1899135663886939
swimmer_kde,-0.8249999999999997,0.1898703083820305
swimmer_kde,-0.8220000000000001,0.1896525264668846
swimmer_kde,-0.819,0.1893518594588838
swimmer_kde,-0.8159999999999998,0.189065758409338
swimmer_kde,-0.8130000000000002,0.1888618087447805
swimmer_kde,-0.81,0.188770355575644
swimmer_kde,-0.8069999999999999,0.1887890162650445
swimmer_kde,-0.8039999999999998,0.1888824735748295
swimmer_kde,-0.8010000000000002,0.1889826857513927
swimmer_kde,-0.798,0.1890055623760344
swimmer_kde,-0.7949999999999999,0.1888853091645305
swimmer_kde,-0.7919999999999998,0.1886056127123775
swimmer_kde,-0.7890000000000001,0.1882038130259467
swimmer_kde,-0.786,0.1877443280251094
swimmer_kde,-0.7829999999999999,0.1872821108407404
swimmer_kde,-0.7799999999999998,0.1868449018278943
swimmer_kde,-0.7770000000000001,0.1864480322260856
swimmer_kde,-0.774,0.1861279374408871
swimmer_kde,-0.7709999999999999,0.1859607831724244
swimmer_kde,-0.7679999999999998,0.1860388710620794
swimmer_kde,-0.7650000000000001,0.1864102147804067
swimmer_kde,-0.762,0.1870221607421944
swimmer_kde,-0.7589999999999999,0.1877163528687423
swimmer_kde,-0.7559999999999998,0.188289497123783
swimmer_kde,-0.7530000000000001,0.188586929187698
swimmer_kde,-0.75,0.1885724957156754
swimmer_kde,-0.7469999999999999,0.1883356695913662
swimmer_kde,-0.7439999999999998,0.1880373404291649
swimmer_kde,-0.7410000000000001,0.1878275374007655
swimmer_kde,-0.738,0.1877747901109422
swimmer_kde,-0.7349999999999999,0.1878346097547167
swimmer_kde,-0.7319999999999998,0.1878686654630939
swimmer_kde,-0.7290000000000001,0.1877119628703324
swimmer_kde,-0.726,0.1872669504897765
swimmer_kde,-0.7229999999999999,0.1865806984695882
swimmer_kde,-0.7199999999999998,0.1858529830802536
swimmer_kde,-0.7170000000000001,0.1853529277616348
swimmer_kde,-0.714,0.1852829711142126
swimmer_kde,-0.7109999999999999,0.18567381547845
swimmer_kde,-0.7079999999999997,0.1863770458208477
swimmer_kde,-0.7050000000000001,0.187152807454389
swimmer_kde,-0.702,0.1877882813699364
swimmer_kde,-0.6989999999999998,0.1881768908360726
swimmer_kde,-0.6959999999999997,0.188329470764213
swimmer_kde,-0.6930000000000001,0.1883328858446827
swimmer_kde,-0.69,0.1882900589652788
swimmer_kde,-0.6869999999999998,0.1882716482731832
swimmer_kde,-0.6840000000000002,0.1882975848800138
swimmer_kde,-0.681,0.1883516420553734
swimmer_kde,-0.6779999999999999,0.1884154569472867
swimmer_kde,-0.6749999999999998,0.1884967653745242
swimmer_kde,-0.6720000000000002,0.1886291443175319
swimmer_kde,-0.669,0.1888392577624792
swimmer_kde,-0.6659999999999999,0.1891032158347862
swimmer_kde,-0.6629999999999998,0.1893286595883306
swimmer_kde,-0.6600000000000001,0.1893875658266244
swimmer_kde,-0.657,0.1891878391910854
swimmer_kde,-0.6539999999999999,0.188736147709213
swimmer_kde,-0.6509999999999998,0.1881440171673951
swimmer_kde,-0.6480000000000001,0.1875701621177979
swimmer_kde,-0.645,0.1871404777967943
swimmer_kde,-0.6419999999999999,0.1868999337834449
swimmer_kde,-0.6389999999999998,0.1868190604538809
swimmer_kde,-0.6360000000000001,0.1868348041170806
swimmer_kde,-0.633,0.1868898710648242
swimmer_kde,-0.6299999999999999,0.1869522991542704
swimmer_kde,-0.6269999999999998,0.1870211600675759
swimmer_kde,-0.6240000000000001,0.1871290782837647
swimmer_kde,-0.621,0.1873395649759055
swimmer_kde,-0.6179999999999999,0.1877286727456938
swimmer_kde,-0.6149999999999998,0.188349033551167
swimmer_kde,-0.6120000000000001,0.1891911552296988
swimmer_kde,-0.609,0.1901652293061839
swimmer_kde,-0.6059999999999999,0.1911194086763042
swimmer_kde,-0.6029999999999998,0.1918916381839408
swimmer_kde,-0.6000000000000001,0.1923710500483649
swimmer_kde,-0.597,0.1925341565840685
swimmer_kde,-0.5939999999999999,0.1924320689689435
swimmer_kde,-0.5909999999999997,0.1921361936718407
swimmer_kde,-0.5880000000000001,0.1916805241096485
swimmer_kde,-0.585,0.1910432643834926
swimmer_kde,-0.5819999999999999,0.1901826480233703
swimmer_kde,-0.5789999999999997,0.1891012343003059
swimmer_kde,-0.5760000000000001,0.1878898137439404
swimmer_kde,-0.573,0.1867143708995848
swimmer_kde,-0.5699999999999998,0.1857504255062935
swimmer_kde,-0.5670000000000002,0.1851092664903942
swimmer_kde,-0.5640000000000001,0.1848077982495595
swimmer_kde,-0.5609999999999999,0.184799685992166
swimmer_kde,-0.5579999999999998,0.1850370750190556
swimmer_kde,-0.5550000000000002,0.1855098133853897
swimmer_kde,-0.552,0.1862306528285601
swimmer_kde,-0.5489999999999999,0.1871809667794252
swimmer_kde,-0.5459999999999998,0.188264604097887
swimmer_kde,-0.5430000000000001,0.189312692538435
swimmer_kde,-0.54,0.1901439742436557
swimmer_kde,-0.5369999999999999,0.1906427018121348
swimmer_kde,-0.5339999999999998,0.1908020642677401
swimmer_kde,-0.5310000000000001,0.1907067118039231
swimmer_kde,-0.528,0.1904721776701756
swimmer_kde,-0.5249999999999999,0.1901861940106722
swimmer_kde,-0.5219999999999998,0.1898884646197473
swimmer_kde,-0.5190000000000001,0.189593384392027
swimmer_kde,-0.516,0.1893306813231997
swimmer_kde,-0.5129999999999999,0.1891692314974741
swimmer_kde,-0.5099999999999998,0.1892015593211335
swimmer_kde,-0.5070000000000001,0.1894934587436895
swimmer_kde,-0.504,0.1900296566723278
swimmer_kde,-0.5009999999999999,0.1906930115024681
swimmer_kde,-0.4979999999999998,0.1912934969955545
swimmer_kde,-0.4950000000000001,0.1916308907421798
swimmer_kde,-0.492,0.1915589385070395
swimmer_kde,-0.4889999999999999,0.191027355329725
swimmer_kde,-0.4859999999999997,0.1900951930493919
swimmer_kde,-0.4830000000000001,0.1889180589645697
swimmer_kde,-0.48,0.1877132092812381
swimmer_kde,-0.4769999999999998,0.1867092036357804
swimmer_kde,-0.4739999999999997,0.1860910492346527
swimmer_kde,-0.4710000000000001,0.1859529183507043
swimmer_kde,-0.4679999999999999,0.1862694801456739
swimmer_kde,-0.4649999999999998,0.1868971558145876
swimmer_kde,-0.4619999999999997,0.1876142128297507
swimmer_kde,-0.4590000000000001,0.188195345639295
swimmer_kde,-0.4559999999999999,0.1884944966847136
swimmer_kde,-0.4529999999999998,0.1884960290528474
swimmer_kde,-0.4499999999999997,0.1883052694289293
swimmer_kde,-0.447,0.1880825257343262
swimmer_kde,-0.4439999999999999,0.1879580350452653
swimmer_kde,-0.4409999999999998,0.1879752338850983
swimmer_kde,-0.4380000000000001,0.1880903644674144
swimmer_kde,-0.435,0.18822281453819
swimmer_kde,-0.4319999999999999,0.1883239726213904
swimmer_kde,-0.4289999999999998,0.1884243781624179
swimmer_kde,-0.4260000000000001,0.1886301604373335
swimmer_kde,-0.423,0.1890662271103485
swimmer_kde,-0.4199999999999999,0.1897956239415941
swimmer_kde,-0.4169999999999998,0.1907625816180677
swimmer_kde,-0.4140000000000001,0.1917940419362231
swimmer_kde,-0.411,0.1926575619080433
swimmer_kde,-0.4079999999999999,0.1931417836138935
swimmer_kde,-0.4049999999999998,0.1931217874714174
swimmer_kde,-0.4020000000000001,0.1925895669266029
swimmer_kde,-0.399,0.19164793142069
swimmer_kde,-0.3959999999999999,0.1904744090546504
swimmer_kde,-0.3929999999999998,0.1892666683165119
swimmer_kde,-0.3900000000000001,0.188187785070391
swimmer_kde,-0.387,0.1873320158199624
swimmer_kde,-0.3839999999999999,0.1867222631623558
swimmer_kde,-0.3809999999999998,0.1863337391493164
swimmer_kde,-0.3780000000000001,0.1861273588521745
swimmer_kde,-0.375,0.1860776237454622
swimmer_kde,-0.3719999999999999,0.1861870390153401
swimmer_kde,-0.3689999999999998,0.1864835428170048
swimmer_kde,-0.3660000000000001,0.1869996243188069
swimmer_kde,-0.363,0.1877391283282355
swimmer_kde,-0.3599999999999999,0.1886495809292046
swimmer_kde,-0.3569999999999997,0.1896213225237389
swimmer_kde,-0.3540000000000001,0.1905204958212361
swimmer_kde,-0.351,0.1912404782105817
swimmer_kde,-0.3479999999999998,0.1917449884616047
swimmer_kde,-0.3449999999999997,0.1920826304064012
swimmer_kde,-0.3420000000000001,0.1923663886046389
swimmer_kde,-0.3389999999999999,0.1927219858297264
swimmer_kde,-0.3359999999999998,0.1932182863332174
swimmer_kde,-0.3329999999999997,0.1938063508613731
swimmer_kde,-0.33,0.1943040304154691
swimmer_kde,-0.3269999999999999,0.1944531495697897
swimmer_kde,-0.3239999999999998,0.1940395616388401
swimmer_kde,-0.3209999999999997,0.1930204121390495
swimmer_kde,-0.318,0.1915823449208461
swimmer_kde,-0.3149999999999999,0.1900835049400475
swimmer_kde,-0.3119999999999998,0.188900015254074
swimmer_kde,-0.3090000000000001,0.1882591717385305
swimmer_kde,-0.306,0.188151478225123
swimmer_kde,-0.3029999999999999,0.188363955101612
swimmer_kde,-0.2999999999999998,0.1886040929586234
swimmer_kde,-0.2970000000000001,0.1886374770838484
swimmer_kde,-0.294,0.1883688400947012
swimmer_kde,-0.2909999999999999,0.1878437050377521
swimmer_kde,-0.2879999999999998,0.1871979553605943
swimmer_kde,-0.2850000000000001,0.186600695622521
swimmer_kde,-0.282,0.1862150154029977
swimmer_kde,-0.2789999999999999,0.1861678428975977
swimmer_kde,-0.2759999999999998,0.1865095513264988
swimmer_kde,-0.2730000000000001,0.1871674279043375
swimmer_kde,-0.27,0.1879288226824207
swimmer_kde,-0.2669999999999999,0.1884916334331164
swimmer_kde,-0.2639999999999998,0.1885799114161952
swimmer_kde,-0.2610000000000001,0.1880700323139795
swimmer_kde,-0.258,0.1870537682138707
swimmer_kde,-0.2549999999999999,0.1857990627706825
swimmer_kde,-0.2519999999999998,0.1846325336768486
swimmer_kde,-0.2490000000000001,0.183811575029378
swimmer_kde,-0.246,0.1834497134046999
swimmer_kde,-0.2429999999999998,0.1835185545854991
swimmer_kde,-0.2399999999999997,0.1839071191060348
swimmer_kde,-0.2370000000000001,0.184497662325568
swimmer_kde,-0.2339999999999999,0.1852179241470194
swimmer_kde,-0.2309999999999998,0.1860464352518528
swimmer_kde,-0.2279999999999997,0.1869741750836074
swimmer_kde,-0.2250000000000001,0.1879524588684566
swimmer_kde,-0.2219999999999999,0.1888671422371929
swimmer_kde,-0.2189999999999998,0.1895631532747685
swimmer_kde,-0.2159999999999997,0.1899097204425971
swimmer_kde,-0.213,0.1898679610382614
swimmer_kde,-0.2099999999999999,0.1895181124551596
swimmer_kde,-0.2069999999999998,0.1890269459670679
swimmer_kde,-0.2039999999999997,0.1885724361770383
swimmer_kde,-0.201,0.1882691441171875
swimmer_kde,-0.1979999999999999,0.188136403439775
swimmer_kde,-0.1949999999999998,0.1881230125931367
swimmer_kde,-0.1919999999999997,0.1881658397930964
swimmer_kde,-0.189,0.188239688037931
swimmer_kde,-0.1859999999999999,0.1883647610434733
swimmer_kde,-0.1829999999999998,0.1885694929165385
swimmer_kde,-0.1800000000000001,0.1888387217090519
swimmer_kde,-0.177,0.1890878995600806
swimmer_kde,-0.1739999999999999,0.1891861076229278
swimmer_kde,-0.1709999999999998,0.1890175714691595
swimmer_kde,-0.1680000000000001,0.1885464635446013
swimmer_kde,-0.165,0.1878481724398239
swimmer_kde,-0.1619999999999999,0.1870900020201446
swimmer_kde,-0.1589999999999998,0.186471740668114
swimmer_kde,-0.1560000000000001,0.1861562405358523
swimmer_kde,-0.153,0.186221806656061
swimmer_kde,-0.1499999999999999,0.1866518525565367
swimmer_kde,-0.1469999999999998,0.1873551535767357
swimmer_kde,-0.1440000000000001,0.1881984380361972
swimmer_kde,-0.141,0.1890375129210274
swimmer_kde,-0.1379999999999999,0.1897433931426859
swimmer_kde,-0.1349999999999998,0.1902231103933887
swimmer_kde,-0.1320000000000001,0.190430984359627
swimmer_kde,-0.129,0.1903657430286736
swimmer_kde,-0.1259999999999999,0.1900567473428434
swimmer_kde,-0.1229999999999997,0.1895499909811253
swimmer_kde,-0.1200000000000001,0.1889012664035696
swimmer_kde,-0.1169999999999999,0.1881729778110553
swimmer_kde,-0.1139999999999998,0.1874258352639194
swimmer_kde,-0.1109999999999997,0.1867039557888926
swimmer_kde,-0.1080000000000001,0.1860241429499181
swimmer_kde,-0.1049999999999999,0.1853842788382674
swimmer_kde,-0.1019999999999998,0.1847957755723642
swimmer_kde,-0.0989999999999997,0.184325392731379
swimmer_kde,-0.096,0.1841150645499489
swimmer_kde,-0.0929999999999999,0.1843504748760539
swimmer_kde,-0.0899999999999998,0.1851772331983104
swimmer_kde,-0.0869999999999997,0.1866033463595934
swimmer_kde,-0.084,0.1884473835220063
swimmer_kde,-0.0809999999999999,0.1903728655473606
swimmer_kde,-0.0779999999999998,0.192001997057652
swimmer_kde,-0.0749999999999997,0.1930579056766776
swimmer_kde,-0.072,0.1934688134003247
swimmer_kde,-0.0689999999999999,0.1933841243575323
swimmer_kde,-0.0659999999999998,0.1930921780026938
swimmer_kde,-0.0629999999999997,0.1928777641878936
swimmer_kde,-0.06,0.1928926192059349
swimmer_kde,-0.0569999999999999,0.1931090598961132
swimmer_kde,-0.0539999999999998,0.1933778350762539
swimmer_kde,-0.0510000000000001,0.1935438484078487
swimmer_kde,-0.048,0.1935381222776893
swimmer_kde,-0.0449999999999999,0.1933912459640406
swimmer_kde,-0.0419999999999998,0.193179479755746
swimmer_kde,-0.0390000000000001,0.1929615059882344
swimmer_kde,-0.036,0.1927541832801262
swimmer_kde,-0.0329999999999999,0.1925480854092065
swimmer_kde,-0.0299999999999998,0.1923290512266167
swimmer_kde,-0.0270000000000001,0.192079929666932
swimmer_kde,-0.024,0.1917695775511418
swimmer_kde,-0.0209999999999999,0.1913543328483496
swimmer_kde,-0.0179999999999997,0.1908024501464003
swimmer_kde,-0.0150000000000001,0.1901235787093455
swimmer_kde,-0.012,0.189375729394969
swimmer_kde,-0.0089999999999998,0.1886415067004531
swimmer_kde,-0.0059999999999997,0.1879930385817616
swimmer_kde,-0.0030000000000001,0.1874737367331825
swimmer_kde,0.0,0.1871076430874887
swimmer_kde,0.0030000000000001,0.1869199397701801
swimmer_kde,0.0060000000000002,0.1869394685579475
swimmer_kde,0.0089999999999998,0.187170097104334
swimmer_kde,0.012,0.1875530580663273
swimmer_kde,0.0150000000000001,0.1879642269071418
swimmer_kde,0.0180000000000002,0.1882695462133362
swimmer_kde,0.0209999999999999,0.1884085013685611
swimmer_kde,0.024,0.1884386750782904
swimmer_kde,0.0270000000000001,0.1884951383946521
swimmer_kde,0.0300000000000002,0.1886856404345675
swimmer_kde,0.0329999999999999,0.1889996755928698
swimmer_kde,0.036,0.1893051362800439
swimmer_kde,0.0390000000000001,0.189440124771317
swimmer_kde,0.0420000000000002,0.189332764938689
swimmer_kde,0.0449999999999999,0.1890607206969049
swimmer_kde,0.048,0.1888102527862022
swimmer_kde,0.0510000000000001,0.1887673789664836
swimmer_kde,0.0540000000000002,0.1890117957705282
swimmer_kde,0.0569999999999999,0.1894699781633819
swimmer_kde,0.06,0.1899449029998111
swimmer_kde,0.0630000000000001,0.1902059121774835
swimmer_kde,0.0660000000000002,0.190098921901007
swimmer_kde,0.0689999999999999,0.1896239745870007
swimmer_kde,0.072,0.1889366630155328
swimmer_kde,0.0750000000000001,0.1882703949944033
swimmer_kde,0.0779999999999998,0.1878257840038547
swimmer_kde,0.0809999999999999,0.1876921280442046
swimmer_kde,0.084,0.1878374771968365
swimmer_kde,0.0870000000000001,0.1881528096175414
swimmer_kde,0.0899999999999998,0.1885048235259749
swimmer_kde,0.0929999999999999,0.1887638118567019
swimmer_kde,0.096,0.1888123337843656
swimmer_kde,0.0990000000000002,0.1885651533291012
swimmer_kde,0.1019999999999998,0.1880126011852942
swimmer_kde,0.1049999999999999,0.1872569370267078
swimmer_kde,0.1080000000000001,0.1864960685654286
swimmer_kde,0.1110000000000002,0.1859462462814106
swimmer_kde,0.1139999999999998,0.1857493354274171
swimmer_kde,0.1169999999999999,0.1859242764898657
swimmer_kde,0.1200000000000001,0.1863847731819677
swimmer_kde,0.1230000000000002,0.1869974095029149
swimmer_kde,0.1259999999999999,0.1876376295703346
swimmer_kde,0.129,0.188217224834267
swimmer_kde,0.1320000000000001,0.1886826457897453
swimmer_kde,0.1350000000000002,0.1890005620487353
swimmer_kde,0.1379999999999999,0.1891501974949202
swimmer_kde,0.141,0.1891311550652004
swimmer_kde,0.1440000000000001,0.1889776539447743
swimmer_kde,0.1470000000000002,0.1887604835461637
swimmer_kde,0.1499999999999999,0.1885666939775163
swimmer_kde,0.153,0.1884660138470096
swimmer_kde,0.1560000000000001,0.1884839616304121
swimmer_kde,0.1590000000000002,0.1885961038828943
swimmer_kde,0.1619999999999999,0.1887432548533767
swimmer_kde,0.165,0.1888556647723526
swimmer_kde,0.1680000000000001,0.1888718082559733
swimmer_kde,0.1710000000000002,0.1887444534167942
swimmer_kde,0.1739999999999999,0.1884393766674212
swimmer_kde,0.177,0.1879419071998377
swimmer_kde,0.1800000000000001,0.1872825481639518
swimmer_kde,0.1830000000000002,0.1865718721929921
swimmer_kde,0.1859999999999999,0.1860111089099881
swimmer_kde,0.189,0.1858446784562454
swimmer_kde,0.1920000000000001,0.1862570670826385
swimmer_kde,0.1950000000000002,0.1872660419820256
swimmer_kde,0.1979999999999999,0.1886818796057487
swimmer_kde,0.201,0.1901645493254008
swimmer_kde,0.2040000000000001,0.1913457992215903
swimmer_kde,0.2069999999999998,0.1919468498353541
swimmer_kde,0.2099999999999999,0.1918422098994898
swimmer_kde,0.213,0.191067895298097
swimmer_kde,0.2160000000000002,0.1897987292747502
swimmer_kde,0.2189999999999998,0.1883084763827895
swimmer_kde,0.2219999999999999,0.1869074653285119
swimmer_kde,0.2250000000000001,0.1858582987999275
swimmer_kde,0.2280000000000002,0.1852971510896534
swimmer_kde,0.2309999999999998,0.1852013263691674
swimmer_kde,0.2339999999999999,0.1854209990084319
swimmer_kde,0.2370000000000001,0.1857518993204629
swimmer_kde,0.2400000000000002,0.1860046359625979
swimmer_kde,0.2429999999999998,0.1860432165287873
swimmer_kde,0.246,0.1857992534016913
swimmer_kde,0.2490000000000001,0.185283418897306
swimmer_kde,0.2520000000000002,0.1845992156242021
swimmer_kde,0.2549999999999999,0.1839380573801867
swimmer_kde,0.258,0.1835307800971986
swimmer_kde,0.2610000000000001,0.1835580807119612
swimmer_kde,0.2640000000000002,0.1840596998681387
swimmer_kde,0.2669999999999999,0.184897566562592
swimmer_kde,0.27,0.1858051657378876
swimmer_kde,0.2730000000000001,0.1865055181477379
swimmer_kde,0.2760000000000002,0.1868357126639546
swimmer_kde,0.2789999999999999,0.1868083705670281
swimmer_kde,0.282,0.1865772585694707
swimmer_kde,0.2850000000000001,0.1863321848741183
swimmer_kde,0.2880000000000002,0.1861895360229468
swimmer_kde,0.2909999999999999,0.1861437642896944
swimmer_kde,0.294,0.1861042197161695
swimmer_kde,0.2970000000000001,0.1859872098758074
swimmer_kde,0.3000000000000002,0.1857984929844941
swimmer_kde,0.3029999999999999,0.1856487626962108
swimmer_kde,0.306,0.1856912661879238
swimmer_kde,0.3090000000000001,0.1860261614655425
swimmer_kde,0.3120000000000003,0.1866394410401551
swimmer_kde,0.3149999999999999,0.1874152739718755
swimmer_kde,0.318,0.1882022780418228
swimmer_kde,0.3210000000000002,0.1888767584633075
swimmer_kde,0.3240000000000003,0.1893613191817832
swimmer_kde,0.3269999999999999,0.1896069317745398
swimmer_kde,0.33,0.1895794585021072
swimmer_kde,0.3330000000000002,0.1892768867976646
swimmer_kde,0.3359999999999998,0.1887615159767469
swimmer_kde,0.3389999999999999,0.1881688404018869
swimmer_kde,0.3420000000000001,0.1876736114260188
swimmer_kde,0.3450000000000002,0.187430432063972
swimmer_kde,0.3479999999999998,0.1875235546722209
swimmer_kde,0.351,0.187946523254057
swimmer_kde,0.3540000000000001,0.1886073018669923
swimmer_kde,0.3570000000000002,0.1893443688127944
swimmer_kde,0.3599999999999999,0.1899497104964179
swimmer_kde,0.363,0.1902096152519812
swimmer_kde,0.3660000000000001,0.1899725023258588
swimmer_kde,0.3690000000000002,0.1892284857334267
swimmer_kde,0.3719999999999999,0.1881559604508356
swimmer_kde,0.375,0.1870874944077933
swimmer_kde,0.3780000000000001,0.1863870510851729
swimmer_kde,0.3810000000000002,0.1862918890062253
swimmer_kde,0.3839999999999999,0.1868068172678035
swimmer_kde,0.387,0.1877117407603108
swimmer_kde,0.3900000000000001,0.1886717924915883
swimmer_kde,0.3930000000000002,0.1893790242167598
swimmer_kde,0.3959999999999999,0.1896505893960952
swimmer_kde,0.399,0.1894537248114634
swimmer_kde,0.4020000000000001,0.188876263892853
swimmer_kde,0.4050000000000002,0.1880763162936661
swimmer_kde,0.4079999999999999,0.187230478245653
swimmer_kde,0.411,0.1864858616306295
swimmer_kde,0.4140000000000001,0.1859242039488051
swimmer_kde,0.4170000000000002,0.1855547738935536
swimmer_kde,0.4199999999999999,0.1853450269213956
swimmer_kde,0.423,0.1852710367032313
swimmer_kde,0.4260000000000001,0.1853476455258435
swimmer_kde,0.4290000000000002,0.1856091333157253
swimmer_kde,0.4319999999999999,0.1860537570130936
swimmer_kde,0.435,0.1866023891576691
swimmer_kde,0.4380000000000001,0.1871139959869225
swimmer_kde,0.4410000000000003,0.1874520208323012
swimmer_kde,0.4439999999999999,0.1875520301830603
swimmer_kde,0.447,0.1874442860053126
swimmer_kde,0.4500000000000002,0.187228698141334
swimmer_kde,0.4530000000000003,0.187036710258618
swimmer_kde,0.4559999999999999,0.1870089098384966
swimmer_kde,0.4590000000000001,0.1872816070909542
swimmer_kde,0.4620000000000002,0.1879555843827999
swimmer_kde,0.4649999999999998,0.1890407717105773
swimmer_kde,0.4679999999999999,0.1904087524481847
swimmer_kde,0.4710000000000001,0.1917970849398923
swimmer_kde,0.4740000000000002,0.1928797941296215
swimmer_kde,0.4769999999999998,0.1933733945513095
swimmer_kde,0.48,0.1931251668494645
swimmer_kde,0.4830000000000001,0.192144465444599
swimmer_kde,0.4860000000000002,0.1905742234454702
swimmer_kde,0.4889999999999999,0.1886322532150749
swimmer_kde,0.492,0.1865597209790937
swimmer_kde,0.4950000000000001,0.1845942144516553
swimmer_kde,0.4980000000000002,0.1829557879283585
swimmer_kde,0.5009999999999999,0.181823446094188
swimmer_kde,0.504,0.1812963917262274
swimmer_kde,0.5070000000000001,0.1813600701882804
swimmer_kde,0.5100000000000002,0.1818841477808257
swimmer_kde,0.5129999999999999,0.18266118395077
swimmer_kde,0.516,0.1834691649827429
swimmer_kde,0.5190000000000001,0.1841298641306342
swimmer_kde,0.5220000000000002,0.1845428249290459
swimmer_kde,0.5249999999999999,0.184690601428147
swimmer_kde,0.528,0.1846228471555022
swimmer_kde,0.5310000000000001,0.1844310755582799
swimmer_kde,0.5340000000000003,0.1842237884692535
swimmer_kde,0.5369999999999999,0.1841052232780333
swimmer_kde,0.54,0.184154190191397
swimmer_kde,0.5430000000000001,0.1843995362420968
swimmer_kde,0.5460000000000003,0.1847991912364847
swimmer_kde,0.5489999999999999,0.1852415428660497
swimmer_kde,0.552,0.1855841801470375
swimmer_kde,0.5550000000000002,0.1857203277307589
swimmer_kde,0.5580000000000003,0.1856359969515888
swimmer_kde,0.5609999999999999,0.1854193318550921
swimmer_kde,0.5640000000000001,0.185215581896114
swimmer_kde,0.5670000000000002,0.1851605820786285
swimmer_kde,0.5700000000000003,0.1853358023287334
swimmer_kde,0.573,0.1857597295096159
swimmer_kde,0.5760000000000001,0.1863943824907528
swimmer_kde,0.5790000000000002,0.1871421543688537
swimmer_kde,0.5820000000000003,0.18784100427695
swimmer_kde,0.585,0.1882943928607507
swimmer_kde,0.5880000000000001,0.1883542971424431
swimmer_kde,0.5910000000000002,0.1880198388745222
swimmer_kde,0.5939999999999999,0.1874770610854263
swimmer_kde,0.597,0.1870320585412432
swimmer_kde,0.6000000000000001,0.1869638619677143
swimmer_kde,0.6030000000000002,0.1873834168049093
swimmer_kde,0.6059999999999999,0.1881818674398102
swimmer_kde,0.609,0.1890897063562776
swimmer_kde,0.6120000000000001,0.1897981714840433
swimmer_kde,0.6150000000000002,0.1900690150807406
swimmer_kde,0.6179999999999999,0.1897911445155395
swimmer_kde,0.621,0.1889933258445405
swimmer_kde,0.6240000000000001,0.1878390101710258
swimmer_kde,0.6270000000000002,0.1866039296671311
swimmer_kde,0.6299999999999999,0.1856129986239966
swimmer_kde,0.633,0.1851310345917551
swimmer_kde,0.6360000000000001,0.1852484059757019
swimmer_kde,0.6390000000000002,0.1858266512939642
swimmer_kde,0.6419999999999999,0.1865422235794864
swimmer_kde,0.645,0.1870121566130071
swimmer_kde,0.6480000000000001,0.1869465312704631
swimmer_kde,0.6510000000000002,0.1862670509868245
swimmer_kde,0.6539999999999999,0.1851471006176593
swimmer_kde,0.657,0.1839531210839343
swimmer_kde,0.6600000000000001,0.1831005924491971
swimmer_kde,0.6630000000000003,0.182879084322835
swimmer_kde,0.6659999999999999,0.1833285322240055
swimmer_kde,0.669,0.1842339055054171
swimmer_kde,0.6720000000000002,0.1852431261374716
swimmer_kde,0.6750000000000003,0.1860390604371829
swimmer_kde,0.6779999999999999,0.1864639030288392
swimmer_kde,0.681,0.1865309753871681
swimmer_kde,0.6840000000000002,0.1863401282326772
swimmer_kde,0.6870000000000003,0.1859767487258913
swimmer_kde,0.69,0.1854718991908512
swimmer_kde,0.6930000000000001,0.1848393485616064
swimmer_kde,0.6960000000000002,0.1841403940219164
swimmer_kde,0.6990000000000003,0.1835120045511856
swimmer_kde,0.702,0.1831314924945847
swimmer_kde,0.7050000000000001,0.1831419537189476
swimmer_kde,0.7080000000000002,0.1835869652717866
swimmer_kde,0.7110000000000003,0.1843913935150547
swimmer_kde,0.714,0.1853954879821701
swimmer_kde,0.7170000000000001,0.1864229398619673
swimmer_kde,0.7200000000000002,0.1873498467380932
swimmer_kde,0.7229999999999999,0.1881416711479375
swimmer_kde,0.726,0.1888401701898749
swimmer_kde,0.7290000000000001,0.1895096919621981
swimmer_kde,0.7320000000000002,0.1901779244113067
swimmer_kde,0.7349999999999999,0.1908091741743713
swimmer_kde,0.738,0.1913229201478222
swimmer_kde,0.7410000000000001,0.1916377808791374
swimmer_kde,0.7440000000000002,0.1917092563325653
swimmer_kde,0.7469999999999999,0.1915441431934078
swimmer_kde,0.75,0.1911953519200418
swimmer_kde,0.7530000000000001,0.1907480764991495
swimmer_kde,0.7560000000000002,0.1903022998904996
swimmer_kde,0.7589999999999999,0.1899511284669457
swimmer_kde,0.762,0.1897572536750116
swimmer_kde,0.7650000000000001,0.1897361107643669
swimmer_kde,0.7680000000000002,0.1898547382435385
swimmer_kde,0.7709999999999999,0.1900465808888428
swimmer_kde,0.774,0.1902312446495011
swimmer_kde,0.7770000000000001,0.1903265254673409
swimmer_kde,0.7800000000000002,0.1902525108309003
swimmer_kde,0.7829999999999999,0.1899422676812621
swimmer_kde,0.786,0.1893717611919629
swimmer_kde,0.7890000000000001,0.1885997753582096
swimmer_kde,0.7920000000000003,0.1877862405974698
swimmer_kde,0.7949999999999999,0.1871582100206057
swimmer_kde,0.798,0.1869216072979879
swimmer_kde,0.8010000000000002,0.1871562426885838
swimmer_kde,0.8040000000000003,0.1877546234805113
swimmer_kde,0.8069999999999999,0.1884514606251379
swimmer_kde,0.81,0.1889409020108964
swimmer_kde,0.8130000000000002,0.1890210042075499
swimmer_kde,0.8160000000000003,0.1886826644265528
swimmer_kde,0.819,0.1880948537721549
swimmer_kde,0.8220000000000001,0.187505242000571
swimmer_kde,0.8250000000000002,0.1871231045549674
swimmer_kde,0.8280000000000003,0.1870471101796793
swimmer_kde,0.831,0.1872578135503656
swimmer_kde,0.8340000000000001,0.18765377167972
swimmer_kde,0.8370000000000002,0.1880985361935151
swimmer_kde,0.8399999999999999,0.1884594824181182
swimmer_kde,0.843,0.1886369735360322
swimmer_kde,0.8460000000000001,0.1885880066470186
swimmer_kde,0.8490000000000002,0.1883428891270835
swimmer_kde,0.8519999999999999,0.1880070089332476
swimmer_kde,0.855,0.187740069197699
swimmer_kde,0.8580000000000001,0.1877121819985321
swimmer_kde,0.8610000000000002,0.1880461944364978
swimmer_kde,0.8639999999999999,0.1887649281793716
swimmer_kde,0.867,0.189765720545542
swimmer_kde,0.8700000000000001,0.1908370540092264
swimmer_kde,0.8730000000000002,0.1917138874848138
swimmer_kde,0.8759999999999999,0.1921505913956783
swimmer_kde,0.879,0.191985506305865
swimmer_kde,0.8820000000000001,0.1911802904436156
swimmer_kde,0.8850000000000002,0.189830300815336
swimmer_kde,0.8879999999999999,0.1881493148519143
swimmer_kde,0.891,0.1864317201804133
swimmer_kde,0.8940000000000001,0.1849940217344557
swimmer_kde,0.8970000000000002,0.1841020468827192
swimmer_kde,0.8999999999999999,0.1839015987565407
swimmer_kde,0.903,0.1843800440129558
swimmer_kde,0.906,0.1853811120502283
swimmer_kde,0.9090000000000004,0.1866705003569275
swimmer_kde,0.912,0.1880198699632668
swimmer_kde,0.915,0.1892656622844196
swimmer_kde,0.918,0.190318502343954
swimmer_kde,0.9210000000000004,0.1911345159384141
swimmer_kde,0.924,0.1916832129817545
swimmer_kde,0.927,0.1919406762260253
swimmer_kde,0.9300000000000002,0.1919099101439302
swimmer_kde,0.9330000000000004,0.1916457106691253
swimmer_kde,0.936,0.1912568902512061
swimmer_kde,0.939,0.1908748927366385
swimmer_kde,0.9420000000000002,0.1906023610254501
swimmer_kde,0.9450000000000004,0.1904715805506556
swimmer_kde,0.948,0.1904390073927719
swimmer_kde,0.951,0.190419496984927
swimmer_kde,0.9540000000000002,0.1903388775552099
swimmer_kde,0.9570000000000004,0.19017537003572
swimmer_kde,0.96,0.1899722337769636
swimmer_kde,0.963,0.1898208298194472
swimmer_kde,0.9660000000000002,0.1898211019413642
swimmer_kde,0.969,0.1900289313473373
swimmer_kde,0.972,0.190408518196791
swimmer_kde,0.975,0.190819252201978
swimmer_kde,0.9780000000000002,0.1910597602499242
swimmer_kde,0.981,0.1909575036985155
swimmer_kde,0.984,0.1904546115603973
swimmer_kde,0.987,0.1896374088758514
swimmer_kde,0.9900000000000002,0.1886955745055152
swimmer_kde,0.993,0.1878417908545772
swimmer_kde,0.996,0.1872358489223452
swimmer_kde,0.999,0.1869387613623829
swimmer_kde,1.0019999999999998,0.1869027588176466
swimmer_kde,1.005,0.1869988161408605
swimmer_kde,1.008,0.1870797468190989
swimmer_kde,1.011,0.1870569666839099
swimmer_kde,1.0140000000000002,0.1869466836059512
swimmer_kde,1.0170000000000003,0.1868493031493326
swimmer_kde,1.0200000000000005,0.18687145413435
swimmer_kde,1.0229999999999997,0.1870465733324561
swimmer_kde,1.0259999999999998,0.1873127776763783
swimmer_kde,1.029,0.1875617572207878
swimmer_kde,1.032,0.1877195537560719
swimmer_kde,1.035,0.1878009639561355
swimmer_kde,1.0380000000000005,0.1879018008833997
swimmer_kde,1.0410000000000004,0.1881355365475626
swimmer_kde,1.0440000000000005,0.1885554283584103
swimmer_kde,1.0469999999999997,0.1891117885068963
swimmer_kde,1.0499999999999998,0.1896720844534157
swimmer_kde,1.053,0.1900916008024001
swimmer_kde,1.056,0.1902901957535576
swimmer_kde,1.0590000000000002,0.1902882275166023
swimmer_kde,1.0620000000000005,0.1901827561448828
swimmer_kde,1.0650000000000004,0.1900831776279024
swimmer_kde,1.0680000000000005,0.1900487698496833
swimmer_kde,1.0709999999999995,0.1900667011808543
swimmer_kde,1.0739999999999998,0.1900816510906516
swimmer_kde,1.077,0.1900531097994432
swimmer_kde,1.08,0.1899956630888419
swimmer_kde,1.0830000000000002,0.189968656283422
swimmer_kde,1.0860000000000003,0.1900209974538142
swimmer_kde,1.0890000000000004,0.1901346940995859
swimmer_kde,1.0920000000000003,0.190213787997627
swimmer_kde,1.0949999999999998,0.1901300743106099
swimmer_kde,1.098,0.189794341741212
swimmer_kde,1.101,0.1892065234303353
swimmer_kde,1.104,0.1884573173208834
swimmer_kde,1.1070000000000002,0.1876873775968449
swimmer_kde,1.1100000000000003,0.1870332337642963
swimmer_kde,1.1130000000000004,0.186589671605227
swimmer_kde,1.1159999999999997,0.1864001555183977
swimmer_kde,1.1189999999999998,0.186465045859007
swimmer_kde,1.122,0.1867493097194689
swimmer_kde,1.125,0.1871827383438591
swimmer_kde,1.128,0.1876625140280834
swimmer_kde,1.1310000000000002,0.1880704921167061
swimmer_kde,1.1340000000000003,0.1883033310529747
swimmer_kde,1.1370000000000005,0.1883004454593536
swimmer_kde,1.1399999999999997,0.1880573888956169
swimmer_kde,1.1429999999999998,0.1876241672071329
swimmer_kde,1.146,0.1870931468873365
swimmer_kde,1.149,0.1865774509715416
swimmer_kde,1.152,0.1861806592472453
swimmer_kde,1.1550000000000002,0.1859684965576794
swimmer_kde,1.1580000000000004,0.1859608642808574
swimmer_kde,1.1610000000000005,0.1861522493837964
swimmer_kde,1.1639999999999997,0.1865434492696229
swimmer_kde,1.1669999999999998,0.1871515919782351
swimmer_kde,1.17,0.1879795770553522
swimmer_kde,1.173,0.1889634306000943
swimmer_kde,1.1760000000000002,0.1899434330763709
swimmer_kde,1.1790000000000005,0.1906935237841737
swimmer_kde,1.1820000000000004,0.191000242993364
swimmer_kde,1.1850000000000005,0.190745864528677
swimmer_kde,1.1879999999999995,0.1899516825812306
swimmer_kde,1.1909999999999998,0.1887688745214881
swimmer_kde,1.194,0.1874320339805801
swimmer_kde,1.197,0.1861953220520646
swimmer_kde,1.2000000000000002,0.1852657912478097
swimmer_kde,1.2030000000000003,0.1847507561528976
swimmer_kde,1.2060000000000004,0.1846407539868969
swimmer_kde,1.2090000000000003,0.1848377985309622
swimmer_kde,1.2119999999999995,0.1852103723349318
swimmer_kde,1.215,0.1856384314043478
swimmer_kde,1.218,0.1860262778833929
swimmer_kde,1.221,0.1862965815423607
swimmer_kde,1.2240000000000002,0.1863968617720057
swimmer_kde,1.2270000000000003,0.1863278276899342
swimmer_kde,1.2300000000000004,0.1861638345192494
swimmer_kde,1.2329999999999997,0.1860265772584477
swimmer_kde,1.2359999999999998,0.1860120759313671
swimmer_kde,1.239,0.186121379739427
swimmer_kde,1.242,0.1862529356377999
swimmer_kde,1.245,0.1862674362161884
swimmer_kde,1.2480000000000002,0.186078392868179
swimmer_kde,1.2510000000000003,0.1857059672117178
swimmer_kde,1.2540000000000004,0.1852657151196556
swimmer_kde,1.2569999999999997,0.1849110905412198
swimmer_kde,1.2599999999999998,0.1847702617319244
swimmer_kde,1.263,0.1849072419921891
swimmer_kde,1.266,0.1853141008129458
swimmer_kde,1.269,0.185924928671972
swimmer_kde,1.2720000000000002,0.1866384172828796
swimmer_kde,1.2750000000000004,0.1873392725875252
swimmer_kde,1.2780000000000005,0.1879141738871476
swimmer_kde,1.2809999999999997,0.1882639644264203
swimmer_kde,1.2839999999999998,0.1883179836228508
swimmer_kde,1.287,0.1880542039654917
swimmer_kde,1.29,0.187518775616788
swimmer_kde,1.293,0.1868290195374574
swimmer_kde,1.2960000000000005,0.1861470408495956
swimmer_kde,1.2990000000000004,0.1856284828916931
swimmer_kde,1.3020000000000005,0.185369083377276
swimmer_kde,1.3049999999999995,0.1853757419008179
swimmer_kde,1.3079999999999998,0.1855765305119115
swimmer_kde,1.311,0.185864272119734
swimmer_kde,1.314,0.1861510484280306
swimmer_kde,1.3170000000000002,0.18640419858862
swimmer_kde,1.3200000000000005,0.1866435877098635
swimmer_kde,1.3230000000000004,0.1869028679422223
swimmer_kde,1.3260000000000003,0.1871807705161841
swimmer_kde,1.3289999999999995,0.1874168471585613
swimmer_kde,1.332,0.1875141435016246
swimmer_kde,1.335,0.1874042526252309
swimmer_kde,1.338,0.1871192942144247
swimmer_kde,1.3410000000000002,0.1868184519185775
swimmer_kde,1.3440000000000003,0.1867336535558255
swimmer_kde,1.3470000000000004,0.187050671657958
swimmer_kde,1.3500000000000003,0.1877946364516738
swimmer_kde,1.3529999999999998,0.1887961777030624
swimmer_kde,1.356,0.1897632949237722
swimmer_kde,1.359,0.1904135439044567
swimmer_kde,1.362,0.190586924767218
swimmer_kde,1.3650000000000002,0.1902837540942538
swimmer_kde,1.3680000000000003,0.1896275290044334
swimmer_kde,1.3710000000000004,0.1887953710636587
swimmer_kde,1.3739999999999997,0.1879621716800642
swimmer_kde,1.3769999999999998,0.1872765301839509
swimmer_kde,1.38,0.1868551992938158
swimmer_kde,1.383,0.1867728779091272
swimmer_kde,1.386,0.1870396558024194
swimmer_kde,1.3890000000000002,0.1875819880162165
swimmer_kde,1.3920000000000003,0.1882523190366884
swimmer_kde,1.3950000000000005,0.1888777657525071
swimmer_kde,1.3979999999999997,0.1893294482871181
swimmer_kde,1.4009999999999998,0.1895732681922192
swimmer_kde,1.404,0.1896690958461113
swimmer_kde,1.407,0.1897181391718581
swimmer_kde,1.41,0.189794022694574
swimmer_kde,1.4130000000000005,0.1899024403141029
swimmer_kde,1.4160000000000004,0.1899900132467117
swimmer_kde,1.4190000000000005,0.1899879074611255
swimmer_kde,1.4219999999999997,0.1898585740920401
swimmer_kde,1.4249999999999998,0.1896216403035699
swimmer_kde,1.428,0.1893522327398176
swimmer_kde,1.431,0.189155938610728
swimmer_kde,1.4340000000000002,0.1891275269236364
swimmer_kde,1.4370000000000005,0.1893035039138314
swimmer_kde,1.4400000000000004,0.1896261800894803
swimmer_kde,1.4430000000000005,0.1899427886638478
swimmer_kde,1.4459999999999995,0.1900544345684343
swimmer_kde,1.4489999999999998,0.1898019893427358
swimmer_kde,1.452,0.189145826637784
swimmer_kde,1.455,0.188191261200477
swimmer_kde,1.4580000000000002,0.1871429406408689
swimmer_kde,1.4610000000000003,0.1862171853612944
swimmer_kde,1.4640000000000004,0.1855637934112034
swimmer_kde,1.4670000000000003,0.1852317399738847
swimmer_kde,1.4699999999999998,0.1851773061447233
swimmer_kde,1.473,0.1852933051130605
swimmer_kde,1.476,0.1854457805505297
swimmer_kde,1.479,0.1855184841612041
swimmer_kde,1.4820000000000002,0.185460733077603
swimmer_kde,1.4850000000000003,0.1853154513443936
swimmer_kde,1.4880000000000004,0.1852000829549894
swimmer_kde,1.4909999999999997,0.1852390904978174
swimmer_kde,1.4939999999999998,0.1854835307958106
swimmer_kde,1.497,0.1858678032462594
swimmer_kde,1.5,0.1862340356551622
swimmer_kde,1.503,0.1864155933444472
swimmer_kde,1.5060000000000002,0.1863357252368256
swimmer_kde,1.5090000000000003,0.1860632176497808
swimmer_kde,1.5120000000000005,0.1857856165400318
swimmer_kde,1.5149999999999997,0.1857094602912926
swimmer_kde,1.5179999999999998,0.1859480095362567
swimmer_kde,1.521,0.1864691824780138
swimmer_kde,1.524,0.187133855883539
swimmer_kde,1.527,0.1877892610202104
swimmer_kde,1.5300000000000002,0.1883479153009308
swimmer_kde,1.5330000000000004,0.1888042015767392
swimmer_kde,1.5360000000000005,0.1891928546634998
swimmer_kde,1.5389999999999997,0.1895308915799719
swimmer_kde,1.5419999999999998,0.1897854236441567
swimmer_kde,1.545,0.1898859472848342
swimmer_kde,1.548,0.1897718357200168
swimmer_kde,1.5510000000000002,0.1894451800305932
swimmer_kde,1.5540000000000005,0.1889927754979863
swimmer_kde,1.5570000000000004,0.1885570595464518
swimmer_kde,1.5600000000000005,0.1882710147015613
swimmer_kde,1.5629999999999995,0.1882012016554457
swimmer_kde,1.5659999999999998,0.188337428405748
swimmer_kde,1.569,0.1886284941686315
swimmer_kde,1.572,0.1890268975928823
swimmer_kde,1.5750000000000002,0.1895049486750416
swimmer_kde,1.5780000000000003,0.1900363122374486
swimmer_kde,1.5810000000000004,0.1905675368800812
swimmer_kde,1.5840000000000003,0.1910094556830478
swimmer_kde,1.5869999999999995,0.1912622200941633
swimmer_kde,1.59,0.191266035664992
swimmer_kde,1.593,0.1910516822069567
swimmer_kde,1.596,0.1907563974733661
swimmer_kde,1.5990000000000002,0.1905818233421453
swimmer_kde,1.6020000000000003,0.1907045769733351
swimmer_kde,1.6050000000000004,0.1911865125270385
swimmer_kde,1.6080000000000003,0.1919389008827345
swimmer_kde,1.6109999999999998,0.1927625013378843
swimmer_kde,1.614,0.1934392456185194
swimmer_kde,1.617,0.1938257802606784
swimmer_kde,1.62,0.1939057291421861
swimmer_kde,1.6230000000000002,0.193782628777469
swimmer_kde,1.6260000000000003,0.1936224491154493
swimmer_kde,1.6290000000000004,0.1935753150805816
swimmer_kde,1.6319999999999997,0.19371454268531
swimmer_kde,1.6349999999999998,0.1940209363496469
swimmer_kde,1.638,0.1944139553159418
swimmer_kde,1.641,0.194804972236019
swimmer_kde,1.644,0.1951394076094202
swimmer_kde,1.6470000000000002,0.195408277360253
swimmer_kde,1.6500000000000004,0.1956336642728174
swimmer_kde,1.6530000000000005,0.195848963449224
swimmer_kde,1.6559999999999997,0.1960920749806993
swimmer_kde,1.6589999999999998,0.1964110281565142
swimmer_kde,1.662,0.1968640305293087
swimmer_kde,1.665,0.1974982645342098
swimmer_kde,1.668,0.1983145339332906
swimmer_kde,1.6710000000000005,0.1992458215267906
swimmer_kde,1.6740000000000004,0.2001731784918918
swimmer_kde,1.6770000000000005,0.2009737131481336
swimmer_kde,1.6799999999999995,0.2015695028396064
swimmer_kde,1.6829999999999998,0.2019465059142872
swimmer_kde,1.686,0.2021362790795981
swimmer_kde,1.689,0.2021783936714756
swimmer_kde,1.6920000000000002,0.2020902405929075
swimmer_kde,1.6950000000000005,0.2018629396338101
swimmer_kde,1.6980000000000004,0.2014865835484625
swimmer_kde,1.7010000000000003,0.2009914458988577
swimmer_kde,1.7039999999999995,0.2004770852134591
swimmer_kde,1.707,0.2000975175899918
swimmer_kde,1.71,0.1999916569601338
swimmer_kde,1.713,0.200191875437629
swimmer_kde,1.7160000000000002,0.2005770187240759
swimmer_kde,1.7190000000000003,0.2009199319829184
swimmer_kde,1.7220000000000004,0.2010138713192822
swimmer_kde,1.7250000000000003,0.2007992941209948
swimmer_kde,1.7279999999999998,0.2004087351726489
swimmer_kde,1.731,0.2001056979061856
swimmer_kde,1.734,0.2001619549725535
swimmer_kde,1.737,0.2007441199953764
swimmer_kde,1.7400000000000002,0.2018583506023177
swimmer_kde,1.7430000000000003,0.2033631169872842
swimmer_kde,1.7460000000000004,0.2050328470614627
swimmer_kde,1.7489999999999997,0.2066433653460234
swimmer_kde,1.7519999999999998,0.208044906600879
swimmer_kde,1.755,0.2091910063416233
swimmer_kde,1.758,0.2101109741164979
swimmer_kde,1.761,0.2108479037930089
swimmer_kde,1.7640000000000002,0.211409988223736
swimmer_kde,1.7670000000000003,0.2117733688501099
swimmer_kde,1.7700000000000005,0.211930569684219
swimmer_kde,1.7729999999999997,0.2119369783187153
swimmer_kde,1.7759999999999998,0.2119096263237922
swimmer_kde,1.779,0.2119767630124396
swimmer_kde,1.782,0.2122182333671533
swimmer_kde,1.785,0.2126360192284253
swimmer_kde,1.7880000000000005,0.2131613981198346
swimmer_kde,1.7910000000000004,0.2136815809648701
swimmer_kde,1.7940000000000005,0.214073569348447
swimmer_kde,1.7969999999999997,0.2142448500856989
swimmer_kde,1.7999999999999998,0.2141747218023273
swimmer_kde,1.803,0.2139348138314232
swimmer_kde,1.806,0.2136693310315037
swimmer_kde,1.809,0.2135399989772831
swimmer_kde,1.8120000000000005,0.2136643915111513
swimmer_kde,1.8150000000000004,0.2140783110332595
swimmer_kde,1.8180000000000005,0.2147363282067306
swimmer_kde,1.8209999999999995,0.2155454440012714
swimmer_kde,1.824,0.2164146144834526
swimmer_kde,1.827,0.2172990582913258
swimmer_kde,1.83,0.2182227658784862
swimmer_kde,1.833,0.2192724583696793
swimmer_kde,1.8360000000000003,0.2205644002283438
swimmer_kde,1.8390000000000004,0.2221897258813042
swimmer_kde,1.8420000000000003,0.2241514497525983
swimmer_kde,1.845,0.2263204505769341
swimmer_kde,1.848,0.2284446588924377
swimmer_kde,1.851,0.2302265808927547
swimmer_kde,1.854,0.2314425748128332
swimmer_kde,1.857,0.2320438979571891
swimmer_kde,1.8600000000000003,0.2321842469019508
swimmer_kde,1.8630000000000004,0.232159445773815
swimmer_kde,1.8659999999999997,0.2322911966238651
swimmer_kde,1.869,0.2328088745065197
swimmer_kde,1.872,0.2337757467139214
swimmer_kde,1.875,0.2350818991489181
swimmer_kde,1.878,0.2364994192376853
swimmer_kde,1.881,0.2377737616681217
swimmer_kde,1.8840000000000003,0.2387147029746125
swimmer_kde,1.8870000000000005,0.2392550920331941
swimmer_kde,1.8899999999999997,0.239462284015185
swimmer_kde,1.893,0.2395055373759049
swimmer_kde,1.896,0.2395950303355606
swimmer_kde,1.899,0.2399135585030308
swimmer_kde,1.902,0.2405616755068652
swimmer_kde,1.905,0.241531543187542
swimmer_kde,1.9080000000000004,0.2427161676363131
swimmer_kde,1.9110000000000005,0.2439520021706153
swimmer_kde,1.9139999999999997,0.2450836279700957
swimmer_kde,1.917,0.2460280606471396
swimmer_kde,1.92,0.2468095394223461
swimmer_kde,1.923,0.2475451847215164
swimmer_kde,1.926,0.2483882840868261
swimmer_kde,1.9290000000000005,0.2494604884556396
swimmer_kde,1.9320000000000004,0.2508058762443362
swimmer_kde,1.9350000000000005,0.2523795305480922
swimmer_kde,1.9379999999999995,0.2540631634989933
swimmer_kde,1.941,0.2556975628755435
swimmer_kde,1.944,0.2571291128733786
swimmer_kde,1.947,0.2582657867012756
swimmer_kde,1.95,0.2591222158954978
swimmer_kde,1.9530000000000003,0.2598230585311982
swimmer_kde,1.9560000000000004,0.2605509133758089
swimmer_kde,1.9590000000000003,0.2614649413100742
swimmer_kde,1.9619999999999995,0.2626445831719987
swimmer_kde,1.965,0.2640967151199351
swimmer_kde,1.968,0.2658115779152614
swimmer_kde,1.971,0.2678099888751009
swimmer_kde,1.974,0.2701338353623221
swimmer_kde,1.9770000000000003,0.2727869197826947
swimmer_kde,1.9800000000000004,0.2756830733967106
swimmer_kde,1.9830000000000003,0.2786566081871364
swimmer_kde,1.986,0.2815374689329776
swimmer_kde,1.989,0.2842365133971663
swimmer_kde,1.992,0.286775617344122
swimmer_kde,1.995,0.2892419977463836
swimmer_kde,1.998,0.2917060330203631
swimmer_kde,2.0010000000000003,0.2941649619587388
swimmer_kde,2.0040000000000004,0.2965463636285173
swimmer_kde,2.0069999999999997,0.2987580991565847
swimmer_kde,2.01,0.3007479594092054
swimmer_kde,2.013,0.3025466666882742
swimmer_kde,2.016,0.304289201742774
swimmer_kde,2.019,0.3062193600288522
swimmer_kde,2.022,0.3086816019227237
swimmer_kde,2.0250000000000004,0.312105123258699
swimmer_kde,2.0280000000000005,0.3169901211012306
swimmer_kde,2.0309999999999997,0.3239040695517979
swimmer_kde,2.034,0.3334752897563883
swimmer_kde,2.037,0.3463371635459851
swimmer_kde,2.04,0.3629582110989031
swimmer_kde,2.043,0.3833349590264666
swimmer_kde,2.0460000000000003,0.4066434169318964
swimmer_kde,2.0490000000000004,0.4310771029328008
swimmer_kde,2.0520000000000005,0.4541076698869484
swimmer_kde,2.0549999999999997,0.4731987357019075
swimmer_kde,2.058,0.4866824405310049
swimmer_kde,2.061,0.4943293152249442
swimmer_kde,2.064,0.4972917263930365
swimmer_kde,2.067,0.497488235874529
swimmer_kde,2.0700000000000003,0.4968175609191867
swimmer_kde,2.0730000000000004,0.4966142958960382
swimmer_kde,2.0760000000000005,0.4975186393165067
swimmer_kde,2.0789999999999997,0.4996544994988475
swimmer_kde,2.082,0.5028880386852356
swimmer_kde,2.085,0.5069988473409471
swimmer_kde,2.088,0.5117344558549569
swimmer_kde,2.091,0.5168164711403089
swimmer_kde,2.0940000000000003,0.5219722958703894
swimmer_kde,2.0970000000000004,0.5270085599571122
swimmer_kde,2.1000000000000005,0.5318853586800786
swimmer_kde,2.103,0.5367384933430368
swimmer_kde,2.106,0.5418287401300993
swimmer_kde,2.109,0.5474417527164277
swimmer_kde,2.112,0.5537896087065238
swimmer_kde,2.115,0.5609615796951481
swimmer_kde,2.1180000000000003,0.5689408246627131
swimmer_kde,2.1210000000000004,0.5776647829343452
swimmer_kde,2.1239999999999997,0.587087517704742
swimmer_kde,2.127,0.5972157357418526
swimmer_kde,2.13,0.6081203670086953
swimmer_kde,2.133,0.6199415343916713
swimmer_kde,2.136,0.6328953090446566
swimmer_kde,2.139,0.6472755128838361
swimmer_kde,2.1420000000000003,0.6634467174351713
swimmer_kde,2.1450000000000005,0.6818430980758092
swimmer_kde,2.1479999999999997,0.7029970978935458
swimmer_kde,2.151,0.7276033689587221
swimmer_kde,2.154,0.7565799275894141
swimmer_kde,2.157,0.7910321301911669
swimmer_kde,2.16,0.8319689802322234
swimmer_kde,2.1630000000000003,0.8796010759284428
swimmer_kde,2.1660000000000004,0.9321498741764728
swimmer_kde,2.1690000000000005,0.9844135778709124
swimmer_kde,2.1719999999999997,1.026829687567662
swimmer_kde,2.175,1.046132007214999
swimmer_kde,2.178,1.028400621006968
swimmer_kde,2.181,0.9640771713812218
swimmer_kde,2.184,0.8528915874573816
swimmer_kde,2.1870000000000003,0.70588658011712
swimmer_kde,2.1900000000000004,0.5428394237421569
swimmer_kde,2.1930000000000005,0.3859538981478643
swimmer_kde,2.1959999999999997,0.2529263189583795
swimmer_kde,2.199,0.1526862040853029
swimmer_kde,2.202,0.0852297698347712
swimmer_kde,2.205,0.0445685710409014
swimmer_kde,2.208,0.0225793822881122
swimmer_kde,2.2110000000000003,0.0119063380998075
swimmer_kde,2.2140000000000004,0.0072555185896565
swimmer_kde,2.2170000000000005,0.0054196432727745
swimmer_kde,2.22,0.0047179335999536
swimmer_kde,2.223,0.0043812765248257
swimmer_kde,2.226,0.0041110450777679
swimmer_kde,2.229,0.0038258145898143
swimmer_kde,2.232,0.0035315131876492
swimmer_kde,2.2350000000000003,0.0032558277109731
swimmer_kde,2.2380000000000004,0.0030163618102952
swimmer_kde,2.2410000000000005,0.0028114218571847
swimmer_kde,2.244,0.0026266733775515
swimmer_kde,2.247,0.0024482422733361
swimmer_kde,2.25,0.0022722638875348
swimmer_kde,2.253,0.0021055707246133
swimmer_kde,2.256,0.0019590772125199
swimmer_kde,2.2590000000000003,0.0018396853176562
swimmer_kde,2.2620000000000005,0.0017461278743005
swimmer_kde,2.2649999999999997,0.0016705301503138
swimmer_kde,2.268,0.0016035497960018
swimmer_kde,2.271,0.0015391110708315
swimmer_kde,2.274,0.00147575345929
swimmer_kde,2.277,0.0014144583701895
swimmer_kde,2.28,0.0013553807365871
swimmer_kde,2.2830000000000004,0.0012964624192588
swimmer_kde,2.2860000000000005,0.0012352656196019
swimmer_kde,2.2889999999999997,0.0011727557733504
swimmer_kde,2.292,0.0011158741088947
swimmer_kde,2.295,0.0010759608507434
swimmer_kde,2.298,0.0010627461811542
swimmer_kde,2.301,0.0010772125751451
swimmer_kde,2.3040000000000003,0.0011083090351732
swimmer_kde,2.3070000000000004,0.0011364143193783
swimmer_kde,2.3100000000000005,0.0011418530562509
swimmer_kde,2.3129999999999997,0.0011132918221865
swimmer_kde,2.316,0.0010512529892142
swimmer_kde,2.319,0.0009657033160728
swimmer_kde,2.322,0.0008704904924555
swimmer_kde,2.325,0.0007784852056324
swimmer_kde,2.3280000000000003,0.0006994560816583
swimmer_kde,2.3310000000000004,0.0006400453803907
swimmer_kde,2.3340000000000005,0.0006039340267034
swimmer_kde,2.3369999999999997,0.0005910258612485
swimmer_kde,2.34,0.0005962349807755
swimmer_kde,2.343,0.0006096002472069
swimmer_kde,2.346,0.0006189130650277
swimmer_kde,2.349,0.0006141094146866
swimmer_kde,2.3520000000000003,0.0005909233156048
swimmer_kde,2.3550000000000004,0.0005514175014379
swimmer_kde,2.3580000000000005,0.0005011744721707
swimmer_kde,2.361,0.0004453818661531
swimmer_kde,2.364,0.0003866273715208
swimmer_kde,2.367,0.0003254989787979
swimmer_kde,2.37,0.0002627487341146
swimmer_kde,2.373,0.0002008623737588
swimmer_kde,2.3760000000000003,0.0001438478094329
swimmer_kde,2.3790000000000004,9.568633761467898e-05
swimmer_kde,2.3819999999999997,5.874324310873783e-05
swimmer_kde,2.385,3.312209411026778e-05
swimmer_kde,2.388,1.708657558872588e-05
swimmer_kde,2.391,8.038391282130662e-06
swimmer_kde,2.394,3.439099349406126e-06
swimmer_kde,2.397,1.334783926181265e-06
swimmer_kde,2.4000000000000004,4.6894959317420914e-07
swimmer_kde,2.4030000000000005,1.4885767003934877e-07
swimmer_kde,2.4059999999999997,4.26229838216044e-08
swimmer_kde,2.409,1.099386414617364e-08
swimmer_kde,2.412,2.551496031118599e-09
swimmer_kde,2.415,5.323130788824738e-10
swimmer_kde,2.418,9.975387778552628e-11
swimmer_kde,2.4210000000000003,1.6780567225566534e-11
swimmer_kde,2.4240000000000004,2.5326305543015034e-12
swimmer_kde,2.4270000000000005,3.4279987606362365e-13
swimmer_kde,2.4299999999999997,4.159696466385202e-14
swimmer_kde,2.433,4.5238714079482545e-15
swimmer_kde,2.436,4.408426743111473e-16
swimmer_kde,2.439,3.848543647539928e-17
swimmer_kde,2.442,3.009382720251908e-18
swimmer_kde,2.4450000000000003,2.10749696608898e-19
swimmer_kde,2.4480000000000004,1.3216447025814094e-20
swimmer_kde,2.4510000000000005,7.421267876381273e-22
swimmer_kde,2.4539999999999997,3.730962483667546e-23
swimmer_kde,2.457,1.6792373249879572e-24
swimmer_kde,2.46,6.76589331080669e-26
swimmer_kde,2.463,2.440266354207919e-27
swimmer_kde,2.466,7.878229332821109e-29
swimmer_kde,2.4690000000000003,2.276576463023711e-30
swimmer_kde,2.4720000000000004,5.888210140175991e-32
swimmer_kde,2.4750000000000005,1.3630724421835636e-33
swimmer_kde,2.478,2.8240862703558323e-35
swimmer_kde,2.481,5.236614592466177e-37
swimmer_kde,2.484,8.69017219551827e-39
swimmer_kde,2.487,1.2906361815510082e-40
swimmer_kde,2.49,1.715420017636514e-42
swimmer_kde,2.4930000000000003,2.0404342726652626e-44
swimmer_kde,2.4960000000000004,2.171977226452351e-46
swimmer_kde,2.499000000000001,2.0690171401558514e-48
swimmer_kde,2.502,1.7637834176216508e-50
swimmer_kde,2.505,1.3455363093380712e-52
swimmer_kde,2.508,9.185687256105411e-55
swimmer_kde,2.511,5.611660431250357e-57
swimmer_kde,2.514,3.067837501498119e-59
swimmer_kde,2.5170000000000003,1.5008337339939987e-61
swimmer_kde,2.5200000000000005,6.570377771879817e-64
swimmer_kde,2.5229999999999997,2.57397369025547e-66
swimmer_kde,2.526,9.023448333744566e-69
swimmer_kde,2.529,2.8307040512246287e-71
swimmer_kde,2.532,7.946371533722631e-74
swimmer_kde,2.535,1.9961576365394515e-76
swimmer_kde,2.5380000000000003,4.4871602345592796e-79
swimmer_kde,2.5410000000000004,9.0260638871849e-82
swimmer_kde,2.5440000000000005,1.624705682659193e-84
swimmer_kde,2.5469999999999997,2.616977159179597e-87
swimmer_kde,2.55,3.7720169150620174e-90
swimmer_kde,2.553,4.865140488162967e-93
swimmer_kde,2.556,5.6151948711154004e-96
swimmer_kde,2.559,5.799381185593712e-99
swimmer_kde,2.5620000000000003,5.3597628575267694e-102
swimmer_kde,2.5650000000000004,4.432577594313937e-105
swimmer_kde,2.5680000000000005,3.283114292813378e-108
swimmer_kde,2.5709999999999997,4.2331338986498014e-108
swimmer_kde,2.574,5.694799473597267e-105
swimmer_kde,2.577,6.859032901332661e-102
swimmer_kde,2.58,7.392518747513865e-99
swimmer_kde,2.583,7.1296314669190896e-96
swimmer_kde,2.5860000000000003,6.152998754292644e-93
swimmer_kde,2.5890000000000004,4.751729078832543e-90
swimmer_kde,2.5920000000000005,3.2836859435621056e-87
swimmer_kde,2.595,2.0305638726630028e-84
swimmer_kde,2.598,1.1236131021304242e-81
swimmer_kde,2.601,5.563678587820916e-79
swimmer_kde,2.604,2.4652011958719867e-76
swimmer_kde,2.607,9.774348173432092e-74
swimmer_kde,2.6100000000000003,3.467914158861045e-71
swimmer_kde,2.6130000000000004,1.1010168645716047e-68
swimmer_kde,2.6160000000000005,3.1279852906796967e-66
swimmer_kde,2.619,7.9520761737152e-64
swimmer_kde,2.622,1.8090120490776618e-61
swimmer_kde,2.625,3.682540111485922e-59
swimmer_kde,2.628,6.708085834446149e-57
swimmer_kde,2.631,1.0934396915942134e-54
swimmer_kde,2.6340000000000003,1.5949099106488428e-52
swimmer_kde,2.6370000000000005,2.0817212590832885e-50
swimmer_kde,2.6399999999999997,2.4313870348407512e-48
swimmer_kde,2.643,2.5411524149172844e-46
swimmer_kde,2.646,2.3765799586903397e-44
swimmer_kde,2.649,1.9889288402178458e-42
swimmer_kde,2.652,1.489467936048362e-40
swimmer_kde,2.655,9.981324392869881e-39
swimmer_kde,2.6580000000000004,5.985360052637613e-37
swimmer_kde,2.6610000000000005,3.2117186207727516e-35
swimmer_kde,2.6639999999999997,1.542161288067449e-33
swimmer_kde,2.667,6.626240629382833e-32
swimmer_kde,2.67,2.5477083330674208e-30
swimmer_kde,2.673,8.765512443752448e-29
swimmer_kde,2.676,2.698671435318118e-27
swimmer_kde,2.6790000000000003,7.434774698328293e-26
swimmer_kde,2.6820000000000004,1.8328659826555025e-24
swimmer_kde,2.6850000000000005,4.0433255311807024e-23
swimmer_kde,2.6879999999999997,7.981633900993574e-22
swimmer_kde,2.691,1.4099054784425873e-20
swimmer_kde,2.694,2.2286059765267734e-19
swimmer_kde,2.697,3.1522574670796798e-18
swimmer_kde,2.7,3.989837170250731e-17
swimmer_kde,2.7030000000000003,4.518910712804166e-16
swimmer_kde,2.7060000000000004,4.579915310182005e-15
swimmer_kde,2.7090000000000005,4.153614938580086e-14
swimmer_kde,2.7119999999999997,3.3708553517293023e-13
swimmer_kde,2.715,2.447930588944676e-12
swimmer_kde,2.718,1.5907545725829408e-11
swimmer_kde,2.721,9.250226348872938e-11
swimmer_kde,2.724,4.81334108553568e-10
swimmer_kde,2.7270000000000003,2.2412278714337103e-09
swimmer_kde,2.7300000000000004,9.338357366957108e-09
swimmer_kde,2.7330000000000005,3.4817698763146845e-08
swimmer_kde,2.736,1.1616484994737257e-07
swimmer_kde,2.739,3.4681231185595833e-07
swimmer_kde,2.742,9.265297653745556e-07
swimmer_kde,2.745,2.2149776262661097e-06
swimmer_kde,2.748,4.73832024961455e-06
swimmer_kde,2.7510000000000003,9.07036105685068e-06
swimmer_kde,2.7540000000000004,1.5537095618423766e-05
swimmer_kde,2.757000000000001,2.381552723379098e-05
swimmer_kde,2.76,3.2665977680257566e-05
swimmer_kde,2.763,4.009370771666596e-05
swimmer_kde,2.766,4.4035393102672146e-05
swimmer_kde,2.769,4.327854322033836e-05
swimmer_kde,2.772,3.806172686662906e-05
swimmer_kde,2.7750000000000004,2.9953628668915993e-05
swimmer_kde,2.7780000000000005,2.1093832511894284e-05
swimmer_kde,2.7809999999999997,1.329249922544326e-05
swimmer_kde,2.784,7.495539446433581e-06
swimmer_kde,2.787,3.782198056982034e-06
swimmer_kde,2.79,1.707776904605348e-06
swimmer_kde,2.793,6.900326021400894e-07
swimmer_kde,2.7960000000000003,2.4955126928857137e-07
swimmer_kde,2.7990000000000004,8.10844255325419e-08
swimmer_kde,2.8020000000000005,2.5115087514966106e-08
swimmer_kde,2.8049999999999997,1.3468458653973554e-08
swimmer_kde,2.808,2.9566086334160333e-08
swimmer_kde,2.811,9.601271533901592e-08
swimmer_kde,2.814,2.911870606001041e-07
swimmer_kde,2.817,7.9236100262154e-07
swimmer_kde,2.8200000000000003,1.9297021602861664e-06
swimmer_kde,2.8230000000000004,4.205396121876176e-06
swimmer_kde,2.8260000000000005,8.201039430991087e-06
swimmer_kde,2.8289999999999997,1.4311198477106677e-05
swimmer_kde,2.832,2.234746208888105e-05
swimmer_kde,2.835,3.122665838343749e-05
swimmer_kde,2.838,3.9045223544663266e-05
swimmer_kde,2.841,4.3687320998686254e-05
swimmer_kde,2.8440000000000003,4.374092996219044e-05
swimmer_kde,2.8470000000000004,3.91891378552145e-05
swimmer_kde,2.8500000000000005,3.1418721231012484e-05
swimmer_kde,2.853,2.254012909441064e-05
swimmer_kde,2.856,1.44700286747425e-05
swimmer_kde,2.859,8.312420083303883e-06
swimmer_kde,2.862,4.272978156661389e-06
swimmer_kde,2.865,1.965526760173487e-06
swimmer_kde,2.8680000000000003,8.090443844966501e-07
swimmer_kde,2.8710000000000004,2.9799627351026713e-07
swimmer_kde,2.874000000000001,9.821875325276165e-08
swimmer_kde,2.877,2.8968306006814e-08
swimmer_kde,2.88,7.645341347461787e-09
swimmer_kde,2.883,1.8055759441089481e-09
swimmer_kde,2.886,3.8157484631913804e-10
swimmer_kde,2.889,7.215871896066644e-11
swimmer_kde,2.8920000000000003,1.2210768273939804e-11
swimmer_kde,2.8950000000000005,1.8490227865946235e-12
swimmer_kde,2.8979999999999997,2.505455164711966e-13
swimmer_kde,2.901,3.0379184125632215e-14
swimmer_kde,2.904,3.2961781437468682e-15
swimmer_kde,2.907,3.200297432539642e-16
swimmer_kde,2.91,2.780450126148552e-17
swimmer_kde,2.9130000000000003,2.1616479940922524e-18
swimmer_kde,2.9160000000000004,1.5038341318606418e-19
swimmer_kde,2.9190000000000005,9.361813809237337e-21
swimmer_kde,2.9219999999999997,5.215130254094162e-22
swimmer_kde,2.925,2.5996532178401068e-23
swimmer_kde,2.928,1.1596068613202919e-24
swimmer_kde,2.931,4.6286168542053646e-26
swimmer_kde,2.934,1.6532433595426247e-27
swimmer_kde,2.9370000000000003,5.284056346719911e-29
swimmer_kde,2.9400000000000004,1.5112739335927336e-30
swimmer_kde,2.9430000000000005,3.8678002922597047e-32
swimmer_kde,2.9459999999999997,8.857884040363242e-34
swimmer_kde,2.949,1.8152691952237569e-35
swimmer_kde,2.952,3.3288726696808877e-37
swimmer_kde,2.955,5.4625877679819506e-39
swimmer_kde,2.958,8.021300208455375e-41
swimmer_kde,2.9610000000000003,1.053989324547257e-42
swimmer_kde,2.9640000000000004,1.2392894483236832e-44
swimmer_kde,2.9670000000000005,1.3039303393389778e-46
swimmer_kde,2.97,1.2276685416190078e-48
swimmer_kde,2.973,1.0343153331729712e-50
swimmer_kde,2.976,7.7977605861045275e-53
swimmer_kde,2.979,5.2605594084088935e-55
swimmer_kde,2.982,3.1756970136167825e-57
swimmer_kde,2.9850000000000003,1.7155022431844978e-59
swimmer_kde,2.9880000000000004,8.292559922685368e-62
swimmer_kde,2.9910000000000005,3.5869972618600194e-64
swimmer_kde,2.994,1.3884126770813588e-66
swimmer_kde,2.997,4.808960326253028e-69
swimmer_kde,3.0,1.490489484776845e-71
