corner,kind,x,y
LR LS,raw,-0.498046875,0.0
LR LS,raw,-0.494140625,0.0
LR LS,raw,-0.490234375,0.0
LR LS,raw,-0.486328125,0.0
LR LS,raw,-0.482421875,0.0
LR LS,raw,-0.478515625,0.0
LR LS,raw,-0.474609375,0.0
LR LS,raw,-0.470703125,0.0
LR LS,raw,-0.466796875,0.0
LR LS,raw,-0.462890625,0.0
LR LS,raw,-0.458984375,0.0
LR LS,raw,-0.455078125,0.0
LR LS,raw,-0.451171875,0.0
LR LS,raw,-0.447265625,0.0
LR LS,raw,-0.443359375,0.0
LR LS,raw,-0.439453125,0.0
LR LS,raw,-0.435546875,0.0
LR LS,raw,-0.431640625,0.0
LR LS,raw,-0.427734375,0.0
LR LS,raw,-0.423828125,0.0
LR LS,raw,-0.419921875,0.0
LR LS,raw,-0.416015625,0.0
LR LS,raw,-0.412109375,0.0
LR LS,raw,-0.408203125,0.0
LR LS,raw,-0.404296875,0.0
LR LS,raw,-0.400390625,0.0
LR LS,raw,-0.396484375,0.0
LR LS,raw,-0.392578125,0.0
LR LS,raw,-0.388671875,0.0
LR LS,raw,-0.384765625,0.0
LR LS,raw,-0.380859375,0.0
LR LS,raw,-0.376953125,0.0
LR LS,raw,-0.373046875,0.0
LR LS,raw,-0.369140625,0.0
LR LS,raw,-0.365234375,0.0
LR LS,raw,-0.361328125,0.0
LR LS,raw,-0.357421875,0.0
LR LS,raw,-0.353515625,0.0
LR LS,raw,-0.349609375,0.0
LR LS,raw,-0.345703125,0.0
LR LS,raw,-0.341796875,0.0
LR LS,raw,-0.337890625,0.0
LR LS,raw,-0.333984375,0.0
LR LS,raw,-0.330078125,0.0
LR LS,raw,-0.326171875,0.0
LR LS,raw,-0.322265625,0.0
LR LS,raw,-0.318359375,0.0
LR LS,raw,-0.314453125,0.0
LR LS,raw,-0.310546875,0.0
LR LS,raw,-0.306640625,0.0
LR LS,raw,-0.302734375,0.0
LR LS,raw,-0.298828125,0.0
LR LS,raw,-0.294921875,0.0
LR LS,raw,-0.291015625,0.0
LR LS,raw,-0.287109375,0.0
LR LS,raw,-0.283203125,0.0
LR LS,raw,-0.279296875,0.0
LR LS,raw,-0.275390625,0.0
LR LS,raw,-0.271484375,0.0
LR LS,raw,-0.267578125,0.0
LR LS,raw,-0.263671875,0.0
LR LS,raw,-0.259765625,0.0
LR LS,raw,-0.255859375,0.0
LR LS,raw,-0.251953125,0.0
LR LS,raw,-0.248046875,0.0
LR LS,raw,-0.244140625,0.0
LR LS,raw,-0.240234375,0.0
LR LS,raw,-0.236328125,0.0
LR LS,raw,-0.232421875,0.0
LR LS,raw,-0.228515625,0.0
LR LS,raw,-0.224609375,0.0
LR LS,raw,-0.220703125,0.0
LR LS,raw,-0.216796875,0.0
LR LS,raw,-0.212890625,0.0
LR LS,raw,-0.208984375,0.0
LR LS,raw,-0.205078125,0.0
LR LS,raw,-0.201171875,0.0
LR LS,raw,-0.197265625,0.0
LR LS,raw,-0.193359375,0.0
LR LS,raw,-0.189453125,0.0
LR LS,raw,-0.185546875,0.0
LR LS,raw,-0.181640625,0.0
LR LS,raw,-0.177734375,0.0
LR LS,raw,-0.173828125,0.0
LR LS,raw,-0.169921875,0.0
LR LS,raw,-0.166015625,0.0
LR LS,raw,-0.162109375,0.0
LR LS,raw,-0.158203125,0.0
LR LS,raw,-0.154296875,0.0
LR LS,raw,-0.150390625,0.0
LR LS,raw,-0.146484375,0.0
LR LS,raw,-0.142578125,0.0
LR LS,raw,-0.138671875,0.0
LR LS,raw,-0.134765625,0.0
LR LS,raw,-0.130859375,0.0
LR LS,raw,-0.126953125,0.0
LR LS,raw,-0.123046875,0.0
LR LS,raw,-0.119140625,0.0
LR LS,raw,-0.115234375,0.0
LR LS,raw,-0.111328125,0.0
LR LS,raw,-0.107421875,0.0
LR LS,raw,-0.103515625,0.0
LR LS,raw,-0.099609375,0.0
LR LS,raw,-0.095703125,0.0
LR LS,raw,-0.091796875,0.0
LR LS,raw,-0.087890625,0.0
LR LS,raw,-0.083984375,0.0
LR LS,raw,-0.080078125,0.0
LR LS,raw,-0.076171875,0.098876953125
LR LS,raw,-0.072265625,0.0
LR LS,raw,-0.068359375,0.06866455078125
LR LS,raw,-0.064453125,0.0698280334472656
LR LS,raw,-0.060546875,0.0636100769042968
LR LS,raw,-0.056640625,0.0557786101227873
LR LS,raw,-0.052734375,0.0559222043215573
LR LS,raw,-0.048828125,0.0474363867137402
LR LS,raw,-0.044921875,0.041696410248245
LR LS,raw,-0.041015625,0.0379687353431871
LR LS,raw,-0.037109375,0.0291869686666624
LR LS,raw,-0.033203125,0.0223237724714381
LR LS,raw,-0.029296875,0.0210197717259882
LR LS,raw,-0.025390625,0.0208415985107421
LR LS,raw,-0.021484375,0.0159526216811028
LR LS,raw,-0.017578125,0.0095689993748243
LR LS,raw,-0.013671875,0.0089986367802912
LR LS,raw,-0.009765625,0.0072439575195312
LR LS,raw,-0.005859375,0.0066582830889126
LR LS,raw,-0.001953125,0.0077606676950179
LR LS,raw,0.001953125,0.0074635502457595
LR LS,raw,0.005859375,0.0068789925257113
LR LS,raw,0.009765625,0.0059980603464254
LR LS,raw,0.013671875,0.0056019108102121
LR LS,raw,0.017578125,0.0048488390412286
LR LS,raw,0.021484375,0.0039138986673452
LR LS,raw,0.025390625,0.0030826299464796
LR LS,raw,0.029296875,0.0022378947855884
LR LS,raw,0.033203125,0.0015977430629705
LR LS,raw,0.037109375,0.0010782257132083
LR LS,raw,0.041015625,0.000666304985634
LR LS,raw,0.044921875,0.0003938963965237
LR LS,raw,0.048828125,0.0002259781239429
LR LS,raw,0.052734375,0.0001007155663445
LR LS,raw,0.056640625,0.000113755055167
LR LS,raw,0.060546875,0.0003939995742881
LR LS,raw,0.064453125,0.000289109235319
LR LS,raw,0.068359375,0.0003155465868298
LR LS,raw,0.072265625,0.0003782253574613
LR LS,raw,0.076171875,0.0004396163700796
LR LS,raw,0.080078125,0.0004739556379971
LR LS,raw,0.083984375,0.0004954097119646
LR LS,raw,0.087890625,0.0005137045043547
LR LS,raw,0.091796875,0.0005221562866219
LR LS,raw,0.095703125,0.0005396151339444
LR LS,raw,0.099609375,0.0005532094545392
LR LS,raw,0.103515625,0.0005639068236472
LR LS,raw,0.107421875,0.00057615881803
LR LS,raw,0.111328125,0.0005914783654489
LR LS,raw,0.115234375,0.0006118483976655
LR LS,raw,0.119140625,0.0006289157874919
LR LS,raw,0.123046875,0.0006365546786584
LR LS,raw,0.126953125,0.0006539953373101
LR LS,raw,0.130859375,0.0006798260804796
LR LS,raw,0.134765625,0.0006986581580512
LR LS,raw,0.138671875,0.0006890653990179
LR LS,raw,0.142578125,0.0007110787486868
LR LS,raw,0.146484375,0.000726998232662
LR LS,raw,0.150390625,0.0007546755941799
LR LS,raw,0.154296875,0.0007510412057751
LR LS,raw,0.158203125,0.0007710138143239
LR LS,raw,0.162109375,0.0007824286817428
LR LS,raw,0.166015625,0.0007981853998179
LR LS,raw,0.169921875,0.0008041236282635
LR LS,raw,0.173828125,0.0008269348780533
LR LS,raw,0.177734375,0.0008374039378417
LR LS,raw,0.181640625,0.0008302614461111
LR LS,raw,0.185546875,0.0008413667564579
LR LS,raw,0.189453125,0.0008454526436774
LR LS,raw,0.193359375,0.0008773282882499
LR LS,raw,0.197265625,0.0008939841176403
LR LS,raw,0.201171875,0.0008938267891202
LR LS,raw,0.205078125,0.0008444017130902
LR LS,raw,0.208984375,0.0009452467086228
LR LS,raw,0.212890625,0.0009105536786031
LR LS,raw,0.216796875,0.0009351746168774
LR LS,raw,0.220703125,0.0009731538395167
LR LS,raw,0.224609375,0.0009251471954119
LR LS,raw,0.228515625,0.0010086854632716
LR LS,raw,0.232421875,0.0010939243054566
LR LS,raw,0.236328125,0.0010517273941676
LR LS,raw,0.240234375,0.0010063345918794
LR LS,raw,0.244140625,0.0010467932387924
LR LS,raw,0.248046875,0.0010757506237037
LR LS,raw,0.251953125,0.0010489826443183
LR LS,raw,0.255859375,0.0010436369381529
LR LS,raw,0.259765625,0.0011575122023387
LR LS,raw,0.263671875,0.001087171242314
LR LS,raw,0.267578125,0.0012610743937356
LR LS,raw,0.271484375,0.0012033195742774
LR LS,raw,0.275390625,0.0012567537135004
LR LS,raw,0.279296875,0.0012531073494167
LR LS,raw,0.283203125,0.0012115642462666
LR LS,raw,0.287109375,0.0011846610844068
LR LS,raw,0.291015625,0.0014192675707241
LR LS,raw,0.294921875,0.0014208781866306
LR LS,raw,0.298828125,0.0014291023395903
LR LS,raw,0.302734375,0.0013401717538218
LR LS,raw,0.306640625,0.0013787241789059
LR LS,raw,0.310546875,0.0014469144452233
LR LS,raw,0.314453125,0.0015742719440967
LR LS,raw,0.318359375,0.0015001986392419
LR LS,raw,0.322265625,0.0015760723997838
LR LS,raw,0.326171875,0.001555405609481
LR LS,raw,0.330078125,0.0015045204836774
LR LS,raw,0.333984375,0.0016361386517431
LR LS,raw,0.337890625,0.001698453344235
LR LS,raw,0.341796875,0.0017413263701751
LR LS,raw,0.345703125,0.0019913349125947
LR LS,raw,0.349609375,0.0020627117390931
LR LS,raw,0.353515625,0.0021284157907981
LR LS,raw,0.357421875,0.0020237778502593
LR LS,raw,0.361328125,0.0021009917703374
LR LS,raw,0.365234375,0.0020392335285271
LR LS,raw,0.369140625,0.0020563720768799
LR LS,raw,0.373046875,0.0020977064228216
LR LS,raw,0.376953125,0.0022331589792543
LR LS,raw,0.380859375,0.0021534661306145
LR LS,raw,0.384765625,0.0021906535414279
LR LS,raw,0.388671875,0.0025548302511022
LR LS,raw,0.392578125,0.0026487215917417
LR LS,raw,0.396484375,0.002668673511323
LR LS,raw,0.400390625,0.0029683443042899
LR LS,raw,0.404296875,0.0030940105304683
LR LS,raw,0.408203125,0.0028663506201493
LR LS,raw,0.412109375,0.002846074668858
LR LS,raw,0.416015625,0.0029688964887419
LR LS,raw,0.419921875,0.0030360613121357
LR LS,raw,0.423828125,0.0029951822722655
LR LS,raw,0.427734375,0.003138737535966
LR LS,raw,0.431640625,0.0034231199862038
LR LS,raw,0.435546875,0.0031955700488271
LR LS,raw,0.439453125,0.0036104318922576
LR LS,raw,0.443359375,0.0035900394304772
LR LS,raw,0.447265625,0.0033639996005434
LR LS,raw,0.451171875,0.0032745652534177
LR LS,raw,0.455078125,0.0039327364886838
LR LS,raw,0.458984375,0.0043426477940187
LR LS,raw,0.462890625,0.0041320350300797
LR LS,raw,0.466796875,0.0038708394558918
LR LS,raw,0.470703125,0.0040274968231832
LR LS,raw,0.474609375,0.0042127187563964
LR LS,raw,0.478515625,0.0047497897108284
LR LS,raw,0.482421875,0.0045669275889204
LR LS,raw,0.486328125,0.0044534932466865
LR LS,raw,0.490234375,0.0049835695682153
LR LS,raw,0.494140625,0.0041651549113775
LR LS,raw,0.498046875,0.0053756113031804
LR LS,raw,0.501953125,0.0051569552858148
LR LS,raw,0.505859375,0.0059264460521693
LR LS,raw,0.509765625,0.0044290941873438
LR LS,raw,0.513671875,0.0052683597997787
LR LS,raw,0.517578125,0.0056263322606894
LR LS,raw,0.521484375,0.0056092715751943
LR LS,raw,0.525390625,0.0064636178010274
LR LS,raw,0.529296875,0.0055214561141514
LR LS,raw,0.533203125,0.0063466051092242
LR LS,raw,0.537109375,0.0060824573445805
LR LS,raw,0.541015625,0.0061646336426601
LR LS,raw,0.544921875,0.0060528245698302
LR LS,raw,0.548828125,0.0060942545875983
LR LS,raw,0.552734375,0.0066893063577118
LR LS,raw,0.556640625,0.0064247401692077
LR LS,raw,0.560546875,0.0077484461447091
LR LS,raw,0.564453125,0.0073488529532184
LR LS,raw,0.568359375,0.0069087431979726
LR LS,raw,0.572265625,0.0073378703858973
LR LS,raw,0.576171875,0.0072880998161156
LR LS,raw,0.580078125,0.0080286028262675
LR LS,raw,0.583984375,0.0078880635193586
LR LS,raw,0.587890625,0.0081205255697422
LR LS,raw,0.591796875,0.0085062536127434
LR LS,raw,0.595703125,0.0079952278577748
LR LS,raw,0.599609375,0.008168500341464
LR LS,raw,0.603515625,0.0084966413738998
LR LS,raw,0.607421875,0.008264023438883
LR LS,raw,0.611328125,0.0085163160298665
LR LS,raw,0.615234375,0.0092250710261698
LR LS,raw,0.619140625,0.0083370041762426
LR LS,raw,0.623046875,0.0095153571052528
LR LS,raw,0.626953125,0.0092219577971875
LR LS,raw,0.630859375,0.0091217604706946
LR LS,raw,0.634765625,0.0093672374791807
LR LS,raw,0.638671875,0.0098214847469178
LR LS,raw,0.642578125,0.0096787210251208
LR LS,raw,0.646484375,0.0095025355737818
LR LS,raw,0.650390625,0.0103762034358407
LR LS,raw,0.654296875,0.0108246239590822
LR LS,raw,0.658203125,0.0108306269607547
LR LS,raw,0.662109375,0.010123536487063
LR LS,raw,0.666015625,0.010810177572443
LR LS,raw,0.669921875,0.0095001710832868
LR LS,raw,0.673828125,0.0111853594327914
LR LS,raw,0.677734375,0.0111629210178728
LR LS,raw,0.681640625,0.0118574995750912
LR LS,raw,0.685546875,0.0105758753450749
LR LS,raw,0.689453125,0.0113528182762199
LR LS,raw,0.693359375,0.0114351469421072
LR LS,raw,0.697265625,0.0116212681795035
LR LS,raw,0.701171875,0.0115598020832925
LR LS,raw,0.705078125,0.0109096702529703
LR LS,raw,0.708984375,0.0113665225043436
LR LS,raw,0.712890625,0.0119830808023239
LR LS,raw,0.716796875,0.012861681255601
LR LS,raw,0.720703125,0.0125567683027838
LR LS,raw,0.724609375,0.0110939956270622
LR LS,raw,0.728515625,0.0119091296453627
LR LS,raw,0.732421875,0.0122976630835124
LR LS,raw,0.736328125,0.0124737325998367
LR LS,raw,0.740234375,0.0136210872270404
LR LS,raw,0.744140625,0.0135099304389892
LR LS,raw,0.748046875,0.0124674296861557
LR LS,raw,0.751953125,0.0122384621603963
LR LS,raw,0.755859375,0.0118318867273178
LR LS,raw,0.759765625,0.0132665815851626
LR LS,raw,0.763671875,0.013072763132331
LR LS,raw,0.767578125,0.0126430163031173
LR LS,raw,0.771484375,0.0129645382068175
LR LS,raw,0.775390625,0.0138551227755235
LR LS,raw,0.779296875,0.0134715952804161
LR LS,raw,0.783203125,0.0133860473738678
LR LS,raw,0.787109375,0.0128143430322576
LR LS,raw,0.791015625,0.0151462672905783
LR LS,raw,0.794921875,0.0150020770223582
LR LS,raw,0.798828125,0.0134380733801155
LR LS,raw,0.802734375,0.0127136870570905
LR LS,raw,0.806640625,0.0124484905820091
LR LS,raw,0.810546875,0.0126984657481309
LR LS,raw,0.814453125,0.013988484908586
LR LS,raw,0.818359375,0.0139983772021128
LR LS,raw,0.822265625,0.0126442558836635
LR LS,raw,0.826171875,0.0140676458995501
LR LS,raw,0.830078125,0.0139507829152558
LR LS,raw,0.833984375,0.0144744650957987
LR LS,raw,0.837890625,0.0138048302671088
LR LS,raw,0.841796875,0.0137785296718709
LR LS,raw,0.845703125,0.0136292839362009
LR LS,raw,0.849609375,0.0141077068063227
LR LS,raw,0.853515625,0.0126096304143796
LR LS,raw,0.857421875,0.013608669134557
LR LS,raw,0.861328125,0.0140993974560281
LR LS,raw,0.865234375,0.0150293261461967
LR LS,raw,0.869140625,0.0140792931500042
LR LS,raw,0.873046875,0.0137108713427908
LR LS,raw,0.876953125,0.0157923338607771
LR LS,raw,0.880859375,0.0147535463282234
LR LS,raw,0.884765625,0.0143954730823294
LR LS,raw,0.888671875,0.0140802415159141
LR LS,raw,0.892578125,0.0128981427785557
LR LS,raw,0.896484375,0.0126798456532257
LR LS,raw,0.900390625,0.0146524501421973
LR LS,raw,0.904296875,0.0158562194693676
LR LS,raw,0.908203125,0.0150248271387675
LR LS,raw,0.912109375,0.0119987344149867
LR LS,raw,0.916015625,0.0137005731349973
LR LS,raw,0.919921875,0.0140567996894766
LR LS,raw,0.923828125,0.0144108680559515
LR LS,raw,0.927734375,0.0136114414788493
LR LS,raw,0.931640625,0.0128359919355737
LR LS,raw,0.935546875,0.0159936990701287
LR LS,raw,0.939453125,0.0141067690319682
LR LS,raw,0.943359375,0.0149529454297795
LR LS,raw,0.947265625,0.0140439546405571
LR LS,raw,0.951171875,0.0137751693127212
LR LS,raw,0.955078125,0.0134991376587909
LR LS,raw,0.958984375,0.0131206652178372
LR LS,raw,0.962890625,0.0150218220703641
LR LS,raw,0.966796875,0.0134327240931971
LR LS,raw,0.970703125,0.0147373867147512
LR LS,raw,0.974609375,0.014627632908313
LR LS,raw,0.978515625,0.0130602194807525
LR LS,raw,0.982421875,0.0141877853913412
LR LS,raw,0.986328125,0.012712953206779
LR LS,raw,0.990234375,0.0137638480990193
LR LS,raw,0.994140625,0.0143156391485615
LR LS,raw,0.998046875,0.0126259120303073
LR LS,raw,1.001953125,0.014419342298851
LR LS,raw,1.005859375,0.0145518864244107
LR LS,raw,1.009765625,0.0145470444463851
LR LS,raw,1.013671875,0.0128589140824304
LR LS,raw,1.017578125,0.0138419470727765
LR LS,raw,1.021484375,0.0135434836792733
LR LS,raw,1.025390625,0.0130957395462671
LR LS,raw,1.029296875,0.0143500916434621
LR LS,raw,1.033203125,0.0141946329088259
LR LS,raw,1.037109375,0.0138191944128456
LR LS,raw,1.041015625,0.0139773415705488
LR LS,raw,1.044921875,0.0146639412463336
LR LS,raw,1.048828125,0.014173831926785
LR LS,raw,1.052734375,0.0133122552693027
LR LS,raw,1.056640625,0.012874042760827
LR LS,raw,1.060546875,0.0147176253957901
LR LS,raw,1.064453125,0.0141483553077988
LR LS,raw,1.068359375,0.0148193309884333
LR LS,raw,1.072265625,0.0133926750862843
LR LS,raw,1.076171875,0.0131957249839808
LR LS,raw,1.080078125,0.0141403747098177
LR LS,raw,1.083984375,0.0130797130886714
LR LS,raw,1.087890625,0.0130081181560436
LR LS,raw,1.091796875,0.0137868267234132
LR LS,raw,1.095703125,0.0134116274309658
LR LS,raw,1.099609375,0.0145725712838341
LR LS,raw,1.103515625,0.0132953857873368
LR LS,raw,1.107421875,0.0137970097765478
LR LS,raw,1.111328125,0.0135546440609321
LR LS,raw,1.115234375,0.0145566912656453
LR LS,raw,1.119140625,0.0128548272116128
LR LS,raw,1.123046875,0.0140218497087698
LR LS,raw,1.126953125,0.014397753144094
LR LS,raw,1.130859375,0.0151107255479847
LR LS,raw,1.134765625,0.013850342717105
LR LS,raw,1.138671875,0.0146554393529082
LR LS,raw,1.142578125,0.0145142410077326
LR LS,raw,1.146484375,0.0150570407038777
LR LS,raw,1.150390625,0.0147278102948638
LR LS,raw,1.154296875,0.0171935280089951
LR LS,raw,1.158203125,0.0183722685061588
LR LS,raw,1.162109375,0.0208361644885517
LR LS,raw,1.166015625,0.0232012422408612
LR LS,raw,1.169921875,0.0195402000231847
LR LS,raw,1.173828125,0.0175730100953561
LR LS,raw,1.177734375,0.0160591191242368
LR LS,raw,1.181640625,0.015101697886871
LR LS,raw,1.185546875,0.0147977369672336
LR LS,raw,1.189453125,0.0139602681701622
LR LS,raw,1.193359375,0.0147442046204953
LR LS,raw,1.197265625,0.0136437955776794
LR LS,raw,1.201171875,0.0134437790320319
LR LS,raw,1.205078125,0.0129707068043014
LR LS,raw,1.208984375,0.0145197163383746
LR LS,raw,1.212890625,0.0129356748639348
LR LS,raw,1.216796875,0.0132034070391475
LR LS,raw,1.220703125,0.0133636904206381
LR LS,raw,1.224609375,0.0134223108311476
LR LS,raw,1.228515625,0.0128590122527625
LR LS,raw,1.232421875,0.0136617210186596
LR LS,raw,1.236328125,0.0136858181942349
LR LS,raw,1.240234375,0.0129403538645864
LR LS,raw,1.244140625,0.0140390415667133
LR LS,raw,1.248046875,0.0131510211503998
LR LS,raw,1.251953125,0.0129844161278358
LR LS,raw,1.255859375,0.0139171773458397
LR LS,raw,1.259765625,0.0124539732697683
LR LS,raw,1.263671875,0.0133985107542279
LR LS,raw,1.267578125,0.0127091126233163
LR LS,raw,1.271484375,0.0129482828588467
LR LS,raw,1.275390625,0.0127004556163438
LR LS,raw,1.279296875,0.0132335137058506
LR LS,raw,1.283203125,0.0111565386653614
LR LS,raw,1.287109375,0.012562200380594
LR LS,raw,1.291015625,0.0120353784730555
LR LS,raw,1.294921875,0.0125851112854148
LR LS,raw,1.298828125,0.01184496679172
LR LS,raw,1.302734375,0.0124511759632659
LR LS,raw,1.306640625,0.0116256466607966
LR LS,raw,1.310546875,0.0115217312334229
LR LS,raw,1.314453125,0.0117143464598218
LR LS,raw,1.318359375,0.0111010589765216
LR LS,raw,1.322265625,0.011028680212792
LR LS,raw,1.326171875,0.0108596932162999
LR LS,raw,1.330078125,0.0111697041407708
LR LS,raw,1.333984375,0.0117023053096197
LR LS,raw,1.337890625,0.0104090841925733
LR LS,raw,1.341796875,0.01009493312673
LR LS,raw,1.345703125,0.0098990869428642
LR LS,raw,1.349609375,0.0099006681762282
LR LS,raw,1.353515625,0.0111208232787247
LR LS,raw,1.357421875,0.0105219765740722
LR LS,raw,1.361328125,0.0097943197028723
LR LS,raw,1.365234375,0.0102385424774777
LR LS,raw,1.369140625,0.0096265080964479
LR LS,raw,1.373046875,0.0098726230034935
LR LS,raw,1.376953125,0.0094655236409337
LR LS,raw,1.380859375,0.008685551170413
LR LS,raw,1.384765625,0.010036225470106
LR LS,raw,1.388671875,0.0090041582732283
LR LS,raw,1.392578125,0.0091057607575632
LR LS,raw,1.396484375,0.0084036338341059
LR LS,raw,1.400390625,0.0089763473130085
LR LS,raw,1.404296875,0.0085049978549119
LR LS,raw,1.408203125,0.0088374528582437
LR LS,raw,1.412109375,0.0086591994532967
LR LS,raw,1.416015625,0.008201305287111
LR LS,raw,1.419921875,0.0088071951002094
LR LS,raw,1.423828125,0.0079373478007423
LR LS,raw,1.427734375,0.0084765361854763
LR LS,raw,1.431640625,0.0082103837650353
LR LS,raw,1.435546875,0.0080540105463272
LR LS,raw,1.439453125,0.0080550068182086
LR LS,raw,1.443359375,0.0085965915804043
LR LS,raw,1.447265625,0.0078055030569646
LR LS,raw,1.451171875,0.0079045360282615
LR LS,raw,1.455078125,0.0075655608337207
LR LS,raw,1.458984375,0.0074598644138537
LR LS,raw,1.462890625,0.0082694652930234
LR LS,raw,1.466796875,0.0071999190562528
LR LS,raw,1.470703125,0.0073893956707085
LR LS,raw,1.474609375,0.0074361974295491
LR LS,raw,1.478515625,0.0075601368532294
LR LS,raw,1.482421875,0.0068857882159407
LR LS,raw,1.486328125,0.0069029997557688
LR LS,raw,1.490234375,0.0065459991778307
LR LS,raw,1.494140625,0.0068501451457074
LR LS,raw,1.498046875,0.006734015286544
LR LS,raw,1.501953125,0.0061177433411279
LR LS,raw,1.505859375,0.0067999566054981
LR LS,raw,1.509765625,0.0061486799819886
LR LS,raw,1.513671875,0.0059179737243051
LR LS,raw,1.517578125,0.0061664956433537
LR LS,raw,1.521484375,0.0064332103093006
LR LS,raw,1.525390625,0.0058655573389893
LR LS,raw,1.529296875,0.0067637130794323
LR LS,raw,1.533203125,0.0061492943114572
LR LS,raw,1.537109375,0.005693265575525
LR LS,raw,1.541015625,0.0056171111485689
LR LS,raw,1.544921875,0.005463472021038
LR LS,raw,1.548828125,0.0055749806763962
LR LS,raw,1.552734375,0.0055615877313936
LR LS,raw,1.556640625,0.0052058353211166
LR LS,raw,1.560546875,0.0053332051022573
LR LS,raw,1.564453125,0.0050744009508806
LR LS,raw,1.568359375,0.0050402978293107
LR LS,raw,1.572265625,0.0048267757394319
LR LS,raw,1.576171875,0.0051860011319732
LR LS,raw,1.580078125,0.0050584611546085
LR LS,raw,1.583984375,0.0046233866820042
LR LS,raw,1.587890625,0.0048832511120736
LR LS,raw,1.591796875,0.0046375128671159
LR LS,raw,1.595703125,0.0041419482840225
LR LS,raw,1.599609375,0.0043519083022522
LR LS,raw,1.603515625,0.0044514647924427
LR LS,raw,1.607421875,0.0040765634671846
LR LS,raw,1.611328125,0.0043320593890943
LR LS,raw,1.615234375,0.004293171429074
LR LS,raw,1.619140625,0.0041206479338598
LR LS,raw,1.623046875,0.0043476771006435
LR LS,raw,1.626953125,0.0040083949984653
LR LS,raw,1.630859375,0.0039413113151731
LR LS,raw,1.634765625,0.0042666241965412
LR LS,raw,1.638671875,0.0040586975016094
LR LS,raw,1.642578125,0.004295245448769
LR LS,raw,1.646484375,0.0040721215244817
LR LS,raw,1.650390625,0.0039542679096755
LR LS,raw,1.654296875,0.0041779527785939
LR LS,raw,1.658203125,0.0040893381314166
LR LS,raw,1.662109375,0.0041875909632338
LR LS,raw,1.666015625,0.0040613696845277
LR LS,raw,1.669921875,0.0042474453805304
LR LS,raw,1.673828125,0.0038541260045645
LR LS,raw,1.677734375,0.0042071463102119
LR LS,raw,1.681640625,0.0040350497421699
LR LS,raw,1.685546875,0.0042127010368275
LR LS,raw,1.689453125,0.0042137902812656
LR LS,raw,1.693359375,0.0039156532579449
LR LS,raw,1.697265625,0.0041230321238003
LR LS,raw,1.701171875,0.0042689918156458
LR LS,raw,1.705078125,0.0045881668813751
LR LS,raw,1.708984375,0.0046976435834253
LR LS,raw,1.712890625,0.0041874552633251
LR LS,raw,1.716796875,0.004454455232981
LR LS,raw,1.720703125,0.0041980532415083
LR LS,raw,1.724609375,0.0041921724616163
LR LS,raw,1.728515625,0.0041736934936208
LR LS,raw,1.732421875,0.0041610615814368
LR LS,raw,1.736328125,0.0045706453413138
LR LS,raw,1.740234375,0.0041007395299413
LR LS,raw,1.744140625,0.0045271216655131
LR LS,raw,1.748046875,0.0042165560674148
LR LS,raw,1.751953125,0.0042640014700583
LR LS,raw,1.755859375,0.0041516899041946
LR LS,raw,1.759765625,0.0046365301909686
LR LS,raw,1.763671875,0.0041485871171544
LR LS,raw,1.767578125,0.0043424866956695
LR LS,raw,1.771484375,0.004548924604656
LR LS,raw,1.775390625,0.0047151805182576
LR LS,raw,1.779296875,0.0045669008511032
LR LS,raw,1.783203125,0.0044085521256426
LR LS,raw,1.787109375,0.004527778035752
LR LS,raw,1.791015625,0.0047913136311522
LR LS,raw,1.794921875,0.00439563755294
LR LS,raw,1.798828125,0.0046310619287371
LR LS,raw,1.802734375,0.0046910480906873
LR LS,raw,1.806640625,0.0042534216797791
LR LS,raw,1.810546875,0.0047316913104555
LR LS,raw,1.814453125,0.0045447363786201
LR LS,raw,1.818359375,0.0046805266097752
LR LS,raw,1.822265625,0.0042417785317934
LR LS,raw,1.826171875,0.0046081869854166
LR LS,raw,1.830078125,0.0047598223983819
LR LS,raw,1.833984375,0.0049226512088956
LR LS,raw,1.837890625,0.0048218916428442
LR LS,raw,1.841796875,0.0046585079890342
LR LS,raw,1.845703125,0.0047012551883207
LR LS,raw,1.849609375,0.0047001964837638
LR LS,raw,1.853515625,0.0045763326619557
LR LS,raw,1.857421875,0.0052174054144524
LR LS,raw,1.861328125,0.0046673465857567
LR LS,raw,1.865234375,0.0046232715837523
LR LS,raw,1.869140625,0.0048227365456545
LR LS,raw,1.873046875,0.0047236039530041
LR LS,raw,1.876953125,0.0047963404355681
LR LS,raw,1.880859375,0.0046624834474525
LR LS,raw,1.884765625,0.0053812414140913
LR LS,raw,1.888671875,0.0046873538043028
LR LS,raw,1.892578125,0.0048983491614836
LR LS,raw,1.896484375,0.0043940536921713
LR LS,raw,1.900390625,0.0044533237876055
LR LS,raw,1.904296875,0.0048595353041493
LR LS,raw,1.908203125,0.0047059043073547
LR LS,raw,1.912109375,0.0044438237002107
LR LS,raw,1.916015625,0.0050363975703412
LR LS,raw,1.919921875,0.0046790691767163
LR LS,raw,1.923828125,0.0048070543235126
LR LS,raw,1.927734375,0.0044890358653503
LR LS,raw,1.931640625,0.0050230430044929
LR LS,raw,1.935546875,0.0053131060792814
LR LS,raw,1.939453125,0.0046784525094807
LR LS,raw,1.943359375,0.0047232934962339
LR LS,raw,1.947265625,0.0047197067884995
LR LS,raw,1.951171875,0.0045980638640809
LR LS,raw,1.955078125,0.0046156583471788
LR LS,raw,1.958984375,0.004913894642224
LR LS,raw,1.962890625,0.0050617344775343
LR LS,raw,1.966796875,0.0048915149746952
LR LS,raw,1.970703125,0.004901424166885
LR LS,raw,1.974609375,0.004550214684965
LR LS,raw,1.978515625,0.0051186878019357
LR LS,raw,1.982421875,0.0047420593275887
LR LS,raw,1.986328125,0.0053964196013962
LR LS,raw,1.990234375,0.0046577210557155
LR LS,raw,1.994140625,0.0052520817699824
LR LS,raw,1.998046875,0.0050027197517434
LR LS,raw,2.001953125,0.0048844603005105
LR LS,raw,2.005859375,0.0049735613829476
LR LS,raw,2.009765625,0.0046449083326993
LR LS,raw,2.013671875,0.0050745919894349
LR LS,raw,2.017578125,0.0049481945071482
LR LS,raw,2.021484375,0.005120078688191
LR LS,raw,2.025390625,0.0045177935887712
LR LS,raw,2.029296875,0.0048235716315235
LR LS,raw,2.033203125,0.0049452463971683
LR LS,raw,2.037109375,0.0052651750747329
LR LS,raw,2.041015625,0.0053866204255687
LR LS,raw,2.044921875,0.0050469837530056
LR LS,raw,2.048828125,0.0049505874297652
LR LS,raw,2.052734375,0.0051655678632951
LR LS,raw,2.056640625,0.0052985882457221
LR LS,raw,2.060546875,0.0049285866103062
LR LS,raw,2.064453125,0.0048131145639656
LR LS,raw,2.068359375,0.0048814347035542
LR LS,raw,2.072265625,0.0049494592102152
LR LS,raw,2.076171875,0.0050176950969949
LR LS,raw,2.080078125,0.0049138910527261
LR LS,raw,2.083984375,0.0052622707817448
LR LS,raw,2.087890625,0.0050808940394018
LR LS,raw,2.091796875,0.0047031240651554
LR LS,raw,2.095703125,0.0049853051018317
LR LS,raw,2.099609375,0.0050240046880288
LR LS,raw,2.103515625,0.0046980609698964
LR LS,raw,2.107421875,0.0047148686971556
LR LS,raw,2.111328125,0.0047425442688225
LR LS,raw,2.115234375,0.0048493792567919
LR LS,raw,2.119140625,0.0051057848066963
LR LS,raw,2.123046875,0.005196865936533
LR LS,raw,2.126953125,0.0046843001402147
LR LS,raw,2.130859375,0.0046533347285947
LR LS,raw,2.134765625,0.0050462390219895
LR LS,raw,2.138671875,0.0046149332073169
LR LS,raw,2.142578125,0.005028171529112
LR LS,raw,2.146484375,0.0045486717229262
LR LS,raw,2.150390625,0.0050322665317737
LR LS,raw,2.154296875,0.0049902844519792
LR LS,raw,2.158203125,0.0048927520227502
LR LS,raw,2.162109375,0.0054002812447502
LR LS,raw,2.166015625,0.0049274886604833
LR LS,raw,2.169921875,0.0050169597167919
LR LS,raw,2.173828125,0.0052610305316276
LR LS,raw,2.177734375,0.0047441734043972
LR LS,raw,2.181640625,0.005020719092444
LR LS,raw,2.185546875,0.0048371667963602
LR LS,raw,2.189453125,0.0053349629082308
LR LS,raw,2.193359375,0.0047786304978505
LR LS,raw,2.197265625,0.0050109843729802
LR LS,raw,2.201171875,0.0046555025415352
LR LS,raw,2.205078125,0.0048545407037277
LR LS,raw,2.208984375,0.0052044105260915
LR LS,raw,2.212890625,0.0047588793083084
LR LS,raw,2.216796875,0.0053021229671068
LR LS,raw,2.220703125,0.0047138635422223
LR LS,raw,2.224609375,0.0048012813289531
LR LS,raw,2.228515625,0.0046634022678973
LR LS,raw,2.232421875,0.0054219895359303
LR LS,raw,2.236328125,0.0045677561039886
LR LS,raw,2.240234375,0.0050024602081518
LR LS,raw,2.244140625,0.0049552244930083
LR LS,raw,2.248046875,0.0051784843278544
LR LS,raw,2.251953125,0.0047590090787403
LR LS,raw,2.255859375,0.0045702148315448
LR LS,raw,2.259765625,0.0050127249030498
LR LS,raw,2.263671875,0.0052357581938124
LR LS,raw,2.267578125,0.0049627690548659
LR LS,raw,2.271484375,0.0049083033739172
LR LS,raw,2.275390625,0.0046153493617094
LR LS,raw,2.279296875,0.0049071622162267
LR LS,raw,2.283203125,0.0051666207877306
LR LS,raw,2.287109375,0.0049600829502538
LR LS,raw,2.291015625,0.0050852669362656
LR LS,raw,2.294921875,0.0050508876450325
LR LS,raw,2.298828125,0.0051209325825212
LR LS,raw,2.302734375,0.0048887032492228
LR LS,raw,2.306640625,0.0050133355944587
LR LS,raw,2.310546875,0.0049778840624622
LR LS,raw,2.314453125,0.0049059943295313
LR LS,raw,2.318359375,0.0048367049479027
LR LS,raw,2.322265625,0.0049296880116089
LR LS,raw,2.326171875,0.0048202967805488
LR LS,raw,2.330078125,0.0049922465016411
LR LS,raw,2.333984375,0.0046535977103322
LR LS,raw,2.337890625,0.0046594187409255
LR LS,raw,2.341796875,0.0050567494099924
LR LS,raw,2.345703125,0.0049439383056005
LR LS,raw,2.349609375,0.0047752050914233
LR LS,raw,2.353515625,0.0051012606020241
LR LS,raw,2.357421875,0.0049801143555674
LR LS,raw,2.361328125,0.004728046704758
LR LS,raw,2.365234375,0.0050778588089468
LR LS,raw,2.369140625,0.0047204785215799
LR LS,raw,2.373046875,0.004951491102253
LR LS,raw,2.376953125,0.0051291745311916
LR LS,raw,2.380859375,0.0052584891793809
LR LS,raw,2.384765625,0.0048779280979064
LR LS,raw,2.388671875,0.0052195692854294
LR LS,raw,2.392578125,0.004997138846932
LR LS,raw,2.396484375,0.0050150557560637
LR LS,raw,2.400390625,0.0052852859638973
LR LS,raw,2.404296875,0.0053089331526166
LR LS,raw,2.408203125,0.0048759624961055
LR LS,raw,2.412109375,0.0051820464643117
LR LS,raw,2.416015625,0.0048577313926153
LR LS,raw,2.419921875,0.0049810807678302
LR LS,raw,2.423828125,0.0048724935629776
LR LS,raw,2.427734375,0.0049497017078463
LR LS,raw,2.431640625,0.0049706129064246
LR LS,raw,2.435546875,0.0048216309343979
LR LS,raw,2.439453125,0.0048214705438203
LR LS,raw,2.443359375,0.0050312185020957
LR LS,raw,2.447265625,0.0048287493219323
LR LS,raw,2.451171875,0.0052133247577945
LR LS,raw,2.455078125,0.0053646894581752
LR LS,raw,2.458984375,0.0051188930698103
LR LS,raw,2.462890625,0.0049376206461574
LR LS,raw,2.466796875,0.0049883799958934
LR LS,raw,2.470703125,0.004965759020321
LR LS,raw,2.474609375,0.0047863058455473
LR LS,raw,2.478515625,0.005004675135342
LR LS,raw,2.482421875,0.0047122460609136
LR LS,raw,2.486328125,0.0047076110091049
LR LS,raw,2.490234375,0.0048671060216932
LR LS,raw,2.494140625,0.0049395345789089
LR LS,raw,2.498046875,0.0048537825977294
LR LS,trend,-0.5,0.0
LR LS,trend,-0.076171875,0.0
LR LS,trend,-0.076171875,0.08215000877934527
LR LS,trend,-0.068359375,0.07253170731041808
LR LS,trend,-0.064453125,0.06779586230808005
LR LS,trend,-0.060546875,0.06310800229479742
LR LS,trend,-0.056640625,0.05846759517302804
LR LS,trend,-0.052734375,0.05387415585952884
LR LS,trend,-0.048828125,0.04932808978677653
LR LS,trend,-0.044921875,0.0448302427049316
LR LS,trend,-0.041015625,0.04038302606129516
LR LS,trend,-0.037109375,0.035992163332323565
LR LS,trend,-0.033203125,0.03167142662096267
LR LS,trend,-0.029296875,0.02746324311227147
LR LS,trend,-0.025390625,0.023465026402084595
LR LS,trend,-0.021484375,0.02040007399529644
LR LS,trend,-0.017578125,0.017632602606239934
LR LS,trend,-0.013671875,0.01517660193609295
LR LS,trend,-0.009765625,0.013022963825770967
LR LS,trend,-0.005859375,0.011158133549440702
LR LS,trend,-0.001953125,0.009565052757212422
LR LS,trend,0.001953125,0.008213566072003462
LR LS,trend,0.005859375,0.00707166372046845
LR LS,trend,0.009765625,0.006105902403121754
LR LS,trend,0.013671875,0.005283479146350583
LR LS,trend,0.017578125,0.004582668222483992
LR LS,trend,0.021484375,0.003986475793214303
LR LS,trend,0.025390625,0.003470071333349904
LR LS,trend,0.029296875,0.0030039139515650533
LR LS,trend,0.033203125,0.0025696249225229104
LR LS,trend,0.037109375,0.002164755430118584
LR LS,trend,0.041015625,0.001793138718074974
LR LS,trend,0.044921875,0.001462274659257079
LR LS,trend,0.048828125,0.0011790647928739337
LR LS,trend,0.052734375,0.0009456382890350182
LR LS,trend,0.056640625,0.0007611120410808249
LR LS,trend,0.060546875,0.000623002917285182
LR LS,trend,0.064453125,0.0005273446453946144
LR LS,trend,0.068359375,0.000467998719451374
LR LS,trend,0.072265625,0.0004377102518262181
LR LS,trend,0.076171875,0.00042926270881106174
LR LS,trend,0.080078125,0.00043600622866381646
LR LS,trend,0.083984375,0.0004523130478909355
LR LS,trend,0.087890625,0.00047368319750237326
LR LS,trend,0.091796875,0.0004967896518001959
LR LS,trend,0.095703125,0.0005194534659876337
LR LS,trend,0.099609375,0.0005405591430130835
LR LS,trend,0.103515625,0.0005598884725903148
LR LS,trend,0.107421875,0.0005778278364094476
LR LS,trend,0.111328125,0.0005947479998184932
LR LS,trend,0.115234375,0.0006106717368558655
LR LS,trend,0.119140625,0.0006258390331680417
LR LS,trend,0.123046875,0.0006405945550059031
LR LS,trend,0.126953125,0.0006551678138812454
LR LS,trend,0.130859375,0.0006696696518993868
LR LS,trend,0.134765625,0.0006841212312569938
LR LS,trend,0.138671875,0.0006984532003695519
LR LS,trend,0.142578125,0.0007125523981926536
LR LS,trend,0.146484375,0.0007263247807112442
LR LS,trend,0.150390625,0.0007397461281050854
LR LS,trend,0.154296875,0.0007528460230722432
LR LS,trend,0.158203125,0.0007656191791725059
LR LS,trend,0.162109375,0.0007779931163131236
LR LS,trend,0.166015625,0.0007900215717357464
LR LS,trend,0.169921875,0.000801750554115249
LR LS,trend,0.173828125,0.0008132519666426675
LR LS,trend,0.177734375,0.000824631028166573
LR LS,trend,0.181640625,0.0008358970897030295
LR LS,trend,0.185546875,0.0008471668511086406
LR LS,trend,0.189453125,0.0008587383944057395
LR LS,trend,0.193359375,0.0008708303383942762
LR LS,trend,0.197265625,0.0008834267770583613
LR LS,trend,0.201171875,0.000896426332751103
LR LS,trend,0.205078125,0.000909706095786498
LR LS,trend,0.208984375,0.0009231044751899775
LR LS,trend,0.212890625,0.00093651309987745
LR LS,trend,0.216796875,0.0009499986044446778
LR LS,trend,0.220703125,0.0009636669599948507
LR LS,trend,0.224609375,0.0009778603909041058
LR LS,trend,0.228515625,0.0009928387500644134
LR LS,trend,0.232421875,0.0010088191038990233
LR LS,trend,0.236328125,0.0010258552528584638
LR LS,trend,0.240234375,0.0010436555484000176
LR LS,trend,0.244140625,0.0010618130893457003
LR LS,trend,0.248046875,0.0010803287247601596
LR LS,trend,0.251953125,0.0010993953837198586
LR LS,trend,0.255859375,0.001119179397218112
LR LS,trend,0.259765625,0.0011396400031048546
LR LS,trend,0.263671875,0.001160593669011903
LR LS,trend,0.267578125,0.0011820998044879847
LR LS,trend,0.271484375,0.0012045116321823914
LR LS,trend,0.275390625,0.0012280390793203819
LR LS,trend,0.279296875,0.0012528264481524143
LR LS,trend,0.283203125,0.0012785603997206166
LR LS,trend,0.287109375,0.0013045544908440116
LR LS,trend,0.291015625,0.0013305004648653683
LR LS,trend,0.294921875,0.0013565503311326159
LR LS,trend,0.298828125,0.0013830570528349827
LR LS,trend,0.302734375,0.0014108428305012624
LR LS,trend,0.306640625,0.0014409991868826418
LR LS,trend,0.310546875,0.0014744365031803513
LR LS,trend,0.314453125,0.0015113347958009592
LR LS,trend,0.318359375,0.0015513983094610614
LR LS,trend,0.322265625,0.0015936084311527843
LR LS,trend,0.326171875,0.0016368377373645188
LR LS,trend,0.330078125,0.0016801911287769643
LR LS,trend,0.333984375,0.0017233671652548805
LR LS,trend,0.337890625,0.0017664369118918577
LR LS,trend,0.341796875,0.0018097277944976618
LR LS,trend,0.345703125,0.001853962434162728
LR LS,trend,0.349609375,0.0019001545351562366
LR LS,trend,0.353515625,0.0019493100692557742
LR LS,trend,0.357421875,0.0020026708885957758
LR LS,trend,0.361328125,0.0020609341244480213
LR LS,trend,0.365234375,0.00212333036794907
LR LS,trend,0.369140625,0.002188031293983934
LR LS,trend,0.373046875,0.0022533295631894453
LR LS,trend,0.376953125,0.0023179540547622977
LR LS,trend,0.380859375,0.0023812946804152926
LR LS,trend,0.384765625,0.002443805358875256
LR LS,trend,0.388671875,0.0025068087356867794
LR LS,trend,0.392578125,0.0025716658929050198
LR LS,trend,0.396484375,0.002639828324739256
LR LS,trend,0.400390625,0.002711662401492194
LR LS,trend,0.404296875,0.0027859434023253123
LR LS,trend,0.408203125,0.0028606339459862455
LR LS,trend,0.412109375,0.0029349992534196483
LR LS,trend,0.416015625,0.0030095725539184895
LR LS,trend,0.419921875,0.0030846935208151296
LR LS,trend,0.423828125,0.003159778034312617
LR LS,trend,0.427734375,0.0032341798661998516
LR LS,trend,0.431640625,0.0033082622611226614
LR LS,trend,0.435546875,0.003384108269749278
LR LS,trend,0.439453125,0.0034635184776288805
LR LS,trend,0.443359375,0.0035471672747669596
LR LS,trend,0.447265625,0.003635167084093781
LR LS,trend,0.451171875,0.0037261124846055898
LR LS,trend,0.455078125,0.0038195561515694293
LR LS,trend,0.458984375,0.00391594693617888
LR LS,trend,0.462890625,0.0040164572370262434
LR LS,trend,0.466796875,0.004119347919675101
LR LS,trend,0.470703125,0.004222876098701553
LR LS,trend,0.474609375,0.0043266731911683525
LR LS,trend,0.478515625,0.004431544544576572
LR LS,trend,0.482421875,0.004539029758162489
LR LS,trend,0.486328125,0.004648680656599857
LR LS,trend,0.490234375,0.004760337471928467
LR LS,trend,0.494140625,0.004873058222533964
LR LS,trend,0.498046875,0.0049859238176015765
LR LS,trend,0.501953125,0.005098882760112642
LR LS,trend,0.505859375,0.00521183532001261
LR LS,trend,0.509765625,0.005323940846857553
LR LS,trend,0.513671875,0.0054339670188745135
LR LS,trend,0.517578125,0.005544430881303778
LR LS,trend,0.521484375,0.0056584925220935665
LR LS,trend,0.525390625,0.005777171796179172
LR LS,trend,0.529296875,0.0058999472759069995
LR LS,trend,0.533203125,0.0060249888917173365
LR LS,trend,0.537109375,0.006152204489217572
LR LS,trend,0.541015625,0.0062819375815350974
LR LS,trend,0.544921875,0.0064146276825452495
LR LS,trend,0.548828125,0.006551458961163526
LR LS,trend,0.552734375,0.006690612408392826
LR LS,trend,0.556640625,0.0068297709103557315
LR LS,trend,0.560546875,0.006967564501057085
LR LS,trend,0.564453125,0.0071053578394814935
LR LS,trend,0.568359375,0.0072439204456755685
LR LS,trend,0.572265625,0.007383503475944661
LR LS,trend,0.576171875,0.007522886524269144
LR LS,trend,0.580078125,0.007661200411793012
LR LS,trend,0.583984375,0.007798439536023749
LR LS,trend,0.587890625,0.007932981189805831
LR LS,trend,0.591796875,0.008063886102115064
LR LS,trend,0.595703125,0.008191733942204382
LR LS,trend,0.599609375,0.008317457772761706
LR LS,trend,0.603515625,0.00844195889779431
LR LS,trend,0.607421875,0.00856707153690218
LR LS,trend,0.611328125,0.008695253777034756
LR LS,trend,0.615234375,0.00882655698237914
LR LS,trend,0.619140625,0.008960118157176088
LR LS,trend,0.623046875,0.009095645032009476
LR LS,trend,0.626953125,0.009231256332805825
LR LS,trend,0.630859375,0.009367020464874585
LR LS,trend,0.634765625,0.009503648661620597
LR LS,trend,0.638671875,0.009642481101262623
LR LS,trend,0.642578125,0.009782003434094317
LR LS,trend,0.646484375,0.009920264117858018
LR LS,trend,0.650390625,0.010056920863555635
LR LS,trend,0.654296875,0.010192336634553517
LR LS,trend,0.658203125,0.010325814334925727
LR LS,trend,0.662109375,0.010455094440992423
LR LS,trend,0.666015625,0.0105778483558283
LR LS,trend,0.669921875,0.01069387467742339
LR LS,trend,0.673828125,0.010806594509449288
LR LS,trend,0.677734375,0.010917812573574512
LR LS,trend,0.681640625,0.01102606604520947
LR LS,trend,0.685546875,0.01113037805488665
LR LS,trend,0.689453125,0.011230660296776258
LR LS,trend,0.693359375,0.011328716831308204
LR LS,trend,0.697265625,0.011429649861520326
LR LS,trend,0.701171875,0.011537585124254315
LR LS,trend,0.705078125,0.0116503376641711
LR LS,trend,0.708984375,0.01176145827951515
LR LS,trend,0.712890625,0.01186533071386251
LR LS,trend,0.716796875,0.011962120885542714
LR LS,trend,0.720703125,0.012054146112436867
LR LS,trend,0.724609375,0.012144038598109343
LR LS,trend,0.728515625,0.01223200781385925
LR LS,trend,0.732421875,0.012319247801155305
LR LS,trend,0.736328125,0.012406609683124434
LR LS,trend,0.740234375,0.012495272334620076
LR LS,trend,0.744140625,0.01258463538733034
LR LS,trend,0.748046875,0.012676612829281711
LR LS,trend,0.751953125,0.0127727470890549
LR LS,trend,0.755859375,0.012871100996568166
LR LS,trend,0.759765625,0.012967498265452791
LR LS,trend,0.763671875,0.013056010911891043
LR LS,trend,0.767578125,0.013130686266950601
LR LS,trend,0.771484375,0.01318952489734138
LR LS,trend,0.775390625,0.01323561736776932
LR LS,trend,0.779296875,0.013274756637769962
LR LS,trend,0.783203125,0.013313245116266846
LR LS,trend,0.787109375,0.013355814071635984
LR LS,trend,0.791015625,0.013404612165326315
LR LS,trend,0.794921875,0.013456595371485764
LR LS,trend,0.798828125,0.01350617264947575
LR LS,trend,0.802734375,0.01354913288568599
LR LS,trend,0.806640625,0.013583476760946685
LR LS,trend,0.810546875,0.013606738023275344
LR LS,trend,0.814453125,0.013617797470459159
LR LS,trend,0.818359375,0.013620725518693129
LR LS,trend,0.822265625,0.01362370574741781
LR LS,trend,0.826171875,0.013632444263556844
LR LS,trend,0.830078125,0.013650586613721335
LR LS,trend,0.833984375,0.01368445643956053
LR LS,trend,0.837890625,0.013737858942414718
LR LS,trend,0.841796875,0.013808186938588004
LR LS,trend,0.845703125,0.013883402075212287
LR LS,trend,0.849609375,0.013948174508724102
LR LS,trend,0.853515625,0.013993227993262965
LR LS,trend,0.857421875,0.014020513101896798
LR LS,trend,0.861328125,0.014040492796883295
LR LS,trend,0.865234375,0.014061012894065925
LR LS,trend,0.869140625,0.014080084811161363
LR LS,trend,0.873046875,0.01409595061805663
LR LS,trend,0.876953125,0.01411095843438539
LR LS,trend,0.880859375,0.014126200393423351
LR LS,trend,0.884765625,0.014138239962798357
LR LS,trend,0.888671875,0.014141750853338842
LR LS,trend,0.892578125,0.0141375942721907
LR LS,trend,0.896484375,0.014127106932767333
LR LS,trend,0.900390625,0.014113222309808377
LR LS,trend,0.904296875,0.014099084747954623
LR LS,trend,0.908203125,0.014088311615635295
LR LS,trend,0.912109375,0.014080300574357737
LR LS,trend,0.916015625,0.014072145326310286
LR LS,trend,0.919921875,0.014064631677963027
LR LS,trend,0.923828125,0.014060003566319966
LR LS,trend,0.927734375,0.014060760580997523
LR LS,trend,0.931640625,0.014064172021745133
LR LS,trend,0.935546875,0.014065755986042261
LR LS,trend,0.939453125,0.014063890074465
LR LS,trend,0.943359375,0.014057272918879607
LR LS,trend,0.947265625,0.014049352360873416
LR LS,trend,0.951171875,0.014042948812327118
LR LS,trend,0.955078125,0.014032699220281056
LR LS,trend,0.958984375,0.01401325336514436
LR LS,trend,0.962890625,0.01398621872288056
LR LS,trend,0.966796875,0.013959248545349252
LR LS,trend,0.970703125,0.01393391443691429
LR LS,trend,0.974609375,0.013910077551526762
LR LS,trend,0.978515625,0.01388721514524049
LR LS,trend,0.982421875,0.013866376373509012
LR LS,trend,0.986328125,0.013850609723552726
LR LS,trend,0.990234375,0.013837995798592474
LR LS,trend,0.994140625,0.013827322893359419
LR LS,trend,0.998046875,0.01381763438390142
LR LS,trend,1.001953125,0.013810863889054078
LR LS,trend,1.005859375,0.013810138346285226
LR LS,trend,1.009765625,0.013816129231024309
LR LS,trend,1.013671875,0.01382691953587971
LR LS,trend,1.017578125,0.013840278354907944
LR LS,trend,1.021484375,0.013856156748469234
LR LS,trend,1.025390625,0.013872897293961687
LR LS,trend,1.029296875,0.013886678231770248
LR LS,trend,1.033203125,0.013895908609748406
LR LS,trend,1.037109375,0.01390030185932842
LR LS,trend,1.041015625,0.013900319615845931
LR LS,trend,1.044921875,0.013895287352395308
LR LS,trend,1.048828125,0.013885957946672767
LR LS,trend,1.052734375,0.013875052506983338
LR LS,trend,1.056640625,0.013863035305163453
LR LS,trend,1.060546875,0.013847580692704064
LR LS,trend,1.064453125,0.013828110117191298
LR LS,trend,1.068359375,0.013807072868669733
LR LS,trend,1.072265625,0.01378699982530452
LR LS,trend,1.076171875,0.013768095933936712
LR LS,trend,1.080078125,0.01375214895118255
LR LS,trend,1.083984375,0.013741078236455508
LR LS,trend,1.087890625,0.013737454214953865
LR LS,trend,1.091796875,0.013742413125047495
LR LS,trend,1.095703125,0.01375632084769934
LR LS,trend,1.099609375,0.013778515910232636
LR LS,trend,1.103515625,0.013810727233424459
LR LS,trend,1.107421875,0.013857475178548047
LR LS,trend,1.111328125,0.013927765660625735
LR LS,trend,1.115234375,0.014030856426461905
LR LS,trend,1.119140625,0.014179695507481287
LR LS,trend,1.123046875,0.01438636908415145
LR LS,trend,1.126953125,0.014651820348516007
LR LS,trend,1.130859375,0.014962111877761985
LR LS,trend,1.134765625,0.015292176407973286
LR LS,trend,1.138671875,0.015615738509127012
LR LS,trend,1.142578125,0.015910406345545077
LR LS,trend,1.146484375,0.01615871396425255
LR LS,trend,1.150390625,0.01635174969467282
LR LS,trend,1.154296875,0.016485678706649555
LR LS,trend,1.158203125,0.016563407352087448
LR LS,trend,1.162109375,0.016590755142324814
LR LS,trend,1.166015625,0.016575722950482423
LR LS,trend,1.169921875,0.016521011035697725
LR LS,trend,1.173828125,0.016425627292052186
LR LS,trend,1.177734375,0.016284366638855463
LR LS,trend,1.181640625,0.016090521988113848
LR LS,trend,1.185546875,0.015839924095440078
LR LS,trend,1.189453125,0.015538012872441364
LR LS,trend,1.193359375,0.0151979597503461
LR LS,trend,1.197265625,0.014840336602851955
LR LS,trend,1.201171875,0.014492633466269503
LR LS,trend,1.205078125,0.014182846608383544
LR LS,trend,1.208984375,0.013930913394168399
LR LS,trend,1.212890625,0.013745435775411522
LR LS,trend,1.216796875,0.013616985371965717
LR LS,trend,1.220703125,0.013526772022012575
LR LS,trend,1.224609375,0.013459721732877798
LR LS,trend,1.228515625,0.013406345571801443
LR LS,trend,1.232421875,0.013361194407193222
LR LS,trend,1.236328125,0.013321237750513307
LR LS,trend,1.240234375,0.013281159052228802
LR LS,trend,1.244140625,0.013237467331249362
LR LS,trend,1.248046875,0.013187232686840284
LR LS,trend,1.251953125,0.013130414269290949
LR LS,trend,1.255859375,0.013067868373874454
LR LS,trend,1.259765625,0.013000611226709508
LR LS,trend,1.263671875,0.012926210611511967
LR LS,trend,1.267578125,0.012844359267761073
LR LS,trend,1.271484375,0.012755430627001036
LR LS,trend,1.275390625,0.012659064096663383
LR LS,trend,1.279296875,0.01255528191250101
LR LS,trend,1.283203125,0.012445130011209128
LR LS,trend,1.287109375,0.01232986506797121
LR LS,trend,1.291015625,0.012212729208353684
LR LS,trend,1.294921875,0.012095317114661166
LR LS,trend,1.298828125,0.011975972934436818
LR LS,trend,1.302734375,0.011853270358406772
LR LS,trend,1.306640625,0.011727109442983887
LR LS,trend,1.310546875,0.011599308391128006
LR LS,trend,1.314453125,0.011473076238137536
LR LS,trend,1.318359375,0.011348801603998471
LR LS,trend,1.322265625,0.011226433743407389
LR LS,trend,1.326171875,0.011104672795714532
LR LS,trend,1.330078125,0.010982410394415163
LR LS,trend,1.333984375,0.010858713039504484
LR LS,trend,1.337890625,0.010734834313462685
LR LS,trend,1.341796875,0.010612045853929988
LR LS,trend,1.345703125,0.010490686163480175
LR LS,trend,1.349609375,0.010370097064153328
LR LS,trend,1.353515625,0.01024946959623959
LR LS,trend,1.357421875,0.010128414565101903
LR LS,trend,1.361328125,0.010007157460430448
LR LS,trend,1.365234375,0.009886557373840959
LR LS,trend,1.369140625,0.009767263655422883
LR LS,trend,1.373046875,0.00965008478803568
LR LS,trend,1.376953125,0.00953624837065978
LR LS,trend,1.380859375,0.009424965753218401
LR LS,trend,1.384765625,0.009314312284356202
LR LS,trend,1.388671875,0.009202366486814618
LR LS,trend,1.392578125,0.009089770648892359
LR LS,trend,1.396484375,0.008979602218117992
LR LS,trend,1.400390625,0.008876135151092457
LR LS,trend,1.404296875,0.008781104210887463
LR LS,trend,1.408203125,0.00869257151730879
LR LS,trend,1.412109375,0.008608347795251136
LR LS,trend,1.416015625,0.008527447274858798
LR LS,trend,1.419921875,0.008449664101161656
LR LS,trend,1.423828125,0.008374153549172878
LR LS,trend,1.427734375,0.008299640027068613
LR LS,trend,1.431640625,0.008226357295560609
LR LS,trend,1.435546875,0.008154938739608236
LR LS,trend,1.439453125,0.008082784854349035
LR LS,trend,1.443359375,0.008008005936772691
LR LS,trend,1.447265625,0.007929369159575504
LR LS,trend,1.451171875,0.00784708727403272
LR LS,trend,1.455078125,0.007760987449140624
LR LS,trend,1.458984375,0.00767064907508284
LR LS,trend,1.462890625,0.007576429496539733
LR LS,trend,1.466796875,0.007478550310471385
LR LS,trend,1.470703125,0.00737694109697095
LR LS,trend,1.474609375,0.007272102673869493
LR LS,trend,1.478515625,0.007166437422300506
LR LS,trend,1.482421875,0.007061544079420379
LR LS,trend,1.486328125,0.006960040483454985
LR LS,trend,1.490234375,0.006863535622938546
LR LS,trend,1.494140625,0.0067711043991690945
LR LS,trend,1.498046875,0.006680280907823278
LR LS,trend,1.501953125,0.006589668344575306
LR LS,trend,1.505859375,0.006499091859824536
LR LS,trend,1.509765625,0.006409556011005005
LR LS,trend,1.513671875,0.006321247224246965
LR LS,trend,1.517578125,0.006233573305611298
LR LS,trend,1.521484375,0.0061472930169657715
LR LS,trend,1.525390625,0.006062648223742785
LR LS,trend,1.529296875,0.00597878605834065
LR LS,trend,1.533203125,0.005895449475578556
LR LS,trend,1.537109375,0.005812865779801384
LR LS,trend,1.541015625,0.005730498959501266
LR LS,trend,1.544921875,0.005648039556220964
LR LS,trend,1.548828125,0.0055641836025310506
LR LS,trend,1.552734375,0.0054772340761144135
LR LS,trend,1.556640625,0.005386849868606192
LR LS,trend,1.560546875,0.005293050615253127
LR LS,trend,1.564453125,0.005197413776013706
LR LS,trend,1.568359375,0.005102864947494076
LR LS,trend,1.572265625,0.005011775666080593
LR LS,trend,1.576171875,0.0049254796550131635
LR LS,trend,1.580078125,0.004844975488211656
LR LS,trend,1.583984375,0.0047686106478381585
LR LS,trend,1.587890625,0.004695018889854775
LR LS,trend,1.591796875,0.004624564981538073
LR LS,trend,1.595703125,0.004557793022504245
LR LS,trend,1.599609375,0.004495365161981831
LR LS,trend,1.603515625,0.004437267147921009
LR LS,trend,1.607421875,0.0043831537021366
LR LS,trend,1.611328125,0.004333414578929574
LR LS,trend,1.615234375,0.0042886521021832415
LR LS,trend,1.619140625,0.004249844984865077
LR LS,trend,1.623046875,0.00421776896516248
LR LS,trend,1.626953125,0.004192728850209049
LR LS,trend,1.630859375,0.00417317758804099
LR LS,trend,1.634765625,0.004157753688407939
LR LS,trend,1.638671875,0.004145583437393405
LR LS,trend,1.642578125,0.0041357049912702955
LR LS,trend,1.646484375,0.004127722538270346
LR LS,trend,1.650390625,0.004121477783630867
LR LS,trend,1.654296875,0.004116731180364787
LR LS,trend,1.658203125,0.004113858048544657
LR LS,trend,1.662109375,0.004114471186594551
LR LS,trend,1.666015625,0.0041196499132722135
LR LS,trend,1.669921875,0.004128976886793986
LR LS,trend,1.673828125,0.004141635342163247
LR LS,trend,1.677734375,0.004156021045216097
LR LS,trend,1.681640625,0.004171091602684512
LR LS,trend,1.685546875,0.0041859843494856065
LR LS,trend,1.689453125,0.0041998522437407424
LR LS,trend,1.693359375,0.004212775053935329
LR LS,trend,1.697265625,0.004224518103464076
LR LS,trend,1.701171875,0.004235927519727419
LR LS,trend,1.705078125,0.004247749714630516
LR LS,trend,1.708984375,0.004259906774101649
LR LS,trend,1.712890625,0.004271866408309849
LR LS,trend,1.716796875,0.004283267121049118
LR LS,trend,1.720703125,0.004293272431848716
LR LS,trend,1.724609375,0.004301162444005716
LR LS,trend,1.728515625,0.004307506178368348
LR LS,trend,1.732421875,0.00431317753273342
LR LS,trend,1.736328125,0.004318955231820659
LR LS,trend,1.740234375,0.004325123486405073
LR LS,trend,1.744140625,0.0043324336614868975
LR LS,trend,1.748046875,0.004342728507898668
LR LS,trend,1.751953125,0.004356695064856841
LR LS,trend,1.755859375,0.004374118172964922
LR LS,trend,1.759765625,0.00439366079979164
LR LS,trend,1.763671875,0.004413288885263596
LR LS,trend,1.767578125,0.004432252182441617
LR LS,trend,1.771484375,0.00445015133756314
LR LS,trend,1.775390625,0.0044671863570320495
LR LS,trend,1.779296875,0.004483136429509735
LR LS,trend,1.783203125,0.004498152165924921
LR LS,trend,1.787109375,0.004512768581539215
LR LS,trend,1.791015625,0.00452746117072292
LR LS,trend,1.794921875,0.004542704114091274
LR LS,trend,1.798828125,0.004557777702802979
LR LS,trend,1.802734375,0.004572219154665007
LR LS,trend,1.806640625,0.004585680037336794
LR LS,trend,1.810546875,0.004598014702133469
LR LS,trend,1.814453125,0.004610018458165925
LR LS,trend,1.818359375,0.004622570652039574
LR LS,trend,1.822265625,0.004635779208618152
LR LS,trend,1.826171875,0.004649239211352141
LR LS,trend,1.830078125,0.004662539844612533
LR LS,trend,1.833984375,0.004675823224952912
LR LS,trend,1.837890625,0.004689667908686373
LR LS,trend,1.841796875,0.004705011287574161
LR LS,trend,1.845703125,0.004721335828246185
LR LS,trend,1.849609375,0.004737883843006925
LR LS,trend,1.853515625,0.004752510157966434
LR LS,trend,1.857421875,0.004763337901577289
LR LS,trend,1.861328125,0.004770357014989366
LR LS,trend,1.865234375,0.004773148983952684
LR LS,trend,1.869140625,0.004771680310662317
LR LS,trend,1.873046875,0.004767566749524241
LR LS,trend,1.876953125,0.004762991602515492
LR LS,trend,1.880859375,0.00475913089097194
LR LS,trend,1.884765625,0.004755850101396139
LR LS,trend,1.888671875,0.004753546594871067
LR LS,trend,1.892578125,0.004753085932707207
LR LS,trend,1.896484375,0.004754410743132925
LR LS,trend,1.900390625,0.004756725743565947
LR LS,trend,1.904296875,0.004759216286085507
LR LS,trend,1.908203125,0.004760885911108002
LR LS,trend,1.912109375,0.004760386929115324
LR LS,trend,1.916015625,0.00475857981939376
LR LS,trend,1.919921875,0.00475768619985934
LR LS,trend,1.923828125,0.0047592759234456605
LR LS,trend,1.927734375,0.004764219020752138
LR LS,trend,1.931640625,0.004772263296693477
LR LS,trend,1.935546875,0.0047830205453158
LR LS,trend,1.939453125,0.00479465478448866
LR LS,trend,1.943359375,0.004806463347137951
LR LS,trend,1.947265625,0.004817511403176351
LR LS,trend,1.951171875,0.004828413214157377
LR LS,trend,1.955078125,0.004839551512492232
LR LS,trend,1.958984375,0.004850431801164743
LR LS,trend,1.962890625,0.00486094962564742
LR LS,trend,1.966796875,0.004870951185343144
LR LS,trend,1.970703125,0.004880198599960482
LR LS,trend,1.974609375,0.004889273569639525
LR LS,trend,1.978515625,0.00489897385184517
LR LS,trend,1.982421875,0.004909071999189784
LR LS,trend,1.986328125,0.004917987787339458
LR LS,trend,1.990234375,0.004924438822735639
LR LS,trend,1.994140625,0.0049292744972851505
LR LS,trend,1.998046875,0.0049342536417827185
LR LS,trend,2.001953125,0.004940259297159919
LR LS,trend,2.005859375,0.004947612592369957
LR LS,trend,2.009765625,0.004956510169752106
LR LS,trend,2.013671875,0.004966464648759774
LR LS,trend,2.017578125,0.004976093322078064
LR LS,trend,2.021484375,0.004984038578955496
LR LS,trend,2.025390625,0.0049897836145000145
LR LS,trend,2.029296875,0.004993867034336806
LR LS,trend,2.033203125,0.0049969185931760945
LR LS,trend,2.037109375,0.004999937730449379
LR LS,trend,2.041015625,0.00500382134183333
LR LS,trend,2.044921875,0.00500926996803429
LR LS,trend,2.048828125,0.005014878745019162
LR LS,trend,2.052734375,0.0050194904034679515
LR LS,trend,2.056640625,0.005022480478795297
LR LS,trend,2.060546875,0.00502272091147954
LR LS,trend,2.064453125,0.005019123239080593
LR LS,trend,2.068359375,0.005010502776443476
LR LS,trend,2.072265625,0.004996906667818021
LR LS,trend,2.076171875,0.004980265133233661
LR LS,trend,2.080078125,0.004964077077423943
LR LS,trend,2.083984375,0.004950233783539362
LR LS,trend,2.087890625,0.004939094027643444
LR LS,trend,2.091796875,0.004930068588156287
LR LS,trend,2.095703125,0.004921853898844343
LR LS,trend,2.099609375,0.004914209055039551
LR LS,trend,2.103515625,0.004906532662776832
LR LS,trend,2.107421875,0.00489826652073468
LR LS,trend,2.111328125,0.004889267413874936
LR LS,trend,2.115234375,0.004880693878045594
LR LS,trend,2.119140625,0.004874969346386883
LR LS,trend,2.123046875,0.004873547037525848
LR LS,trend,2.126953125,0.004876898707795811
LR LS,trend,2.130859375,0.004884762847646977
LR LS,trend,2.134765625,0.004895623167856263
LR LS,trend,2.138671875,0.00490738651934184
LR LS,trend,2.142578125,0.004918530953630358
LR LS,trend,2.146484375,0.004929138754187631
LR LS,trend,2.150390625,0.004938471065197553
LR LS,trend,2.154296875,0.004946126191893188
LR LS,trend,2.158203125,0.004952164203109842
LR LS,trend,2.162109375,0.00495738167406702
LR LS,trend,2.166015625,0.004963024684602644
LR LS,trend,2.169921875,0.004969039220585946
LR LS,trend,2.173828125,0.0049748158665158014
LR LS,trend,2.177734375,0.004978800359851326
LR LS,trend,2.181640625,0.004979948863037832
LR LS,trend,2.185546875,0.004977820531975566
LR LS,trend,2.189453125,0.004972959296285274
LR LS,trend,2.193359375,0.004965862960569749
LR LS,trend,2.197265625,0.004957177515604875
LR LS,trend,2.201171875,0.004948545013541057
LR LS,trend,2.205078125,0.0049412453439978375
LR LS,trend,2.208984375,0.004935552975427746
LR LS,trend,2.212890625,0.004930895397284006
LR LS,trend,2.216796875,0.004926733799526468
LR LS,trend,2.220703125,0.004923892500033985
LR LS,trend,2.224609375,0.004922486445057527
LR LS,trend,2.228515625,0.004921841141272521
LR LS,trend,2.232421875,0.0049214639355610315
LR LS,trend,2.236328125,0.004921237251651695
LR LS,trend,2.240234375,0.004921313753079446
LR LS,trend,2.244140625,0.004921450328595397
LR LS,trend,2.248046875,0.00492227455724904
LR LS,trend,2.251953125,0.004924474146016625
LR LS,trend,2.255859375,0.00492875619076487
LR LS,trend,2.259765625,0.004934770361404507
LR LS,trend,2.263671875,0.004941641126329069
LR LS,trend,2.267578125,0.00494866897747877
LR LS,trend,2.271484375,0.0049544864512707735
LR LS,trend,2.275390625,0.0049586976233186595
LR LS,trend,2.279296875,0.0049615238807306635
LR LS,trend,2.283203125,0.004963224698049838
LR LS,trend,2.287109375,0.004963491062424506
LR LS,trend,2.291015625,0.004962370900349749
LR LS,trend,2.294921875,0.004959467865477111
LR LS,trend,2.298828125,0.0049548804951590345
LR LS,trend,2.302734375,0.0049488112053649325
LR LS,trend,2.306640625,0.00494213103340061
LR LS,trend,2.310546875,0.004936247143365233
LR LS,trend,2.314453125,0.004931008061046629
LR LS,trend,2.318359375,0.00492512409246899
LR LS,trend,2.322265625,0.004918309192681699
LR LS,trend,2.326171875,0.0049108265057743435
LR LS,trend,2.330078125,0.004903930378310113
LR LS,trend,2.333984375,0.004898978176743737
LR LS,trend,2.337890625,0.004896857862434897
LR LS,trend,2.341796875,0.004898021172997084
LR LS,trend,2.345703125,0.004902804687714766
LR LS,trend,2.349609375,0.004910792128795029
LR LS,trend,2.353515625,0.0049213321622566504
LR LS,trend,2.357421875,0.004934546362977274
LR LS,trend,2.361328125,0.004950135031084843
LR LS,trend,2.365234375,0.004966868911002563
LR LS,trend,2.369140625,0.0049837560436396516
LR LS,trend,2.373046875,0.004999487866617029
LR LS,trend,2.376953125,0.005012952718671364
LR LS,trend,2.380859375,0.00502341593804038
LR LS,trend,2.384765625,0.005030633491380665
LR LS,trend,2.388671875,0.005035226122399074
LR LS,trend,2.392578125,0.0050376296600129515
LR LS,trend,2.396484375,0.005037537867117532
LR LS,trend,2.400390625,0.005035166851862216
LR LS,trend,2.404296875,0.00503093185130555
LR LS,trend,2.408203125,0.005025408391095533
LR LS,trend,2.412109375,0.005019755393494684
LR LS,trend,2.416015625,0.005014973594740975
LR LS,trend,2.419921875,0.00501094793512038
LR LS,trend,2.423828125,0.005007766625418524
LR LS,trend,2.427734375,0.00500499652639142
LR LS,trend,2.431640625,0.00500162699884104
LR LS,trend,2.435546875,0.004997119316652811
LR LS,trend,2.439453125,0.004991410699651161
LR LS,trend,2.443359375,0.004984482376265541
LR LS,trend,2.447265625,0.004977232613489027
LR LS,trend,2.451171875,0.004970648670658159
LR LS,trend,2.455078125,0.004960280210608095
LR LS,trend,2.458984375,0.0049514864527369015
LR LS,trend,2.462890625,0.004943488798668643
LR LS,trend,2.466796875,0.004935578741872831
LR LS,trend,2.470703125,0.004927346074359571
LR LS,trend,2.474609375,0.0049185512334852105
LR LS,trend,2.478515625,0.0049090610965524
LR LS,trend,2.482421875,0.004898829700458627
LR LS,trend,2.486328125,0.004887843746061206
LR LS,trend,2.490234375,0.004876162790590825
LR LS,trend,2.494140625,0.004863907110776145
LR LS,trend,2.498046875,0.004851196593980434
LR HS,raw,-0.498046875,0.0
LR HS,raw,-0.494140625,0.0
LR HS,raw,-0.490234375,0.0
LR HS,raw,-0.486328125,0.0
LR HS,raw,-0.482421875,0.0
LR HS,raw,-0.478515625,0.0
LR HS,raw,-0.474609375,0.0
LR HS,raw,-0.470703125,0.0
LR HS,raw,-0.466796875,0.0
LR HS,raw,-0.462890625,0.0
LR HS,raw,-0.458984375,0.0
LR HS,raw,-0.455078125,0.0
LR HS,raw,-0.451171875,0.0
LR HS,raw,-0.447265625,0.0
LR HS,raw,-0.443359375,0.0
LR HS,raw,-0.439453125,0.0
LR HS,raw,-0.435546875,0.0
LR HS,raw,-0.431640625,0.0
LR HS,raw,-0.427734375,0.0
LR HS,raw,-0.423828125,0.0
LR HS,raw,-0.419921875,0.0
LR HS,raw,-0.416015625,0.0
LR HS,raw,-0.412109375,0.0
LR HS,raw,-0.408203125,0.0
LR HS,raw,-0.404296875,0.0
LR HS,raw,-0.400390625,0.0
LR HS,raw,-0.396484375,0.0
LR HS,raw,-0.392578125,0.0
LR HS,raw,-0.388671875,0.0
LR HS,raw,-0.384765625,0.0
LR HS,raw,-0.380859375,0.0
LR HS,raw,-0.376953125,0.0
LR HS,raw,-0.373046875,0.0
LR HS,raw,-0.369140625,0.0
LR HS,raw,-0.365234375,0.0
LR HS,raw,-0.361328125,0.0
LR HS,raw,-0.357421875,0.0
LR HS,raw,-0.353515625,0.0
LR HS,raw,-0.349609375,0.0
LR HS,raw,-0.345703125,0.0
LR HS,raw,-0.341796875,0.0
LR HS,raw,-0.337890625,0.0
LR HS,raw,-0.333984375,0.0
LR HS,raw,-0.330078125,0.0
LR HS,raw,-0.326171875,0.0
LR HS,raw,-0.322265625,0.0
LR HS,raw,-0.318359375,0.0
LR HS,raw,-0.314453125,0.0
LR HS,raw,-0.310546875,0.0
LR HS,raw,-0.306640625,0.0
LR HS,raw,-0.302734375,0.0
LR HS,raw,-0.298828125,0.0
LR HS,raw,-0.294921875,0.0
LR HS,raw,-0.291015625,0.0
LR HS,raw,-0.287109375,0.0
LR HS,raw,-0.283203125,0.0
LR HS,raw,-0.279296875,0.0
LR HS,raw,-0.275390625,0.0
LR HS,raw,-0.271484375,0.0
LR HS,raw,-0.267578125,0.0
LR HS,raw,-0.263671875,0.0
LR HS,raw,-0.259765625,0.0
LR HS,raw,-0.255859375,0.0
LR HS,raw,-0.251953125,0.0
LR HS,raw,-0.248046875,0.0
LR HS,raw,-0.244140625,0.0
LR HS,raw,-0.240234375,0.0
LR HS,raw,-0.236328125,0.0
LR HS,raw,-0.232421875,0.0
LR HS,raw,-0.228515625,0.0
LR HS,raw,-0.224609375,0.0
LR HS,raw,-0.220703125,0.0
LR HS,raw,-0.216796875,0.0
LR HS,raw,-0.212890625,0.0
LR HS,raw,-0.208984375,0.0
LR HS,raw,-0.205078125,0.0
LR HS,raw,-0.201171875,0.0
LR HS,raw,-0.197265625,0.0
LR HS,raw,-0.193359375,0.0
LR HS,raw,-0.189453125,0.0
LR HS,raw,-0.185546875,0.0
LR HS,raw,-0.181640625,0.0
LR HS,raw,-0.177734375,0.0
LR HS,raw,-0.173828125,0.0
LR HS,raw,-0.169921875,0.0
LR HS,raw,-0.166015625,0.0
LR HS,raw,-0.162109375,0.0
LR HS,raw,-0.158203125,0.0
LR HS,raw,-0.154296875,0.0
LR HS,raw,-0.150390625,0.0
LR HS,raw,-0.146484375,0.0
LR HS,raw,-0.142578125,0.0
LR HS,raw,-0.138671875,0.0
LR HS,raw,-0.134765625,0.0
LR HS,raw,-0.130859375,0.0
LR HS,raw,-0.126953125,0.0
LR HS,raw,-0.123046875,0.0
LR HS,raw,-0.119140625,0.0
LR HS,raw,-0.115234375,0.0
LR HS,raw,-0.111328125,0.0
LR HS,raw,-0.107421875,0.0
LR HS,raw,-0.103515625,0.0
LR HS,raw,-0.099609375,0.0
LR HS,raw,-0.095703125,0.0
LR HS,raw,-0.091796875,0.0
LR HS,raw,-0.087890625,0.0
LR HS,raw,-0.083984375,0.0
LR HS,raw,-0.080078125,0.0
LR HS,raw,-0.076171875,0.0
LR HS,raw,-0.072265625,0.0
LR HS,raw,-0.068359375,0.0464820861816406
LR HS,raw,-0.064453125,0.0617027282714843
LR HS,raw,-0.060546875,0.0603648594447544
LR HS,raw,-0.056640625,0.0603996405080586
LR HS,raw,-0.052734375,0.055116782656092
LR HS,raw,-0.048828125,0.048202645065438
LR HS,raw,-0.044921875,0.0427525932639345
LR HS,raw,-0.041015625,0.037013714318187
LR HS,raw,-0.037109375,0.0323838245215656
LR HS,raw,-0.033203125,0.026118733483354
LR HS,raw,-0.029296875,0.0236465977687461
LR HS,raw,-0.025390625,0.0197816675359552
LR HS,raw,-0.021484375,0.0176151593526204
LR HS,raw,-0.017578125,0.0114767437889462
LR HS,raw,-0.013671875,0.0088100159531614
LR HS,raw,-0.009765625,0.0082282078118971
LR HS,raw,-0.005859375,0.0071313195326142
LR HS,raw,-0.001953125,0.007719380052444
LR HS,raw,0.001953125,0.0076765629304896
LR HS,raw,0.005859375,0.0072207634968284
LR HS,raw,0.009765625,0.0065816691305651
LR HS,raw,0.013671875,0.0059020819624855
LR HS,raw,0.017578125,0.0049764861318555
LR HS,raw,0.021484375,0.004064445531999
LR HS,raw,0.025390625,0.0032237576268945
LR HS,raw,0.029296875,0.0023319386023592
LR HS,raw,0.033203125,0.0016356939269159
LR HS,raw,0.037109375,0.0010964872376315
LR HS,raw,0.041015625,0.0007017242886662
LR HS,raw,0.044921875,0.0004244062949128
LR HS,raw,0.048828125,0.0002769158987076
LR HS,raw,0.052734375,0.0001495031476911
LR HS,raw,0.056640625,0.0001598820666983
LR HS,raw,0.060546875,0.0003892255248539
LR HS,raw,0.064453125,0.0002852240136384
LR HS,raw,0.068359375,0.0003097479813256
LR HS,raw,0.072265625,0.0003727313404225
LR HS,raw,0.076171875,0.0004283653546253
LR HS,raw,0.080078125,0.0004650039521637
LR HS,raw,0.083984375,0.0004854694283576
LR HS,raw,0.087890625,0.0005015253987226
LR HS,raw,0.091796875,0.0005108226191896
LR HS,raw,0.095703125,0.0005265695967874
LR HS,raw,0.099609375,0.000538776533722
LR HS,raw,0.103515625,0.0005504133352516
LR HS,raw,0.107421875,0.0005731289908822
LR HS,raw,0.111328125,0.0005880691932899
LR HS,raw,0.115234375,0.0006007759146774
LR HS,raw,0.119140625,0.000613073416339
LR HS,raw,0.123046875,0.0006271335046838
LR HS,raw,0.126953125,0.0006460532737173
LR HS,raw,0.130859375,0.0006813307871883
LR HS,raw,0.134765625,0.0006801182219693
LR HS,raw,0.138671875,0.0006998995977821
LR HS,raw,0.142578125,0.0007246513474264
LR HS,raw,0.146484375,0.0007494582928968
LR HS,raw,0.150390625,0.0007674625289133
LR HS,raw,0.154296875,0.0007947356088051
LR HS,raw,0.158203125,0.0008056447011827
LR HS,raw,0.162109375,0.0008180181308893
LR HS,raw,0.166015625,0.0008537371218641
LR HS,raw,0.169921875,0.0008422322940459
LR HS,raw,0.173828125,0.0008772461574074
LR HS,raw,0.177734375,0.0008977347879027
LR HS,raw,0.181640625,0.0009315992546443
LR HS,raw,0.185546875,0.0009162391743464
LR HS,raw,0.189453125,0.0009241460750967
LR HS,raw,0.193359375,0.0009483540704826
LR HS,raw,0.197265625,0.0009696385855786
LR HS,raw,0.201171875,0.00104445744251
LR HS,raw,0.205078125,0.0010134755154482
LR HS,raw,0.208984375,0.0010379632965163
LR HS,raw,0.212890625,0.0010568863802231
LR HS,raw,0.216796875,0.0010703271696693
LR HS,raw,0.220703125,0.0011108935646686
LR HS,raw,0.224609375,0.001127162103743
LR HS,raw,0.228515625,0.0011127293120759
LR HS,raw,0.232421875,0.0011603245664334
LR HS,raw,0.236328125,0.0012273768733834
LR HS,raw,0.240234375,0.0012086439363695
LR HS,raw,0.244140625,0.0012094241011506
LR HS,raw,0.248046875,0.0013080740486538
LR HS,raw,0.251953125,0.0013851187329129
LR HS,raw,0.255859375,0.0013429635354547
LR HS,raw,0.259765625,0.001415629145983
LR HS,raw,0.263671875,0.0015424839435524
LR HS,raw,0.267578125,0.0016029950479724
LR HS,raw,0.271484375,0.0016637530149391
LR HS,raw,0.275390625,0.0015792887282222
LR HS,raw,0.279296875,0.0016287622987235
LR HS,raw,0.283203125,0.0016164499159667
LR HS,raw,0.287109375,0.0017937255033864
LR HS,raw,0.291015625,0.0016817613745635
LR HS,raw,0.294921875,0.001975483360405
LR HS,raw,0.298828125,0.0018426375748112
LR HS,raw,0.302734375,0.0020601567451069
LR HS,raw,0.306640625,0.0019837040593884
LR HS,raw,0.310546875,0.0021098895544112
LR HS,raw,0.314453125,0.0019968603339552
LR HS,raw,0.318359375,0.0023334336713397
LR HS,raw,0.322265625,0.0023444806772056
LR HS,raw,0.326171875,0.0026934099099608
LR HS,raw,0.330078125,0.0024529253663463
LR HS,raw,0.333984375,0.0024748693605952
LR HS,raw,0.337890625,0.0029417479053023
LR HS,raw,0.341796875,0.0028957092046064
LR HS,raw,0.345703125,0.0027075858033223
LR HS,raw,0.349609375,0.002845389987116
LR HS,raw,0.353515625,0.0031208236810683
LR HS,raw,0.357421875,0.0029872877098978
LR HS,raw,0.361328125,0.0033690504180432
LR HS,raw,0.365234375,0.0032910545073314
LR HS,raw,0.369140625,0.0033616935204936
LR HS,raw,0.373046875,0.0034958375416202
LR HS,raw,0.376953125,0.0034737492490448
LR HS,raw,0.380859375,0.0036681608517429
LR HS,raw,0.384765625,0.0040533284124716
LR HS,raw,0.388671875,0.0038458311706748
LR HS,raw,0.392578125,0.0039648288931096
LR HS,raw,0.396484375,0.0043535867318873
LR HS,raw,0.400390625,0.0046763403774745
LR HS,raw,0.404296875,0.0044321051099869
LR HS,raw,0.408203125,0.004506093696782
LR HS,raw,0.412109375,0.0048869047263235
LR HS,raw,0.416015625,0.0049106288057348
LR HS,raw,0.419921875,0.0058263416331829
LR HS,raw,0.423828125,0.0050353820260307
LR HS,raw,0.427734375,0.0054268405343934
LR HS,raw,0.431640625,0.0063166405129899
LR HS,raw,0.435546875,0.0055038485241986
LR HS,raw,0.439453125,0.005925768358792
LR HS,raw,0.443359375,0.0055499442388499
LR HS,raw,0.447265625,0.0063420111831392
LR HS,raw,0.451171875,0.0063796604263594
LR HS,raw,0.455078125,0.0065792681427601
LR HS,raw,0.458984375,0.0066251649141231
LR HS,raw,0.462890625,0.0065635142134957
LR HS,raw,0.466796875,0.0075750546196988
LR HS,raw,0.470703125,0.0066188804498608
LR HS,raw,0.474609375,0.0068782071155402
LR HS,raw,0.478515625,0.0067873747312649
LR HS,raw,0.482421875,0.0075035765061678
LR HS,raw,0.486328125,0.0089794724637561
LR HS,raw,0.490234375,0.0080903628903246
LR HS,raw,0.494140625,0.0082438079018482
LR HS,raw,0.498046875,0.0075771054727267
LR HS,raw,0.501953125,0.0080831513569152
LR HS,raw,0.505859375,0.0082936279359774
LR HS,raw,0.509765625,0.0097969038629999
LR HS,raw,0.513671875,0.0092093969156303
LR HS,raw,0.517578125,0.010184392146263
LR HS,raw,0.521484375,0.009868303613502
LR HS,raw,0.525390625,0.009372728945667
LR HS,raw,0.529296875,0.0096834659400942
LR HS,raw,0.533203125,0.010022030043087
LR HS,raw,0.537109375,0.0103909171584225
LR HS,raw,0.541015625,0.0095865609793431
LR HS,raw,0.544921875,0.0100044894386807
LR HS,raw,0.548828125,0.0106997263678421
LR HS,raw,0.552734375,0.0096193123296159
LR HS,raw,0.556640625,0.0096084023167959
LR HS,raw,0.560546875,0.0109872298434479
LR HS,raw,0.564453125,0.0116757987757756
LR HS,raw,0.568359375,0.0099492819734434
LR HS,raw,0.572265625,0.0119803501606685
LR HS,raw,0.576171875,0.010457807979273
LR HS,raw,0.580078125,0.0112280664320605
LR HS,raw,0.583984375,0.0106273349826905
LR HS,raw,0.587890625,0.0122525052061397
LR HS,raw,0.591796875,0.012264046091874
LR HS,raw,0.595703125,0.0122340893523798
LR HS,raw,0.599609375,0.0120467904410861
LR HS,raw,0.603515625,0.0121753825558884
LR HS,raw,0.607421875,0.0114824437991461
LR HS,raw,0.611328125,0.0111651140495878
LR HS,raw,0.615234375,0.0139990046803623
LR HS,raw,0.619140625,0.0122436850945645
LR HS,raw,0.623046875,0.0120813452693488
LR HS,raw,0.626953125,0.0138222222396731
LR HS,raw,0.630859375,0.0124658776046879
LR HS,raw,0.634765625,0.0124426715619522
LR HS,raw,0.638671875,0.0125561488863774
LR HS,raw,0.642578125,0.0133678175107837
LR HS,raw,0.646484375,0.0135778555486441
LR HS,raw,0.650390625,0.0138526721328941
LR HS,raw,0.654296875,0.0122933771345697
LR HS,raw,0.658203125,0.0128805554384897
LR HS,raw,0.662109375,0.0123851561470577
LR HS,raw,0.666015625,0.0128892530932543
LR HS,raw,0.669921875,0.0133030712270874
LR HS,raw,0.673828125,0.0135287643658989
LR HS,raw,0.677734375,0.0139995668806411
LR HS,raw,0.681640625,0.0150566869635401
LR HS,raw,0.685546875,0.0122287530686605
LR HS,raw,0.689453125,0.0131826399565405
LR HS,raw,0.693359375,0.014370975275468
LR HS,raw,0.697265625,0.0138191641833161
LR HS,raw,0.701171875,0.0139201949819709
LR HS,raw,0.705078125,0.012463922165213
LR HS,raw,0.708984375,0.0138065453512159
LR HS,raw,0.712890625,0.0135561082479364
LR HS,raw,0.716796875,0.0137611772037381
LR HS,raw,0.720703125,0.0156372974176783
LR HS,raw,0.724609375,0.0140668049352569
LR HS,raw,0.728515625,0.0142162445913919
LR HS,raw,0.732421875,0.0141301313240272
LR HS,raw,0.736328125,0.0139297221677956
LR HS,raw,0.740234375,0.0140807032191946
LR HS,raw,0.744140625,0.0139634815024499
LR HS,raw,0.748046875,0.0140350040391854
LR HS,raw,0.751953125,0.0139222599017038
LR HS,raw,0.755859375,0.0147796308692723
LR HS,raw,0.759765625,0.0138884467078443
LR HS,raw,0.763671875,0.0135917785234082
LR HS,raw,0.767578125,0.0134674540160049
LR HS,raw,0.771484375,0.0144431594229851
LR HS,raw,0.775390625,0.0153219280756107
LR HS,raw,0.779296875,0.0144470909829623
LR HS,raw,0.783203125,0.0117590899366388
LR HS,raw,0.787109375,0.0153373820536873
LR HS,raw,0.791015625,0.0142216462984069
LR HS,raw,0.794921875,0.0129800850987279
LR HS,raw,0.798828125,0.0121014931025491
LR HS,raw,0.802734375,0.0142231631243896
LR HS,raw,0.806640625,0.0151182968918767
LR HS,raw,0.810546875,0.0133629460405471
LR HS,raw,0.814453125,0.0147314750694318
LR HS,raw,0.818359375,0.0147873964901058
LR HS,raw,0.822265625,0.0142545695021467
LR HS,raw,0.826171875,0.0151690817279236
LR HS,raw,0.830078125,0.0159781502011553
LR HS,raw,0.833984375,0.0154269645619954
LR HS,raw,0.837890625,0.0148465344338249
LR HS,raw,0.841796875,0.0165292634413629
LR HS,raw,0.845703125,0.0149393399866063
LR HS,raw,0.849609375,0.013893463262687
LR HS,raw,0.853515625,0.0138285434881412
LR HS,raw,0.857421875,0.0159960588937895
LR HS,raw,0.861328125,0.0154175051166701
LR HS,raw,0.865234375,0.0142685046379381
LR HS,raw,0.869140625,0.0148145229586219
LR HS,raw,0.873046875,0.0165370061510586
LR HS,raw,0.876953125,0.0140386035130596
LR HS,raw,0.880859375,0.014202418559822
LR HS,raw,0.884765625,0.0142923758545607
LR HS,raw,0.888671875,0.0143134263424187
LR HS,raw,0.892578125,0.0141186343010814
LR HS,raw,0.896484375,0.0141442979485312
LR HS,raw,0.900390625,0.0144802715652656
LR HS,raw,0.904296875,0.0168190549278871
LR HS,raw,0.908203125,0.0151559128193635
LR HS,raw,0.912109375,0.0162338522097774
LR HS,raw,0.916015625,0.014033737873311
LR HS,raw,0.919921875,0.0146418364760897
LR HS,raw,0.923828125,0.015327269887236
LR HS,raw,0.927734375,0.0131939374998045
LR HS,raw,0.931640625,0.0153858134889451
LR HS,raw,0.935546875,0.0138103113782484
LR HS,raw,0.939453125,0.0129761625926108
LR HS,raw,0.943359375,0.0143974898130427
LR HS,raw,0.947265625,0.015295583966458
LR HS,raw,0.951171875,0.014058052721016
LR HS,raw,0.955078125,0.013815000167794
LR HS,raw,0.958984375,0.014369945891586
LR HS,raw,0.962890625,0.0143270909577684
LR HS,raw,0.966796875,0.0143579607762461
LR HS,raw,0.970703125,0.0154222574785721
LR HS,raw,0.974609375,0.0148203687131738
LR HS,raw,0.978515625,0.0153691471962731
LR HS,raw,0.982421875,0.0157736440887136
LR HS,raw,0.986328125,0.0151831088720663
LR HS,raw,0.990234375,0.013685375918475
LR HS,raw,0.994140625,0.0133740510982624
LR HS,raw,0.998046875,0.0147052777324294
LR HS,raw,1.001953125,0.0145777461507145
LR HS,raw,1.005859375,0.0139818055946435
LR HS,raw,1.009765625,0.0145996541914477
LR HS,raw,1.013671875,0.0138610078867014
LR HS,raw,1.017578125,0.0131238170195752
LR HS,raw,1.021484375,0.0146389221911769
LR HS,raw,1.025390625,0.013538522640345
LR HS,raw,1.029296875,0.0151377131265598
LR HS,raw,1.033203125,0.0131808726206711
LR HS,raw,1.037109375,0.014299964649921
LR HS,raw,1.041015625,0.0151257377501722
LR HS,raw,1.044921875,0.0156001437240059
LR HS,raw,1.048828125,0.0138405069295683
LR HS,raw,1.052734375,0.0144107947134058
LR HS,raw,1.056640625,0.0151946798860094
LR HS,raw,1.060546875,0.014416778168451
LR HS,raw,1.064453125,0.0158337327360889
LR HS,raw,1.068359375,0.0151276950237884
LR HS,raw,1.072265625,0.014149243878345
LR HS,raw,1.076171875,0.0145868408957691
LR HS,raw,1.080078125,0.0142831815530085
LR HS,raw,1.083984375,0.0137830208259375
LR HS,raw,1.087890625,0.0136237337018003
LR HS,raw,1.091796875,0.0142157213386627
LR HS,raw,1.095703125,0.0146171866513222
LR HS,raw,1.099609375,0.0149476091594987
LR HS,raw,1.103515625,0.0138420919832971
LR HS,raw,1.107421875,0.0144386149826741
LR HS,raw,1.111328125,0.0137325784926167
LR HS,raw,1.115234375,0.0151622734864593
LR HS,raw,1.119140625,0.0141534296985411
LR HS,raw,1.123046875,0.0150017522333375
LR HS,raw,1.126953125,0.0140597571293522
LR HS,raw,1.130859375,0.0150734220707646
LR HS,raw,1.134765625,0.0153001465835959
LR HS,raw,1.138671875,0.0142055517526414
LR HS,raw,1.142578125,0.0159002308363134
LR HS,raw,1.146484375,0.0148735312599185
LR HS,raw,1.150390625,0.0156644011449553
LR HS,raw,1.154296875,0.0157402997389746
LR HS,raw,1.158203125,0.0168784230971251
LR HS,raw,1.162109375,0.0210167713265055
LR HS,raw,1.166015625,0.0220624588945976
LR HS,raw,1.169921875,0.0193803401615477
LR HS,raw,1.173828125,0.016637006825255
LR HS,raw,1.177734375,0.0176486497365626
LR HS,raw,1.181640625,0.0156510633692501
LR HS,raw,1.185546875,0.0161367934971247
LR HS,raw,1.189453125,0.014535826839893
LR HS,raw,1.193359375,0.0148371082240353
LR HS,raw,1.197265625,0.0154677402266047
LR HS,raw,1.201171875,0.0140724245075788
LR HS,raw,1.205078125,0.0140893464528801
LR HS,raw,1.208984375,0.0135063844748023
LR HS,raw,1.212890625,0.013307983071376
LR HS,raw,1.216796875,0.0135130242260811
LR HS,raw,1.220703125,0.0136854496043764
LR HS,raw,1.224609375,0.0142788104579744
LR HS,raw,1.228515625,0.0147376598078857
LR HS,raw,1.232421875,0.013894556351291
LR HS,raw,1.236328125,0.0136083803091769
LR HS,raw,1.240234375,0.0138233269873828
LR HS,raw,1.244140625,0.014342631503953
LR HS,raw,1.248046875,0.0121577480873805
LR HS,raw,1.251953125,0.0131241282503673
LR HS,raw,1.255859375,0.0130608316733955
LR HS,raw,1.259765625,0.0132731758054681
LR HS,raw,1.263671875,0.0140730852250634
LR HS,raw,1.267578125,0.0124674189215917
LR HS,raw,1.271484375,0.0137429289095762
LR HS,raw,1.275390625,0.0138774330983354
LR HS,raw,1.279296875,0.0133510000356836
LR HS,raw,1.283203125,0.012995238897488
LR HS,raw,1.287109375,0.0120448363251086
LR HS,raw,1.291015625,0.0121337514962668
LR HS,raw,1.294921875,0.0128735014582814
LR HS,raw,1.298828125,0.0131740806865251
LR HS,raw,1.302734375,0.0126790249941141
LR HS,raw,1.306640625,0.0129676921554074
LR HS,raw,1.310546875,0.0116885017233894
LR HS,raw,1.314453125,0.0117021673173708
LR HS,raw,1.318359375,0.0112763895373305
LR HS,raw,1.322265625,0.0129091192422112
LR HS,raw,1.326171875,0.0118258555232088
LR HS,raw,1.330078125,0.0110766882002377
LR HS,raw,1.333984375,0.0114341271310088
LR HS,raw,1.337890625,0.0117064323613103
LR HS,raw,1.341796875,0.0117723199617608
LR HS,raw,1.345703125,0.0112286798921242
LR HS,raw,1.349609375,0.0103477803901857
LR HS,raw,1.353515625,0.0119031274607751
LR HS,raw,1.357421875,0.0114093874814925
LR HS,raw,1.361328125,0.0102152222696738
LR HS,raw,1.365234375,0.011535830691661
LR HS,raw,1.369140625,0.0116397173591009
LR HS,raw,1.373046875,0.0112967115905758
LR HS,raw,1.376953125,0.0111039129280488
LR HS,raw,1.380859375,0.0102796387149375
LR HS,raw,1.384765625,0.0099203373114632
LR HS,raw,1.388671875,0.0102402454127699
LR HS,raw,1.392578125,0.0106739530082531
LR HS,raw,1.396484375,0.0094823005082153
LR HS,raw,1.400390625,0.0105294511807691
LR HS,raw,1.404296875,0.0101180397154772
LR HS,raw,1.408203125,0.0105295170649034
LR HS,raw,1.412109375,0.0091096524278079
LR HS,raw,1.416015625,0.0100449197005639
LR HS,raw,1.419921875,0.0093506652387941
LR HS,raw,1.423828125,0.0095283534378116
LR HS,raw,1.427734375,0.0091466286397039
LR HS,raw,1.431640625,0.009093987265897
LR HS,raw,1.435546875,0.0093682550545908
LR HS,raw,1.439453125,0.009599034185353
LR HS,raw,1.443359375,0.0093651158994086
LR HS,raw,1.447265625,0.0088647455277682
LR HS,raw,1.451171875,0.0086451999074155
LR HS,raw,1.455078125,0.0080522859843839
LR HS,raw,1.458984375,0.0071023621999655
LR HS,raw,1.462890625,0.0083434718932987
LR HS,raw,1.466796875,0.0079495048429701
LR HS,raw,1.470703125,0.0082788768937317
LR HS,raw,1.474609375,0.0078181667299962
LR HS,raw,1.478515625,0.0082394981896763
LR HS,raw,1.482421875,0.0079820404103972
LR HS,raw,1.486328125,0.0076804544901921
LR HS,raw,1.490234375,0.0077400063482925
LR HS,raw,1.494140625,0.0067060002726161
LR HS,raw,1.498046875,0.0066161872001923
LR HS,raw,1.501953125,0.0068606451630102
LR HS,raw,1.505859375,0.0067738875299291
LR HS,raw,1.509765625,0.006537070068471
LR HS,raw,1.513671875,0.0064006569287195
LR HS,raw,1.517578125,0.0065904533979993
LR HS,raw,1.521484375,0.006346825291439
LR HS,raw,1.525390625,0.0062175319800089
LR HS,raw,1.529296875,0.0061237617389291
LR HS,raw,1.533203125,0.0060566221040938
LR HS,raw,1.537109375,0.0056854833558723
LR HS,raw,1.541015625,0.0058626685994596
LR HS,raw,1.544921875,0.0056518659773431
LR HS,raw,1.548828125,0.0051957129997265
LR HS,raw,1.552734375,0.0050067354730131
LR HS,raw,1.556640625,0.0050833517413529
LR HS,raw,1.560546875,0.0049938444903827
LR HS,raw,1.564453125,0.0047081158038059
LR HS,raw,1.568359375,0.0048272186764721
LR HS,raw,1.572265625,0.0046657697539742
LR HS,raw,1.576171875,0.0045629736448869
LR HS,raw,1.580078125,0.0045079854446203
LR HS,raw,1.583984375,0.0046728879041979
LR HS,raw,1.587890625,0.0040855031805874
LR HS,raw,1.591796875,0.0040854972558778
LR HS,raw,1.595703125,0.0043278146534883
LR HS,raw,1.599609375,0.0039617236883544
LR HS,raw,1.603515625,0.0038356023546694
LR HS,raw,1.607421875,0.0041305955862414
LR HS,raw,1.611328125,0.0037109648204817
LR HS,raw,1.615234375,0.0038204209434794
LR HS,raw,1.619140625,0.0036550361573019
LR HS,raw,1.623046875,0.0037853115406965
LR HS,raw,1.626953125,0.0038386637316683
LR HS,raw,1.630859375,0.0038347824400373
LR HS,raw,1.634765625,0.0037677170446902
LR HS,raw,1.638671875,0.0037567036833619
LR HS,raw,1.642578125,0.0035853711342173
LR HS,raw,1.646484375,0.0035368710628037
LR HS,raw,1.650390625,0.0039018924361178
LR HS,raw,1.654296875,0.0038619251971988
LR HS,raw,1.658203125,0.0035472716425639
LR HS,raw,1.662109375,0.0035755337410548
LR HS,raw,1.666015625,0.0036105738621196
LR HS,raw,1.669921875,0.0035889546599411
LR HS,raw,1.673828125,0.0036592873452695
LR HS,raw,1.677734375,0.003624777527903
LR HS,raw,1.681640625,0.0037140673265591
LR HS,raw,1.685546875,0.0041403297572527
LR HS,raw,1.689453125,0.0036524671204845
LR HS,raw,1.693359375,0.003604926531995
LR HS,raw,1.697265625,0.0037084272122631
LR HS,raw,1.701171875,0.0036283322090387
LR HS,raw,1.705078125,0.003793089009924
LR HS,raw,1.708984375,0.0036487608427885
LR HS,raw,1.712890625,0.0038375696612151
LR HS,raw,1.716796875,0.0036908987529063
LR HS,raw,1.720703125,0.0037992239957753
LR HS,raw,1.724609375,0.003901898856073
LR HS,raw,1.728515625,0.003955820509621
LR HS,raw,1.732421875,0.0038216355239274
LR HS,raw,1.736328125,0.0041040503949834
LR HS,raw,1.740234375,0.0041127838176181
LR HS,raw,1.744140625,0.0040517092061009
LR HS,raw,1.748046875,0.0042203588263529
LR HS,raw,1.751953125,0.0042282073076469
LR HS,raw,1.755859375,0.0040186251355246
LR HS,raw,1.759765625,0.0035042878801177
LR HS,raw,1.763671875,0.0039601681716433
LR HS,raw,1.767578125,0.0041280695344212
LR HS,raw,1.771484375,0.0042025784392823
LR HS,raw,1.775390625,0.0041407662904103
LR HS,raw,1.779296875,0.0040935337548248
LR HS,raw,1.783203125,0.0044352090446252
LR HS,raw,1.787109375,0.0044165668263462
LR HS,raw,1.791015625,0.0043305236437475
LR HS,raw,1.794921875,0.0041785246491258
LR HS,raw,1.798828125,0.0043470346616653
LR HS,raw,1.802734375,0.0044916198794184
LR HS,raw,1.806640625,0.0044685052988882
LR HS,raw,1.810546875,0.004455920832775
LR HS,raw,1.814453125,0.004264915392729
LR HS,raw,1.818359375,0.0047916361886111
LR HS,raw,1.822265625,0.0047298492965313
LR HS,raw,1.826171875,0.004579908914601
LR HS,raw,1.830078125,0.0045574541938477
LR HS,raw,1.833984375,0.0043352127008075
LR HS,raw,1.837890625,0.0044875437345605
LR HS,raw,1.841796875,0.0047211607210181
LR HS,raw,1.845703125,0.004596137920554
LR HS,raw,1.849609375,0.0043150696335588
LR HS,raw,1.853515625,0.0047010412457401
LR HS,raw,1.857421875,0.0041411055018166
LR HS,raw,1.861328125,0.0045479866225847
LR HS,raw,1.865234375,0.0046907340521572
LR HS,raw,1.869140625,0.0045445628647583
LR HS,raw,1.873046875,0.0047339794848495
LR HS,raw,1.876953125,0.0044401569144009
LR HS,raw,1.880859375,0.0046003910898173
LR HS,raw,1.884765625,0.0047361562926021
LR HS,raw,1.888671875,0.0046775611506145
LR HS,raw,1.892578125,0.0049492015400302
LR HS,raw,1.896484375,0.0044825802985977
LR HS,raw,1.900390625,0.0047104952762843
LR HS,raw,1.904296875,0.004928221031863
LR HS,raw,1.908203125,0.0046419433578135
LR HS,raw,1.912109375,0.0049825713877632
LR HS,raw,1.916015625,0.0045062181147746
LR HS,raw,1.919921875,0.0045017338651063
LR HS,raw,1.923828125,0.0050507594066002
LR HS,raw,1.927734375,0.0046810296356586
LR HS,raw,1.931640625,0.0048259977567352
LR HS,raw,1.935546875,0.0050295002957806
LR HS,raw,1.939453125,0.0046375905405902
LR HS,raw,1.943359375,0.0050595501562177
LR HS,raw,1.947265625,0.0049955738676714
LR HS,raw,1.951171875,0.0047581021778272
LR HS,raw,1.955078125,0.0044243482612597
LR HS,raw,1.958984375,0.0043318375110039
LR HS,raw,1.962890625,0.0046748701956939
LR HS,raw,1.966796875,0.0051635068956666
LR HS,raw,1.970703125,0.0051743095282844
LR HS,raw,1.974609375,0.0047984659124962
LR HS,raw,1.978515625,0.0049021113115096
LR HS,raw,1.982421875,0.0048324084482567
LR HS,raw,1.986328125,0.0049493710525496
LR HS,raw,1.990234375,0.0046792208576864
LR HS,raw,1.994140625,0.0051696966928577
LR HS,raw,1.998046875,0.0052652718197724
LR HS,raw,2.001953125,0.0051681964527416
LR HS,raw,2.005859375,0.0048092646673391
LR HS,raw,2.009765625,0.0046362889156884
LR HS,raw,2.013671875,0.0051213462775018
LR HS,raw,2.017578125,0.0047794355372203
LR HS,raw,2.021484375,0.0051485572557464
LR HS,raw,2.025390625,0.0050362173126458
LR HS,raw,2.029296875,0.0050757460520411
LR HS,raw,2.033203125,0.0053356931596606
LR HS,raw,2.037109375,0.0049576146482291
LR HS,raw,2.041015625,0.0050351350356924
LR HS,raw,2.044921875,0.0051705779640709
LR HS,raw,2.048828125,0.0051898174326236
LR HS,raw,2.052734375,0.0051366356820602
LR HS,raw,2.056640625,0.0050766966519108
LR HS,raw,2.060546875,0.0046354313079171
LR HS,raw,2.064453125,0.0048109856086815
LR HS,raw,2.068359375,0.005088018654342
LR HS,raw,2.072265625,0.0049530027772527
LR HS,raw,2.076171875,0.0048422426411283
LR HS,raw,2.080078125,0.0052198722677949
LR HS,raw,2.083984375,0.0050340361294618
LR HS,raw,2.087890625,0.0049610452883048
LR HS,raw,2.091796875,0.0050818869137403
LR HS,raw,2.095703125,0.0047713990713531
LR HS,raw,2.099609375,0.0050108251000376
LR HS,raw,2.103515625,0.0051356587396816
LR HS,raw,2.107421875,0.0051539640579653
LR HS,raw,2.111328125,0.0049913600211845
LR HS,raw,2.115234375,0.0049075778598158
LR HS,raw,2.119140625,0.0050370860255718
LR HS,raw,2.123046875,0.0054803366756442
LR HS,raw,2.126953125,0.0050615762751308
LR HS,raw,2.130859375,0.0049549207317991
LR HS,raw,2.134765625,0.0051477338420499
LR HS,raw,2.138671875,0.0052613891803434
LR HS,raw,2.142578125,0.004887057596434
LR HS,raw,2.146484375,0.0051302816638611
LR HS,raw,2.150390625,0.0047631476255486
LR HS,raw,2.154296875,0.0049816509254685
LR HS,raw,2.158203125,0.0050661895840945
LR HS,raw,2.162109375,0.0051730104986188
LR HS,raw,2.166015625,0.0049666104748071
LR HS,raw,2.169921875,0.0048605756989321
LR HS,raw,2.173828125,0.0051904861928482
LR HS,raw,2.177734375,0.0048763016500829
LR HS,raw,2.181640625,0.0052758751638568
LR HS,raw,2.185546875,0.0055019584034603
LR HS,raw,2.189453125,0.0052656962413663
LR HS,raw,2.193359375,0.0047124730586285
LR HS,raw,2.197265625,0.0048276832549728
LR HS,raw,2.201171875,0.00445295693531
LR HS,raw,2.205078125,0.0051055022341372
LR HS,raw,2.208984375,0.0052695535137105
LR HS,raw,2.212890625,0.0046932502648718
LR HS,raw,2.216796875,0.0049697364608533
LR HS,raw,2.220703125,0.00494538817693
LR HS,raw,2.224609375,0.0052024309802951
LR HS,raw,2.228515625,0.0053896354947016
LR HS,raw,2.232421875,0.0052710670218721
LR HS,raw,2.236328125,0.0050252013136016
LR HS,raw,2.240234375,0.004786253443344
LR HS,raw,2.244140625,0.0048510272337848
LR HS,raw,2.248046875,0.0049323029738944
LR HS,raw,2.251953125,0.0051781534769035
LR HS,raw,2.255859375,0.0050897602857889
LR HS,raw,2.259765625,0.005184489251191
LR HS,raw,2.263671875,0.0051415486449759
LR HS,raw,2.267578125,0.0052496036607127
LR HS,raw,2.271484375,0.0050225445506594
LR HS,raw,2.275390625,0.0051999613851593
LR HS,raw,2.279296875,0.0051008140365729
LR HS,raw,2.283203125,0.0053553493646042
LR HS,raw,2.287109375,0.0052787373882021
LR HS,raw,2.291015625,0.004950273879428
LR HS,raw,2.294921875,0.0050185052071461
LR HS,raw,2.298828125,0.0052702716634533
LR HS,raw,2.302734375,0.0054480911033724
LR HS,raw,2.306640625,0.0046583833946815
LR HS,raw,2.310546875,0.0050254248019064
LR HS,raw,2.314453125,0.005045686589595
LR HS,raw,2.318359375,0.0051569117374093
LR HS,raw,2.322265625,0.0051785798196879
LR HS,raw,2.326171875,0.0049222571363411
LR HS,raw,2.330078125,0.0052527988135849
LR HS,raw,2.333984375,0.0053484434277974
LR HS,raw,2.337890625,0.00490801155981
LR HS,raw,2.341796875,0.0054593243301172
LR HS,raw,2.345703125,0.0051201629830767
LR HS,raw,2.349609375,0.0050482384695229
LR HS,raw,2.353515625,0.0050365507278979
LR HS,raw,2.357421875,0.0051601180025556
LR HS,raw,2.361328125,0.0051955408257726
LR HS,raw,2.365234375,0.0049098556653522
LR HS,raw,2.369140625,0.0055738348701833
LR HS,raw,2.373046875,0.0052186865216139
LR HS,raw,2.376953125,0.0048542305894353
LR HS,raw,2.380859375,0.0049274235934757
LR HS,raw,2.384765625,0.004878336673249
LR HS,raw,2.388671875,0.004865232409179
LR HS,raw,2.392578125,0.0055545586665341
LR HS,raw,2.396484375,0.0052696382340132
LR HS,raw,2.400390625,0.0048637010586274
LR HS,raw,2.404296875,0.0050734009956951
LR HS,raw,2.408203125,0.0053804815774021
LR HS,raw,2.412109375,0.00494217503018
LR HS,raw,2.416015625,0.0047815622511024
LR HS,raw,2.419921875,0.0054801506635679
LR HS,raw,2.423828125,0.0054690916309266
LR HS,raw,2.427734375,0.0049934820596735
LR HS,raw,2.431640625,0.0049302398175842
LR HS,raw,2.435546875,0.0048136266345351
LR HS,raw,2.439453125,0.0049450443605234
LR HS,raw,2.443359375,0.0050538273843678
LR HS,raw,2.447265625,0.0048224325757053
LR HS,raw,2.451171875,0.0049367889076365
LR HS,raw,2.455078125,0.0051409491744545
LR HS,raw,2.458984375,0.0049370984497062
LR HS,raw,2.462890625,0.0050684824225285
LR HS,raw,2.466796875,0.0052715781694638
LR HS,raw,2.470703125,0.0047186500152772
LR HS,raw,2.474609375,0.005108181316708
LR HS,raw,2.478515625,0.0048515970868978
LR HS,raw,2.482421875,0.0057723552298637
LR HS,raw,2.486328125,0.0051742521166279
LR HS,raw,2.490234375,0.0051774985492027
LR HS,raw,2.494140625,0.0050445943140887
LR HS,raw,2.498046875,0.0055712895994976
LR HS,trend,-0.5,0.0
LR HS,trend,-0.068359375,0.0
LR HS,trend,-0.068359375,0.06165021787379186
LR HS,trend,-0.064453125,0.05816241003261576
LR HS,trend,-0.060546875,0.05468793697967757
LR HS,trend,-0.056640625,0.05123723006142517
LR HS,trend,-0.052734375,0.04781915482348407
LR HS,trend,-0.048828125,0.04443952630620917
LR HS,trend,-0.044921875,0.04110068713944854
LR HS,trend,-0.041015625,0.03780134835913046
LR HS,trend,-0.037109375,0.03453556597654523
LR HS,trend,-0.033203125,0.03129044360972449
LR HS,trend,-0.029296875,0.02804102154131821
LR HS,trend,-0.025390625,0.024740109003954163
LR HS,trend,-0.021484375,0.021317843330774328
LR HS,trend,-0.017578125,0.018556979937595135
LR HS,trend,-0.013671875,0.01605110295488784
LR HS,trend,-0.009765625,0.013826593254542127
LR HS,trend,-0.005859375,0.011881494411853707
LR HS,trend,-0.001953125,0.01019641192575209
LR HS,trend,0.001953125,0.008747044536207475
LR HS,trend,0.005859375,0.0075099601617022865
LR HS,trend,0.009765625,0.006460843023180632
LR HS,trend,0.013671875,0.005574715627408126
LR HS,trend,0.017578125,0.004826347718898667
LR HS,trend,0.021484375,0.004190900790500879
LR HS,trend,0.025390625,0.003640295227155603
LR HS,trend,0.029296875,0.0031473630370803286
LR HS,trend,0.033203125,0.0026914820262662034
LR HS,trend,0.037109375,0.002266849724044069
LR HS,trend,0.041015625,0.0018772115793660588
LR HS,trend,0.044921875,0.001529259614888308
LR HS,trend,0.048828125,0.0012300421492987877
LR HS,trend,0.052734375,0.0009830669653751165
LR HS,trend,0.056640625,0.0007881534275684796
LR HS,trend,0.060546875,0.0006424506929043132
LR HS,trend,0.064453125,0.0005409500059515001
LR HS,trend,0.068359375,0.0004769002806282987
LR HS,trend,0.072265625,0.0004428189998211621
LR HS,trend,0.076171875,0.0004312077762477365
LR HS,trend,0.080078125,0.0004351389408562228
LR HS,trend,0.083984375,0.00044888173979651467
LR HS,trend,0.087890625,0.00046802626368726145
LR HS,trend,0.091796875,0.0004893767462479449
LR HS,trend,0.095703125,0.0005108738208639136
LR HS,trend,0.099609375,0.0005314706876620814
LR HS,trend,0.103515625,0.0005509114383663961
LR HS,trend,0.107421875,0.0005694711670107395
LR HS,trend,0.111328125,0.0005874555666583012
LR HS,trend,0.115234375,0.0006048877060002955
LR HS,trend,0.119140625,0.0006219972920881817
LR HS,trend,0.123046875,0.0006391129165210866
LR HS,trend,0.126953125,0.0006564107316810655
LR HS,trend,0.130859375,0.0006739541395743425
LR HS,trend,0.134765625,0.0006917574223819844
LR HS,trend,0.138671875,0.0007098164050691564
LR HS,trend,0.142578125,0.0007280557884041022
LR HS,trend,0.146484375,0.0007463640188521138
LR HS,trend,0.150390625,0.0007646457554600688
LR HS,trend,0.154296875,0.0007828801509480886
LR HS,trend,0.158203125,0.0008011604985070488
LR HS,trend,0.162109375,0.0008195031390769079
LR HS,trend,0.166015625,0.0008378779985499928
LR HS,trend,0.169921875,0.0008562478905678532
LR HS,trend,0.173828125,0.0008745841124343834
LR HS,trend,0.177734375,0.000892919300789762
LR HS,trend,0.181640625,0.0009112710191296254
LR HS,trend,0.185546875,0.0009295817182910022
LR HS,trend,0.189453125,0.0009478889671350795
LR HS,trend,0.193359375,0.0009663601402213417
LR HS,trend,0.197265625,0.0009851060012901422
LR HS,trend,0.201171875,0.0010041846414160108
LR HS,trend,0.205078125,0.0010238018331922795
LR HS,trend,0.208984375,0.0010442344279825684
LR HS,trend,0.212890625,0.001065644932589989
LR HS,trend,0.216796875,0.001088222500172462
LR HS,trend,0.220703125,0.001112323153461827
LR HS,trend,0.224609375,0.0011384028640114038
LR HS,trend,0.228515625,0.0011667360395990318
LR HS,trend,0.232421875,0.0011971482637416272
LR HS,trend,0.236328125,0.0012292401539798728
LR HS,trend,0.240234375,0.0012626444096207245
LR HS,trend,0.244140625,0.0012972416729879564
LR HS,trend,0.248046875,0.0013329375495511992
LR HS,trend,0.251953125,0.0013699923160064211
LR HS,trend,0.255859375,0.0014085132388598535
LR HS,trend,0.259765625,0.001448764270246636
LR HS,trend,0.263671875,0.001490858998417665
LR HS,trend,0.267578125,0.0015347610179287016
LR HS,trend,0.271484375,0.0015801410338522775
LR HS,trend,0.275390625,0.001626971817162285
LR HS,trend,0.279296875,0.001675499150878773
LR HS,trend,0.283203125,0.0017264104230724278
LR HS,trend,0.287109375,0.0017797645518403515
LR HS,trend,0.291015625,0.0018353663669524564
LR HS,trend,0.294921875,0.0018937799868094444
LR HS,trend,0.298828125,0.0019555511008150727
LR HS,trend,0.302734375,0.0020203374873263777
LR HS,trend,0.306640625,0.0020877066782134363
LR HS,trend,0.310546875,0.0021576523093387945
LR HS,trend,0.314453125,0.002230018193982147
LR HS,trend,0.318359375,0.0023047997329635403
LR HS,trend,0.322265625,0.0023818125911445696
LR HS,trend,0.326171875,0.0024607285079319427
LR HS,trend,0.330078125,0.0025413944798297174
LR HS,trend,0.333984375,0.002623453856804308
LR HS,trend,0.337890625,0.0027069552651981603
LR HS,trend,0.341796875,0.002792422641324702
LR HS,trend,0.345703125,0.0028798141561232173
LR HS,trend,0.349609375,0.002968555210518068
LR HS,trend,0.353515625,0.0030590105177332634
LR HS,trend,0.357421875,0.003152051112958581
LR HS,trend,0.361328125,0.0032480829517233
LR HS,trend,0.365234375,0.003347330105916467
LR HS,trend,0.369140625,0.003450401428148289
LR HS,trend,0.373046875,0.0035578961523264076
LR HS,trend,0.376953125,0.0036711583533195072
LR HS,trend,0.380859375,0.003789839565620804
LR HS,trend,0.384765625,0.003914115382221544
LR HS,trend,0.388671875,0.004044943611931473
LR HS,trend,0.392578125,0.0041809541753866685
LR HS,trend,0.396484375,0.004320431921691829
LR HS,trend,0.400390625,0.004461819935895665
LR HS,trend,0.404296875,0.004604589568526192
LR HS,trend,0.408203125,0.00474840930241889
LR HS,trend,0.412109375,0.00489336356646701
LR HS,trend,0.416015625,0.0050390301137757925
LR HS,trend,0.419921875,0.005185218700955134
LR HS,trend,0.423828125,0.005332872579425145
LR HS,trend,0.427734375,0.005480952338718714
LR HS,trend,0.431640625,0.0056278229113550715
LR HS,trend,0.435546875,0.005771568933435185
LR HS,trend,0.439453125,0.005912071330227354
LR HS,trend,0.443359375,0.0060531642581351805
LR HS,trend,0.447265625,0.006197622939093876
LR HS,trend,0.451171875,0.006345772175360152
LR HS,trend,0.455078125,0.006495342226821442
LR HS,trend,0.458984375,0.0066448502958269574
LR HS,trend,0.462890625,0.006794702220318492
LR HS,trend,0.466796875,0.006947977057345539
LR HS,trend,0.470703125,0.007107383948756161
LR HS,trend,0.474609375,0.007274709506561979
LR HS,trend,0.478515625,0.007451125280397291
LR HS,trend,0.482421875,0.007634624921611155
LR HS,trend,0.486328125,0.007821777780970228
LR HS,trend,0.490234375,0.008011300026990175
LR HS,trend,0.494140625,0.008202012142715471
LR HS,trend,0.498046875,0.008391491143890657
LR HS,trend,0.501953125,0.008576807864475124
LR HS,trend,0.505859375,0.008756500222038312
LR HS,trend,0.509765625,0.008927991796246286
LR HS,trend,0.513671875,0.009089219039467345
LR HS,trend,0.517578125,0.009241213837469101
LR HS,trend,0.521484375,0.009386195319294811
LR HS,trend,0.525390625,0.009525967906580547
LR HS,trend,0.529296875,0.009663956919642074
LR HS,trend,0.533203125,0.009800934101496623
LR HS,trend,0.537109375,0.009934274586999154
LR HS,trend,0.541015625,0.010058475195556114
LR HS,trend,0.544921875,0.010173171554430928
LR HS,trend,0.548828125,0.010282290869810477
LR HS,trend,0.552734375,0.010391977866142078
LR HS,trend,0.556640625,0.010506874538074052
LR HS,trend,0.560546875,0.010629137798348207
LR HS,trend,0.564453125,0.010756159418277187
LR HS,trend,0.568359375,0.010884762449272905
LR HS,trend,0.572265625,0.011014968976567483
LR HS,trend,0.576171875,0.011146611181500633
LR HS,trend,0.580078125,0.011279302516441245
LR HS,trend,0.583984375,0.011414159319297294
LR HS,trend,0.587890625,0.011549304485960822
LR HS,trend,0.591796875,0.011681539494760175
LR HS,trend,0.595703125,0.011808962375726853
LR HS,trend,0.599609375,0.011931008452151066
LR HS,trend,0.603515625,0.012048446773406723
LR HS,trend,0.607421875,0.01216413132005897
LR HS,trend,0.611328125,0.012277154870139513
LR HS,trend,0.615234375,0.012383127858074704
LR HS,trend,0.619140625,0.012477531393649195
LR HS,trend,0.623046875,0.01255933403776573
LR HS,trend,0.626953125,0.012629014540873137
LR HS,trend,0.630859375,0.012691811819480616
LR HS,trend,0.634765625,0.012754609486212699
LR HS,trend,0.638671875,0.012823853228954091
LR HS,trend,0.642578125,0.012896698213224643
LR HS,trend,0.646484375,0.012968510921384261
LR HS,trend,0.650390625,0.013037345937209587
LR HS,trend,0.654296875,0.013102173213637162
LR HS,trend,0.658203125,0.013162058941050325
LR HS,trend,0.662109375,0.01321634394317351
LR HS,trend,0.666015625,0.013265685804975372
LR HS,trend,0.669921875,0.013308542859283016
LR HS,trend,0.673828125,0.013348295454911124
LR HS,trend,0.677734375,0.013392041613600985
LR HS,trend,0.681640625,0.013442128757384287
LR HS,trend,0.685546875,0.013500155265568716
LR HS,trend,0.689453125,0.013565687933574735
LR HS,trend,0.693359375,0.013636191618762757
LR HS,trend,0.697265625,0.01370650657931197
LR HS,trend,0.701171875,0.013769890484424025
LR HS,trend,0.705078125,0.01382118559986218
LR HS,trend,0.708984375,0.01386042569343158
LR HS,trend,0.712890625,0.013891846374416685
LR HS,trend,0.716796875,0.013920072400446005
LR HS,trend,0.720703125,0.013947691239446157
LR HS,trend,0.724609375,0.013975415591797458
LR HS,trend,0.728515625,0.014003715667621425
LR HS,trend,0.732421875,0.01403300419442905
LR HS,trend,0.736328125,0.01406037847336378
LR HS,trend,0.740234375,0.014082472270515704
LR HS,trend,0.744140625,0.014099029198437345
LR HS,trend,0.748046875,0.014107416992808257
LR HS,trend,0.751953125,0.014103115901212781
LR HS,trend,0.755859375,0.014083106716408778
LR HS,trend,0.759765625,0.01405315733482603
LR HS,trend,0.763671875,0.014021413739713027
LR HS,trend,0.767578125,0.013993578148111599
LR HS,trend,0.771484375,0.013974099652942608
LR HS,trend,0.775390625,0.013963992232306361
LR HS,trend,0.779296875,0.013963997275836965
LR HS,trend,0.783203125,0.013975174366143343
LR HS,trend,0.787109375,0.013999607333261591
LR HS,trend,0.791015625,0.014038886883924033
LR HS,trend,0.794921875,0.014091740489762042
LR HS,trend,0.798828125,0.014157601996045956
LR HS,trend,0.802734375,0.014233154965846569
LR HS,trend,0.806640625,0.014312106561633946
LR HS,trend,0.810546875,0.014388230745266583
LR HS,trend,0.814453125,0.014462714469368018
LR HS,trend,0.818359375,0.014539738226599956
LR HS,trend,0.822265625,0.01461988773653209
LR HS,trend,0.826171875,0.014700624444522746
LR HS,trend,0.830078125,0.014779826336292086
LR HS,trend,0.833984375,0.014853819991603453
LR HS,trend,0.837890625,0.01491878666503557
LR HS,trend,0.841796875,0.01496574805341175
LR HS,trend,0.845703125,0.014989243473449812
LR HS,trend,0.849609375,0.014989442623499
LR HS,trend,0.853515625,0.014969782704476377
LR HS,trend,0.857421875,0.014934294966061802
LR HS,trend,0.861328125,0.014892110364158325
LR HS,trend,0.865234375,0.014853630157084692
LR HS,trend,0.869140625,0.014825944496963636
LR HS,trend,0.873046875,0.014810704150456464
LR HS,trend,0.876953125,0.014808012908169518
LR HS,trend,0.880859375,0.014813987162315223
LR HS,trend,0.884765625,0.014820413521541556
LR HS,trend,0.888671875,0.01482298521838399
LR HS,trend,0.892578125,0.014816735125780916
LR HS,trend,0.896484375,0.014795024414364892
LR HS,trend,0.900390625,0.014760504410941925
LR HS,trend,0.904296875,0.014723840307355759
LR HS,trend,0.908203125,0.014692674822469456
LR HS,trend,0.912109375,0.014666585816370557
LR HS,trend,0.916015625,0.014644427890371528
LR HS,trend,0.919921875,0.01462503697785385
LR HS,trend,0.923828125,0.014605080512492527
LR HS,trend,0.927734375,0.014580740079886089
LR HS,trend,0.931640625,0.014552359139035574
LR HS,trend,0.935546875,0.014523627373052376
LR HS,trend,0.939453125,0.014499189021509148
LR HS,trend,0.943359375,0.014483045826183627
LR HS,trend,0.947265625,0.014476847560247441
LR HS,trend,0.951171875,0.014480296362580745
LR HS,trend,0.955078125,0.014492013481383766
LR HS,trend,0.958984375,0.014507334744013497
LR HS,trend,0.962890625,0.014522695085889416
LR HS,trend,0.966796875,0.014535533728309073
LR HS,trend,0.970703125,0.014544998399626998
LR HS,trend,0.974609375,0.014548314565124282
LR HS,trend,0.978515625,0.014543776676527937
LR HS,trend,0.982421875,0.014532041091460779
LR HS,trend,0.986328125,0.014513125878323875
LR HS,trend,0.990234375,0.014486739953552225
LR HS,trend,0.994140625,0.01445484748586643
LR HS,trend,0.998046875,0.014419627257898169
LR HS,trend,1.001953125,0.014383445559862292
LR HS,trend,1.005859375,0.0143481577206829
LR HS,trend,1.009765625,0.014316742269137062
LR HS,trend,1.013671875,0.014293281527010843
LR HS,trend,1.017578125,0.014281546384755862
LR HS,trend,1.021484375,0.01428627600597926
LR HS,trend,1.025390625,0.014308561213122923
LR HS,trend,1.029296875,0.01434500263296913
LR HS,trend,1.033203125,0.01438920923070625
LR HS,trend,1.037109375,0.014432749771258612
LR HS,trend,1.041015625,0.014469783532610102
LR HS,trend,1.044921875,0.0144992715942192
LR HS,trend,1.048828125,0.014522312637683252
LR HS,trend,1.052734375,0.014538828594029612
LR HS,trend,1.056640625,0.014549468063194229
LR HS,trend,1.060546875,0.014553866354953555
LR HS,trend,1.064453125,0.014550764778351386
LR HS,trend,1.068359375,0.014540479453833938
LR HS,trend,1.072265625,0.014525694550258343
LR HS,trend,1.076171875,0.014506547114442565
LR HS,trend,1.080078125,0.014484683680803011
LR HS,trend,1.083984375,0.014460431517441946
LR HS,trend,1.087890625,0.014438445672598981
LR HS,trend,1.091796875,0.01442236197139893
LR HS,trend,1.095703125,0.01441243836803489
LR HS,trend,1.099609375,0.014411176724314634
LR HS,trend,1.103515625,0.01442318995592542
LR HS,trend,1.107421875,0.014451977353932539
LR HS,trend,1.111328125,0.01449936877979416
LR HS,trend,1.115234375,0.01457031614460638
LR HS,trend,1.119140625,0.014676143253366573
LR HS,trend,1.123046875,0.01482936346549351
LR HS,trend,1.126953125,0.015032028600775084
LR HS,trend,1.130859375,0.015271744959334137
LR HS,trend,1.134765625,0.015531938542062229
LR HS,trend,1.138671875,0.015794294713711642
LR HS,trend,1.142578125,0.016042224040230233
LR HS,trend,1.146484375,0.016259982534048527
LR HS,trend,1.150390625,0.016436109721246067
LR HS,trend,1.154296875,0.01656656493583117
LR HS,trend,1.158203125,0.01665251830533245
LR HS,trend,1.162109375,0.01669767157621604
LR HS,trend,1.166015625,0.01670576985930801
LR HS,trend,1.169921875,0.016675709161393635
LR HS,trend,1.173828125,0.0166042796991643
LR HS,trend,1.177734375,0.016487998395456567
LR HS,trend,1.181640625,0.01632737628989674
LR HS,trend,1.185546875,0.01612417223515498
LR HS,trend,1.189453125,0.01588172154491716
LR HS,trend,1.193359375,0.015607494172231893
LR HS,trend,1.197265625,0.015313588189646931
LR HS,trend,1.201171875,0.015018771567751185
LR HS,trend,1.205078125,0.01474079239928781
LR HS,trend,1.208984375,0.014496436555273138
LR HS,trend,1.212890625,0.014294259798828299
LR HS,trend,1.216796875,0.01412957397936159
LR HS,trend,1.220703125,0.013993124707850928
LR HS,trend,1.224609375,0.013878549343179598
LR HS,trend,1.228515625,0.013785334232325936
LR HS,trend,1.232421875,0.013712018531090185
LR HS,trend,1.236328125,0.013656215767603766
LR HS,trend,1.240234375,0.013612593406594051
LR HS,trend,1.244140625,0.013574184086108856
LR HS,trend,1.248046875,0.013532465463700167
LR HS,trend,1.251953125,0.013480575288540353
LR HS,trend,1.255859375,0.013417905547626221
LR HS,trend,1.259765625,0.013346937028478788
LR HS,trend,1.263671875,0.013272496888628483
LR HS,trend,1.267578125,0.013197920254105452
LR HS,trend,1.271484375,0.013124212161781699
LR HS,trend,1.275390625,0.013051385822431018
LR HS,trend,1.279296875,0.012979768606310208
LR HS,trend,1.283203125,0.012906798721432494
LR HS,trend,1.287109375,0.012828685634576004
LR HS,trend,1.291015625,0.012742455413585846
LR HS,trend,1.294921875,0.012646749478943104
LR HS,trend,1.298828125,0.012542704907574177
LR HS,trend,1.302734375,0.01243437994214094
LR HS,trend,1.306640625,0.012323801050983737
LR HS,trend,1.310546875,0.012214491658498644
LR HS,trend,1.314453125,0.012108271390996657
LR HS,trend,1.318359375,0.012004364560432797
LR HS,trend,1.322265625,0.011905426351718948
LR HS,trend,1.326171875,0.011812805669291345
LR HS,trend,1.330078125,0.011725212619327128
LR HS,trend,1.333984375,0.011641085257089233
LR HS,trend,1.337890625,0.011559055968848472
LR HS,trend,1.341796875,0.01147898231755482
LR HS,trend,1.345703125,0.011401029596839403
LR HS,trend,1.349609375,0.011323760959970378
LR HS,trend,1.353515625,0.011243731205620779
LR HS,trend,1.357421875,0.011160096375408523
LR HS,trend,1.361328125,0.011073138721204153
LR HS,trend,1.365234375,0.010985682456257582
LR HS,trend,1.369140625,0.010899351862792651
LR HS,trend,1.373046875,0.010814611484968843
LR HS,trend,1.376953125,0.01072798033815526
LR HS,trend,1.380859375,0.010637387188178712
LR HS,trend,1.384765625,0.010542067219451763
LR HS,trend,1.388671875,0.010441068818901729
LR HS,trend,1.392578125,0.010334407443824536
LR HS,trend,1.396484375,0.010224027381531928
LR HS,trend,1.400390625,0.010113533369312375
LR HS,trend,1.404296875,0.010006412650188768
LR HS,trend,1.408203125,0.00990220449948544
LR HS,trend,1.412109375,0.00979905400112622
LR HS,trend,1.416015625,0.009694654194218963
LR HS,trend,1.419921875,0.00958653752378155
LR HS,trend,1.423828125,0.009472270949561767
LR HS,trend,1.427734375,0.009351346274528868
LR HS,trend,1.431640625,0.009224780247425672
LR HS,trend,1.435546875,0.009096621543755328
LR HS,trend,1.439453125,0.00897131992423648
LR HS,trend,1.443359375,0.008850944166685531
LR HS,trend,1.447265625,0.008735282017493063
LR HS,trend,1.451171875,0.008622117312097796
LR HS,trend,1.455078125,0.008506579891502934
LR HS,trend,1.458984375,0.008384699929518059
LR HS,trend,1.462890625,0.008254634316507244
LR HS,trend,1.466796875,0.008118156838935593
LR HS,trend,1.470703125,0.0079772258468603
LR HS,trend,1.474609375,0.007835497278921051
LR HS,trend,1.478515625,0.007696714963631588
LR HS,trend,1.482421875,0.007564339526758062
LR HS,trend,1.486328125,0.0074399787403289525
LR HS,trend,1.490234375,0.007322072261201727
LR HS,trend,1.494140625,0.00720621423056056
LR HS,trend,1.498046875,0.007087818996435911
LR HS,trend,1.501953125,0.006963739132359555
LR HS,trend,1.505859375,0.006832392063074099
LR HS,trend,1.509765625,0.006695019730505938
LR HS,trend,1.513671875,0.006555379638706342
LR HS,trend,1.517578125,0.006415979753583432
LR HS,trend,1.521484375,0.006278929880943455
LR HS,trend,1.525390625,0.006145800461228962
LR HS,trend,1.529296875,0.006017488678424578
LR HS,trend,1.533203125,0.005893089843639029
LR HS,trend,1.537109375,0.0057711070105041125
LR HS,trend,1.541015625,0.005650177536415228
LR HS,trend,1.544921875,0.0055286197653487724
LR HS,trend,1.548828125,0.0054065847644549974
LR HS,trend,1.552734375,0.005285124752995368
LR HS,trend,1.556640625,0.005164536212971748
LR HS,trend,1.560546875,0.00504532335281195
LR HS,trend,1.564453125,0.004929003254235963
LR HS,trend,1.568359375,0.0048167056651430605
LR HS,trend,1.572265625,0.0047090659809031436
LR HS,trend,1.576171875,0.004606618915823038
LR HS,trend,1.580078125,0.004510116897717657
LR HS,trend,1.583984375,0.0044202948558497174
LR HS,trend,1.587890625,0.004337536962563327
LR HS,trend,1.591796875,0.004261659240615266
LR HS,trend,1.595703125,0.004191602724642687
LR HS,trend,1.599609375,0.004126133637220264
LR HS,trend,1.603515625,0.004064806576868887
LR HS,trend,1.607421875,0.004008342727358657
LR HS,trend,1.611328125,0.003957383312580723
LR HS,trend,1.615234375,0.003911804451980205
LR HS,trend,1.619140625,0.003871479088350809
LR HS,trend,1.623046875,0.003836042838630285
LR HS,trend,1.626953125,0.0038052630071166117
LR HS,trend,1.630859375,0.003778966609799625
LR HS,trend,1.634765625,0.0037566276130899952
LR HS,trend,1.638671875,0.0037379081485869885
LR HS,trend,1.642578125,0.003723832265244085
LR HS,trend,1.646484375,0.0037142569814784133
LR HS,trend,1.650390625,0.0037078605551667952
LR HS,trend,1.654296875,0.00370376420123869
LR HS,trend,1.658203125,0.003701056960470978
LR HS,trend,1.662109375,0.0036987366537520826
LR HS,trend,1.666015625,0.003696640423240814
LR HS,trend,1.669921875,0.0036951986169258023
LR HS,trend,1.673828125,0.0036949556829284475
LR HS,trend,1.677734375,0.003696324830005925
LR HS,trend,1.681640625,0.0036996797304654134
LR HS,trend,1.685546875,0.0037053667494632656
LR HS,trend,1.689453125,0.003713527050184945
LR HS,trend,1.693359375,0.0037244759143567376
LR HS,trend,1.697265625,0.0037387470391911726
LR HS,trend,1.701171875,0.0037563474985801717
LR HS,trend,1.705078125,0.0037764741659628413
LR HS,trend,1.708984375,0.003798297583013759
LR HS,trend,1.712890625,0.0038208370959167755
LR HS,trend,1.716796875,0.003842361141837778
LR HS,trend,1.720703125,0.0038620924180109485
LR HS,trend,1.724609375,0.0038806735854690906
LR HS,trend,1.728515625,0.0038993825906953024
LR HS,trend,1.732421875,0.0039191820746881595
LR HS,trend,1.736328125,0.003940154205398865
LR HS,trend,1.740234375,0.0039621747498262095
LR HS,trend,1.744140625,0.003985735886381249
LR HS,trend,1.748046875,0.0040109072505100304
LR HS,trend,1.751953125,0.004036866022917079
LR HS,trend,1.755859375,0.0040627513414669214
LR HS,trend,1.759765625,0.004087862169860671
LR HS,trend,1.763671875,0.0041119570213815565
LR HS,trend,1.767578125,0.004135103782780811
LR HS,trend,1.771484375,0.004157779722961554
LR HS,trend,1.775390625,0.004181390848366483
LR HS,trend,1.779296875,0.004207323830642587
LR HS,trend,1.783203125,0.004236429671324152
LR HS,trend,1.787109375,0.004268887328056298
LR HS,trend,1.791015625,0.004303311823974794
LR HS,trend,1.794921875,0.004337970515101142
LR HS,trend,1.798828125,0.004371494566465559
LR HS,trend,1.802734375,0.004402143304911144
LR HS,trend,1.806640625,0.004428206091393684
LR HS,trend,1.810546875,0.004449560119357568
LR HS,trend,1.814453125,0.004466770537890638
LR HS,trend,1.818359375,0.004480569826034458
LR HS,trend,1.822265625,0.004491989980876912
LR HS,trend,1.826171875,0.004501892467915809
LR HS,trend,1.830078125,0.004511141830546131
LR HS,trend,1.833984375,0.004519779159844358
LR HS,trend,1.837890625,0.004527210216456258
LR HS,trend,1.841796875,0.0045333563678550135
LR HS,trend,1.845703125,0.004538881017045559
LR HS,trend,1.849609375,0.004544907151069865
LR HS,trend,1.853515625,0.004551468466313925
LR HS,trend,1.857421875,0.004558600124950023
LR HS,trend,1.861328125,0.004566906515692659
LR HS,trend,1.865234375,0.004577246220341444
LR HS,trend,1.869140625,0.004590469929499713
LR HS,trend,1.873046875,0.004605270351799436
LR HS,trend,1.876953125,0.004620063153035227
LR HS,trend,1.880859375,0.004634657995316184
LR HS,trend,1.884765625,0.004649228879660278
LR HS,trend,1.888671875,0.004664429327482521
LR HS,trend,1.892578125,0.004680484962270014
LR HS,trend,1.896484375,0.004696451076651231
LR HS,trend,1.900390625,0.004712019462767549
LR HS,trend,1.904296875,0.004727478046856164
LR HS,trend,1.908203125,0.00474221539168309
LR HS,trend,1.912109375,0.004755127615366113
LR HS,trend,1.916015625,0.0047643786968625985
LR HS,trend,1.919921875,0.004769101079127627
LR HS,trend,1.923828125,0.004770842996981218
LR HS,trend,1.927734375,0.004771977118579237
LR HS,trend,1.931640625,0.0047743007632499385
LR HS,trend,1.935546875,0.004778710826928038
LR HS,trend,1.939453125,0.004785164170056669
LR HS,trend,1.943359375,0.00479308494128586
LR HS,trend,1.947265625,0.004801507359583023
LR HS,trend,1.951171875,0.00481081947332996
LR HS,trend,1.955078125,0.0048213766880665174
LR HS,trend,1.958984375,0.0048327247151857605
LR HS,trend,1.962890625,0.004843878172295376
LR HS,trend,1.966796875,0.004853845785313607
LR HS,trend,1.970703125,0.00486355169176896
LR HS,trend,1.974609375,0.0048737922742817545
LR HS,trend,1.978515625,0.0048848998992542456
LR HS,trend,1.982421875,0.004897541905534075
LR HS,trend,1.986328125,0.004912067383555996
LR HS,trend,1.990234375,0.004928456568786518
LR HS,trend,1.994140625,0.004945903279137592
LR HS,trend,1.998046875,0.004962647574743283
LR HS,trend,2.001953125,0.004977311600119558
LR HS,trend,2.005859375,0.00498978325092049
LR HS,trend,2.009765625,0.005001127058336026
LR HS,trend,2.013671875,0.0050123167147230864
LR HS,trend,2.017578125,0.005022438688452635
LR HS,trend,2.021484375,0.005029593135182942
LR HS,trend,2.025390625,0.0050331199849867805
LR HS,trend,2.029296875,0.005033565580393813
LR HS,trend,2.033203125,0.0050318706226033585
LR HS,trend,2.037109375,0.005029747769680448
LR HS,trend,2.041015625,0.005028477886531407
LR HS,trend,2.044921875,0.005028756966257424
LR HS,trend,2.048828125,0.005029709948204166
LR HS,trend,2.052734375,0.005029258281974941
LR HS,trend,2.056640625,0.005026212017968522
LR HS,trend,2.060546875,0.005021133981326295
LR HS,trend,2.064453125,0.005015260722591746
LR HS,trend,2.068359375,0.005009225235896672
LR HS,trend,2.072265625,0.0050037716221934345
LR HS,trend,2.076171875,0.004999619821474892
LR HS,trend,2.080078125,0.004998261524027779
LR HS,trend,2.083984375,0.005000284846933189
LR HS,trend,2.087890625,0.005005098665308103
LR HS,trend,2.091796875,0.005012639825302228
LR HS,trend,2.095703125,0.005022618014343673
LR HS,trend,2.099609375,0.005033473207261845
LR HS,trend,2.103515625,0.005043512132043981
LR HS,trend,2.107421875,0.005050947034460356
LR HS,trend,2.111328125,0.005055140098330691
LR HS,trend,2.115234375,0.005057097716390379
LR HS,trend,2.119140625,0.005058048323091927
LR HS,trend,2.123046875,0.005058404485844905
LR HS,trend,2.126953125,0.0050584281901396855
LR HS,trend,2.130859375,0.005058354020817199
LR HS,trend,2.134765625,0.005057543556847106
LR HS,trend,2.138671875,0.005056432952613681
LR HS,trend,2.142578125,0.005056283484194053
LR HS,trend,2.146484375,0.005057507431632977
LR HS,trend,2.150390625,0.0050593393515699055
LR HS,trend,2.154296875,0.005059942568524143
LR HS,trend,2.158203125,0.0050572474419886436
LR HS,trend,2.162109375,0.005051344149553802
LR HS,trend,2.166015625,0.005044012656428407
LR HS,trend,2.169921875,0.005036444935232689
LR HS,trend,2.173828125,0.005029212972380093
LR HS,trend,2.177734375,0.005022402863098613
LR HS,trend,2.181640625,0.005017243470372227
LR HS,trend,2.185546875,0.005015473353849453
LR HS,trend,2.189453125,0.005017348889653378
LR HS,trend,2.193359375,0.005021255308896373
LR HS,trend,2.197265625,0.005024922094384353
LR HS,trend,2.201171875,0.0050263881690116585
LR HS,trend,2.205078125,0.00502526665859829
LR HS,trend,2.208984375,0.005022365794685546
LR HS,trend,2.212890625,0.005018627547157537
LR HS,trend,2.216796875,0.00501518172928617
LR HS,trend,2.220703125,0.0050139099646085055
LR HS,trend,2.224609375,0.005016731077803749
LR HS,trend,2.228515625,0.0050243123002620725
LR HS,trend,2.232421875,0.005036547761304985
LR HS,trend,2.236328125,0.005051419867194412
LR HS,trend,2.240234375,0.005066233847939984
LR HS,trend,2.244140625,0.005079060030347432
LR HS,trend,2.248046875,0.005089093109715453
LR HS,trend,2.251953125,0.005096485579529613
LR HS,trend,2.255859375,0.005102701392219958
LR HS,trend,2.259765625,0.005108343095781916
LR HS,trend,2.263671875,0.0051126903547035665
LR HS,trend,2.267578125,0.0051162733906862925
LR HS,trend,2.271484375,0.005119830922000553
LR HS,trend,2.275390625,0.005123889970247453
LR HS,trend,2.279296875,0.005127983532965149
LR HS,trend,2.283203125,0.005130570248240687
LR HS,trend,2.287109375,0.005131035084725424
LR HS,trend,2.291015625,0.005129841372979032
LR HS,trend,2.294921875,0.005127670847210256
LR HS,trend,2.298828125,0.0051259107752986205
LR HS,trend,2.302734375,0.005125209212913522
LR HS,trend,2.306640625,0.005125052948572504
LR HS,trend,2.310546875,0.005124650291495111
LR HS,trend,2.314453125,0.005123795857983787
LR HS,trend,2.318359375,0.005122637391804792
LR HS,trend,2.322265625,0.005121391259043155
LR HS,trend,2.326171875,0.005121582801030508
LR HS,trend,2.330078125,0.005123913832706011
LR HS,trend,2.333984375,0.005127698967151713
LR HS,trend,2.337890625,0.005131272992232311
LR HS,trend,2.341796875,0.0051331199955173
LR HS,trend,2.345703125,0.005133090038714037
LR HS,trend,2.349609375,0.005132139146068112
LR HS,trend,2.353515625,0.00513030750578793
LR HS,trend,2.357421875,0.0051268678348583095
LR HS,trend,2.361328125,0.005122694520968974
LR HS,trend,2.365234375,0.005118865691091342
LR HS,trend,2.369140625,0.005115309727763202
LR HS,trend,2.373046875,0.005111560372900959
LR HS,trend,2.376953125,0.005108407555539257
LR HS,trend,2.380859375,0.0051071024578601696
LR HS,trend,2.384765625,0.005107245801520438
LR HS,trend,2.388671875,0.005107586147615952
LR HS,trend,2.392578125,0.005107159056806544
LR HS,trend,2.396484375,0.005105017067553898
LR HS,trend,2.400390625,0.005101051622163817
LR HS,trend,2.404296875,0.005095471430741553
LR HS,trend,2.408203125,0.005088988982348675
LR HS,trend,2.412109375,0.005082470200105193
LR HS,trend,2.416015625,0.005076213666950413
LR HS,trend,2.419921875,0.005070508236105248
LR HS,trend,2.423828125,0.005064782360927524
LR HS,trend,2.427734375,0.005058043833819539
LR HS,trend,2.431640625,0.005050336308877042
LR HS,trend,2.435546875,0.0050424021933997065
LR HS,trend,2.439453125,0.005036654924989863
LR HS,trend,2.443359375,0.005034362524811499
LR HS,trend,2.447265625,0.005034710085099416
LR HS,trend,2.451171875,0.005037127250971602
LR HS,trend,2.455078125,0.0050521715464783516
LR HS,trend,2.458984375,0.0050687280225731
LR HS,trend,2.462890625,0.005085980683660077
LR HS,trend,2.466796875,0.005103857187816135
LR HS,trend,2.470703125,0.0051223459011478885
LR HS,trend,2.474609375,0.005141414745883503
LR HS,trend,2.478515625,0.005161117963819279
LR HS,trend,2.482421875,0.0051815346254382565
LR HS,trend,2.486328125,0.005202754081674077
LR HS,trend,2.490234375,0.005224724068706315
LR HS,trend,2.494140625,0.0052473735417757315
LR HS,trend,2.498046875,0.0052706689636731665
HR LS,raw,-0.498046875,0.0
HR LS,raw,-0.494140625,0.0
HR LS,raw,-0.490234375,0.0
HR LS,raw,-0.486328125,0.0
HR LS,raw,-0.482421875,0.0
HR LS,raw,-0.478515625,0.0
HR LS,raw,-0.474609375,0.0
HR LS,raw,-0.470703125,0.0
HR LS,raw,-0.466796875,0.0
HR LS,raw,-0.462890625,0.0
HR LS,raw,-0.458984375,0.0
HR LS,raw,-0.455078125,0.0
HR LS,raw,-0.451171875,0.0
HR LS,raw,-0.447265625,0.0
HR LS,raw,-0.443359375,0.0
HR LS,raw,-0.439453125,0.0
HR LS,raw,-0.435546875,0.0
HR LS,raw,-0.431640625,0.0
HR LS,raw,-0.427734375,0.0
HR LS,raw,-0.423828125,0.0
HR LS,raw,-0.419921875,0.0
HR LS,raw,-0.416015625,0.0
HR LS,raw,-0.412109375,0.0
HR LS,raw,-0.408203125,0.0
HR LS,raw,-0.404296875,0.0
HR LS,raw,-0.400390625,0.0
HR LS,raw,-0.396484375,0.0
HR LS,raw,-0.392578125,0.0
HR LS,raw,-0.388671875,0.0
HR LS,raw,-0.384765625,0.0
HR LS,raw,-0.380859375,0.0
HR LS,raw,-0.376953125,0.0
HR LS,raw,-0.373046875,0.0
HR LS,raw,-0.369140625,0.0
HR LS,raw,-0.365234375,0.0
HR LS,raw,-0.361328125,0.0
HR LS,raw,-0.357421875,0.0
HR LS,raw,-0.353515625,0.0
HR LS,raw,-0.349609375,0.0
HR LS,raw,-0.345703125,0.0
HR LS,raw,-0.341796875,0.0
HR LS,raw,-0.337890625,0.0
HR LS,raw,-0.333984375,0.0
HR LS,raw,-0.330078125,0.0
HR LS,raw,-0.326171875,0.0
HR LS,raw,-0.322265625,0.0
HR LS,raw,-0.318359375,0.0
HR LS,raw,-0.314453125,0.0
HR LS,raw,-0.310546875,0.0
HR LS,raw,-0.306640625,0.0
HR LS,raw,-0.302734375,0.0
HR LS,raw,-0.298828125,0.0
HR LS,raw,-0.294921875,0.0
HR LS,raw,-0.291015625,0.0
HR LS,raw,-0.287109375,0.0
HR LS,raw,-0.283203125,0.0
HR LS,raw,-0.279296875,0.0
HR LS,raw,-0.275390625,0.0
HR LS,raw,-0.271484375,0.0
HR LS,raw,-0.267578125,0.0
HR LS,raw,-0.263671875,0.0
HR LS,raw,-0.259765625,0.0
HR LS,raw,-0.255859375,0.0
HR LS,raw,-0.251953125,0.0
HR LS,raw,-0.248046875,0.0
HR LS,raw,-0.244140625,0.0
HR LS,raw,-0.240234375,0.0
HR LS,raw,-0.236328125,0.0
HR LS,raw,-0.232421875,0.0
HR LS,raw,-0.228515625,0.0
HR LS,raw,-0.224609375,0.0
HR LS,raw,-0.220703125,0.0
HR LS,raw,-0.216796875,0.0
HR LS,raw,-0.212890625,0.0
HR LS,raw,-0.208984375,0.0
HR LS,raw,-0.205078125,0.0
HR LS,raw,-0.201171875,0.0
HR LS,raw,-0.197265625,0.0
HR LS,raw,-0.193359375,0.0
HR LS,raw,-0.189453125,0.0
HR LS,raw,-0.185546875,0.0
HR LS,raw,-0.181640625,0.0
HR LS,raw,-0.177734375,0.0
HR LS,raw,-0.173828125,0.0
HR LS,raw,-0.169921875,0.0
HR LS,raw,-0.166015625,0.0
HR LS,raw,-0.162109375,0.0
HR LS,raw,-0.158203125,0.0
HR LS,raw,-0.154296875,0.0
HR LS,raw,-0.150390625,0.0
HR LS,raw,-0.146484375,0.0
HR LS,raw,-0.142578125,0.0
HR LS,raw,-0.138671875,0.0
HR LS,raw,-0.134765625,0.0
HR LS,raw,-0.130859375,0.0
HR LS,raw,-0.126953125,0.0
HR LS,raw,-0.123046875,0.0
HR LS,raw,-0.119140625,0.0
HR LS,raw,-0.115234375,0.0
HR LS,raw,-0.111328125,0.0
HR LS,raw,-0.107421875,0.0
HR LS,raw,-0.103515625,0.0
HR LS,raw,-0.099609375,0.0
HR LS,raw,-0.095703125,0.0
HR LS,raw,-0.091796875,0.0
HR LS,raw,-0.087890625,0.11016845703125
HR LS,raw,-0.083984375,7.62939453125e-05
HR LS,raw,-0.080078125,0.0
HR LS,raw,-0.076171875,0.0
HR LS,raw,-0.072265625,0.0830841064453125
HR LS,raw,-0.068359375,0.0793647766113281
HR LS,raw,-0.064453125,0.0551414489746093
HR LS,raw,-0.060546875,0.0594409306844075
HR LS,raw,-0.056640625,0.0584619986910779
HR LS,raw,-0.052734375,0.0542959224346072
HR LS,raw,-0.048828125,0.0485790053079294
HR LS,raw,-0.044921875,0.0440013699415253
HR LS,raw,-0.041015625,0.038731188292897
HR LS,raw,-0.037109375,0.0332721005529319
HR LS,raw,-0.033203125,0.0242100064716641
HR LS,raw,-0.029296875,0.0227457702300569
HR LS,raw,-0.025390625,0.024916304259741
HR LS,raw,-0.021484375,0.0160129715961705
HR LS,raw,-0.017578125,0.0129161922192407
HR LS,raw,-0.013671875,0.0083905380235267
HR LS,raw,-0.009765625,0.0074841024760826
HR LS,raw,-0.005859375,0.007174482785364
HR LS,raw,-0.001953125,0.0067614264282789
HR LS,raw,0.001953125,0.0075403127814816
HR LS,raw,0.005859375,0.0067455052527421
HR LS,raw,0.009765625,0.0065495575554238
HR LS,raw,0.013671875,0.0056184375262243
HR LS,raw,0.017578125,0.0048297043590731
HR LS,raw,0.021484375,0.0039326332978448
HR LS,raw,0.025390625,0.0031012038917119
HR LS,raw,0.029296875,0.0023005844136268
HR LS,raw,0.033203125,0.0016348122084343
HR LS,raw,0.037109375,0.0011020334877347
HR LS,raw,0.041015625,0.0007009279165735
HR LS,raw,0.044921875,0.0004286995116074
HR LS,raw,0.048828125,0.0002600115552932
HR LS,raw,0.052734375,0.0001331489056064
HR LS,raw,0.056640625,0.0001557729702521
HR LS,raw,0.060546875,0.0003948794798764
HR LS,raw,0.064453125,0.0002893307365202
HR LS,raw,0.068359375,0.0003137638930103
HR LS,raw,0.072265625,0.0003793703839241
HR LS,raw,0.076171875,0.0004353595682357
HR LS,raw,0.080078125,0.0004712865543717
HR LS,raw,0.083984375,0.0004971153958852
HR LS,raw,0.087890625,0.000511241742131
HR LS,raw,0.091796875,0.0005226823405198
HR LS,raw,0.095703125,0.0005364147805267
HR LS,raw,0.099609375,0.0005441147519304
HR LS,raw,0.103515625,0.0005580895486614
HR LS,raw,0.107421875,0.0005810074913904
HR LS,raw,0.111328125,0.0005860113211778
HR LS,raw,0.115234375,0.0005967885351472
HR LS,raw,0.119140625,0.0006099046965154
HR LS,raw,0.123046875,0.0006238087698467
HR LS,raw,0.126953125,0.000637697893728
HR LS,raw,0.130859375,0.0006525281335953
HR LS,raw,0.134765625,0.0006777385358394
HR LS,raw,0.138671875,0.0006894166979786
HR LS,raw,0.142578125,0.0007066160378537
HR LS,raw,0.146484375,0.0007116290205273
HR LS,raw,0.150390625,0.0007300336927836
HR LS,raw,0.154296875,0.0007484063801536
HR LS,raw,0.158203125,0.0007594202582321
HR LS,raw,0.162109375,0.0007627811178796
HR LS,raw,0.166015625,0.000783804070647
HR LS,raw,0.169921875,0.0008164607071174
HR LS,raw,0.173828125,0.0008270136992685
HR LS,raw,0.177734375,0.0008420284833632
HR LS,raw,0.181640625,0.0008257507243365
HR LS,raw,0.185546875,0.0008299133750659
HR LS,raw,0.189453125,0.0008426817936116
HR LS,raw,0.193359375,0.0008591212087386
HR LS,raw,0.197265625,0.0008482922036223
HR LS,raw,0.201171875,0.0008953350348809
HR LS,raw,0.205078125,0.0009292383587013
HR LS,raw,0.208984375,0.0009102585014239
HR LS,raw,0.212890625,0.0009463494392654
HR LS,raw,0.216796875,0.0009680919571676
HR LS,raw,0.220703125,0.0009485145598781
HR LS,raw,0.224609375,0.0009678579316021
HR LS,raw,0.228515625,0.0010013973571646
HR LS,raw,0.232421875,0.0010294416785069
HR LS,raw,0.236328125,0.0010664693694457
HR LS,raw,0.240234375,0.0011616763124002
HR LS,raw,0.244140625,0.0010553620173125
HR LS,raw,0.248046875,0.0010829413992364
HR LS,raw,0.251953125,0.0010934558333985
HR LS,raw,0.255859375,0.0011001726395826
HR LS,raw,0.259765625,0.0012198471455864
HR LS,raw,0.263671875,0.001176933351576
HR LS,raw,0.267578125,0.0012480314442166
HR LS,raw,0.271484375,0.0012012185200231
HR LS,raw,0.275390625,0.0012816530485208
HR LS,raw,0.279296875,0.001327423067717
HR LS,raw,0.283203125,0.0012763982265385
HR LS,raw,0.287109375,0.0013784904738853
HR LS,raw,0.291015625,0.0014279910439069
HR LS,raw,0.294921875,0.0014753893877228
HR LS,raw,0.298828125,0.0014819410581983
HR LS,raw,0.302734375,0.0015332879836467
HR LS,raw,0.306640625,0.0014884910234249
HR LS,raw,0.310546875,0.0015975614270839
HR LS,raw,0.314453125,0.0016674746426883
HR LS,raw,0.318359375,0.0017960200762421
HR LS,raw,0.322265625,0.0017548146201928
HR LS,raw,0.326171875,0.0019246995060873
HR LS,raw,0.330078125,0.0019730736781731
HR LS,raw,0.333984375,0.0019835636609854
HR LS,raw,0.337890625,0.0019274262818474
HR LS,raw,0.341796875,0.0019446593940835
HR LS,raw,0.345703125,0.0023062347001805
HR LS,raw,0.349609375,0.0023087152339116
HR LS,raw,0.353515625,0.0022504858614514
HR LS,raw,0.357421875,0.0022927468233972
HR LS,raw,0.361328125,0.0024157995325521
HR LS,raw,0.365234375,0.0024613283080964
HR LS,raw,0.369140625,0.0025636732750063
HR LS,raw,0.373046875,0.0025810347532863
HR LS,raw,0.376953125,0.0026156546923676
HR LS,raw,0.380859375,0.002683788965519
HR LS,raw,0.384765625,0.0030467039086268
HR LS,raw,0.388671875,0.0028947610158345
HR LS,raw,0.392578125,0.0030544367257424
HR LS,raw,0.396484375,0.0030895097834719
HR LS,raw,0.400390625,0.0032991733877321
HR LS,raw,0.404296875,0.0032518555802308
HR LS,raw,0.408203125,0.0033881977986328
HR LS,raw,0.412109375,0.0034606082924932
HR LS,raw,0.416015625,0.0037288437671144
HR LS,raw,0.419921875,0.0035060632312632
HR LS,raw,0.423828125,0.0036979285770601
HR LS,raw,0.427734375,0.0037717994142662
HR LS,raw,0.431640625,0.0040514959518052
HR LS,raw,0.435546875,0.0041481295016925
HR LS,raw,0.439453125,0.004252857613425
HR LS,raw,0.443359375,0.0042418993531314
HR LS,raw,0.447265625,0.0038856288495863
HR LS,raw,0.451171875,0.0046216927857859
HR LS,raw,0.455078125,0.0048328768882331
HR LS,raw,0.458984375,0.0049261042354209
HR LS,raw,0.462890625,0.0050646823382336
HR LS,raw,0.466796875,0.0048982619615629
HR LS,raw,0.470703125,0.0050000643440595
HR LS,raw,0.474609375,0.0049211006967408
HR LS,raw,0.478515625,0.0056775182153032
HR LS,raw,0.482421875,0.0057879631405929
HR LS,raw,0.486328125,0.0056308285496675
HR LS,raw,0.490234375,0.0058915613163644
HR LS,raw,0.494140625,0.0057557738925189
HR LS,raw,0.498046875,0.0057077273352946
HR LS,raw,0.501953125,0.0061621092304462
HR LS,raw,0.505859375,0.0063137073367291
HR LS,raw,0.509765625,0.0066689039553377
HR LS,raw,0.513671875,0.0062422551317952
HR LS,raw,0.517578125,0.0067777869096652
HR LS,raw,0.521484375,0.0063554418085243
HR LS,raw,0.525390625,0.0072273062040017
HR LS,raw,0.529296875,0.006763011979784
HR LS,raw,0.533203125,0.0074970143044043
HR LS,raw,0.537109375,0.0074439320117834
HR LS,raw,0.541015625,0.0079065072564789
HR LS,raw,0.544921875,0.0076068471674967
HR LS,raw,0.548828125,0.0073833364010386
HR LS,raw,0.552734375,0.0081674333978415
HR LS,raw,0.556640625,0.0081838496239206
HR LS,raw,0.560546875,0.0071854647981917
HR LS,raw,0.564453125,0.0088834967149648
HR LS,raw,0.568359375,0.009343432193954
HR LS,raw,0.572265625,0.0086806880059671
HR LS,raw,0.576171875,0.0092840425098822
HR LS,raw,0.580078125,0.0082797781788297
HR LS,raw,0.583984375,0.0091964967061
HR LS,raw,0.587890625,0.0090836820442904
HR LS,raw,0.591796875,0.00982686929133
HR LS,raw,0.595703125,0.010256626227347
HR LS,raw,0.599609375,0.0096734439549472
HR LS,raw,0.603515625,0.0104852795228628
HR LS,raw,0.607421875,0.0102975326588425
HR LS,raw,0.611328125,0.0101117002985507
HR LS,raw,0.615234375,0.0103556051851589
HR LS,raw,0.619140625,0.0109254516286047
HR LS,raw,0.623046875,0.0110687735477965
HR LS,raw,0.626953125,0.0111478830553068
HR LS,raw,0.630859375,0.0092840238317778
HR LS,raw,0.634765625,0.0122224323137723
HR LS,raw,0.638671875,0.0102062087434879
HR LS,raw,0.642578125,0.0112362757453338
HR LS,raw,0.646484375,0.0108693791325089
HR LS,raw,0.650390625,0.0107298626754275
HR LS,raw,0.654296875,0.0116483634357171
HR LS,raw,0.658203125,0.0124432747641466
HR LS,raw,0.662109375,0.0100404243711394
HR LS,raw,0.666015625,0.0117244263344234
HR LS,raw,0.669921875,0.0124306667849894
HR LS,raw,0.673828125,0.0120473574333048
HR LS,raw,0.677734375,0.0132063204948842
HR LS,raw,0.681640625,0.0132174355027729
HR LS,raw,0.685546875,0.0122174135934451
HR LS,raw,0.689453125,0.0117148870271473
HR LS,raw,0.693359375,0.0118199397766544
HR LS,raw,0.697265625,0.0125670996294216
HR LS,raw,0.701171875,0.0120573749085336
HR LS,raw,0.705078125,0.0136341459636262
HR LS,raw,0.708984375,0.0129236985469782
HR LS,raw,0.712890625,0.0138001216262891
HR LS,raw,0.716796875,0.0124072917920304
HR LS,raw,0.720703125,0.0116795061684271
HR LS,raw,0.724609375,0.0118993716554289
HR LS,raw,0.728515625,0.0145164933866406
HR LS,raw,0.732421875,0.0133754745261544
HR LS,raw,0.736328125,0.0120325056299444
HR LS,raw,0.740234375,0.013205801685558
HR LS,raw,0.744140625,0.0126849008164629
HR LS,raw,0.748046875,0.013250364889741
HR LS,raw,0.751953125,0.0131122358829118
HR LS,raw,0.755859375,0.0132778423338563
HR LS,raw,0.759765625,0.0132890170082677
HR LS,raw,0.763671875,0.0134637321353757
HR LS,raw,0.767578125,0.0139235781143915
HR LS,raw,0.771484375,0.0136324041554136
HR LS,raw,0.775390625,0.0138319348846089
HR LS,raw,0.779296875,0.014768439903767
HR LS,raw,0.783203125,0.0155068566965963
HR LS,raw,0.787109375,0.0127474548367174
HR LS,raw,0.791015625,0.0146673084496241
HR LS,raw,0.794921875,0.0143948418309973
HR LS,raw,0.798828125,0.015270103481496
HR LS,raw,0.802734375,0.0147342643465183
HR LS,raw,0.806640625,0.0141392555152735
HR LS,raw,0.810546875,0.0145909559109604
HR LS,raw,0.814453125,0.0139359140724375
HR LS,raw,0.818359375,0.013963942420994
HR LS,raw,0.822265625,0.0134521145942774
HR LS,raw,0.826171875,0.0146320399822501
HR LS,raw,0.830078125,0.0145895497808436
HR LS,raw,0.833984375,0.0161502818114981
HR LS,raw,0.837890625,0.0144099405184407
HR LS,raw,0.841796875,0.013357756113108
HR LS,raw,0.845703125,0.0156082970633192
HR LS,raw,0.849609375,0.01340533344671
HR LS,raw,0.853515625,0.0140808946029599
HR LS,raw,0.857421875,0.0147854867538911
HR LS,raw,0.861328125,0.0141850766085439
HR LS,raw,0.865234375,0.0145271779742514
HR LS,raw,0.869140625,0.0145241194293761
HR LS,raw,0.873046875,0.0160757408751751
HR LS,raw,0.876953125,0.0134766685338281
HR LS,raw,0.880859375,0.0145249884905525
HR LS,raw,0.884765625,0.0137274478391256
HR LS,raw,0.888671875,0.0137220278209446
HR LS,raw,0.892578125,0.0144847873423434
HR LS,raw,0.896484375,0.0142503184571348
HR LS,raw,0.900390625,0.0134016684587019
HR LS,raw,0.904296875,0.0142018270807476
HR LS,raw,0.908203125,0.0136475716652812
HR LS,raw,0.912109375,0.0142483631578041
HR LS,raw,0.916015625,0.0138118881174705
HR LS,raw,0.919921875,0.0138526076789698
HR LS,raw,0.923828125,0.0141800353958635
HR LS,raw,0.927734375,0.0153692793660879
HR LS,raw,0.931640625,0.0126805054341382
HR LS,raw,0.935546875,0.0153815949206579
HR LS,raw,0.939453125,0.0136735731147561
HR LS,raw,0.943359375,0.015295708755504
HR LS,raw,0.947265625,0.0141315281344419
HR LS,raw,0.951171875,0.015332689680548
HR LS,raw,0.955078125,0.0149073011357049
HR LS,raw,0.958984375,0.0149330516178615
HR LS,raw,0.962890625,0.0140313618237542
HR LS,raw,0.966796875,0.0159455931335238
HR LS,raw,0.970703125,0.0145423293112019
HR LS,raw,0.974609375,0.014217615592198
HR LS,raw,0.978515625,0.0157791253300991
HR LS,raw,0.982421875,0.0146563967741179
HR LS,raw,0.986328125,0.0135115011248323
HR LS,raw,0.990234375,0.0144681149048884
HR LS,raw,0.994140625,0.0169862949983993
HR LS,raw,0.998046875,0.0135190121261703
HR LS,raw,1.001953125,0.0155546897492351
HR LS,raw,1.005859375,0.0117648164301112
HR LS,raw,1.009765625,0.0128213836620248
HR LS,raw,1.013671875,0.0137021874039586
HR LS,raw,1.017578125,0.0140196575530291
HR LS,raw,1.021484375,0.0142668989798033
HR LS,raw,1.025390625,0.0141313265408412
HR LS,raw,1.029296875,0.0145141717135224
HR LS,raw,1.033203125,0.0146641715372593
HR LS,raw,1.037109375,0.0163237942592879
HR LS,raw,1.041015625,0.0146408779015897
HR LS,raw,1.044921875,0.0138575972460729
HR LS,raw,1.048828125,0.0137636200550262
HR LS,raw,1.052734375,0.0144239634511601
HR LS,raw,1.056640625,0.0130243756816435
HR LS,raw,1.060546875,0.0140123756566797
HR LS,raw,1.064453125,0.0140917786684785
HR LS,raw,1.068359375,0.0140381158611271
HR LS,raw,1.072265625,0.015297123942462
HR LS,raw,1.076171875,0.014148101368547
HR LS,raw,1.080078125,0.0141262100081968
HR LS,raw,1.083984375,0.0135932757431909
HR LS,raw,1.087890625,0.0142779121805459
HR LS,raw,1.091796875,0.0136138958694883
HR LS,raw,1.095703125,0.0133834222517051
HR LS,raw,1.099609375,0.0131911929743565
HR LS,raw,1.103515625,0.0148217868186302
HR LS,raw,1.107421875,0.0142166246740786
HR LS,raw,1.111328125,0.0142062631676433
HR LS,raw,1.115234375,0.0150021163850395
HR LS,raw,1.119140625,0.0137511188404502
HR LS,raw,1.123046875,0.0168883187830532
HR LS,raw,1.126953125,0.0161879972305484
HR LS,raw,1.130859375,0.0145174888446419
HR LS,raw,1.134765625,0.0161433598405214
HR LS,raw,1.138671875,0.0142039772262551
HR LS,raw,1.142578125,0.0145369791293252
HR LS,raw,1.146484375,0.0164085299896971
HR LS,raw,1.150390625,0.0158727650929024
HR LS,raw,1.154296875,0.0166848713612615
HR LS,raw,1.158203125,0.0175644097119914
HR LS,raw,1.162109375,0.0219331959932126
HR LS,raw,1.166015625,0.023262609011405
HR LS,raw,1.169921875,0.0194168850268526
HR LS,raw,1.173828125,0.0182111075117222
HR LS,raw,1.177734375,0.0159826930200678
HR LS,raw,1.181640625,0.0148764715031247
HR LS,raw,1.185546875,0.0163096996148549
HR LS,raw,1.189453125,0.0146309568272038
HR LS,raw,1.193359375,0.0147536310280138
HR LS,raw,1.197265625,0.0139026303518274
HR LS,raw,1.201171875,0.0138453066432265
HR LS,raw,1.205078125,0.0148321948578971
HR LS,raw,1.208984375,0.0147857093975456
HR LS,raw,1.212890625,0.0149470774856428
HR LS,raw,1.216796875,0.0128595908858839
HR LS,raw,1.220703125,0.0132703867323294
HR LS,raw,1.224609375,0.0128951507608288
HR LS,raw,1.228515625,0.0143674133798564
HR LS,raw,1.232421875,0.0138027694427254
HR LS,raw,1.236328125,0.0140182516654673
HR LS,raw,1.240234375,0.014180641305739
HR LS,raw,1.244140625,0.0138224956250513
HR LS,raw,1.248046875,0.0137514927221388
HR LS,raw,1.251953125,0.0129595765477311
HR LS,raw,1.255859375,0.0124815905261223
HR LS,raw,1.259765625,0.0126544400266159
HR LS,raw,1.263671875,0.0133872278206311
HR LS,raw,1.267578125,0.0124105681554085
HR LS,raw,1.271484375,0.0129144419915096
HR LS,raw,1.275390625,0.0126233102023678
HR LS,raw,1.279296875,0.0127948990822248
HR LS,raw,1.283203125,0.0118985745507541
HR LS,raw,1.287109375,0.0128630979995543
HR LS,raw,1.291015625,0.0133364843573794
HR LS,raw,1.294921875,0.0130884324751434
HR LS,raw,1.298828125,0.0120252628549978
HR LS,raw,1.302734375,0.0126169927125968
HR LS,raw,1.306640625,0.0125406842226072
HR LS,raw,1.310546875,0.0124810625249342
HR LS,raw,1.314453125,0.0109684010366242
HR LS,raw,1.318359375,0.0115965350426435
HR LS,raw,1.322265625,0.0119959497977202
HR LS,raw,1.326171875,0.0117049254679603
HR LS,raw,1.330078125,0.011573929477827
HR LS,raw,1.333984375,0.0113609664564791
HR LS,raw,1.337890625,0.0111299473595399
HR LS,raw,1.341796875,0.0112302768183061
HR LS,raw,1.345703125,0.0109487510366391
HR LS,raw,1.349609375,0.011052674616826
HR LS,raw,1.353515625,0.0102404234475892
HR LS,raw,1.357421875,0.0113182589383329
HR LS,raw,1.361328125,0.0109001401152444
HR LS,raw,1.365234375,0.0098936675022829
HR LS,raw,1.369140625,0.0102026590345959
HR LS,raw,1.373046875,0.0105536603979879
HR LS,raw,1.376953125,0.0100317465418242
HR LS,raw,1.380859375,0.010711610796409
HR LS,raw,1.384765625,0.0113425719370336
HR LS,raw,1.388671875,0.0092988429210212
HR LS,raw,1.392578125,0.0101116915841812
HR LS,raw,1.396484375,0.0102114140001485
HR LS,raw,1.400390625,0.0095293207920628
HR LS,raw,1.404296875,0.0093977097551636
HR LS,raw,1.408203125,0.0093844184303563
HR LS,raw,1.412109375,0.0100355030901762
HR LS,raw,1.416015625,0.0089881871366676
HR LS,raw,1.419921875,0.0090926924359537
HR LS,raw,1.423828125,0.0091550768567151
HR LS,raw,1.427734375,0.0087569603815671
HR LS,raw,1.431640625,0.008773788129165
HR LS,raw,1.435546875,0.0088211502986123
HR LS,raw,1.439453125,0.0089334830570104
HR LS,raw,1.443359375,0.0079732022535856
HR LS,raw,1.447265625,0.0084572533591992
HR LS,raw,1.451171875,0.008234943165206
HR LS,raw,1.455078125,0.0079538213522478
HR LS,raw,1.458984375,0.0084864560373922
HR LS,raw,1.462890625,0.0077130627264882
HR LS,raw,1.466796875,0.0080648759003942
HR LS,raw,1.470703125,0.0076924112421594
HR LS,raw,1.474609375,0.0069579466598559
HR LS,raw,1.478515625,0.0072404354449105
HR LS,raw,1.482421875,0.0076780995081795
HR LS,raw,1.486328125,0.0072730947390457
HR LS,raw,1.490234375,0.0074215659670367
HR LS,raw,1.494140625,0.0072295685450293
HR LS,raw,1.498046875,0.0068994592795375
HR LS,raw,1.501953125,0.0068200889008734
HR LS,raw,1.505859375,0.0066369362894682
HR LS,raw,1.509765625,0.0066434944081803
HR LS,raw,1.513671875,0.0071160506877097
HR LS,raw,1.517578125,0.0064242085879516
HR LS,raw,1.521484375,0.0065762873417434
HR LS,raw,1.525390625,0.0063844356191522
HR LS,raw,1.529296875,0.0066991476872745
HR LS,raw,1.533203125,0.0059431303573367
HR LS,raw,1.537109375,0.0060190236783732
HR LS,raw,1.541015625,0.0058590710658931
HR LS,raw,1.544921875,0.0056834025018431
HR LS,raw,1.548828125,0.0063332427007566
HR LS,raw,1.552734375,0.0058961152756802
HR LS,raw,1.556640625,0.0055921478284859
HR LS,raw,1.560546875,0.005401988429545
HR LS,raw,1.564453125,0.0054653543414984
HR LS,raw,1.568359375,0.0053171724173142
HR LS,raw,1.572265625,0.005322799021407
HR LS,raw,1.576171875,0.0050395364931551
HR LS,raw,1.580078125,0.0053015235334837
HR LS,raw,1.583984375,0.0049436403289316
HR LS,raw,1.587890625,0.0048279727484934
HR LS,raw,1.591796875,0.0050893460246136
HR LS,raw,1.595703125,0.0046609872689241
HR LS,raw,1.599609375,0.0047019318716118
HR LS,raw,1.603515625,0.0044850479960275
HR LS,raw,1.607421875,0.0046336826631251
HR LS,raw,1.611328125,0.0044623913244972
HR LS,raw,1.615234375,0.0042916968032976
HR LS,raw,1.619140625,0.0044815784577027
HR LS,raw,1.623046875,0.004306854452203
HR LS,raw,1.626953125,0.0043094214577078
HR LS,raw,1.630859375,0.0039588637411165
HR LS,raw,1.634765625,0.0043442229854362
HR LS,raw,1.638671875,0.0044026005885221
HR LS,raw,1.642578125,0.0041768770242773
HR LS,raw,1.646484375,0.0042377980792033
HR LS,raw,1.650390625,0.004199956567741
HR LS,raw,1.654296875,0.0043638776694256
HR LS,raw,1.658203125,0.0041111909238766
HR LS,raw,1.662109375,0.0045255216680971
HR LS,raw,1.666015625,0.0044461360068652
HR LS,raw,1.669921875,0.0043258348020504
HR LS,raw,1.673828125,0.0046112355414465
HR LS,raw,1.677734375,0.0042093035643603
HR LS,raw,1.681640625,0.004333048617298
HR LS,raw,1.685546875,0.004371292663624
HR LS,raw,1.689453125,0.0043909442300694
HR LS,raw,1.693359375,0.0042510932518272
HR LS,raw,1.697265625,0.0046005843234562
HR LS,raw,1.701171875,0.004421036532977
HR LS,raw,1.705078125,0.004174000064087
HR LS,raw,1.708984375,0.0043351956508066
HR LS,raw,1.712890625,0.0042683216303787
HR LS,raw,1.716796875,0.004480906470517
HR LS,raw,1.720703125,0.0044240982400208
HR LS,raw,1.724609375,0.0043976619930737
HR LS,raw,1.728515625,0.0045150007584016
HR LS,raw,1.732421875,0.0044273699901578
HR LS,raw,1.736328125,0.0042699195484149
HR LS,raw,1.740234375,0.004624973791004
HR LS,raw,1.744140625,0.0047733237424139
HR LS,raw,1.748046875,0.0047923080433065
HR LS,raw,1.751953125,0.004745639027372
HR LS,raw,1.755859375,0.0043914181356758
HR LS,raw,1.759765625,0.0046001188217259
HR LS,raw,1.763671875,0.0048648585487542
HR LS,raw,1.767578125,0.004536120563639
HR LS,raw,1.771484375,0.0045210653695902
HR LS,raw,1.775390625,0.0043925216394477
HR LS,raw,1.779296875,0.0047661054581468
HR LS,raw,1.783203125,0.0046894383289133
HR LS,raw,1.787109375,0.0044748940233627
HR LS,raw,1.791015625,0.004871678485508
HR LS,raw,1.794921875,0.0048864007540764
HR LS,raw,1.798828125,0.0052465364839589
HR LS,raw,1.802734375,0.0048554421084235
HR LS,raw,1.806640625,0.0052513236903647
HR LS,raw,1.810546875,0.0048389810478509
HR LS,raw,1.814453125,0.0048016360501848
HR LS,raw,1.818359375,0.0049558030166978
HR LS,raw,1.822265625,0.0050724445122659
HR LS,raw,1.826171875,0.0048863725648277
HR LS,raw,1.830078125,0.0050294787210881
HR LS,raw,1.833984375,0.0052541482366834
HR LS,raw,1.837890625,0.0050352247524613
HR LS,raw,1.841796875,0.0046716403124699
HR LS,raw,1.845703125,0.0053131501398148
HR LS,raw,1.849609375,0.0050555380448165
HR LS,raw,1.853515625,0.0050742812669693
HR LS,raw,1.857421875,0.0052155329598136
HR LS,raw,1.861328125,0.004950023710222
HR LS,raw,1.865234375,0.0052455076622986
HR LS,raw,1.869140625,0.0046578819056012
HR LS,raw,1.873046875,0.0052322817710385
HR LS,raw,1.876953125,0.0050681022301675
HR LS,raw,1.880859375,0.0050203234977204
HR LS,raw,1.884765625,0.0051387400410969
HR LS,raw,1.888671875,0.0049243548167408
HR LS,raw,1.892578125,0.0055849539145047
HR LS,raw,1.896484375,0.005400144102299
HR LS,raw,1.900390625,0.0050830409523215
HR LS,raw,1.904296875,0.004871796307057
HR LS,raw,1.908203125,0.0051582384517615
HR LS,raw,1.912109375,0.0051551543554883
HR LS,raw,1.916015625,0.0048907147515973
HR LS,raw,1.919921875,0.0051558602388071
HR LS,raw,1.923828125,0.0054266700736396
HR LS,raw,1.927734375,0.0049649847339151
HR LS,raw,1.931640625,0.005023705908321
HR LS,raw,1.935546875,0.0052200882294086
HR LS,raw,1.939453125,0.005724576460315
HR LS,raw,1.943359375,0.0054417385376175
HR LS,raw,1.947265625,0.0048814932324959
HR LS,raw,1.951171875,0.0054785220606923
HR LS,raw,1.955078125,0.0052418561269323
HR LS,raw,1.958984375,0.005409485680483
HR LS,raw,1.962890625,0.0051652854349692
HR LS,raw,1.966796875,0.0058202343809701
HR LS,raw,1.970703125,0.0055628451283058
HR LS,raw,1.974609375,0.0050493296395558
HR LS,raw,1.978515625,0.0053296367514546
HR LS,raw,1.982421875,0.0053326459028668
HR LS,raw,1.986328125,0.004984701058119
HR LS,raw,1.990234375,0.0051089484013355
HR LS,raw,1.994140625,0.00574253787048
HR LS,raw,1.998046875,0.0052378714376142
HR LS,raw,2.001953125,0.0055428029084314
HR LS,raw,2.005859375,0.0053163086818017
HR LS,raw,2.009765625,0.0051824853183052
HR LS,raw,2.013671875,0.0057065460138481
HR LS,raw,2.017578125,0.0055400005143414
HR LS,raw,2.021484375,0.0054589166573384
HR LS,raw,2.025390625,0.0052697997188907
HR LS,raw,2.029296875,0.0053068800820927
HR LS,raw,2.033203125,0.0050300714677694
HR LS,raw,2.037109375,0.0057824059192729
HR LS,raw,2.041015625,0.0053264035151462
HR LS,raw,2.044921875,0.005398033288903
HR LS,raw,2.048828125,0.0050770073414538
HR LS,raw,2.052734375,0.005406878746143
HR LS,raw,2.056640625,0.0055905873511006
HR LS,raw,2.060546875,0.0053748841839441
HR LS,raw,2.064453125,0.0054185736019993
HR LS,raw,2.068359375,0.0055871606788988
HR LS,raw,2.072265625,0.0049527020017536
HR LS,raw,2.076171875,0.0049649225798392
HR LS,raw,2.080078125,0.005577519464911
HR LS,raw,2.083984375,0.0054250422993868
HR LS,raw,2.087890625,0.0054271399885687
HR LS,raw,2.091796875,0.0056628845492794
HR LS,raw,2.095703125,0.0050397248342802
HR LS,raw,2.099609375,0.0054118847991843
HR LS,raw,2.103515625,0.005675984689374
HR LS,raw,2.107421875,0.0054284528562314
HR LS,raw,2.111328125,0.0051543961107177
HR LS,raw,2.115234375,0.005221522761844
HR LS,raw,2.119140625,0.0056075810165051
HR LS,raw,2.123046875,0.0054427399133542
HR LS,raw,2.126953125,0.0055062419238401
HR LS,raw,2.130859375,0.0054217751469723
HR LS,raw,2.134765625,0.0056204081802793
HR LS,raw,2.138671875,0.0055434956952956
HR LS,raw,2.142578125,0.0055207244195204
HR LS,raw,2.146484375,0.0053756284261884
HR LS,raw,2.150390625,0.0056352232673781
HR LS,raw,2.154296875,0.0057241437600834
HR LS,raw,2.158203125,0.0052579608487368
HR LS,raw,2.162109375,0.0050930547233524
HR LS,raw,2.166015625,0.0053030201384133
HR LS,raw,2.169921875,0.0054849633390006
HR LS,raw,2.173828125,0.0054740952284574
HR LS,raw,2.177734375,0.0057144463578523
HR LS,raw,2.181640625,0.0052073501613427
HR LS,raw,2.185546875,0.004836054957549
HR LS,raw,2.189453125,0.0053141071242795
HR LS,raw,2.193359375,0.0053420122320938
HR LS,raw,2.197265625,0.0053532772598998
HR LS,raw,2.201171875,0.005366602363922
HR LS,raw,2.205078125,0.0059279218784163
HR LS,raw,2.208984375,0.0050685965627009
HR LS,raw,2.212890625,0.0053382569496283
HR LS,raw,2.216796875,0.0054918259040287
HR LS,raw,2.220703125,0.0052816065322283
HR LS,raw,2.224609375,0.0051331396254991
HR LS,raw,2.228515625,0.0055034798644831
HR LS,raw,2.232421875,0.0054385827054067
HR LS,raw,2.236328125,0.0055728798316049
HR LS,raw,2.240234375,0.0052547048849611
HR LS,raw,2.244140625,0.0053870951620373
HR LS,raw,2.248046875,0.005139842828591
HR LS,raw,2.251953125,0.0053894825561759
HR LS,raw,2.255859375,0.005594615666904
HR LS,raw,2.259765625,0.0058093909394808
HR LS,raw,2.263671875,0.0058200548739845
HR LS,raw,2.267578125,0.0056198384421891
HR LS,raw,2.271484375,0.005534879019559
HR LS,raw,2.275390625,0.0054346972025973
HR LS,raw,2.279296875,0.0057878969825771
HR LS,raw,2.283203125,0.0053205749926628
HR LS,raw,2.287109375,0.0052988312957203
HR LS,raw,2.291015625,0.0053319028534659
HR LS,raw,2.294921875,0.0054433045505297
HR LS,raw,2.298828125,0.0052058610315711
HR LS,raw,2.302734375,0.005359077526437
HR LS,raw,2.306640625,0.0052303578920264
HR LS,raw,2.310546875,0.0054148145031812
HR LS,raw,2.314453125,0.0056790408675007
HR LS,raw,2.318359375,0.0055791665855828
HR LS,raw,2.322265625,0.0053232486583791
HR LS,raw,2.326171875,0.0053832558848896
HR LS,raw,2.330078125,0.0052743269470432
HR LS,raw,2.333984375,0.0051648956389993
HR LS,raw,2.337890625,0.0050840518402352
HR LS,raw,2.341796875,0.0055285959688845
HR LS,raw,2.345703125,0.0054493706595027
HR LS,raw,2.349609375,0.0053984563046578
HR LS,raw,2.353515625,0.0051405520986349
HR LS,raw,2.357421875,0.0053024501137545
HR LS,raw,2.361328125,0.0053964577801338
HR LS,raw,2.365234375,0.0058278481269345
HR LS,raw,2.369140625,0.0054509279383967
HR LS,raw,2.373046875,0.0054135592731684
HR LS,raw,2.376953125,0.0050420268045305
HR LS,raw,2.380859375,0.0052457331233433
HR LS,raw,2.384765625,0.0052144039663411
HR LS,raw,2.388671875,0.0054993033476812
HR LS,raw,2.392578125,0.0056692886910614
HR LS,raw,2.396484375,0.006136358213305
HR LS,raw,2.400390625,0.0052840856659109
HR LS,raw,2.404296875,0.0055402651639659
HR LS,raw,2.408203125,0.0054001192088986
HR LS,raw,2.412109375,0.0054977099029768
HR LS,raw,2.416015625,0.0054946367268377
HR LS,raw,2.419921875,0.0057133199285791
HR LS,raw,2.423828125,0.0054839777532215
HR LS,raw,2.427734375,0.0056122186268442
HR LS,raw,2.431640625,0.0055044449776372
HR LS,raw,2.435546875,0.0055700347978146
HR LS,raw,2.439453125,0.0053551788602742
HR LS,raw,2.443359375,0.0053696574597334
HR LS,raw,2.447265625,0.005618462079994
HR LS,raw,2.451171875,0.0056045102508175
HR LS,raw,2.455078125,0.0054035226920215
HR LS,raw,2.458984375,0.0052573398121368
HR LS,raw,2.462890625,0.0055149159739129
HR LS,raw,2.466796875,0.0056719107117708
HR LS,raw,2.470703125,0.0052159880889224
HR LS,raw,2.474609375,0.0057577092745389
HR LS,raw,2.478515625,0.0057457690419574
HR LS,raw,2.482421875,0.0054450674174294
HR LS,raw,2.486328125,0.0052199934572679
HR LS,raw,2.490234375,0.0058354901801099
HR LS,raw,2.494140625,0.005841760602537
HR LS,raw,2.498046875,0.0057413149017738
HR LS,trend,-0.5,0.0
HR LS,trend,-0.087890625,0.0
HR LS,trend,-0.087890625,0.07683478109416252
HR LS,trend,-0.083984375,0.07375150891588902
HR LS,trend,-0.072265625,0.06420059378027126
HR LS,trend,-0.068359375,0.060962704796469425
HR LS,trend,-0.064453125,0.057722864619230006
HR LS,trend,-0.060546875,0.05449140532886084
HR LS,trend,-0.056640625,0.05127915661876569
HR LS,trend,-0.052734375,0.04809624095677891
HR LS,trend,-0.048828125,0.04494843797246792
HR LS,trend,-0.044921875,0.04182840208591416
HR LS,trend,-0.041015625,0.038685442438061796
HR LS,trend,-0.037109375,0.03533180678028227
HR LS,trend,-0.033203125,0.031821427648646275
HR LS,trend,-0.029296875,0.028353506239132176
HR LS,trend,-0.025390625,0.02448809774002265
HR LS,trend,-0.021484375,0.02145309359447581
HR LS,trend,-0.017578125,0.01868171300866
HR LS,trend,-0.013671875,0.016156524183750656
HR LS,trend,-0.009765625,0.013895658218041153
HR LS,trend,-0.005859375,0.011905947255132557
HR LS,trend,-0.001953125,0.010176423290224317
HR LS,trend,0.001953125,0.008688586871785756
HR LS,trend,0.005859375,0.0074204303219928295
HR LS,trend,0.009765625,0.006345788549376009
HR LS,trend,0.013671875,0.005438183783993025
HR LS,trend,0.017578125,0.004675661176937772
HR LS,trend,0.021484375,0.004040937584612045
HR LS,trend,0.025390625,0.0035060492169917165
HR LS,trend,0.029296875,0.0030337124123164857
HR LS,trend,0.033203125,0.002600606066487154
HR LS,trend,0.037109375,0.002197101677640408
HR LS,trend,0.041015625,0.0018254561831905693
HR LS,trend,0.044921875,0.0014924244610158757
HR LS,trend,0.048828125,0.0012047323266625013
HR LS,trend,0.052734375,0.0009668831147623873
HR LS,trend,0.056640625,0.0007790074217785751
HR LS,trend,0.060546875,0.00063861671092114
HR LS,trend,0.064453125,0.0005407214219134059
HR LS,trend,0.068359375,0.0004789265372488962
HR LS,trend,0.072265625,0.0004461295132210759
HR LS,trend,0.076171875,0.0004352118257905742
HR LS,trend,0.080078125,0.00043958111543263186
HR LS,trend,0.083984375,0.0004536028143001507
HR LS,trend,0.087890625,0.0004728016054544463
HR LS,trend,0.091796875,0.0004939283627467324
HR LS,trend,0.095703125,0.0005148975257664347
HR LS,trend,0.099609375,0.0005346407013812407
HR LS,trend,0.103515625,0.0005528973962624393
HR LS,trend,0.107421875,0.0005699431453422927
HR LS,trend,0.111328125,0.0005860577898041956
HR LS,trend,0.115234375,0.0006012351240172787
HR LS,trend,0.119140625,0.0006156893089336496
HR LS,trend,0.123046875,0.0006297675011038771
HR LS,trend,0.126953125,0.0006437662544159065
HR LS,trend,0.130859375,0.0006578700464975403
HR LS,trend,0.134765625,0.0006721523096214245
HR LS,trend,0.138671875,0.0006865521752665728
HR LS,trend,0.142578125,0.0007009341900035651
HR LS,trend,0.146484375,0.0007151608847450709
HR LS,trend,0.150390625,0.0007291170119122103
HR LS,trend,0.154296875,0.000742709882965321
HR LS,trend,0.158203125,0.0007559473951020932
HR LS,trend,0.162109375,0.0007689065487318698
HR LS,trend,0.166015625,0.0007816598575028298
HR LS,trend,0.169921875,0.000794322385446182
HR LS,trend,0.173828125,0.0008070112930291117
HR LS,trend,0.177734375,0.0008197495487208799
HR LS,trend,0.181640625,0.000832517992476237
HR LS,trend,0.185546875,0.0008453180489874304
HR LS,trend,0.189453125,0.0008581998622152535
HR LS,trend,0.193359375,0.0008713398916449409
HR LS,trend,0.197265625,0.0008850277043152334
HR LS,trend,0.201171875,0.0008993348137929445
HR LS,trend,0.205078125,0.0009142017843166088
HR LS,trend,0.208984375,0.0009295083135906929
HR LS,trend,0.212890625,0.0009451897330883195
HR LS,trend,0.216796875,0.000961402775982574
HR LS,trend,0.220703125,0.0009782496361167633
HR LS,trend,0.224609375,0.0009957499879958722
HR LS,trend,0.228515625,0.0010137925740342083
HR LS,trend,0.232421875,0.0010323505717716166
HR LS,trend,0.236328125,0.0010514990610917742
HR LS,trend,0.240234375,0.0010712420798867552
HR LS,trend,0.244140625,0.001091668060403592
HR LS,trend,0.248046875,0.0011129265297108852
HR LS,trend,0.251953125,0.0011352175831717453
HR LS,trend,0.255859375,0.0011586085196241412
HR LS,trend,0.259765625,0.0011830646382070993
HR LS,trend,0.263671875,0.001208466071245083
HR LS,trend,0.267578125,0.0012347658490410183
HR LS,trend,0.271484375,0.0012621650479219101
HR LS,trend,0.275390625,0.001291148831874901
HR LS,trend,0.279296875,0.0013221679514556876
HR LS,trend,0.283203125,0.001355698195340617
HR LS,trend,0.287109375,0.0013920252074012256
HR LS,trend,0.291015625,0.001431007443813624
HR LS,trend,0.294921875,0.001471979811584461
HR LS,trend,0.298828125,0.00151446474997501
HR LS,trend,0.302734375,0.0015587159215327325
HR LS,trend,0.306640625,0.0016051432558668146
HR LS,trend,0.310546875,0.0016537817250492205
HR LS,trend,0.314453125,0.001704348424182935
HR LS,trend,0.318359375,0.0017566824631588581
HR LS,trend,0.322265625,0.001810672691496671
HR LS,trend,0.326171875,0.0018663205725212638
HR LS,trend,0.330078125,0.001923474033782344
HR LS,trend,0.333984375,0.0019818179278222
HR LS,trend,0.337890625,0.0020412462830930404
HR LS,trend,0.341796875,0.0021020354628720163
HR LS,trend,0.345703125,0.0021642555096312395
HR LS,trend,0.349609375,0.002227975291244554
HR LS,trend,0.353515625,0.002293223346691325
HR LS,trend,0.357421875,0.0023602007208874953
HR LS,trend,0.361328125,0.002429121535871727
HR LS,trend,0.365234375,0.002500104526725847
HR LS,trend,0.369140625,0.0025732075852779625
HR LS,trend,0.373046875,0.0026485258007321534
HR LS,trend,0.376953125,0.002725660633884904
HR LS,trend,0.380859375,0.002803978853865872
HR LS,trend,0.384765625,0.0028831724439371486
HR LS,trend,0.388671875,0.0029638061794703186
HR LS,trend,0.392578125,0.00304686259877681
HR LS,trend,0.396484375,0.0031330162971267084
HR LS,trend,0.400390625,0.0032215493895125227
HR LS,trend,0.404296875,0.0033109185395786473
HR LS,trend,0.408203125,0.0034009525633279117
HR LS,trend,0.412109375,0.0034925012068254095
HR LS,trend,0.416015625,0.003586519395312773
HR LS,trend,0.419921875,0.0036836207790878935
HR LS,trend,0.423828125,0.0037834600883372917
HR LS,trend,0.427734375,0.0038853478473784096
HR LS,trend,0.431640625,0.003988720748497689
HR LS,trend,0.435546875,0.00409428176815528
HR LS,trend,0.439453125,0.004202759722813607
HR LS,trend,0.443359375,0.00431452687650156
HR LS,trend,0.447265625,0.004429503517845988
HR LS,trend,0.451171875,0.0045468160189709285
HR LS,trend,0.455078125,0.004665337029431876
HR LS,trend,0.458984375,0.004784768136281561
HR LS,trend,0.462890625,0.004905293371096277
HR LS,trend,0.466796875,0.00502715133939472
HR LS,trend,0.470703125,0.0051496088386081265
HR LS,trend,0.474609375,0.005272533980351511
HR LS,trend,0.478515625,0.005395487605445223
HR LS,trend,0.482421875,0.005518877422928944
HR LS,trend,0.486328125,0.005642262878588819
HR LS,trend,0.490234375,0.0057657663966073636
HR LS,trend,0.494140625,0.005890113169164213
HR LS,trend,0.498046875,0.006016986940940143
HR LS,trend,0.501953125,0.006147469390076693
HR LS,trend,0.505859375,0.0062804471724821325
HR LS,trend,0.509765625,0.0064149451193273215
HR LS,trend,0.513671875,0.006549579562121376
HR LS,trend,0.517578125,0.006681907935869727
HR LS,trend,0.521484375,0.006813512381949169
HR LS,trend,0.525390625,0.006948244551037919
HR LS,trend,0.529296875,0.007088696470015559
HR LS,trend,0.533203125,0.007234734539711918
HR LS,trend,0.537109375,0.0073835993189726055
HR LS,trend,0.541015625,0.007533189159338666
HR LS,trend,0.544921875,0.007682100195199376
HR LS,trend,0.548828125,0.007831156432940758
HR LS,trend,0.552734375,0.007982321082102495
HR LS,trend,0.556640625,0.008135965055483741
HR LS,trend,0.560546875,0.00829206653634182
HR LS,trend,0.564453125,0.008449879758528282
HR LS,trend,0.568359375,0.00860914865849506
HR LS,trend,0.572265625,0.008769520300388653
HR LS,trend,0.576171875,0.008931696126979522
HR LS,trend,0.580078125,0.009095966214894268
HR LS,trend,0.583984375,0.009261232493382237
HR LS,trend,0.587890625,0.009423057707116364
HR LS,trend,0.591796875,0.009580168483274273
HR LS,trend,0.595703125,0.009730241927049693
HR LS,trend,0.599609375,0.009872706341165336
HR LS,trend,0.603515625,0.010007310377112253
HR LS,trend,0.607421875,0.010133474648899627
HR LS,trend,0.611328125,0.01025382688853444
HR LS,trend,0.615234375,0.010372689764734521
HR LS,trend,0.619140625,0.010487122381061587
HR LS,trend,0.623046875,0.010594455703812851
HR LS,trend,0.626953125,0.01069565291030366
HR LS,trend,0.630859375,0.010792853486544312
HR LS,trend,0.634765625,0.010891873592488195
HR LS,trend,0.638671875,0.010997945898356273
HR LS,trend,0.642578125,0.011111210597376695
HR LS,trend,0.646484375,0.011227295950422133
HR LS,trend,0.650390625,0.011341119457913142
HR LS,trend,0.654296875,0.011450687119817327
HR LS,trend,0.658203125,0.01155535899039961
HR LS,trend,0.662109375,0.011658231571747512
HR LS,trend,0.666015625,0.01176289628271928
HR LS,trend,0.669921875,0.011872703384343467
HR LS,trend,0.673828125,0.011985427669721372
HR LS,trend,0.677734375,0.012094452944000118
HR LS,trend,0.681640625,0.012195572248477648
HR LS,trend,0.685546875,0.012291522313295994
HR LS,trend,0.689453125,0.012380547543095845
HR LS,trend,0.693359375,0.012460027360084136
HR LS,trend,0.697265625,0.01252860906092288
HR LS,trend,0.701171875,0.01258662620341573
HR LS,trend,0.705078125,0.012636111503194762
HR LS,trend,0.708984375,0.012678549864207262
HR LS,trend,0.712890625,0.01271626861403039
HR LS,trend,0.716796875,0.012755442006500405
HR LS,trend,0.720703125,0.012799303938119852
HR LS,trend,0.724609375,0.012848912340989069
HR LS,trend,0.728515625,0.012904134937475931
HR LS,trend,0.732421875,0.012962824257869354
HR LS,trend,0.736328125,0.01302433723784714
HR LS,trend,0.740234375,0.013091164800190007
HR LS,trend,0.744140625,0.01316371785150263
HR LS,trend,0.748046875,0.01324326729153221
HR LS,trend,0.751953125,0.013330944390615707
HR LS,trend,0.755859375,0.013428169651860474
HR LS,trend,0.759765625,0.013531982456220537
HR LS,trend,0.763671875,0.013637269208417785
HR LS,trend,0.767578125,0.013739197167061935
HR LS,trend,0.771484375,0.013836114079319863
HR LS,trend,0.775390625,0.0139281740528413
HR LS,trend,0.779296875,0.014013270366394198
HR LS,trend,0.783203125,0.014087449887279406
HR LS,trend,0.787109375,0.014151108936920346
HR LS,trend,0.791015625,0.014209630629699136
HR LS,trend,0.794921875,0.014264339653917227
HR LS,trend,0.798828125,0.014313396562364087
HR LS,trend,0.802734375,0.014356209271437725
HR LS,trend,0.806640625,0.01438962625429099
HR LS,trend,0.810546875,0.01441150399401175
HR LS,trend,0.814453125,0.014422787496917357
HR LS,trend,0.818359375,0.014425057816193809
HR LS,trend,0.822265625,0.01442098828763123
HR LS,trend,0.826171875,0.014415663506338513
HR LS,trend,0.830078125,0.01441527390423208
HR LS,trend,0.833984375,0.014419240231079832
HR LS,trend,0.837890625,0.014425865412761309
HR LS,trend,0.841796875,0.014434865055561413
HR LS,trend,0.845703125,0.014443287957204318
HR LS,trend,0.849609375,0.0144488158309705
HR LS,trend,0.853515625,0.014447337933329836
HR LS,trend,0.857421875,0.01443543502823705
HR LS,trend,0.861328125,0.014412852291721553
HR LS,trend,0.865234375,0.014380317254039357
HR LS,trend,0.869140625,0.014342018021064521
HR LS,trend,0.873046875,0.014303270644938807
HR LS,trend,0.876953125,0.014268853862037467
HR LS,trend,0.880859375,0.014240386382241422
HR LS,trend,0.884765625,0.014217690636727287
HR LS,trend,0.888671875,0.014194835045426058
HR LS,trend,0.892578125,0.014171951348779143
HR LS,trend,0.896484375,0.014150671916903564
HR LS,trend,0.900390625,0.014132064616352231
HR LS,trend,0.904296875,0.014119615791130809
HR LS,trend,0.908203125,0.014117921815966128
HR LS,trend,0.912109375,0.014129496781916898
HR LS,trend,0.916015625,0.014155553516404712
HR LS,trend,0.919921875,0.014194149943249973
HR LS,trend,0.923828125,0.014243278103183632
HR LS,trend,0.927734375,0.014297545897422385
HR LS,trend,0.931640625,0.014354247913181035
HR LS,trend,0.935546875,0.01441250592103675
HR LS,trend,0.939453125,0.014471358686806593
HR LS,trend,0.943359375,0.014526428876747283
HR LS,trend,0.947265625,0.014575069074977864
HR LS,trend,0.951171875,0.01461996369476431
HR LS,trend,0.955078125,0.014661714626814976
HR LS,trend,0.958984375,0.014698635928057266
HR LS,trend,0.962890625,0.01472274227027913
HR LS,trend,0.966796875,0.014726482894208115
HR LS,trend,0.970703125,0.014708438954386916
HR LS,trend,0.974609375,0.01467100266314892
HR LS,trend,0.978515625,0.014618185370472197
HR LS,trend,0.982421875,0.014554937559600202
HR LS,trend,0.986328125,0.014489468395421524
HR LS,trend,0.990234375,0.014428158623014248
HR LS,trend,0.994140625,0.014380331437346369
HR LS,trend,0.998046875,0.014348795867363628
HR LS,trend,1.001953125,0.014329835439108707
HR LS,trend,1.005859375,0.014316278324946525
HR LS,trend,1.009765625,0.014301742000303938
HR LS,trend,1.013671875,0.014281977950574367
HR LS,trend,1.017578125,0.014257343086760422
HR LS,trend,1.021484375,0.01422902592587576
HR LS,trend,1.025390625,0.014202373968264348
HR LS,trend,1.029296875,0.0141850698015307
HR LS,trend,1.033203125,0.014180288434359136
HR LS,trend,1.037109375,0.014190018627437887
HR LS,trend,1.041015625,0.01421363570754777
HR LS,trend,1.044921875,0.014243185189199129
HR LS,trend,1.048828125,0.014264241475756799
HR LS,trend,1.052734375,0.014266797595543257
HR LS,trend,1.056640625,0.01424522475168573
HR LS,trend,1.060546875,0.01420642405686183
HR LS,trend,1.064453125,0.014160043400021355
HR LS,trend,1.068359375,0.014114413059632834
HR LS,trend,1.072265625,0.01407746243704254
HR LS,trend,1.076171875,0.014055562299185248
HR LS,trend,1.080078125,0.01405767485661795
HR LS,trend,1.083984375,0.014088237929805838
HR LS,trend,1.087890625,0.014142711475536567
HR LS,trend,1.091796875,0.014212049350991882
HR LS,trend,1.095703125,0.014286359425208804
HR LS,trend,1.099609375,0.014359668532807861
HR LS,trend,1.103515625,0.014432488569085413
HR LS,trend,1.107421875,0.014508689571327928
HR LS,trend,1.111328125,0.014596431783451397
HR LS,trend,1.115234375,0.014706911940493872
HR LS,trend,1.119140625,0.014858829722417788
HR LS,trend,1.123046875,0.015068533610025223
HR LS,trend,1.126953125,0.015335077476895354
HR LS,trend,1.130859375,0.015642261332589332
HR LS,trend,1.134765625,0.015962263458348183
HR LS,trend,1.138671875,0.016265321089807355
HR LS,trend,1.142578125,0.016527875840990636
HR LS,trend,1.146484375,0.016735300607994354
HR LS,trend,1.150390625,0.016882672429396752
HR LS,trend,1.154296875,0.016970504870304794
HR LS,trend,1.158203125,0.017003318650210573
HR LS,trend,1.162109375,0.016993089732790186
HR LS,trend,1.166015625,0.01695418353585988
HR LS,trend,1.169921875,0.01689451407108016
HR LS,trend,1.173828125,0.016809779744045707
HR LS,trend,1.177734375,0.016685000330581238
HR LS,trend,1.181640625,0.016506662281690967
HR LS,trend,1.185546875,0.016271892001916387
HR LS,trend,1.189453125,0.015985014494184022
HR LS,trend,1.193359375,0.015660876665713003
HR LS,trend,1.197265625,0.01532109602436494
HR LS,trend,1.201171875,0.014988989787470933
HR LS,trend,1.205078125,0.014689874809152584
HR LS,trend,1.208984375,0.014443275525427207
HR LS,trend,1.212890625,0.014254487794549837
HR LS,trend,1.216796875,0.014110636010472603
HR LS,trend,1.220703125,0.013992180814150282
HR LS,trend,1.224609375,0.013885396507104117
HR LS,trend,1.228515625,0.013783395311153907
HR LS,trend,1.232421875,0.01368534490037048
HR LS,trend,1.236328125,0.013591515299376841
HR LS,trend,1.240234375,0.013499007971414442
HR LS,trend,1.244140625,0.013408768250905931
HR LS,trend,1.248046875,0.013324324031227176
HR LS,trend,1.251953125,0.01324886897555638
HR LS,trend,1.255859375,0.013180955071590611
HR LS,trend,1.259765625,0.01311566079686124
HR LS,trend,1.263671875,0.013047985368126465
HR LS,trend,1.267578125,0.012974710272547624
HR LS,trend,1.271484375,0.012895336750104609
HR LS,trend,1.275390625,0.012812148775001322
HR LS,trend,1.279296875,0.0127291707306526
HR LS,trend,1.283203125,0.012648283065814902
HR LS,trend,1.287109375,0.012570564673072458
HR LS,trend,1.291015625,0.01249557525520431
HR LS,trend,1.294921875,0.012420796014545692
HR LS,trend,1.298828125,0.012343067981117194
HR LS,trend,1.302734375,0.012259500105573324
HR LS,trend,1.306640625,0.012169453949817386
HR LS,trend,1.310546875,0.012072807683893953
HR LS,trend,1.314453125,0.011970312351372797
HR LS,trend,1.318359375,0.01186154979921835
HR LS,trend,1.322265625,0.011746372061968357
HR LS,trend,1.326171875,0.01162543224827181
HR LS,trend,1.330078125,0.011501265856297415
HR LS,trend,1.333984375,0.011377427531024761
HR LS,trend,1.337890625,0.011259920495570149
HR LS,trend,1.341796875,0.011152578579655605
HR LS,trend,1.345703125,0.01105328034820484
HR LS,trend,1.349609375,0.010959809816348266
HR LS,trend,1.353515625,0.01087135207542363
HR LS,trend,1.357421875,0.01078472409795162
HR LS,trend,1.361328125,0.010696334489128096
HR LS,trend,1.365234375,0.010604709087737509
HR LS,trend,1.369140625,0.010512482082572433
HR LS,trend,1.373046875,0.010420551120112535
HR LS,trend,1.376953125,0.010328290448395741
HR LS,trend,1.380859375,0.010235314524867369
HR LS,trend,1.384765625,0.010141261267453548
HR LS,trend,1.388671875,0.010045803075325804
HR LS,trend,1.392578125,0.009948613753372262
HR LS,trend,1.396484375,0.009849563578624994
HR LS,trend,1.400390625,0.009747333635717873
HR LS,trend,1.404296875,0.009640993903984447
HR LS,trend,1.408203125,0.009530370915357212
HR LS,trend,1.412109375,0.009414312254734115
HR LS,trend,1.416015625,0.0092941355784192
HR LS,trend,1.419921875,0.009172728979535737
HR LS,trend,1.423828125,0.00905302622937736
HR LS,trend,1.427734375,0.00893620260258985
HR LS,trend,1.431640625,0.008821343604523984
HR LS,trend,1.435546875,0.008706053459204338
HR LS,trend,1.439453125,0.00858907716935906
HR LS,trend,1.443359375,0.008472318170687299
HR LS,trend,1.447265625,0.008356818992869957
HR LS,trend,1.451171875,0.008243003870244865
HR LS,trend,1.455078125,0.00813160817645104
HR LS,trend,1.458984375,0.008022954897923951
HR LS,trend,1.462890625,0.007916174689093551
HR LS,trend,1.466796875,0.007809759069339728
HR LS,trend,1.470703125,0.007704740164422482
HR LS,trend,1.474609375,0.0076014166109765625
HR LS,trend,1.478515625,0.007499725761613872
HR LS,trend,1.482421875,0.007400435806733479
HR LS,trend,1.486328125,0.007304410844351618
HR LS,trend,1.490234375,0.007210613986526592
HR LS,trend,1.494140625,0.007117807777178162
HR LS,trend,1.498046875,0.0070258140499917235
HR LS,trend,1.501953125,0.006934156328257784
HR LS,trend,1.505859375,0.006843793186815325
HR LS,trend,1.509765625,0.006755304705665708
HR LS,trend,1.513671875,0.006667474635917171
HR LS,trend,1.517578125,0.006579117831066591
HR LS,trend,1.521484375,0.006488874555573806
HR LS,trend,1.525390625,0.006396841392128912
HR LS,trend,1.529296875,0.006304710019619333
HR LS,trend,1.533203125,0.00621314365125411
HR LS,trend,1.537109375,0.006121702641689826
HR LS,trend,1.541015625,0.006029746811184758
HR LS,trend,1.544921875,0.005936476951806583
HR LS,trend,1.548828125,0.005842205147186815
HR LS,trend,1.552734375,0.005747855002992312
HR LS,trend,1.556640625,0.005654292397413563
HR LS,trend,1.560546875,0.0055621398098800266
HR LS,trend,1.564453125,0.0054716949678379504
HR LS,trend,1.568359375,0.005382405406428944
HR LS,trend,1.572265625,0.00529427543768104
HR LS,trend,1.576171875,0.005207456821231297
HR LS,trend,1.580078125,0.00512180753301793
HR LS,trend,1.583984375,0.005036957873194501
HR LS,trend,1.587890625,0.004953361513452913
HR LS,trend,1.591796875,0.004872570130217769
HR LS,trend,1.595703125,0.00479658767337492
HR LS,trend,1.599609375,0.004726227779191016
HR LS,trend,1.603515625,0.00466061484450797
HR LS,trend,1.607421875,0.00459925936732509
HR LS,trend,1.611328125,0.004542639289605292
HR LS,trend,1.615234375,0.004491216919106544
HR LS,trend,1.619140625,0.004445803281684499
HR LS,trend,1.623046875,0.004407194056771252
HR LS,trend,1.626953125,0.004375712402253428
HR LS,trend,1.630859375,0.004351649526216601
HR LS,trend,1.634765625,0.004334044007724868
HR LS,trend,1.638671875,0.004322199042389442
HR LS,trend,1.642578125,0.004315369499828155
HR LS,trend,1.646484375,0.00431226912205058
HR LS,trend,1.650390625,0.004312126898952431
HR LS,trend,1.654296875,0.004314882016820433
HR LS,trend,1.658203125,0.004320297350498841
HR LS,trend,1.662109375,0.004327204775821363
HR LS,trend,1.666015625,0.004334731625111343
HR LS,trend,1.669921875,0.004342184819570333
HR LS,trend,1.673828125,0.004349013249720074
HR LS,trend,1.677734375,0.004355053285076014
HR LS,trend,1.681640625,0.004360389357251383
HR LS,trend,1.685546875,0.004365658636257584
HR LS,trend,1.689453125,0.004370563440648294
HR LS,trend,1.693359375,0.00437442390189704
HR LS,trend,1.697265625,0.004377848631802515
HR LS,trend,1.701171875,0.00438233037803111
HR LS,trend,1.705078125,0.0043893259490870645
HR LS,trend,1.708984375,0.004399524793773804
HR LS,trend,1.712890625,0.004412714553128315
HR LS,trend,1.716796875,0.004428063079525691
HR LS,trend,1.720703125,0.004445198900043783
HR LS,trend,1.724609375,0.004463346474912909
HR LS,trend,1.728515625,0.004481198620060566
HR LS,trend,1.732421875,0.004498123176879371
HR LS,trend,1.736328125,0.004514299711384001
HR LS,trend,1.740234375,0.004529983849138354
HR LS,trend,1.744140625,0.0045453195992390385
HR LS,trend,1.748046875,0.004560890799337718
HR LS,trend,1.751953125,0.004577025278014783
HR LS,trend,1.755859375,0.004594635709261023
HR LS,trend,1.759765625,0.004614424931416923
HR LS,trend,1.763671875,0.004636883160257758
HR LS,trend,1.767578125,0.0046613018000284615
HR LS,trend,1.771484375,0.00468593260445087
HR LS,trend,1.775390625,0.004709574436092753
HR LS,trend,1.779296875,0.0047319334632780746
HR LS,trend,1.783203125,0.00475315721013203
HR LS,trend,1.787109375,0.004774354709625702
HR LS,trend,1.791015625,0.004797333274837678
HR LS,trend,1.794921875,0.004822522586021492
HR LS,trend,1.798828125,0.0048488109460189
HR LS,trend,1.802734375,0.004875584801309433
HR LS,trend,1.806640625,0.004902248552610949
HR LS,trend,1.810546875,0.004928509141509713
HR LS,trend,1.814453125,0.004953340789342286
HR LS,trend,1.818359375,0.004975061936028661
HR LS,trend,1.822265625,0.004993013252266298
HR LS,trend,1.826171875,0.005006608114899392
HR LS,trend,1.830078125,0.005016411738195041
HR LS,trend,1.833984375,0.0050231349877752065
HR LS,trend,1.837890625,0.005028002116546102
HR LS,trend,1.841796875,0.005032561403497792
HR LS,trend,1.845703125,0.005037608185002592
HR LS,trend,1.849609375,0.005044534901835189
HR LS,trend,1.853515625,0.005053716218321328
HR LS,trend,1.857421875,0.00506442442581878
HR LS,trend,1.861328125,0.005074787134507839
HR LS,trend,1.865234375,0.0050840212185542044
HR LS,trend,1.869140625,0.00509195619355014
HR LS,trend,1.873046875,0.005097967623107355
HR LS,trend,1.876953125,0.005102314956195265
HR LS,trend,1.880859375,0.005106131698971745
HR LS,trend,1.884765625,0.005109520612146909
HR LS,trend,1.888671875,0.00511217808435436
HR LS,trend,1.892578125,0.005115232630529473
HR LS,trend,1.896484375,0.0051212852230506966
HR LS,trend,1.900390625,0.005130725918584521
HR LS,trend,1.904296875,0.0051421391299564445
HR LS,trend,1.908203125,0.00515434721012638
HR LS,trend,1.912109375,0.005166227231965675
HR LS,trend,1.916015625,0.005177239164427098
HR LS,trend,1.919921875,0.005187152750070091
HR LS,trend,1.923828125,0.0051978719744436835
HR LS,trend,1.927734375,0.0052103466447323285
HR LS,trend,1.931640625,0.00522423628809224
HR LS,trend,1.935546875,0.005239498535107458
HR LS,trend,1.939453125,0.005256016458334089
HR LS,trend,1.943359375,0.0052726328904022
HR LS,trend,1.947265625,0.005287063481568175
HR LS,trend,1.951171875,0.005298631980166434
HR LS,trend,1.955078125,0.005307842077987649
HR LS,trend,1.958984375,0.005315746699841565
HR LS,trend,1.962890625,0.005322476262999165
HR LS,trend,1.966796875,0.005328000535970264
HR LS,trend,1.970703125,0.005333545468819392
HR LS,trend,1.974609375,0.005339485768718143
HR LS,trend,1.978515625,0.005345349107338507
HR LS,trend,1.982421875,0.005351151146210538
HR LS,trend,1.986328125,0.00535656384175091
HR LS,trend,1.990234375,0.005360368666439662
HR LS,trend,1.994140625,0.005362234453478161
HR LS,trend,1.998046875,0.005362925300065653
HR LS,trend,2.001953125,0.005363777967853629
HR LS,trend,2.005859375,0.00536489037970153
HR LS,trend,2.009765625,0.0053668104614610105
HR LS,trend,2.013671875,0.005370395028299992
HR LS,trend,2.017578125,0.005375785649720155
HR LS,trend,2.021484375,0.005381497337603771
HR LS,trend,2.025390625,0.005386223484842196
HR LS,trend,2.029296875,0.0053884361841254735
HR LS,trend,2.033203125,0.005386646796552924
HR LS,trend,2.037109375,0.005381489566198039
HR LS,trend,2.041015625,0.005375186287535812
HR LS,trend,2.044921875,0.005369427684638489
HR LS,trend,2.048828125,0.005364772815217296
HR LS,trend,2.052734375,0.005361145866663929
HR LS,trend,2.056640625,0.005358840510651258
HR LS,trend,2.060546875,0.005359039218869483
HR LS,trend,2.064453125,0.005361981129372251
HR LS,trend,2.068359375,0.0053657872949262496
HR LS,trend,2.072265625,0.005368626523463918
HR LS,trend,2.076171875,0.005370051332111504
HR LS,trend,2.080078125,0.005370776328923407
HR LS,trend,2.083984375,0.0053720963734631855
HR LS,trend,2.087890625,0.005374968468536232
HR LS,trend,2.091796875,0.005379317636159708
HR LS,trend,2.095703125,0.005385372546754611
HR LS,trend,2.099609375,0.005393286350367259
HR LS,trend,2.103515625,0.005403293888936146
HR LS,trend,2.107421875,0.005415137933576606
HR LS,trend,2.111328125,0.005427779268327471
HR LS,trend,2.115234375,0.005439271596282942
HR LS,trend,2.119140625,0.005447359931317629
HR LS,trend,2.123046875,0.005451131583154235
HR LS,trend,2.126953125,0.005452135103703164
HR LS,trend,2.130859375,0.0054524772609870166
HR LS,trend,2.134765625,0.0054532228529306035
HR LS,trend,2.138671875,0.0054539252487060385
HR LS,trend,2.142578125,0.005452810282193736
HR LS,trend,2.146484375,0.005448795794807763
HR LS,trend,2.150390625,0.005442372715888965
HR LS,trend,2.154296875,0.005433770416788951
HR LS,trend,2.158203125,0.005423109337178845
HR LS,trend,2.162109375,0.005411820274224635
HR LS,trend,2.166015625,0.0054008669404773816
HR LS,trend,2.169921875,0.005390946631575236
HR LS,trend,2.173828125,0.0053823524849979975
HR LS,trend,2.177734375,0.005375041161288258
HR LS,trend,2.181640625,0.0053686501792207745
HR LS,trend,2.185546875,0.005363245026299295
HR LS,trend,2.189453125,0.0053590333053551665
HR LS,trend,2.193359375,0.005356688031437676
HR LS,trend,2.197265625,0.0053563703999070095
HR LS,trend,2.201171875,0.0053577702993647
HR LS,trend,2.205078125,0.005359535755540253
HR LS,trend,2.208984375,0.005360901086098801
HR LS,trend,2.212890625,0.005362898070529971
HR LS,trend,2.216796875,0.005367774001161158
HR LS,trend,2.220703125,0.005376845514565239
HR LS,trend,2.224609375,0.00538945742188442
HR LS,trend,2.228515625,0.0054036572960797094
HR LS,trend,2.232421875,0.005417442421742651
HR LS,trend,2.236328125,0.00543076446023325
HR LS,trend,2.240234375,0.00544389888469035
HR LS,trend,2.244140625,0.005456091281766414
HR LS,trend,2.248046875,0.005466660713656328
HR LS,trend,2.251953125,0.005475281151499848
HR LS,trend,2.255859375,0.005481306358985668
HR LS,trend,2.259765625,0.005483991545043693
HR LS,trend,2.263671875,0.005483951388242131
HR LS,trend,2.267578125,0.005482006610187028
HR LS,trend,2.271484375,0.005479140521898151
HR LS,trend,2.275390625,0.0054763982102736895
HR LS,trend,2.279296875,0.005473926503517584
HR LS,trend,2.283203125,0.005470580953151981
HR LS,trend,2.287109375,0.00546452227515989
HR LS,trend,2.291015625,0.005454068244018354
HR LS,trend,2.294921875,0.005439059645573359
HR LS,trend,2.298828125,0.005421360984709266
HR LS,trend,2.302734375,0.005403932283905358
HR LS,trend,2.306640625,0.00538903002695752
HR LS,trend,2.310546875,0.0053772509735093696
HR LS,trend,2.314453125,0.005368397351587753
HR LS,trend,2.318359375,0.005362501236892311
HR LS,trend,2.322265625,0.005360336252580049
HR LS,trend,2.326171875,0.0053618428875466095
HR LS,trend,2.330078125,0.005365686374377196
HR LS,trend,2.333984375,0.005369077642162487
HR LS,trend,2.337890625,0.005370292072366017
HR LS,trend,2.341796875,0.005368791369665308
HR LS,trend,2.345703125,0.00536541310405382
HR LS,trend,2.349609375,0.005362245407720054
HR LS,trend,2.353515625,0.00536237676865053
HR LS,trend,2.357421875,0.0053670713951279375
HR LS,trend,2.361328125,0.005376665857086071
HR LS,trend,2.365234375,0.005390119819419392
HR LS,trend,2.369140625,0.005405407587412957
HR LS,trend,2.373046875,0.005420586698558653
HR LS,trend,2.376953125,0.005434695851273331
HR LS,trend,2.380859375,0.0054470082751124456
HR LS,trend,2.384765625,0.0054577087747128845
HR LS,trend,2.388671875,0.005467607381201688
HR LS,trend,2.392578125,0.005477501191978218
HR LS,trend,2.396484375,0.0054869141753439
HR LS,trend,2.400390625,0.005495275098849472
HR LS,trend,2.404296875,0.005502766402414508
HR LS,trend,2.408203125,0.005510239340808197
HR LS,trend,2.412109375,0.005517478961561372
HR LS,trend,2.416015625,0.005522977397505045
HR LS,trend,2.419921875,0.005525070746587317
HR LS,trend,2.423828125,0.005523395537991344
HR LS,trend,2.427734375,0.005518229699018517
HR LS,trend,2.431640625,0.005511847734961083
HR LS,trend,2.435546875,0.005506746326325292
HR LS,trend,2.439453125,0.005504107994976929
HR LS,trend,2.443359375,0.005503388511071459
HR LS,trend,2.447265625,0.005504055310784036
HR LS,trend,2.451171875,0.005505734979578209
HR LS,trend,2.455078125,0.005514394663112378
HR LS,trend,2.458984375,0.00552489641361631
HR LS,trend,2.462890625,0.005535959292386843
HR LS,trend,2.466796875,0.005547398974952461
HR LS,trend,2.470703125,0.0055591990564756565
HR LS,trend,2.474609375,0.00557135639841856
HR LS,trend,2.478515625,0.005583934409162272
HR LS,trend,2.482421875,0.005596950323077901
HR LS,trend,2.486328125,0.005610385952711761
HR LS,trend,2.490234375,0.005624281949432422
HR LS,trend,2.494140625,0.005638764872198687
HR LS,trend,2.498046875,0.005653897666234416
HR HS,raw,-0.498046875,0.0
HR HS,raw,-0.494140625,0.0
HR HS,raw,-0.490234375,0.0
HR HS,raw,-0.486328125,0.0
HR HS,raw,-0.482421875,0.0
HR HS,raw,-0.478515625,0.0
HR HS,raw,-0.474609375,0.0
HR HS,raw,-0.470703125,0.0
HR HS,raw,-0.466796875,0.0
HR HS,raw,-0.462890625,0.0
HR HS,raw,-0.458984375,0.0
HR HS,raw,-0.455078125,0.0
HR HS,raw,-0.451171875,0.0
HR HS,raw,-0.447265625,0.0
HR HS,raw,-0.443359375,0.0
HR HS,raw,-0.439453125,0.0
HR HS,raw,-0.435546875,0.0
HR HS,raw,-0.431640625,0.0
HR HS,raw,-0.427734375,0.0
HR HS,raw,-0.423828125,0.0
HR HS,raw,-0.419921875,0.0
HR HS,raw,-0.416015625,0.0
HR HS,raw,-0.412109375,0.0
HR HS,raw,-0.408203125,0.0
HR HS,raw,-0.404296875,0.0
HR HS,raw,-0.400390625,0.0
HR HS,raw,-0.396484375,0.0
HR HS,raw,-0.392578125,0.0
HR HS,raw,-0.388671875,0.0
HR HS,raw,-0.384765625,0.0
HR HS,raw,-0.380859375,0.0
HR HS,raw,-0.376953125,0.0
HR HS,raw,-0.373046875,0.0
HR HS,raw,-0.369140625,0.0
HR HS,raw,-0.365234375,0.0
HR HS,raw,-0.361328125,0.0
HR HS,raw,-0.357421875,0.0
HR HS,raw,-0.353515625,0.0
HR HS,raw,-0.349609375,0.0
HR HS,raw,-0.345703125,0.0
HR HS,raw,-0.341796875,0.0
HR HS,raw,-0.337890625,0.0
HR HS,raw,-0.333984375,0.0
HR HS,raw,-0.330078125,0.0
HR HS,raw,-0.326171875,0.0
HR HS,raw,-0.322265625,0.0
HR HS,raw,-0.318359375,0.0
HR HS,raw,-0.314453125,0.0
HR HS,raw,-0.310546875,0.0
HR HS,raw,-0.306640625,0.0
HR HS,raw,-0.302734375,0.0
HR HS,raw,-0.298828125,0.0
HR HS,raw,-0.294921875,0.0
HR HS,raw,-0.291015625,0.0
HR HS,raw,-0.287109375,0.0
HR HS,raw,-0.283203125,0.0
HR HS,raw,-0.279296875,0.0
HR HS,raw,-0.275390625,0.0
HR HS,raw,-0.271484375,0.0
HR HS,raw,-0.267578125,0.0
HR HS,raw,-0.263671875,0.0
HR HS,raw,-0.259765625,0.0
HR HS,raw,-0.255859375,0.0
HR HS,raw,-0.251953125,0.0
HR HS,raw,-0.248046875,0.0
HR HS,raw,-0.244140625,0.0
HR HS,raw,-0.240234375,0.0
HR HS,raw,-0.236328125,0.0
HR HS,raw,-0.232421875,0.0
HR HS,raw,-0.228515625,0.0
HR HS,raw,-0.224609375,0.0
HR HS,raw,-0.220703125,0.0
HR HS,raw,-0.216796875,0.0
HR HS,raw,-0.212890625,0.0
HR HS,raw,-0.208984375,0.0
HR HS,raw,-0.205078125,0.0
HR HS,raw,-0.201171875,0.0
HR HS,raw,-0.197265625,0.0
HR HS,raw,-0.193359375,0.0
HR HS,raw,-0.189453125,0.0
HR HS,raw,-0.185546875,0.0
HR HS,raw,-0.181640625,0.0
HR HS,raw,-0.177734375,0.0
HR HS,raw,-0.173828125,0.0
HR HS,raw,-0.169921875,0.0
HR HS,raw,-0.166015625,0.0
HR HS,raw,-0.162109375,0.0
HR HS,raw,-0.158203125,0.0
HR HS,raw,-0.154296875,0.0
HR HS,raw,-0.150390625,0.0
HR HS,raw,-0.146484375,0.0
HR HS,raw,-0.142578125,0.0
HR HS,raw,-0.138671875,0.0
HR HS,raw,-0.134765625,0.0
HR HS,raw,-0.130859375,0.0
HR HS,raw,-0.126953125,0.0
HR HS,raw,-0.123046875,0.0
HR HS,raw,-0.119140625,0.0
HR HS,raw,-0.115234375,0.0
HR HS,raw,-0.111328125,0.0
HR HS,raw,-0.107421875,0.0
HR HS,raw,-0.103515625,0.0
HR HS,raw,-0.099609375,0.0
HR HS,raw,-0.095703125,0.0
HR HS,raw,-0.091796875,0.0
HR HS,raw,-0.087890625,0.0
HR HS,raw,-0.083984375,0.0
HR HS,raw,-0.080078125,0.0
HR HS,raw,-0.076171875,0.0
HR HS,raw,-0.072265625,0.0830841064453125
HR HS,raw,-0.068359375,0.0442886352539062
HR HS,raw,-0.064453125,0.0461451212565104
HR HS,raw,-0.060546875,0.026397705078125
HR HS,raw,-0.056640625,0.0494155883789062
HR HS,raw,-0.052734375,0.0485673745473225
HR HS,raw,-0.048828125,0.0494186083475748
HR HS,raw,-0.044921875,0.0482640589697886
HR HS,raw,-0.041015625,0.0453406281436591
HR HS,raw,-0.037109375,0.0420497884654035
HR HS,raw,-0.033203125,0.040340968766485
HR HS,raw,-0.029296875,0.035335179921743
HR HS,raw,-0.025390625,0.0334816273575123
HR HS,raw,-0.021484375,0.0304840591934708
HR HS,raw,-0.017578125,0.0269665504569437
HR HS,raw,-0.013671875,0.0234238468225793
HR HS,raw,-0.009765625,0.0215197843607936
HR HS,raw,-0.005859375,0.0193446706965994
HR HS,raw,-0.001953125,0.0171139491733443
HR HS,raw,0.001953125,0.0151802249754615
HR HS,raw,0.005859375,0.0131325281174814
HR HS,raw,0.009765625,0.0113792559793748
HR HS,raw,0.013671875,0.0094949874820908
HR HS,raw,0.017578125,0.0079287334381293
HR HS,raw,0.021484375,0.0065275936457507
HR HS,raw,0.025390625,0.0052028930083467
HR HS,raw,0.029296875,0.0041159336638073
HR HS,raw,0.033203125,0.0031074616049922
HR HS,raw,0.037109375,0.0023062224518955
HR HS,raw,0.041015625,0.0016098380953984
HR HS,raw,0.044921875,0.001022486251379
HR HS,raw,0.048828125,0.0007555563589909
HR HS,raw,0.052734375,0.0006569997463875
HR HS,raw,0.056640625,0.0004582558711638
HR HS,raw,0.060546875,0.0004066319658344
HR HS,raw,0.064453125,0.0003017191003096
HR HS,raw,0.068359375,0.0003322814037459
HR HS,raw,0.072265625,0.0003992482171411
HR HS,raw,0.076171875,0.0004588292023387
HR HS,raw,0.080078125,0.0005010660178599
HR HS,raw,0.083984375,0.000528467693503
HR HS,raw,0.087890625,0.0005457245722385
HR HS,raw,0.091796875,0.0005618590467403
HR HS,raw,0.095703125,0.0005718315709176
HR HS,raw,0.099609375,0.0005848473583769
HR HS,raw,0.103515625,0.0005945350596761
HR HS,raw,0.107421875,0.0006016399220006
HR HS,raw,0.111328125,0.0006133361444851
HR HS,raw,0.115234375,0.0006207133906738
HR HS,raw,0.119140625,0.0006314395089451
HR HS,raw,0.123046875,0.0006411421000764
HR HS,raw,0.126953125,0.0006453255005153
HR HS,raw,0.130859375,0.0006484349955546
HR HS,raw,0.134765625,0.0006631503194424
HR HS,raw,0.138671875,0.0006712915351126
HR HS,raw,0.142578125,0.0006762096174074
HR HS,raw,0.146484375,0.0006775372325865
HR HS,raw,0.150390625,0.0006866612134495
HR HS,raw,0.154296875,0.0007044453140494
HR HS,raw,0.158203125,0.0007051487558974
HR HS,raw,0.162109375,0.0006943355487969
HR HS,raw,0.166015625,0.0007148057978354
HR HS,raw,0.169921875,0.0007235693711691
HR HS,raw,0.173828125,0.0007163171779536
HR HS,raw,0.177734375,0.000735013208048
HR HS,raw,0.181640625,0.0007336291695
HR HS,raw,0.185546875,0.0007442282491368
HR HS,raw,0.189453125,0.0007470688497246
HR HS,raw,0.193359375,0.0007411198246526
HR HS,raw,0.197265625,0.0007443997966143
HR HS,raw,0.201171875,0.0007585772479086
HR HS,raw,0.205078125,0.0007526271803769
HR HS,raw,0.208984375,0.000747782586239
HR HS,raw,0.212890625,0.0007624896893152
HR HS,raw,0.216796875,0.0007517346656522
HR HS,raw,0.220703125,0.0007788640835535
HR HS,raw,0.224609375,0.0007764641976463
HR HS,raw,0.228515625,0.0007788340568988
HR HS,raw,0.232421875,0.0007839413492799
HR HS,raw,0.236328125,0.0007931709038966
HR HS,raw,0.240234375,0.0008117613384692
HR HS,raw,0.244140625,0.0007831103223013
HR HS,raw,0.248046875,0.0007946918341566
HR HS,raw,0.251953125,0.0007847346016927
HR HS,raw,0.255859375,0.0008155919638981
HR HS,raw,0.259765625,0.0008300832143
HR HS,raw,0.263671875,0.0008173050831569
HR HS,raw,0.267578125,0.0008333602704455
HR HS,raw,0.271484375,0.0008203790451267
HR HS,raw,0.275390625,0.0008241893812065
HR HS,raw,0.279296875,0.0008316645553642
HR HS,raw,0.283203125,0.0008082771602648
HR HS,raw,0.287109375,0.000836135170998
HR HS,raw,0.291015625,0.0008580421906951
HR HS,raw,0.294921875,0.0008664084954176
HR HS,raw,0.298828125,0.0008553119533397
HR HS,raw,0.302734375,0.0008633590870103
HR HS,raw,0.306640625,0.0008798944426686
HR HS,raw,0.310546875,0.0009050068437725
HR HS,raw,0.314453125,0.0008734779689275
HR HS,raw,0.318359375,0.0008566137050115
HR HS,raw,0.322265625,0.0008596118490668
HR HS,raw,0.326171875,0.0008834290944502
HR HS,raw,0.330078125,0.0009126999208885
HR HS,raw,0.333984375,0.0009700666715315
HR HS,raw,0.337890625,0.0009229003119035
HR HS,raw,0.341796875,0.0009372821100309
HR HS,raw,0.345703125,0.0009314798974496
HR HS,raw,0.349609375,0.0009492648716054
HR HS,raw,0.353515625,0.0008983653322906
HR HS,raw,0.357421875,0.0009558001711194
HR HS,raw,0.361328125,0.0009266808725684
HR HS,raw,0.365234375,0.000957721753546
HR HS,raw,0.369140625,0.0009999487434232
HR HS,raw,0.373046875,0.0010540915653757
HR HS,raw,0.376953125,0.0009915410789475
HR HS,raw,0.380859375,0.0009934894795777
HR HS,raw,0.384765625,0.0010367136172409
HR HS,raw,0.388671875,0.0010196171001124
HR HS,raw,0.392578125,0.0009731147791063
HR HS,raw,0.396484375,0.0009657590989598
HR HS,raw,0.400390625,0.0009785842018457
HR HS,raw,0.404296875,0.0010782508745232
HR HS,raw,0.408203125,0.0010152781709406
HR HS,raw,0.412109375,0.0010302173886761
HR HS,raw,0.416015625,0.0010618796573762
HR HS,raw,0.419921875,0.0010066487587882
HR HS,raw,0.423828125,0.0010552755086444
HR HS,raw,0.427734375,0.00107257684094
HR HS,raw,0.431640625,0.0010776952186591
HR HS,raw,0.435546875,0.0010543533292393
HR HS,raw,0.439453125,0.0011724347779715
HR HS,raw,0.443359375,0.0010467712738672
HR HS,raw,0.447265625,0.0010280201265639
HR HS,raw,0.451171875,0.00113649965163
HR HS,raw,0.455078125,0.0010205712725041
HR HS,raw,0.458984375,0.0011869847767123
HR HS,raw,0.462890625,0.0010674958746776
HR HS,raw,0.466796875,0.0011381953899045
HR HS,raw,0.470703125,0.0011015225941971
HR HS,raw,0.474609375,0.0010871022223003
HR HS,raw,0.478515625,0.0011041799124475
HR HS,raw,0.482421875,0.0010637037672587
HR HS,raw,0.486328125,0.0011537501274621
HR HS,raw,0.490234375,0.0011533422451944
HR HS,raw,0.494140625,0.0012675986148702
HR HS,raw,0.498046875,0.0012473284303346
HR HS,raw,0.501953125,0.0010755083781941
HR HS,raw,0.505859375,0.0011999243136384
HR HS,raw,0.509765625,0.001194282463622
HR HS,raw,0.513671875,0.0011908458555094
HR HS,raw,0.517578125,0.0011138311142758
HR HS,raw,0.521484375,0.001180601127646
HR HS,raw,0.525390625,0.0012636890598742
HR HS,raw,0.529296875,0.0013546864602034
HR HS,raw,0.533203125,0.0012060715644805
HR HS,raw,0.537109375,0.001251808873954
HR HS,raw,0.541015625,0.0012384975599243
HR HS,raw,0.544921875,0.001281544107234
HR HS,raw,0.548828125,0.0012539787147818
HR HS,raw,0.552734375,0.001316948626474
HR HS,raw,0.556640625,0.0014140516832192
HR HS,raw,0.560546875,0.0012244496914883
HR HS,raw,0.564453125,0.0012637502608514
HR HS,raw,0.568359375,0.0013895111100073
HR HS,raw,0.572265625,0.0014117091716347
HR HS,raw,0.576171875,0.0012012124126427
HR HS,raw,0.580078125,0.0012034334889482
HR HS,raw,0.583984375,0.0013759803250682
HR HS,raw,0.587890625,0.0011170334186782
HR HS,raw,0.591796875,0.0013642160061782
HR HS,raw,0.595703125,0.0014515810909781
HR HS,raw,0.599609375,0.0012967873913434
HR HS,raw,0.603515625,0.0014099951162763
HR HS,raw,0.607421875,0.0014575015619919
HR HS,raw,0.611328125,0.0014883725710947
HR HS,raw,0.615234375,0.001230970112119
HR HS,raw,0.619140625,0.0012254638179649
HR HS,raw,0.623046875,0.0014561427455232
HR HS,raw,0.626953125,0.0014005558476408
HR HS,raw,0.630859375,0.0014205066293732
HR HS,raw,0.634765625,0.001607597207039
HR HS,raw,0.638671875,0.0015494713330874
HR HS,raw,0.642578125,0.0017674387973207
HR HS,raw,0.646484375,0.0013894254407267
HR HS,raw,0.650390625,0.0013467267078088
HR HS,raw,0.654296875,0.0013291453832866
HR HS,raw,0.658203125,0.0015882076045732
HR HS,raw,0.662109375,0.0016267260878737
HR HS,raw,0.666015625,0.0014672089673781
HR HS,raw,0.669921875,0.0015335081545062
HR HS,raw,0.673828125,0.0017993420626217
HR HS,raw,0.677734375,0.0017737809549808
HR HS,raw,0.681640625,0.0015671723166196
HR HS,raw,0.685546875,0.0015117605939803
HR HS,raw,0.689453125,0.0016895034200319
HR HS,raw,0.693359375,0.0017343144379839
HR HS,raw,0.697265625,0.0017588273339564
HR HS,raw,0.701171875,0.0019523412364608
HR HS,raw,0.705078125,0.0015414390030615
HR HS,raw,0.708984375,0.0017201510247863
HR HS,raw,0.712890625,0.0018615158484338
HR HS,raw,0.716796875,0.0016962023238769
HR HS,raw,0.720703125,0.0021079404006317
HR HS,raw,0.724609375,0.0016810510016835
HR HS,raw,0.728515625,0.0016446767510642
HR HS,raw,0.732421875,0.0016294312490957
HR HS,raw,0.736328125,0.0014807295716459
HR HS,raw,0.740234375,0.0016377455940736
HR HS,raw,0.744140625,0.001681631385726
HR HS,raw,0.748046875,0.0017242706661821
HR HS,raw,0.751953125,0.0017659521251719
HR HS,raw,0.755859375,0.0020188557787192
HR HS,raw,0.759765625,0.0020774266839622
HR HS,raw,0.763671875,0.0016211004242606
HR HS,raw,0.767578125,0.0017118126312864
HR HS,raw,0.771484375,0.0016925463417977
HR HS,raw,0.775390625,0.0019784379827682
HR HS,raw,0.779296875,0.0021684500217207
HR HS,raw,0.783203125,0.0021296278697111
HR HS,raw,0.787109375,0.0021264352668472
HR HS,raw,0.791015625,0.0018818158692118
HR HS,raw,0.794921875,0.0024114944860866
HR HS,raw,0.798828125,0.0022450205576983
HR HS,raw,0.802734375,0.0020588844968901
HR HS,raw,0.806640625,0.0018276961522582
HR HS,raw,0.810546875,0.0022313143708169
HR HS,raw,0.814453125,0.0022693016918282
HR HS,raw,0.818359375,0.0022340686274377
HR HS,raw,0.822265625,0.001987202175938
HR HS,raw,0.826171875,0.0022926258877848
HR HS,raw,0.830078125,0.002112335788628
HR HS,raw,0.833984375,0.0019262973655567
HR HS,raw,0.837890625,0.0022131568587475
HR HS,raw,0.841796875,0.0021048033972293
HR HS,raw,0.845703125,0.0020720298843677
HR HS,raw,0.849609375,0.0020173968756149
HR HS,raw,0.853515625,0.0026572220343346
HR HS,raw,0.857421875,0.0027057454366844
HR HS,raw,0.861328125,0.002633100552261
HR HS,raw,0.865234375,0.0023681054158961
HR HS,raw,0.869140625,0.0020849368783448
HR HS,raw,0.873046875,0.0022646195951736
HR HS,raw,0.876953125,0.0023597964919292
HR HS,raw,0.880859375,0.0027195804442
HR HS,raw,0.884765625,0.0021890331742524
HR HS,raw,0.888671875,0.0023994325739256
HR HS,raw,0.892578125,0.0027091103832305
HR HS,raw,0.896484375,0.0028426659186704
HR HS,raw,0.900390625,0.0024568474699721
HR HS,raw,0.904296875,0.0025475523431313
HR HS,raw,0.908203125,0.0027766417648881
HR HS,raw,0.912109375,0.0027106266181714
HR HS,raw,0.916015625,0.0027970869154019
HR HS,raw,0.919921875,0.0030241484315446
HR HS,raw,0.923828125,0.0024878422101462
HR HS,raw,0.927734375,0.0026489529387822
HR HS,raw,0.931640625,0.0023656147051263
HR HS,raw,0.935546875,0.0018437400403531
HR HS,raw,0.939453125,0.0021461931151622
HR HS,raw,0.943359375,0.0026792183708314
HR HS,raw,0.947265625,0.0027601588646095
HR HS,raw,0.951171875,0.0029856134570676
HR HS,raw,0.955078125,0.0029255694750729
HR HS,raw,0.958984375,0.0029833699979224
HR HS,raw,0.962890625,0.002858305752201
HR HS,raw,0.966796875,0.0033905139230524
HR HS,raw,0.970703125,0.003036479830625
HR HS,raw,0.974609375,0.0026986542392882
HR HS,raw,0.978515625,0.0034145261642805
HR HS,raw,0.982421875,0.0025456456280853
HR HS,raw,0.986328125,0.0033221292497178
HR HS,raw,0.990234375,0.0027943731302731
HR HS,raw,0.994140625,0.0032247310858266
HR HS,raw,0.998046875,0.0041462101492833
HR HS,raw,1.001953125,0.0038098259200168
HR HS,raw,1.005859375,0.0027151785375232
HR HS,raw,1.009765625,0.0024074557715107
HR HS,raw,1.013671875,0.0033304183611853
HR HS,raw,1.017578125,0.0039229919712991
HR HS,raw,1.021484375,0.003276144309982
HR HS,raw,1.025390625,0.0024446757247965
HR HS,raw,1.029296875,0.0035870084808804
HR HS,raw,1.033203125,0.0037261094326693
HR HS,raw,1.037109375,0.0024555790045626
HR HS,raw,1.041015625,0.003486437183274
HR HS,raw,1.044921875,0.0032499966142578
HR HS,raw,1.048828125,0.0041589872912585
HR HS,raw,1.052734375,0.0041827863338094
HR HS,raw,1.056640625,0.0034991682483622
HR HS,raw,1.060546875,0.0039938541096385
HR HS,raw,1.064453125,0.0038949407272637
HR HS,raw,1.068359375,0.0039597325765126
HR HS,raw,1.072265625,0.004309707043647
HR HS,raw,1.076171875,0.0033822292584741
HR HS,raw,1.080078125,0.0040430660684788
HR HS,raw,1.083984375,0.0042995256958171
HR HS,raw,1.087890625,0.0027225342100084
HR HS,raw,1.091796875,0.0041056817334059
HR HS,raw,1.095703125,0.0029999381340383
HR HS,raw,1.099609375,0.0054076900890756
HR HS,raw,1.103515625,0.0037460828342306
HR HS,raw,1.107421875,0.0030358930712515
HR HS,raw,1.111328125,0.0035850623391164
HR HS,raw,1.115234375,0.0044840380240532
HR HS,raw,1.119140625,0.0033062921931302
HR HS,raw,1.123046875,0.0038335138885993
HR HS,raw,1.126953125,0.0034974528008422
HR HS,raw,1.130859375,0.0040842868231575
HR HS,raw,1.134765625,0.0034823258078166
HR HS,raw,1.138671875,0.0028355986397594
HR HS,raw,1.142578125,0.0037741007675169
HR HS,raw,1.146484375,0.0041806689781845
HR HS,raw,1.150390625,0.0044887655717839
HR HS,raw,1.154296875,0.0037972432168602
HR HS,raw,1.158203125,0.0041140286024299
HR HS,raw,1.162109375,0.0052857613585647
HR HS,raw,1.166015625,0.0060814798257103
HR HS,raw,1.169921875,0.0055622560200768
HR HS,raw,1.173828125,0.0076195486161285
HR HS,raw,1.177734375,0.0061948058270374
HR HS,raw,1.181640625,0.0061558131710481
HR HS,raw,1.185546875,0.0050058003097311
HR HS,raw,1.189453125,0.0053166863845035
HR HS,raw,1.193359375,0.0050060890313083
HR HS,raw,1.197265625,0.004479519793052
HR HS,raw,1.201171875,0.005852786627999
HR HS,raw,1.205078125,0.0043285055984697
HR HS,raw,1.208984375,0.0034056765010553
HR HS,raw,1.212890625,0.0038710917821804
HR HS,raw,1.216796875,0.0048013093851276
HR HS,raw,1.220703125,0.0045695228933681
HR HS,raw,1.224609375,0.0040762776752168
HR HS,raw,1.228515625,0.0041877884668993
HR HS,raw,1.232421875,0.0053569444371788
HR HS,raw,1.236328125,0.0051880671449205
HR HS,raw,1.240234375,0.0036487655550399
HR HS,raw,1.244140625,0.0044448767919598
HR HS,raw,1.248046875,0.0047574943647794
HR HS,raw,1.251953125,0.0039193937395703
HR HS,raw,1.255859375,0.0054246177022351
HR HS,raw,1.259765625,0.0041667395318625
HR HS,raw,1.263671875,0.0047128545743759
HR HS,raw,1.267578125,0.0056554291105082
HR HS,raw,1.271484375,0.00561418927581
HR HS,raw,1.275390625,0.0065855179003974
HR HS,raw,1.279296875,0.0052302654652482
HR HS,raw,1.283203125,0.0059759199509316
HR HS,raw,1.287109375,0.0035492464267628
HR HS,raw,1.291015625,0.005434120153696
HR HS,raw,1.294921875,0.005775463150976
HR HS,raw,1.298828125,0.0046141460531113
HR HS,raw,1.302734375,0.0074182431641909
HR HS,raw,1.306640625,0.0071339000474109
HR HS,raw,1.310546875,0.0065935153272239
HR HS,raw,1.314453125,0.0053163281304988
HR HS,raw,1.318359375,0.0056371562262663
HR HS,raw,1.322265625,0.0047904812709543
HR HS,raw,1.326171875,0.0048958354846792
HR HS,raw,1.330078125,0.005679023912039
HR HS,raw,1.333984375,0.006147032638
HR HS,raw,1.337890625,0.0060285170810668
HR HS,raw,1.341796875,0.0072817378270942
HR HS,raw,1.345703125,0.0068643761755038
HR HS,raw,1.349609375,0.0056805051690209
HR HS,raw,1.353515625,0.0061139328675204
HR HS,raw,1.357421875,0.0086107604067678
HR HS,raw,1.361328125,0.0042967781915749
HR HS,raw,1.365234375,0.0068579357119757
HR HS,raw,1.369140625,0.0097954358146434
HR HS,raw,1.373046875,0.0089238443491813
HR HS,raw,1.376953125,0.0054861980763664
HR HS,raw,1.380859375,0.0052666284020451
HR HS,raw,1.384765625,0.0076781844787437
HR HS,raw,1.388671875,0.007775140131192
HR HS,raw,1.392578125,0.0068782002174671
HR HS,raw,1.396484375,0.0060988625342271
HR HS,raw,1.400390625,0.006445494696862
HR HS,raw,1.404296875,0.0082535294388898
HR HS,raw,1.408203125,0.0077655388211274
HR HS,raw,1.412109375,0.0066647985310028
HR HS,raw,1.416015625,0.0043478102454398
HR HS,raw,1.419921875,0.0068992212880252
HR HS,raw,1.423828125,0.0080808099487411
HR HS,raw,1.427734375,0.0080036582997011
HR HS,raw,1.431640625,0.0094855855089523
HR HS,raw,1.435546875,0.0075619212135944
HR HS,raw,1.439453125,0.007068199934852
HR HS,raw,1.443359375,0.0080927565630403
HR HS,raw,1.447265625,0.0077769765428459
HR HS,raw,1.451171875,0.0065053001664636
HR HS,raw,1.455078125,0.0080768911818792
HR HS,raw,1.458984375,0.0078288762550083
HR HS,raw,1.462890625,0.0092343593144432
HR HS,raw,1.466796875,0.0087967533406899
HR HS,raw,1.470703125,0.0076696356543594
HR HS,raw,1.474609375,0.0075187555122558
HR HS,raw,1.478515625,0.0075968696639245
HR HS,raw,1.482421875,0.0113390479374262
HR HS,raw,1.486328125,0.0095157568759357
HR HS,raw,1.490234375,0.00746348798093
HR HS,raw,1.494140625,0.0103484220114667
HR HS,raw,1.498046875,0.00839294831602
HR HS,raw,1.501953125,0.0103918527441064
HR HS,raw,1.505859375,0.0125093524522525
HR HS,raw,1.509765625,0.008114827431027
HR HS,raw,1.513671875,0.0083908642591447
HR HS,raw,1.517578125,0.0057778443760585
HR HS,raw,1.521484375,0.0104253736737443
HR HS,raw,1.525390625,0.0106528066052573
HR HS,raw,1.529296875,0.0048949801733018
HR HS,raw,1.533203125,0.0105108468721756
HR HS,raw,1.537109375,0.0073259590477841
HR HS,raw,1.541015625,0.0098756557224547
HR HS,raw,1.544921875,0.0093335195635126
HR HS,raw,1.548828125,0.0093966306642044
HR HS,raw,1.552734375,0.0067090374163675
HR HS,raw,1.556640625,0.008023544141749
HR HS,raw,1.560546875,0.0106099940274205
HR HS,raw,1.564453125,0.0122171224276378
HR HS,raw,1.568359375,0.0069356483153765
HR HS,raw,1.572265625,0.0127105253225494
HR HS,raw,1.576171875,0.0087097165915304
HR HS,raw,1.580078125,0.0082941471470352
HR HS,raw,1.583984375,0.011885333690409
HR HS,raw,1.587890625,0.0086400234949903
HR HS,raw,1.591796875,0.0115210392134779
HR HS,raw,1.595703125,0.0097750291290977
HR HS,raw,1.599609375,0.0116163678622474
HR HS,raw,1.603515625,0.0141035283667653
HR HS,raw,1.607421875,0.0078292245729168
HR HS,raw,1.611328125,0.0130229283807127
HR HS,raw,1.615234375,0.013203559797826
HR HS,raw,1.619140625,0.0109498133268402
HR HS,raw,1.623046875,0.0101967590418805
HR HS,raw,1.626953125,0.011798973692022
HR HS,raw,1.630859375,0.0084499847470257
HR HS,raw,1.634765625,0.011296755296166
HR HS,raw,1.638671875,0.0129121271419393
HR HS,raw,1.642578125,0.0104652321524524
HR HS,raw,1.646484375,0.012354470131851
HR HS,raw,1.650390625,0.0107826536700682
HR HS,raw,1.654296875,0.0114558183641738
HR HS,raw,1.658203125,0.0124101896723001
HR HS,raw,1.662109375,0.0133353962993239
HR HS,raw,1.666015625,0.0114628837439633
HR HS,raw,1.669921875,0.0161943362253749
HR HS,raw,1.673828125,0.0132506961355056
HR HS,raw,1.677734375,0.0105718964300865
HR HS,raw,1.681640625,0.0118244140653524
HR HS,raw,1.685546875,0.0124976935918701
HR HS,raw,1.689453125,0.0130425752635236
HR HS,raw,1.693359375,0.0064102311961003
HR HS,raw,1.697265625,0.0126232680547745
HR HS,raw,1.701171875,0.0145794499979409
HR HS,raw,1.705078125,0.0129474313053954
HR HS,raw,1.708984375,0.0097044351672816
HR HS,raw,1.712890625,0.0122538549438944
HR HS,raw,1.716796875,0.013030131260676
HR HS,raw,1.720703125,0.0148645679208111
HR HS,raw,1.724609375,0.012034979674318
HR HS,raw,1.728515625,0.0092090918044102
HR HS,raw,1.732421875,0.0081797145782984
HR HS,raw,1.736328125,0.0123015630416336
HR HS,raw,1.740234375,0.0120349345053446
HR HS,raw,1.744140625,0.0134329800515126
HR HS,raw,1.748046875,0.0142694502085802
HR HS,raw,1.751953125,0.0123512664370059
HR HS,raw,1.755859375,0.0150709403412682
HR HS,raw,1.759765625,0.0107147837745407
HR HS,raw,1.763671875,0.0141113515975262
HR HS,raw,1.767578125,0.013856295365109
HR HS,raw,1.771484375,0.0123064344446376
HR HS,raw,1.775390625,0.0078059869662392
HR HS,raw,1.779296875,0.0099910779859077
HR HS,raw,1.783203125,0.0096664484312754
HR HS,raw,1.787109375,0.0135798091455572
HR HS,raw,1.791015625,0.0140407840550267
HR HS,raw,1.794921875,0.0126595473865212
HR HS,raw,1.798828125,0.0138352788797262
HR HS,raw,1.802734375,0.0144891445028565
HR HS,raw,1.806640625,0.0145356039789476
HR HS,raw,1.810546875,0.0163646590483092
HR HS,raw,1.814453125,0.0171013413938837
HR HS,raw,1.818359375,0.0125198726787738
HR HS,raw,1.822265625,0.0152110016832556
HR HS,raw,1.826171875,0.0136704856902572
HR HS,raw,1.830078125,0.013056247512178
HR HS,raw,1.833984375,0.0140131351621788
HR HS,raw,1.837890625,0.0128103337501094
HR HS,raw,1.841796875,0.0133980714797488
HR HS,raw,1.845703125,0.0115776697042941
HR HS,raw,1.849609375,0.0095992679864717
HR HS,raw,1.853515625,0.0175229370229394
HR HS,raw,1.857421875,0.0118035779055457
HR HS,raw,1.861328125,0.0099500929041777
HR HS,raw,1.865234375,0.012062415008285
HR HS,raw,1.869140625,0.0161058610283844
HR HS,raw,1.873046875,0.0140791194544884
HR HS,raw,1.876953125,0.0118312057930108
HR HS,raw,1.880859375,0.0186681504121519
HR HS,raw,1.884765625,0.0184236449485601
HR HS,raw,1.888671875,0.017141932488729
HR HS,raw,1.892578125,0.0125239687346141
HR HS,raw,1.896484375,0.015552538403031
HR HS,raw,1.900390625,0.0199904533049399
HR HS,raw,1.904296875,0.0105633045601488
HR HS,raw,1.908203125,0.0175614426551558
HR HS,raw,1.912109375,0.0158982723553075
HR HS,raw,1.916015625,0.0180907121531646
HR HS,raw,1.919921875,0.0129919471514394
HR HS,raw,1.923828125,0.018511625144386
HR HS,raw,1.927734375,0.0150557987513016
HR HS,raw,1.931640625,0.019798739999395
HR HS,raw,1.935546875,0.0138387904209821
HR HS,raw,1.939453125,0.0166955010260812
HR HS,raw,1.943359375,0.0132170248355679
HR HS,raw,1.947265625,0.0151581124378355
HR HS,raw,1.951171875,0.0170839488341676
HR HS,raw,1.955078125,0.015812674842702
HR HS,raw,1.958984375,0.0173906345376324
HR HS,raw,1.962890625,0.0257199107717991
HR HS,raw,1.966796875,0.0162940036664403
HR HS,raw,1.970703125,0.0147053611509222
HR HS,raw,1.974609375,0.0181366102266725
HR HS,raw,1.978515625,0.0111871301702895
HR HS,raw,1.982421875,0.013592891687022
HR HS,raw,1.986328125,0.0192825641211515
HR HS,raw,1.990234375,0.0145463207487836
HR HS,raw,1.994140625,0.0099077016576557
HR HS,raw,1.998046875,0.0106356273486349
HR HS,raw,2.001953125,0.0160376330622292
HR HS,raw,2.005859375,0.014518109151469
HR HS,raw,2.009765625,0.0167159640622121
HR HS,raw,2.013671875,0.0180878974415652
HR HS,raw,2.017578125,0.0178625515792242
HR HS,raw,2.021484375,0.0142904382775018
HR HS,raw,2.025390625,0.0173695358207133
HR HS,raw,2.029296875,0.0135427304778511
HR HS,raw,2.033203125,0.0145067466624017
HR HS,raw,2.037109375,0.0171331496421538
HR HS,raw,2.041015625,0.0166859828068432
HR HS,raw,2.044921875,0.0246741295598863
HR HS,raw,2.048828125,0.0190693329265162
HR HS,raw,2.052734375,0.0189943734886893
HR HS,raw,2.056640625,0.0156659352181144
HR HS,raw,2.060546875,0.0153947473556425
HR HS,raw,2.064453125,0.0192697807056782
HR HS,raw,2.068359375,0.0171577126001341
HR HS,raw,2.072265625,0.012661921050165
HR HS,raw,2.076171875,0.0177357557741255
HR HS,raw,2.080078125,0.020933945833026
HR HS,raw,2.083984375,0.0210721446710653
HR HS,raw,2.087890625,0.0173550735973448
HR HS,raw,2.091796875,0.0291010155188259
HR HS,raw,2.095703125,0.0210274754726041
HR HS,raw,2.099609375,0.0212805317564049
HR HS,raw,2.103515625,0.0186269707643609
HR HS,raw,2.107421875,0.020519243072456
HR HS,raw,2.111328125,0.0156295690340276
HR HS,raw,2.115234375,0.0167242569172918
HR HS,raw,2.119140625,0.0155091535934973
HR HS,raw,2.123046875,0.0195812496202211
HR HS,raw,2.126953125,0.0202638493705375
HR HS,raw,2.130859375,0.0164028091716397
HR HS,raw,2.134765625,0.0201712791751738
HR HS,raw,2.138671875,0.0232309755863112
HR HS,raw,2.142578125,0.0219647908372788
HR HS,raw,2.146484375,0.015841399019929
HR HS,raw,2.150390625,0.0160210974405895
HR HS,raw,2.154296875,0.0170755455366157
HR HS,raw,2.158203125,0.0193811447434833
HR HS,raw,2.162109375,0.0277851065930341
HR HS,raw,2.166015625,0.0191505970846989
HR HS,raw,2.169921875,0.0170394029600964
HR HS,raw,2.173828125,0.0209076494697882
HR HS,raw,2.177734375,0.0164311757875803
HR HS,raw,2.181640625,0.015750412593338
HR HS,raw,2.185546875,0.0272085269921828
HR HS,raw,2.189453125,0.0250910291818455
HR HS,raw,2.193359375,0.0210346397278588
HR HS,raw,2.197265625,0.0214921470356785
HR HS,raw,2.201171875,0.0210433826404976
HR HS,raw,2.205078125,0.0237145515242349
HR HS,raw,2.208984375,0.027657117487791
HR HS,raw,2.212890625,0.0280626138880279
HR HS,raw,2.216796875,0.0135742958131516
HR HS,raw,2.220703125,0.0219055931937415
HR HS,raw,2.224609375,0.0203399273905489
HR HS,raw,2.228515625,0.0214542297558588
HR HS,raw,2.232421875,0.0365060889597276
HR HS,raw,2.236328125,0.0215053518136164
HR HS,raw,2.240234375,0.025625958812296
HR HS,raw,2.244140625,0.0259661897802018
HR HS,raw,2.248046875,0.0226790682902398
HR HS,raw,2.251953125,0.0297429831688895
HR HS,raw,2.255859375,0.0332228278710705
HR HS,raw,2.259765625,0.0244312191798351
HR HS,raw,2.263671875,0.021190618249306
HR HS,raw,2.267578125,0.0213311160060342
HR HS,raw,2.271484375,0.0263188353809471
HR HS,raw,2.275390625,0.0270078764229011
HR HS,raw,2.279296875,0.0269306673227849
HR HS,raw,2.283203125,0.0235743931765776
HR HS,raw,2.287109375,0.0153468328478309
HR HS,raw,2.291015625,0.035977479353705
HR HS,raw,2.294921875,0.0167275115728598
HR HS,raw,2.298828125,0.021473628725782
HR HS,raw,2.302734375,0.0202366707351965
HR HS,raw,2.306640625,0.0199108208425444
HR HS,raw,2.310546875,0.0192800639988063
HR HS,raw,2.314453125,0.0235754736454959
HR HS,raw,2.318359375,0.0199740966628089
HR HS,raw,2.322265625,0.0133783702195102
HR HS,raw,2.326171875,0.0224072168812451
HR HS,raw,2.330078125,0.0258869672713003
HR HS,raw,2.333984375,0.0244751912439258
HR HS,raw,2.337890625,0.0204937541244643
HR HS,raw,2.341796875,0.0229167701413632
HR HS,raw,2.345703125,0.0243628090219002
HR HS,raw,2.349609375,0.0225483907060233
HR HS,raw,2.353515625,0.0203722332872417
HR HS,raw,2.357421875,0.0280036528886965
HR HS,raw,2.361328125,0.0225311471876403
HR HS,raw,2.365234375,0.0198724795561195
HR HS,raw,2.369140625,0.0250584646472687
HR HS,raw,2.373046875,0.027449131269398
HR HS,raw,2.376953125,0.0299558797332346
HR HS,raw,2.380859375,0.031752964209716
HR HS,raw,2.384765625,0.022810673802045
HR HS,raw,2.388671875,0.0260592180611723
HR HS,raw,2.392578125,0.022549290115218
HR HS,raw,2.396484375,0.0306957652389168
HR HS,raw,2.400390625,0.0241983093496993
HR HS,raw,2.404296875,0.0214589469721035
HR HS,raw,2.408203125,0.0230741679568462
HR HS,raw,2.412109375,0.0260885681404243
HR HS,raw,2.416015625,0.0246281928884261
HR HS,raw,2.419921875,0.0249429544609859
HR HS,raw,2.423828125,0.0221894918087224
HR HS,raw,2.427734375,0.0258940568130429
HR HS,raw,2.431640625,0.0256470749906703
HR HS,raw,2.435546875,0.0148669543239904
HR HS,raw,2.439453125,0.0249141486519325
HR HS,raw,2.443359375,0.0238129935345559
HR HS,raw,2.447265625,0.0276474567505614
HR HS,raw,2.451171875,0.0224217462323909
HR HS,raw,2.455078125,0.0230205170146699
HR HS,raw,2.458984375,0.0253646486333378
HR HS,raw,2.462890625,0.0225183441612359
HR HS,raw,2.466796875,0.0241152314296152
HR HS,raw,2.470703125,0.0206636855339333
HR HS,raw,2.474609375,0.0250977064688956
HR HS,raw,2.478515625,0.03306055348706
HR HS,raw,2.482421875,0.0274018329764963
HR HS,raw,2.486328125,0.0263141823177965
HR HS,raw,2.490234375,0.020160357820852
HR HS,raw,2.494140625,0.0259221614303244
HR HS,raw,2.498046875,0.0301976919011794
HR HS,trend,-0.5,0.0
HR HS,trend,-0.072265625,0.0
HR HS,trend,-0.072265625,0.05771772147797826
HR HS,trend,-0.068359375,0.05564055125777643
HR HS,trend,-0.064453125,0.05355106736535058
HR HS,trend,-0.060546875,0.05143866051730897
HR HS,trend,-0.056640625,0.049297064129161176
HR HS,trend,-0.052734375,0.04712824179731681
HR HS,trend,-0.048828125,0.044938362565577386
HR HS,trend,-0.044921875,0.04273690432395485
HR HS,trend,-0.041015625,0.040537334936109795
HR HS,trend,-0.037109375,0.03835891539615171
HR HS,trend,-0.033203125,0.036231089075610574
HR HS,trend,-0.029296875,0.03420266787522122
HR HS,trend,-0.025390625,0.03233484811989261
HR HS,trend,-0.021484375,0.030255141952279633
HR HS,trend,-0.017578125,0.02805892201294479
HR HS,trend,-0.013671875,0.02575225996145631
HR HS,trend,-0.009765625,0.023394315756888023
HR HS,trend,-0.005859375,0.021074703826477095
HR HS,trend,-0.001953125,0.018843450033119824
HR HS,trend,0.001953125,0.016728508244241012
HR HS,trend,0.005859375,0.01474665889915741
HR HS,trend,0.009765625,0.012906803821526532
HR HS,trend,0.013671875,0.011213993015826308
HR HS,trend,0.017578125,0.009669687040612135
HR HS,trend,0.021484375,0.008271055212875106
HR HS,trend,0.025390625,0.007014966215154421
HR HS,trend,0.029296875,0.005895089372725768
HR HS,trend,0.033203125,0.0049041474030977255
HR HS,trend,0.037109375,0.00403668305291637
HR HS,trend,0.041015625,0.00328852633015375
HR HS,trend,0.044921875,0.0026537588717790005
HR HS,trend,0.048828125,0.0021247580547856847
HR HS,trend,0.052734375,0.0016928515706849613
HR HS,trend,0.056640625,0.0013483380964671293
HR HS,trend,0.060546875,0.0010809136746425016
HR HS,trend,0.064453125,0.0008799651871567413
HR HS,trend,0.068359375,0.0007351635317335112
HR HS,trend,0.072265625,0.0006365194173871317
HR HS,trend,0.076171875,0.0005745220168918431
HR HS,trend,0.080078125,0.0005404381810432261
HR HS,trend,0.083984375,0.0005264551847410564
HR HS,trend,0.087890625,0.0005259838634343009
HR HS,trend,0.091796875,0.0005338339572906269
HR HS,trend,0.095703125,0.0005463245084910501
HR HS,trend,0.099609375,0.0005610670132699709
HR HS,trend,0.103515625,0.0005763302439278559
HR HS,trend,0.107421875,0.0005908058353301959
HR HS,trend,0.111328125,0.0006038240803715925
HR HS,trend,0.115234375,0.0006152233576690032
HR HS,trend,0.119140625,0.0006252602088491989
HR HS,trend,0.123046875,0.000634331345403304
HR HS,trend,0.126953125,0.000642756128357003
HR HS,trend,0.130859375,0.000650719379171399
HR HS,trend,0.134765625,0.0006583338829066502
HR HS,trend,0.138671875,0.0006656670215487208
HR HS,trend,0.142578125,0.0006727674932726792
HR HS,trend,0.146484375,0.0006796573923181293
HR HS,trend,0.150390625,0.0006863246618761549
HR HS,trend,0.154296875,0.0006927488453185225
HR HS,trend,0.158203125,0.0006989296387459658
HR HS,trend,0.162109375,0.0007048523900820633
HR HS,trend,0.166015625,0.0007104845758837544
HR HS,trend,0.169921875,0.0007158162039763102
HR HS,trend,0.173828125,0.0007208375941976621
HR HS,trend,0.177734375,0.0007255866732842813
HR HS,trend,0.181640625,0.000730129999998648
HR HS,trend,0.185546875,0.000734529301376143
HR HS,trend,0.189453125,0.0007388239925291078
HR HS,trend,0.193359375,0.0007430554153874537
HR HS,trend,0.197265625,0.0007472741345682818
HR HS,trend,0.201171875,0.0007514727172139598
HR HS,trend,0.205078125,0.0007555997806689318
HR HS,trend,0.208984375,0.0007595741769108033
HR HS,trend,0.212890625,0.0007634129314128886
HR HS,trend,0.216796875,0.0007672252480876483
HR HS,trend,0.220703125,0.0007710898239542593
HR HS,trend,0.224609375,0.0007750765695462809
HR HS,trend,0.228515625,0.000779214292016659
HR HS,trend,0.232421875,0.0007834756334424523
HR HS,trend,0.236328125,0.0007878029108871198
HR HS,trend,0.240234375,0.0007920829454956511
HR HS,trend,0.244140625,0.0007962523668148481
HR HS,trend,0.248046875,0.0008003336634154613
HR HS,trend,0.251953125,0.0008043817235727907
HR HS,trend,0.255859375,0.0008084174462472548
HR HS,trend,0.259765625,0.0008124894799482527
HR HS,trend,0.263671875,0.0008166932699501042
HR HS,trend,0.267578125,0.0008211260301568482
HR HS,trend,0.271484375,0.0008257893862574369
HR HS,trend,0.275390625,0.0008305397828312867
HR HS,trend,0.279296875,0.0008352206212621487
HR HS,trend,0.283203125,0.000839765517899612
HR HS,trend,0.287109375,0.0008442455271600968
HR HS,trend,0.291015625,0.0008488574656442826
HR HS,trend,0.294921875,0.0008537283405418475
HR HS,trend,0.298828125,0.0008589676093333086
HR HS,trend,0.302734375,0.0008646251707894618
HR HS,trend,0.306640625,0.0008706869312062181
HR HS,trend,0.310546875,0.0008769635484800246
HR HS,trend,0.314453125,0.0008832599793139088
HR HS,trend,0.318359375,0.0008893808276002554
HR HS,trend,0.322265625,0.0008952289701243133
HR HS,trend,0.326171875,0.000900940173937767
HR HS,trend,0.330078125,0.0009068177432844111
HR HS,trend,0.333984375,0.0009130704586335538
HR HS,trend,0.337890625,0.0009198298703501539
HR HS,trend,0.341796875,0.000927127050256845
HR HS,trend,0.345703125,0.0009348273863225006
HR HS,trend,0.349609375,0.000942615697676662
HR HS,trend,0.353515625,0.0009501290869276185
HR HS,trend,0.357421875,0.0009570988697815043
HR HS,trend,0.361328125,0.0009634985871691591
HR HS,trend,0.365234375,0.0009693314522612764
HR HS,trend,0.369140625,0.0009747750875035386
HR HS,trend,0.373046875,0.0009801503041853134
HR HS,trend,0.376953125,0.0009856676890884896
HR HS,trend,0.380859375,0.000991424853852675
HR HS,trend,0.384765625,0.0009974026985729132
HR HS,trend,0.388671875,0.0010034399103382194
HR HS,trend,0.392578125,0.0010093952558535078
HR HS,trend,0.396484375,0.0010152602990169187
HR HS,trend,0.400390625,0.001020870729791917
HR HS,trend,0.404296875,0.0010260787503259706
HR HS,trend,0.408203125,0.001031032423655363
HR HS,trend,0.412109375,0.0010358291461044018
HR HS,trend,0.416015625,0.001040826268822838
HR HS,trend,0.419921875,0.0010462007683892422
HR HS,trend,0.423828125,0.0010519508644778928
HR HS,trend,0.427734375,0.0010578994489341196
HR HS,trend,0.431640625,0.0010638654645503227
HR HS,trend,0.435546875,0.0010696154885640454
HR HS,trend,0.439453125,0.001074837606134014
HR HS,trend,0.443359375,0.0010795120283375915
HR HS,trend,0.447265625,0.0010839130453750103
HR HS,trend,0.451171875,0.0010886192328628907
HR HS,trend,0.455078125,0.0010940045107552395
HR HS,trend,0.458984375,0.0010998212462358904
HR HS,trend,0.462890625,0.0011059329840277024
HR HS,trend,0.466796875,0.0011122250965344286
HR HS,trend,0.470703125,0.0011185580564803796
HR HS,trend,0.474609375,0.0011247573394501686
HR HS,trend,0.478515625,0.0011307557678456764
HR HS,trend,0.482421875,0.001136792012690931
HR HS,trend,0.486328125,0.0011433065363480074
HR HS,trend,0.490234375,0.0011504490317989825
HR HS,trend,0.494140625,0.0011580989624408147
HR HS,trend,0.498046875,0.0011662673357447975
HR HS,trend,0.501953125,0.0011749387060999892
HR HS,trend,0.505859375,0.001183874587173041
HR HS,trend,0.509765625,0.0011930802771361346
HR HS,trend,0.513671875,0.001202473278174848
HR HS,trend,0.517578125,0.0012117166848219574
HR HS,trend,0.521484375,0.0012204512947723753
HR HS,trend,0.525390625,0.001228829884052727
HR HS,trend,0.529296875,0.0012372393933949546
HR HS,trend,0.533203125,0.0012456562083102095
HR HS,trend,0.537109375,0.0012539073664448457
HR HS,trend,0.541015625,0.0012618480155945156
HR HS,trend,0.544921875,0.0012689651905038774
HR HS,trend,0.548828125,0.00127501540377023
HR HS,trend,0.552734375,0.0012802621170762882
HR HS,trend,0.556640625,0.0012851311677315618
HR HS,trend,0.560546875,0.0012899509001013051
HR HS,trend,0.564453125,0.001295077565579015
HR HS,trend,0.568359375,0.001300884995938611
HR HS,trend,0.572265625,0.0013072243322873503
HR HS,trend,0.576171875,0.0013135019301867854
HR HS,trend,0.580078125,0.0013192552815843028
HR HS,trend,0.583984375,0.001324256626449278
HR HS,trend,0.587890625,0.001328905368753078
HR HS,trend,0.591796875,0.0013340726947836693
HR HS,trend,0.595703125,0.001340846487015688
HR HS,trend,0.599609375,0.0013502181285475609
HR HS,trend,0.603515625,0.0013620335422730285
HR HS,trend,0.607421875,0.0013752187583685024
HR HS,trend,0.611328125,0.0013885232687650896
HR HS,trend,0.615234375,0.0014015905316075157
HR HS,trend,0.619140625,0.0014142421134255353
HR HS,trend,0.623046875,0.0014259331027768921
HR HS,trend,0.626953125,0.0014365642159814575
HR HS,trend,0.630859375,0.0014471664129733805
HR HS,trend,0.634765625,0.0014588630289542374
HR HS,trend,0.638671875,0.001471975500381388
HR HS,trend,0.642578125,0.0014865154769628042
HR HS,trend,0.646484375,0.0015021143325505606
HR HS,trend,0.650390625,0.0015181943044976702
HR HS,trend,0.654296875,0.001534583688300443
HR HS,trend,0.658203125,0.001551154404761675
HR HS,trend,0.662109375,0.0015670837622414914
HR HS,trend,0.666015625,0.0015819233841383603
HR HS,trend,0.669921875,0.001596288203172545
HR HS,trend,0.673828125,0.0016111177689374693
HR HS,trend,0.677734375,0.0016274903796783956
HR HS,trend,0.681640625,0.0016455040529651552
HR HS,trend,0.685546875,0.0016642202775743649
HR HS,trend,0.689453125,0.001681900953083708
HR HS,trend,0.693359375,0.0016966002714371574
HR HS,trend,0.697265625,0.0017069625926919919
HR HS,trend,0.701171875,0.0017132122986203537
HR HS,trend,0.705078125,0.0017165132282461013
HR HS,trend,0.708984375,0.001718264839988307
HR HS,trend,0.712890625,0.0017200581440603717
HR HS,trend,0.716796875,0.0017232862065271741
HR HS,trend,0.720703125,0.001728222087320396
HR HS,trend,0.724609375,0.0017341437197920327
HR HS,trend,0.728515625,0.0017395555788027321
HR HS,trend,0.732421875,0.0017440519571985513
HR HS,trend,0.736328125,0.0017488161128935615
HR HS,trend,0.740234375,0.0017554494025078175
HR HS,trend,0.744140625,0.0017649426437980334
HR HS,trend,0.748046875,0.001777566710356758
HR HS,trend,0.751953125,0.0017940088582644256
HR HS,trend,0.755859375,0.0018146662900158594
HR HS,trend,0.759765625,0.0018395550465189964
HR HS,trend,0.763671875,0.0018673980257417758
HR HS,trend,0.767578125,0.001896773618402932
HR HS,trend,0.771484375,0.001926592552315288
HR HS,trend,0.775390625,0.001955338512145337
HR HS,trend,0.779296875,0.001982058201918169
HR HS,trend,0.783203125,0.0020066922382166153
HR HS,trend,0.787109375,0.002029221122089864
HR HS,trend,0.791015625,0.002049620671956599
HR HS,trend,0.794921875,0.002068150427788771
HR HS,trend,0.798828125,0.002085050088790507
HR HS,trend,0.802734375,0.002099995898766638
HR HS,trend,0.806640625,0.002112363382022046
HR HS,trend,0.810546875,0.002122516554859794
HR HS,trend,0.814453125,0.0021319954267751255
HR HS,trend,0.818359375,0.0021430074183415226
HR HS,trend,0.822265625,0.002156595592859717
HR HS,trend,0.826171875,0.0021723134496140066
HR HS,trend,0.830078125,0.0021890390100409688
HR HS,trend,0.833984375,0.0022058207423564886
HR HS,trend,0.837890625,0.002222696877523157
HR HS,trend,0.841796875,0.0022395653053414056
HR HS,trend,0.845703125,0.002256632124252547
HR HS,trend,0.849609375,0.002274238449703621
HR HS,trend,0.853515625,0.0022935010062408723
HR HS,trend,0.857421875,0.00231551351234543
HR HS,trend,0.861328125,0.00234087137280934
HR HS,trend,0.865234375,0.002368996179094115
HR HS,trend,0.869140625,0.002398516827541315
HR HS,trend,0.873046875,0.0024283538588127794
HR HS,trend,0.876953125,0.0024580318438609146
HR HS,trend,0.880859375,0.002486020604957256
HR HS,trend,0.884765625,0.002511097057249885
HR HS,trend,0.888671875,0.0025318639746819754
HR HS,trend,0.892578125,0.002546404568234731
HR HS,trend,0.896484375,0.002554682822475166
HR HS,trend,0.900390625,0.002559131796888275
HR HS,trend,0.904296875,0.0025627754930249583
HR HS,trend,0.908203125,0.0025674879779750267
HR HS,trend,0.912109375,0.0025740699397016143
HR HS,trend,0.916015625,0.0025828103715260326
HR HS,trend,0.919921875,0.00259421747779157
HR HS,trend,0.923828125,0.002609554149739302
HR HS,trend,0.927734375,0.002628469835449961
HR HS,trend,0.931640625,0.002649247398843592
HR HS,trend,0.935546875,0.002670615717081408
HR HS,trend,0.939453125,0.0026918732999287585
HR HS,trend,0.943359375,0.0027136207331112066
HR HS,trend,0.947265625,0.0027361501993479133
HR HS,trend,0.951171875,0.0027612050262049086
HR HS,trend,0.955078125,0.0027932866724368175
HR HS,trend,0.958984375,0.002835232525938413
HR HS,trend,0.962890625,0.0028848767296130737
HR HS,trend,0.966796875,0.0029372141813282402
HR HS,trend,0.970703125,0.0029882465264148726
HR HS,trend,0.974609375,0.0030354590315367206
HR HS,trend,0.978515625,0.003076355643273854
HR HS,trend,0.982421875,0.0031079435683881583
HR HS,trend,0.986328125,0.003130974298858343
HR HS,trend,0.990234375,0.0031491006861591063
HR HS,trend,0.994140625,0.003163941713080028
HR HS,trend,0.998046875,0.003177097025628984
HR HS,trend,1.001953125,0.0031903605458077984
HR HS,trend,1.005859375,0.0032062056450512634
HR HS,trend,1.009765625,0.0032265135898131335
HR HS,trend,1.013671875,0.0032514710156615425
HR HS,trend,1.017578125,0.0032810391164937672
HR HS,trend,1.021484375,0.0033139495091453696
HR HS,trend,1.025390625,0.0033492989441304927
HR HS,trend,1.029296875,0.003387039172642152
HR HS,trend,1.033203125,0.003426066801361054
HR HS,trend,1.037109375,0.0034672551632683245
HR HS,trend,1.041015625,0.0035109246402431136
HR HS,trend,1.044921875,0.0035556799139423697
HR HS,trend,1.048828125,0.0035994828830029353
HR HS,trend,1.052734375,0.0036389366745796315
HR HS,trend,1.056640625,0.0036756224564597675
HR HS,trend,1.060546875,0.003711731444148806
HR HS,trend,1.064453125,0.003746796801642631
HR HS,trend,1.068359375,0.003778117028528418
HR HS,trend,1.072265625,0.003803475253512092
HR HS,trend,1.076171875,0.0038213858815622846
HR HS,trend,1.080078125,0.0038318266037789934
HR HS,trend,1.083984375,0.003833833537654732
HR HS,trend,1.087890625,0.0038282182210388036
HR HS,trend,1.091796875,0.0038172927923474085
HR HS,trend,1.095703125,0.0038020083343180333
HR HS,trend,1.099609375,0.003784605891648454
HR HS,trend,1.103515625,0.0037681202816040806
HR HS,trend,1.107421875,0.0037553379454307195
HR HS,trend,1.111328125,0.003748342536432357
HR HS,trend,1.115234375,0.003748918757716348
HR HS,trend,1.119140625,0.003760824389185602
HR HS,trend,1.123046875,0.0037882085109370075
HR HS,trend,1.126953125,0.0038344278592969687
HR HS,trend,1.130859375,0.0039048635523268676
HR HS,trend,1.134765625,0.00400010060412677
HR HS,trend,1.138671875,0.0041166483125872734
HR HS,trend,1.142578125,0.004249335522446811
HR HS,trend,1.146484375,0.004391204761119083
HR HS,trend,1.150390625,0.004534727925765127
HR HS,trend,1.154296875,0.004670488569309186
HR HS,trend,1.158203125,0.004795627643718433
HR HS,trend,1.162109375,0.004908902611334993
HR HS,trend,1.166015625,0.005006171714313128
HR HS,trend,1.169921875,0.005083312150055273
HR HS,trend,1.173828125,0.005140575227881958
HR HS,trend,1.177734375,0.005178376678917372
HR HS,trend,1.181640625,0.005194718158634809
HR HS,trend,1.185546875,0.005187326318445371
HR HS,trend,1.189453125,0.005158465582400995
HR HS,trend,1.193359375,0.005112273008365805
HR HS,trend,1.197265625,0.0050489887755041886
HR HS,trend,1.201171875,0.0049697140026677
HR HS,trend,1.205078125,0.004879090376284524
HR HS,trend,1.208984375,0.004784649260902125
HR HS,trend,1.212890625,0.004696568509190409
HR HS,trend,1.216796875,0.004621896781030076
HR HS,trend,1.220703125,0.004565819182982873
HR HS,trend,1.224609375,0.0045326199478918985
HR HS,trend,1.228515625,0.004522510079887152
HR HS,trend,1.232421875,0.004536617970535293
HR HS,trend,1.236328125,0.0045736335527303724
HR HS,trend,1.240234375,0.004629961361422342
HR HS,trend,1.244140625,0.004696037855801278
HR HS,trend,1.248046875,0.004764858475423744
HR HS,trend,1.251953125,0.004831628300379307
HR HS,trend,1.255859375,0.004891421776539833
HR HS,trend,1.259765625,0.004949420540667776
HR HS,trend,1.263671875,0.005014884002974926
HR HS,trend,1.267578125,0.0050929720011745625
HR HS,trend,1.271484375,0.005181713568702681
HR HS,trend,1.275390625,0.005276454000951504
HR HS,trend,1.279296875,0.005370659284728465
HR HS,trend,1.283203125,0.005456225416616535
HR HS,trend,1.287109375,0.005526070804165052
HR HS,trend,1.291015625,0.005577945849458352
HR HS,trend,1.294921875,0.005616574115014953
HR HS,trend,1.298828125,0.005649474656310143
HR HS,trend,1.302734375,0.005683059120640024
HR HS,trend,1.306640625,0.005721416543979259
HR HS,trend,1.310546875,0.005766558670999425
HR HS,trend,1.314453125,0.005822821509677475
HR HS,trend,1.318359375,0.00588592502702348
HR HS,trend,1.322265625,0.005951953132679593
HR HS,trend,1.326171875,0.006023269548535988
HR HS,trend,1.330078125,0.006100587812014901
HR HS,trend,1.333984375,0.006178672732538927
HR HS,trend,1.337890625,0.00625198034587614
HR HS,trend,1.341796875,0.006324885069275824
HR HS,trend,1.345703125,0.0064030355391342594
HR HS,trend,1.349609375,0.00648857655659721
HR HS,trend,1.353515625,0.006579353282922352
HR HS,trend,1.357421875,0.006667947493269301
HR HS,trend,1.361328125,0.00674974370533729
HR HS,trend,1.365234375,0.006821808252391435
HR HS,trend,1.369140625,0.006881822012553812
HR HS,trend,1.373046875,0.006924678591832671
HR HS,trend,1.376953125,0.006950670984198843
HR HS,trend,1.380859375,0.006965252563243751
HR HS,trend,1.384765625,0.006976362007638613
HR HS,trend,1.388671875,0.006993277438092727
HR HS,trend,1.392578125,0.007018541924267797
HR HS,trend,1.396484375,0.007048021799513275
HR HS,trend,1.400390625,0.00707983486713699
HR HS,trend,1.404296875,0.007115167222691759
HR HS,trend,1.408203125,0.007152975755986469
HR HS,trend,1.412109375,0.007192754863335725
HR HS,trend,1.416015625,0.007240521433597293
HR HS,trend,1.419921875,0.007298854363648373
HR HS,trend,1.423828125,0.007363466646495215
HR HS,trend,1.427734375,0.00743030824787679
HR HS,trend,1.431640625,0.0075009996459961
HR HS,trend,1.435546875,0.007578456289317077
HR HS,trend,1.439453125,0.0076655773624802834
HR HS,trend,1.443359375,0.007761509098957992
HR HS,trend,1.447265625,0.00786286545467788
HR HS,trend,1.451171875,0.007968910444924858
HR HS,trend,1.455078125,0.00807519611226703
HR HS,trend,1.458984375,0.008179041153899518
HR HS,trend,1.462890625,0.008284171849945324
HR HS,trend,1.466796875,0.00839283586755185
HR HS,trend,1.470703125,0.008505117069833503
HR HS,trend,1.474609375,0.008612436029814177
HR HS,trend,1.478515625,0.008711800839212348
HR HS,trend,1.482421875,0.00880202612840924
HR HS,trend,1.486328125,0.008873881342369834
HR HS,trend,1.490234375,0.008926301547896804
HR HS,trend,1.494140625,0.008959661464776739
HR HS,trend,1.498046875,0.008978319021502819
HR HS,trend,1.501953125,0.008988857720655849
HR HS,trend,1.505859375,0.008997425870446333
HR HS,trend,1.509765625,0.008999826462622184
HR HS,trend,1.513671875,0.008989398851382602
HR HS,trend,1.517578125,0.008966497690193465
HR HS,trend,1.521484375,0.008938784061249516
HR HS,trend,1.525390625,0.008913664000887936
HR HS,trend,1.529296875,0.008902877421650812
HR HS,trend,1.533203125,0.008907966118954079
HR HS,trend,1.537109375,0.008923950813053852
HR HS,trend,1.541015625,0.00895416326090212
HR HS,trend,1.544921875,0.009003965458197153
HR HS,trend,1.548828125,0.00907591670633403
HR HS,trend,1.552734375,0.009168842327281912
HR HS,trend,1.556640625,0.00927821745154904
HR HS,trend,1.560546875,0.009400196122295795
HR HS,trend,1.564453125,0.009531000453953267
HR HS,trend,1.568359375,0.009674393485946571
HR HS,trend,1.572265625,0.009835014595610618
HR HS,trend,1.576171875,0.01000426366796153
HR HS,trend,1.580078125,0.010170016499186902
HR HS,trend,1.583984375,0.010329586670113657
HR HS,trend,1.587890625,0.010472410339156638
HR HS,trend,1.591796875,0.010595089251851186
HR HS,trend,1.595703125,0.010698931090546584
HR HS,trend,1.599609375,0.01078541391786554
HR HS,trend,1.603515625,0.010862105609584
HR HS,trend,1.607421875,0.010938652326808606
HR HS,trend,1.611328125,0.011018529613778843
HR HS,trend,1.615234375,0.01110072710189722
HR HS,trend,1.619140625,0.011182702850705101
HR HS,trend,1.623046875,0.01126505195194734
HR HS,trend,1.626953125,0.01134934735272525
HR HS,trend,1.630859375,0.011438517379468806
HR HS,trend,1.634765625,0.011528619751571177
HR HS,trend,1.638671875,0.011613729444080477
HR HS,trend,1.642578125,0.011696020803922237
HR HS,trend,1.646484375,0.011774462775435833
HR HS,trend,1.650390625,0.0118402517995751
HR HS,trend,1.654296875,0.011891379633133454
HR HS,trend,1.658203125,0.011935698577195909
HR HS,trend,1.662109375,0.011985555983389174
HR HS,trend,1.666015625,0.012035364717535888
HR HS,trend,1.669921875,0.012077426361182099
HR HS,trend,1.673828125,0.012113504440910385
HR HS,trend,1.677734375,0.012148339305916646
HR HS,trend,1.681640625,0.012178683168138289
HR HS,trend,1.685546875,0.012195863182381599
HR HS,trend,1.689453125,0.012184860697824157
HR HS,trend,1.693359375,0.012139214456410844
HR HS,trend,1.697265625,0.012065986078971956
HR HS,trend,1.701171875,0.011983671893469112
HR HS,trend,1.705078125,0.011915812938645038
HR HS,trend,1.708984375,0.011878625260266765
HR HS,trend,1.712890625,0.011881188436768048
HR HS,trend,1.716796875,0.01192111782044104
HR HS,trend,1.720703125,0.011993553388354753
HR HS,trend,1.724609375,0.01208359983533225
HR HS,trend,1.728515625,0.012172545050492976
HR HS,trend,1.732421875,0.0122386665552096
HR HS,trend,1.736328125,0.012264930292238534
HR HS,trend,1.740234375,0.01224617567026806
HR HS,trend,1.744140625,0.012198563098078269
HR HS,trend,1.748046875,0.012153941025133683
HR HS,trend,1.751953125,0.012128636048987715
HR HS,trend,1.755859375,0.012128309647477619
HR HS,trend,1.759765625,0.012160110652281064
HR HS,trend,1.763671875,0.012230955244173017
HR HS,trend,1.767578125,0.012340750189201135
HR HS,trend,1.771484375,0.012477309072044335
HR HS,trend,1.775390625,0.012615069803840459
HR HS,trend,1.779296875,0.012739716900037118
HR HS,trend,1.783203125,0.012852361099440142
HR HS,trend,1.787109375,0.012960939387994336
HR HS,trend,1.791015625,0.013071891967462845
HR HS,trend,1.794921875,0.013188885200908936
HR HS,trend,1.798828125,0.013311306570140161
HR HS,trend,1.802734375,0.013431949645041954
HR HS,trend,1.806640625,0.013543154354301952
HR HS,trend,1.810546875,0.013645802419391239
HR HS,trend,1.814453125,0.013735034869834503
HR HS,trend,1.818359375,0.013789364228461587
HR HS,trend,1.822265625,0.013791036356124007
HR HS,trend,1.826171875,0.013744850865013224
HR HS,trend,1.830078125,0.01366773186727453
HR HS,trend,1.833984375,0.01357542643848848
HR HS,trend,1.837890625,0.013493142503992351
HR HS,trend,1.841796875,0.013441265583248206
HR HS,trend,1.845703125,0.013430384826784544
HR HS,trend,1.849609375,0.013459699643444279
HR HS,trend,1.853515625,0.013530101538126019
HR HS,trend,1.857421875,0.013646236659335115
HR HS,trend,1.861328125,0.013794118996185465
HR HS,trend,1.865234375,0.013961068263027752
HR HS,trend,1.869140625,0.01414131001308735
HR HS,trend,1.873046875,0.014338377474183941
HR HS,trend,1.876953125,0.01454522289108592
HR HS,trend,1.880859375,0.014760365379663553
HR HS,trend,1.884765625,0.014982891446185503
HR HS,trend,1.888671875,0.015210371239875467
HR HS,trend,1.892578125,0.015429496750560762
HR HS,trend,1.896484375,0.015625579416452554
HR HS,trend,1.900390625,0.015786456623146067
HR HS,trend,1.904296875,0.01590436396421766
HR HS,trend,1.908203125,0.015969472728805664
HR HS,trend,1.912109375,0.015991394000953323
HR HS,trend,1.916015625,0.015998150808915285
HR HS,trend,1.919921875,0.01602559001566761
HR HS,trend,1.923828125,0.016084145381861294
HR HS,trend,1.927734375,0.016174421575198324
HR HS,trend,1.931640625,0.016291016260516843
HR HS,trend,1.935546875,0.016401972363402274
HR HS,trend,1.939453125,0.016477811936724963
HR HS,trend,1.943359375,0.016515132768803457
HR HS,trend,1.947265625,0.016517208315343267
HR HS,trend,1.951171875,0.016473572184193763
HR HS,trend,1.955078125,0.016376063571345842
HR HS,trend,1.958984375,0.016245063205942212
HR HS,trend,1.962890625,0.016099917479009306
HR HS,trend,1.966796875,0.015960888937221515
HR HS,trend,1.970703125,0.01584287126356012
HR HS,trend,1.974609375,0.015756417621767622
HR HS,trend,1.978515625,0.01569195922763345
HR HS,trend,1.982421875,0.01563494060790696
HR HS,trend,1.986328125,0.015564603873371547
HR HS,trend,1.990234375,0.015474854877218861
HR HS,trend,1.994140625,0.015371331844625183
HR HS,trend,1.998046875,0.01527817448989212
HR HS,trend,2.001953125,0.015237364905621612
HR HS,trend,2.005859375,0.015280456516709102
HR HS,trend,2.009765625,0.015419725686121627
HR HS,trend,2.013671875,0.015636068271197158
HR HS,trend,2.017578125,0.015888532717383105
HR HS,trend,2.021484375,0.016154648884383727
HR HS,trend,2.025390625,0.016414642111244375
HR HS,trend,2.029296875,0.016642581864408836
HR HS,trend,2.033203125,0.016833602900797873
HR HS,trend,2.037109375,0.016993152539146746
HR HS,trend,2.041015625,0.01712397618471015
HR HS,trend,2.044921875,0.017242808654813035
HR HS,trend,2.048828125,0.017394990957216958
HR HS,trend,2.052734375,0.01760497047765961
HR HS,trend,2.056640625,0.017867619569742033
HR HS,trend,2.060546875,0.018161000542330285
HR HS,trend,2.064453125,0.01845443067855801
HR HS,trend,2.068359375,0.01870869340365539
HR HS,trend,2.072265625,0.018892340340426608
HR HS,trend,2.076171875,0.018994455456545954
HR HS,trend,2.080078125,0.01903065766289239
HR HS,trend,2.083984375,0.01903708437962249
HR HS,trend,2.087890625,0.01904487779248389
HR HS,trend,2.091796875,0.019079558469182065
HR HS,trend,2.095703125,0.019158832187246917
HR HS,trend,2.099609375,0.019267651965406304
HR HS,trend,2.103515625,0.019373082912029195
HR HS,trend,2.107421875,0.01943982352163368
HR HS,trend,2.111328125,0.019446475145872406
HR HS,trend,2.115234375,0.019391336970607374
HR HS,trend,2.119140625,0.019295953100079494
HR HS,trend,2.123046875,0.019186339402469558
HR HS,trend,2.126953125,0.0190913382620013
HR HS,trend,2.130859375,0.019030970817193953
HR HS,trend,2.134765625,0.019006925766072855
HR HS,trend,2.138671875,0.01902195779184277
HR HS,trend,2.142578125,0.019094456273783585
HR HS,trend,2.146484375,0.019219117740830155
HR HS,trend,2.150390625,0.019380301640230746
HR HS,trend,2.154296875,0.01955915489782185
HR HS,trend,2.158203125,0.019740517667499093
HR HS,trend,2.162109375,0.01992220716592023
HR HS,trend,2.166015625,0.020124425188233208
HR HS,trend,2.169921875,0.020359302606777898
HR HS,trend,2.173828125,0.02060843881173814
HR HS,trend,2.177734375,0.02085069834738173
HR HS,trend,2.181640625,0.021071285574852522
HR HS,trend,2.185546875,0.021279304439529852
HR HS,trend,2.189453125,0.02150419397548264
HR HS,trend,2.193359375,0.021744926953048856
HR HS,trend,2.197265625,0.02199707736850464
HR HS,trend,2.201171875,0.022268014646519896
HR HS,trend,2.205078125,0.022563329085971816
HR HS,trend,2.208984375,0.022894032385610892
HR HS,trend,2.212890625,0.0232598472937408
HR HS,trend,2.216796875,0.023622421543896155
HR HS,trend,2.220703125,0.02394124834572003
HR HS,trend,2.224609375,0.02419606671841738
HR HS,trend,2.228515625,0.024391274254969317
HR HS,trend,2.232421875,0.024558606760190657
HR HS,trend,2.236328125,0.024727322806581208
HR HS,trend,2.240234375,0.024883072620142027
HR HS,trend,2.244140625,0.02500490484870502
HR HS,trend,2.248046875,0.02510998601524205
HR HS,trend,2.251953125,0.025196088256272866
HR HS,trend,2.255859375,0.02525119586681429
HR HS,trend,2.259765625,0.025247346014950715
HR HS,trend,2.263671875,0.02514591306200314
HR HS,trend,2.267578125,0.024931609041187238
HR HS,trend,2.271484375,0.024638595710170554
HR HS,trend,2.275390625,0.024297610065440498
HR HS,trend,2.279296875,0.023925248325279945
HR HS,trend,2.283203125,0.023539044246146997
HR HS,trend,2.287109375,0.023150443641374256
HR HS,trend,2.291015625,0.022791361903757964
HR HS,trend,2.294921875,0.02248520322188052
HR HS,trend,2.298828125,0.022240958183553965
HR HS,trend,2.302734375,0.022063288131969016
HR HS,trend,2.306640625,0.02193102413606503
HR HS,trend,2.310546875,0.021817141888208876
HR HS,trend,2.314453125,0.02173061908000664
HR HS,trend,2.318359375,0.021688507825835045
HR HS,trend,2.322265625,0.02169449789940023
HR HS,trend,2.326171875,0.02174786010921081
HR HS,trend,2.330078125,0.02185731677209059
HR HS,trend,2.333984375,0.02204044682054601
HR HS,trend,2.337890625,0.022314350436977656
HR HS,trend,2.341796875,0.02266735265303562
HR HS,trend,2.345703125,0.023050798103444143
HR HS,trend,2.349609375,0.023436742210684817
HR HS,trend,2.353515625,0.023812138432387903
HR HS,trend,2.357421875,0.02415905250153494
HR HS,trend,2.361328125,0.024456486080410685
HR HS,trend,2.365234375,0.024688029134349053
HR HS,trend,2.369140625,0.024851182255709134
HR HS,trend,2.373046875,0.024967463901842707
HR HS,trend,2.376953125,0.02506880698470821
HR HS,trend,2.380859375,0.02516076429842877
HR HS,trend,2.384765625,0.02523614279825529
HR HS,trend,2.388671875,0.02528239653027838
HR HS,trend,2.392578125,0.025278274394341913
HR HS,trend,2.396484375,0.025213941085924264
HR HS,trend,2.400390625,0.025092412778649688
HR HS,trend,2.404296875,0.024929618316013046
HR HS,trend,2.408203125,0.024737791199121794
HR HS,trend,2.412109375,0.024524508585905203
HR HS,trend,2.416015625,0.02431563914925326
HR HS,trend,2.419921875,0.02413902423205989
HR HS,trend,2.423828125,0.024005401610498883
HR HS,trend,2.427734375,0.023905080046839115
HR HS,trend,2.431640625,0.02383018722007171
HR HS,trend,2.435546875,0.023790003997198373
HR HS,trend,2.439453125,0.02380057820702269
HR HS,trend,2.443359375,0.023865112984385983
HR HS,trend,2.447265625,0.023965951659266203
HR HS,trend,2.451171875,0.024082167518437888
HR HS,trend,2.455078125,0.02428031537179899
HR HS,trend,2.458984375,0.024483157181416262
HR HS,trend,2.462890625,0.02469059882805214
HR HS,trend,2.466796875,0.02490243765329115
HR HS,trend,2.470703125,0.02511898338552524
HR HS,trend,2.474609375,0.025340800737200377
HR HS,trend,2.478515625,0.02556911375588288
HR HS,trend,2.482421875,0.02580445531825914
HR HS,trend,2.486328125,0.026045367156835916
HR HS,trend,2.490234375,0.026289836290197155
HR HS,trend,2.494140625,0.026536433512931272
HR HS,trend,2.498046875,0.026785619217406516
