corner,kind,x,y
LR LS,raw,-0.498046875,0.0
LR LS,raw,-0.494140625,0.0
LR LS,raw,-0.490234375,0.0
LR LS,raw,-0.486328125,0.0
LR LS,raw,-0.482421875,0.0
LR LS,raw,-0.478515625,0.0
LR LS,raw,-0.474609375,0.0
LR LS,raw,-0.470703125,0.0
LR LS,raw,-0.466796875,0.0
LR LS,raw,-0.462890625,0.0
LR LS,raw,-0.458984375,0.0
LR LS,raw,-0.455078125,0.0
LR LS,raw,-0.451171875,0.0
LR LS,raw,-0.447265625,0.0
LR LS,raw,-0.443359375,0.0
LR LS,raw,-0.439453125,0.0
LR LS,raw,-0.435546875,0.0
LR LS,raw,-0.431640625,0.0
LR LS,raw,-0.427734375,0.0
LR LS,raw,-0.423828125,0.0
LR LS,raw,-0.419921875,0.0
LR LS,raw,-0.416015625,0.0
LR LS,raw,-0.412109375,0.0
LR LS,raw,-0.408203125,0.0
LR LS,raw,-0.404296875,0.0
LR LS,raw,-0.400390625,0.0
LR LS,raw,-0.396484375,0.0
LR LS,raw,-0.392578125,0.0
LR LS,raw,-0.388671875,0.0
LR LS,raw,-0.384765625,0.0
LR LS,raw,-0.380859375,0.0
LR LS,raw,-0.376953125,0.0
LR LS,raw,-0.373046875,0.0
LR LS,raw,-0.369140625,0.0
LR LS,raw,-0.365234375,0.0
LR LS,raw,-0.361328125,0.0
LR LS,raw,-0.357421875,0.0
LR LS,raw,-0.353515625,0.0
LR LS,raw,-0.349609375,0.0
LR LS,raw,-0.345703125,0.0
LR LS,raw,-0.341796875,0.0
LR LS,raw,-0.337890625,0.0
LR LS,raw,-0.333984375,0.0
LR LS,raw,-0.330078125,0.0
LR LS,raw,-0.326171875,0.0
LR LS,raw,-0.322265625,0.0
LR LS,raw,-0.318359375,0.0
LR LS,raw,-0.314453125,0.0
LR LS,raw,-0.310546875,0.0
LR LS,raw,-0.306640625,0.0
LR LS,raw,-0.302734375,0.0
LR LS,raw,-0.298828125,0.0
LR LS,raw,-0.294921875,0.0
LR LS,raw,-0.291015625,0.0
LR LS,raw,-0.287109375,0.0
LR LS,raw,-0.283203125,0.0
LR LS,raw,-0.279296875,0.0
LR LS,raw,-0.275390625,0.0
LR LS,raw,-0.271484375,0.0
LR LS,raw,-0.267578125,0.0
LR LS,raw,-0.263671875,0.0
LR LS,raw,-0.259765625,0.0
LR LS,raw,-0.255859375,0.0
LR LS,raw,-0.251953125,0.0
LR LS,raw,-0.248046875,0.0
LR LS,raw,-0.244140625,0.0
LR LS,raw,-0.240234375,0.0
LR LS,raw,-0.236328125,0.0
LR LS,raw,-0.232421875,0.0
LR LS,raw,-0.228515625,0.0
LR LS,raw,-0.224609375,0.0
LR LS,raw,-0.220703125,0.0
LR LS,raw,-0.216796875,0.0
LR LS,raw,-0.212890625,0.0
LR LS,raw,-0.208984375,0.0
LR LS,raw,-0.205078125,0.0
LR LS,raw,-0.201171875,0.0
LR LS,raw,-0.197265625,0.0
LR LS,raw,-0.193359375,0.0
LR LS,raw,-0.189453125,0.0
LR LS,raw,-0.185546875,0.0
LR LS,raw,-0.181640625,0.0
LR LS,raw,-0.177734375,0.0
LR LS,raw,-0.173828125,0.0
LR LS,raw,-0.169921875,0.0
LR LS,raw,-0.166015625,0.0
LR LS,raw,-0.162109375,0.0
LR LS,raw,-0.158203125,0.0
LR LS,raw,-0.154296875,0.0
LR LS,raw,-0.150390625,0.0
LR LS,raw,-0.146484375,0.0
LR LS,raw,-0.142578125,0.0
LR LS,raw,-0.138671875,0.0
LR LS,raw,-0.134765625,0.0
LR LS,raw,-0.130859375,0.0
LR LS,raw,-0.126953125,0.0
LR LS,raw,-0.123046875,0.0
LR LS,raw,-0.119140625,0.0
LR LS,raw,-0.115234375,0.0
LR LS,raw,-0.111328125,0.0
LR LS,raw,-0.107421875,0.0
LR LS,raw,-0.103515625,0.0
LR LS,raw,-0.099609375,0.0
LR LS,raw,-0.095703125,0.0
LR LS,raw,-0.091796875,0.0
LR LS,raw,-0.087890625,0.0
LR LS,raw,-0.083984375,0.0
LR LS,raw,-0.080078125,0.0
LR LS,raw,-0.076171875,1.40625
LR LS,raw,-0.072265625,0.0
LR LS,raw,-0.068359375,1.171875
LR LS,raw,-0.064453125,1.181640625
LR LS,raw,-0.060546875,1.1100260416666663
LR LS,raw,-0.056640625,1.03515625
LR LS,raw,-0.052734375,1.0482486263736264
LR LS,raw,-0.048828125,0.9573117946306428
LR LS,raw,-0.044921875,0.8694897342995169
LR LS,raw,-0.041015625,0.8290563357632932
LR LS,raw,-0.037109375,0.7000263789315447
LR LS,raw,-0.033203125,0.5210433467741935
LR LS,raw,-0.029296875,0.4979053442028984
LR LS,raw,-0.025390625,0.4695638020833333
LR LS,raw,-0.021484375,0.3688292572463768
LR LS,raw,-0.017578125,0.1775089017991004
LR LS,raw,-0.013671875,0.1885510598051409
LR LS,raw,-0.009765625,0.1669886363636363
LR LS,raw,-0.005859375,0.1811775450039877
LR LS,raw,-0.001953125,0.2466229924207377
LR LS,raw,0.001953125,0.2677491252233472
LR LS,raw,0.005859375,0.2685473169602425
LR LS,raw,0.009765625,0.2574513201599783
LR LS,raw,0.013671875,0.2594894732180007
LR LS,raw,0.017578125,0.2447319622862893
LR LS,raw,0.021484375,0.2130052834425183
LR LS,raw,0.025390625,0.1788213229540279
LR LS,raw,0.029296875,0.1421727763968205
LR LS,raw,0.033203125,0.1072384912761593
LR LS,raw,0.037109375,0.0757900472168696
LR LS,raw,0.041015625,0.0433323814804487
LR LS,raw,0.044921875,0.0137720360894021
LR LS,raw,0.048828125,-0.0012479948358537
LR LS,raw,0.052734375,0.0039397656499651
LR LS,raw,0.056640625,-0.0095292329895386
LR LS,raw,0.060546875,0.061804905553373
LR LS,raw,0.064453125,0.0344247137741936
LR LS,raw,0.068359375,0.0160102200284587
LR LS,raw,0.072265625,0.0056632507146576
LR LS,raw,0.076171875,0.0005667150100948
LR LS,raw,0.080078125,-0.0016143385251442
LR LS,raw,0.083984375,-0.0023462275357502
LR LS,raw,0.087890625,-0.0029368163229283
LR LS,raw,0.091796875,-0.0029908847948766
LR LS,raw,0.095703125,-0.0034313277503854
LR LS,raw,0.099609375,-0.0037678645372531
LR LS,raw,0.103515625,-0.0037772088367023
LR LS,raw,0.107421875,-0.0037693153352
LR LS,raw,0.111328125,-0.0042278211635361
LR LS,raw,0.115234375,-0.0041764077840941
LR LS,raw,0.119140625,-0.0042717610056627
LR LS,raw,0.123046875,-0.0041952243672918
LR LS,raw,0.126953125,-0.004304338447719
LR LS,raw,0.130859375,-0.0042791323261387
LR LS,raw,0.134765625,-0.0045347673801437
LR LS,raw,0.138671875,-0.004857212948
LR LS,raw,0.142578125,-0.004477738673738
LR LS,raw,0.146484375,-0.004634002217987
LR LS,raw,0.150390625,-0.0048171747180956
LR LS,raw,0.154296875,-0.0047738009217677
LR LS,raw,0.158203125,-0.0045768719584812
LR LS,raw,0.162109375,-0.0045777598183774
LR LS,raw,0.166015625,-0.0051040116260597
LR LS,raw,0.169921875,-0.0045408760968385
LR LS,raw,0.173828125,-0.0045129727145742
LR LS,raw,0.177734375,-0.0043729855220057
LR LS,raw,0.181640625,-0.0044607182544468
LR LS,raw,0.185546875,-0.0046598598301687
LR LS,raw,0.189453125,-0.0046261066212821
LR LS,raw,0.193359375,-0.0039878550539521
LR LS,raw,0.197265625,-0.0041149859214064
LR LS,raw,0.201171875,-0.0044553993200153
LR LS,raw,0.205078125,-0.0037448105190948
LR LS,raw,0.208984375,-0.0037026495045546
LR LS,raw,0.212890625,-0.0030851573211353
LR LS,raw,0.216796875,-0.0035024513425743
LR LS,raw,0.220703125,-0.0033447196312676
LR LS,raw,0.224609375,-0.0028769475430907
LR LS,raw,0.228515625,-0.0028338428514293
LR LS,raw,0.232421875,-0.0029409194512959
LR LS,raw,0.236328125,-0.0021145599543672
LR LS,raw,0.240234375,-0.0029043811344554
LR LS,raw,0.244140625,-0.0027695777852153
LR LS,raw,0.248046875,-0.0020243060649277
LR LS,raw,0.251953125,-0.0013695915288382
LR LS,raw,0.255859375,-0.0021396366438695
LR LS,raw,0.259765625,-0.0019036916774197
LR LS,raw,0.263671875,-0.0018288721434344
LR LS,raw,0.267578125,-0.0021359723259647
LR LS,raw,0.271484375,-0.0019574211358056
LR LS,raw,0.275390625,-0.0016010354033122
LR LS,raw,0.279296875,-0.0014357027885687
LR LS,raw,0.283203125,-0.0012974555187513
LR LS,raw,0.287109375,-0.0020963808405655
LR LS,raw,0.291015625,-0.001233030378392
LR LS,raw,0.294921875,-0.0009446532514433
LR LS,raw,0.298828125,-0.00219143407195
LR LS,raw,0.302734375,-0.0019210136981239
LR LS,raw,0.306640625,-0.0008752374950354
LR LS,raw,0.310546875,-0.0011724442926401
LR LS,raw,0.314453125,-0.0006602630709192
LR LS,raw,0.318359375,-0.0003684010476195
LR LS,raw,0.322265625,6.717777135239865e-05
LR LS,raw,0.326171875,-0.0004905657223559
LR LS,raw,0.330078125,-0.000141152527307
LR LS,raw,0.333984375,0.0003092056418909
LR LS,raw,0.337890625,0.0002541691685422
LR LS,raw,0.341796875,0.0005384443123543
LR LS,raw,0.345703125,0.0003334176322315
LR LS,raw,0.349609375,0.0012182654631932
LR LS,raw,0.353515625,0.0006488183648113
LR LS,raw,0.357421875,0.0001266322260274
LR LS,raw,0.361328125,0.0004290932763149
LR LS,raw,0.365234375,0.0029712985253784
LR LS,raw,0.369140625,0.0005680859760104
LR LS,raw,0.373046875,-6.825291533568408e-05
LR LS,raw,0.376953125,0.0013917594263055
LR LS,raw,0.380859375,0.0019553651543267
LR LS,raw,0.384765625,0.0010449415833836
LR LS,raw,0.388671875,0.0016655515436232
LR LS,raw,0.392578125,0.0027562135096441
LR LS,raw,0.396484375,0.0031457417579724
LR LS,raw,0.400390625,0.0023319499003303
LR LS,raw,0.404296875,0.0046300219780799
LR LS,raw,0.408203125,0.0047707609551396
LR LS,raw,0.412109375,0.0030143064902871
LR LS,raw,0.416015625,0.0023302843432418
LR LS,raw,0.419921875,0.0021721280854575
LR LS,raw,0.423828125,0.0017966386568597
LR LS,raw,0.427734375,0.0035620465552539
LR LS,raw,0.431640625,0.0053910851384278
LR LS,raw,0.435546875,0.0027552044349719
LR LS,raw,0.439453125,0.0037202073684115
LR LS,raw,0.443359375,0.0037873419956259
LR LS,raw,0.447265625,0.0058827222910007
LR LS,raw,0.451171875,0.0027748453258556
LR LS,raw,0.455078125,0.0051232773785785
LR LS,raw,0.458984375,0.0034358838432519
LR LS,raw,0.462890625,0.0058616006657337
LR LS,raw,0.466796875,0.0030751313246274
LR LS,raw,0.470703125,0.0063698811368023
LR LS,raw,0.474609375,0.0047057484515058
LR LS,raw,0.478515625,0.0040183406650404
LR LS,raw,0.482421875,0.0071040205854263
LR LS,raw,0.486328125,0.0078298665055895
LR LS,raw,0.490234375,0.0066986420348135
LR LS,raw,0.494140625,0.0062796940206053
LR LS,raw,0.498046875,0.0089210568217594
LR LS,raw,0.501953125,0.0068046814329065
LR LS,raw,0.505859375,0.0076980717305268
LR LS,raw,0.509765625,0.0049671084128626
LR LS,raw,0.513671875,0.0083753899670742
LR LS,raw,0.517578125,0.0121869830466308
LR LS,raw,0.521484375,0.0096627434950775
LR LS,raw,0.525390625,0.0057052958060192
LR LS,raw,0.529296875,0.0070466817404294
LR LS,raw,0.533203125,0.0080938623921149
LR LS,raw,0.537109375,0.0066545451369794
LR LS,raw,0.541015625,0.0081692397316526
LR LS,raw,0.544921875,0.0058621653708771
LR LS,raw,0.548828125,0.0083648150810274
LR LS,raw,0.552734375,0.0096721721918146
LR LS,raw,0.556640625,0.0086489741955549
LR LS,raw,0.560546875,0.0115879389288717
LR LS,raw,0.564453125,0.0084498671837161
LR LS,raw,0.568359375,0.0127695194098366
LR LS,raw,0.572265625,0.0099630315327913
LR LS,raw,0.576171875,0.0098848968758599
LR LS,raw,0.580078125,0.0118698346097964
LR LS,raw,0.583984375,0.0086871934762293
LR LS,raw,0.587890625,0.0102728828554515
LR LS,raw,0.591796875,0.0105214362277293
LR LS,raw,0.595703125,0.0124528278965072
LR LS,raw,0.599609375,0.0108354571148978
LR LS,raw,0.603515625,0.0106967151940865
LR LS,raw,0.607421875,0.0083477374191247
LR LS,raw,0.611328125,0.0103282748018464
LR LS,raw,0.615234375,0.0157615053392037
LR LS,raw,0.619140625,0.0105755513202276
LR LS,raw,0.623046875,0.0095886690366899
LR LS,raw,0.626953125,0.0156063195159938
LR LS,raw,0.630859375,0.0154286165714233
LR LS,raw,0.634765625,0.0149781122190355
LR LS,raw,0.638671875,0.0101614329595141
LR LS,raw,0.642578125,0.0106546384599994
LR LS,raw,0.646484375,0.0117306120040075
LR LS,raw,0.650390625,0.0119532135800409
LR LS,raw,0.654296875,0.0064918813094493
LR LS,raw,0.658203125,0.0108804126024291
LR LS,raw,0.662109375,0.0106662975554913
LR LS,raw,0.666015625,0.0105204438613585
LR LS,raw,0.669921875,0.013525518444248
LR LS,raw,0.673828125,0.0120957321186144
LR LS,raw,0.677734375,0.0138492513945555
LR LS,raw,0.681640625,0.0151482425371827
LR LS,raw,0.685546875,0.011144471868108
LR LS,raw,0.689453125,0.0123091114030327
LR LS,raw,0.693359375,0.0176356667202697
LR LS,raw,0.697265625,0.0147004422182739
LR LS,raw,0.701171875,0.0137491870360989
LR LS,raw,0.705078125,0.0159753698580658
LR LS,raw,0.708984375,0.0130739749758903
LR LS,raw,0.712890625,0.0104630444173723
LR LS,raw,0.716796875,0.0111724677067337
LR LS,raw,0.720703125,0.0130164158084942
LR LS,raw,0.724609375,0.0087488404058203
LR LS,raw,0.728515625,0.0127227104089823
LR LS,raw,0.732421875,0.0122122860961554
LR LS,raw,0.736328125,0.0109053317350841
LR LS,raw,0.740234375,0.0199483946724913
LR LS,raw,0.744140625,0.0123117070174624
LR LS,raw,0.748046875,0.0160625858761735
LR LS,raw,0.751953125,0.0094832292522517
LR LS,raw,0.755859375,0.0130802374646311
LR LS,raw,0.759765625,0.0133113797980362
LR LS,raw,0.763671875,0.0157412221460036
LR LS,raw,0.767578125,0.0142892615866072
LR LS,raw,0.771484375,0.0100711667976472
LR LS,raw,0.775390625,0.0209264834065082
LR LS,raw,0.779296875,0.0158548427033141
LR LS,raw,0.783203125,0.0147512181634896
LR LS,raw,0.787109375,0.0162054609505198
LR LS,raw,0.791015625,0.011466506127106
LR LS,raw,0.794921875,0.0137189215733387
LR LS,raw,0.798828125,0.0159426162204841
LR LS,raw,0.802734375,0.0133259461552552
LR LS,raw,0.806640625,0.0247270290011479
LR LS,raw,0.810546875,0.0097825347236769
LR LS,raw,0.814453125,0.0140373281614518
LR LS,raw,0.818359375,0.0163829664608905
LR LS,raw,0.822265625,0.0110350575017593
LR LS,raw,0.826171875,0.0127250556969635
LR LS,raw,0.830078125,0.0173624634043152
LR LS,raw,0.833984375,0.014256336517101
LR LS,raw,0.837890625,0.0209878709648154
LR LS,raw,0.841796875,0.0155510161948546
LR LS,raw,0.845703125,0.0085838367374174
LR LS,raw,0.849609375,0.0144576291329566
LR LS,raw,0.853515625,0.0165939277552387
LR LS,raw,0.857421875,0.0155610326147891
LR LS,raw,0.861328125,0.0140120462768496
LR LS,raw,0.865234375,0.0147191104630227
LR LS,raw,0.869140625,0.0148677460205875
LR LS,raw,0.873046875,0.011097478199614
LR LS,raw,0.876953125,0.0223164087586503
LR LS,raw,0.880859375,0.0136589076560145
LR LS,raw,0.884765625,0.0161527979941482
LR LS,raw,0.888671875,0.0182330072328264
LR LS,raw,0.892578125,0.0102234832646441
LR LS,raw,0.896484375,0.0146467096647001
LR LS,raw,0.900390625,0.0182161281812638
LR LS,raw,0.904296875,0.0202185705644312
LR LS,raw,0.908203125,0.0097074546754642
LR LS,raw,0.912109375,0.0137347257247733
LR LS,raw,0.916015625,0.0114029756688115
LR LS,raw,0.919921875,0.0160188022558254
LR LS,raw,0.923828125,0.0116717426434787
LR LS,raw,0.927734375,0.0137645683711593
LR LS,raw,0.931640625,0.0155898205583812
LR LS,raw,0.935546875,0.0170087289828543
LR LS,raw,0.939453125,0.0184018549819325
LR LS,raw,0.943359375,0.0141570562592956
LR LS,raw,0.947265625,0.0121408826004878
LR LS,raw,0.951171875,0.0199994097220888
LR LS,raw,0.955078125,0.0111643009077769
LR LS,raw,0.958984375,0.0145350903366293
LR LS,raw,0.962890625,0.0189654594168882
LR LS,raw,0.966796875,0.012296567813042
LR LS,raw,0.970703125,0.0137465132537638
LR LS,raw,0.974609375,0.0098018570440866
LR LS,raw,0.978515625,0.0100618956684419
LR LS,raw,0.982421875,0.0158044099555822
LR LS,raw,0.986328125,0.0145687503734161
LR LS,raw,0.990234375,0.0105722064953512
LR LS,raw,0.994140625,0.0167166329899771
LR LS,raw,0.998046875,0.00780242485655
LR LS,raw,1.001953125,0.0094994619432457
LR LS,raw,1.005859375,0.0104498057988761
LR LS,raw,1.009765625,0.012004813216751
LR LS,raw,1.013671875,0.0033852437601058
LR LS,raw,1.017578125,0.0216713649830144
LR LS,raw,1.021484375,0.0143601584895445
LR LS,raw,1.025390625,0.015999779026361
LR LS,raw,1.029296875,0.0153923010848859
LR LS,raw,1.033203125,0.0099024450546782
LR LS,raw,1.037109375,0.0135884035887292
LR LS,raw,1.041015625,0.0109746102668788
LR LS,raw,1.044921875,0.0149276137441507
LR LS,raw,1.048828125,0.0167111891547805
LR LS,raw,1.052734375,0.0154706397940213
LR LS,raw,1.056640625,0.012940254251768
LR LS,raw,1.060546875,0.0157810976779124
LR LS,raw,1.064453125,0.016660413707605
LR LS,raw,1.068359375,0.0213658553196006
LR LS,raw,1.072265625,0.0169172302183339
LR LS,raw,1.076171875,0.0204223470448506
LR LS,raw,1.080078125,0.0078187037740947
LR LS,raw,1.083984375,0.0072276927676297
LR LS,raw,1.087890625,0.0146174079621099
LR LS,raw,1.091796875,0.0078798955258449
LR LS,raw,1.095703125,0.0120262473527859
LR LS,raw,1.099609375,0.0121911673685425
LR LS,raw,1.103515625,0.016025246617411
LR LS,raw,1.107421875,0.0228560186107318
LR LS,raw,1.111328125,0.017586905604888
LR LS,raw,1.115234375,0.0205479448169856
LR LS,raw,1.119140625,0.0218458949524688
LR LS,raw,1.123046875,0.0161790511535986
LR LS,raw,1.126953125,0.0247899042885091
LR LS,raw,1.130859375,0.0190542329540169
LR LS,raw,1.134765625,0.0186476020787449
LR LS,raw,1.138671875,0.0108391258153607
LR LS,raw,1.142578125,0.0239056536482043
LR LS,raw,1.146484375,0.0222422555601156
LR LS,raw,1.150390625,0.0272435730238947
LR LS,raw,1.154296875,0.0336679672367066
LR LS,raw,1.158203125,0.0466023696996205
LR LS,raw,1.162109375,0.0565942226625976
LR LS,raw,1.166015625,0.0649401616063999
LR LS,raw,1.169921875,0.0432205218567401
LR LS,raw,1.173828125,0.0286465019159305
LR LS,raw,1.177734375,0.0235956232048235
LR LS,raw,1.181640625,0.0227642551457842
LR LS,raw,1.185546875,0.0181142074877825
LR LS,raw,1.189453125,0.0162986323350728
LR LS,raw,1.193359375,0.0186776179043274
LR LS,raw,1.197265625,0.0195803780702221
LR LS,raw,1.201171875,0.0166894184843041
LR LS,raw,1.205078125,0.0113079184934592
LR LS,raw,1.208984375,0.014912035978846
LR LS,raw,1.212890625,0.0161795926059806
LR LS,raw,1.216796875,0.0108964979353231
LR LS,raw,1.220703125,0.0139480707852478
LR LS,raw,1.224609375,0.0127939415250073
LR LS,raw,1.228515625,0.0156110084813215
LR LS,raw,1.232421875,0.0156139078960178
LR LS,raw,1.236328125,0.0122026156886135
LR LS,raw,1.240234375,0.0143807542747977
LR LS,raw,1.244140625,0.0087529520086516
LR LS,raw,1.248046875,0.0135001100312116
LR LS,raw,1.251953125,0.007197126398857
LR LS,raw,1.255859375,0.0118344709979427
LR LS,raw,1.259765625,0.0121130248632119
LR LS,raw,1.263671875,0.0133566173430962
LR LS,raw,1.267578125,0.0062822494876126
LR LS,raw,1.271484375,0.0107378463922545
LR LS,raw,1.275390625,0.0095568343875224
LR LS,raw,1.279296875,0.007237788071491
LR LS,raw,1.283203125,0.0164103567471942
LR LS,raw,1.287109375,0.0123832412426359
LR LS,raw,1.291015625,0.0136061563759422
LR LS,raw,1.294921875,0.0074248194481545
LR LS,raw,1.298828125,0.0132063575656174
LR LS,raw,1.302734375,0.0074747552753921
LR LS,raw,1.306640625,0.0064078986854392
LR LS,raw,1.310546875,0.0093637613915333
LR LS,raw,1.314453125,0.0075678725601151
LR LS,raw,1.318359375,0.0083009395877328
LR LS,raw,1.322265625,0.0130245454665245
LR LS,raw,1.326171875,0.009293869542609
LR LS,raw,1.330078125,0.0036668373185476
LR LS,raw,1.333984375,0.0047937953149598
LR LS,raw,1.337890625,0.0044207317257059
LR LS,raw,1.341796875,0.0100802821824628
LR LS,raw,1.345703125,0.0093056483086734
LR LS,raw,1.349609375,0.0101251263527628
LR LS,raw,1.353515625,0.0047391690292689
LR LS,raw,1.357421875,0.0073841965036551
LR LS,raw,1.361328125,0.0058057661922728
LR LS,raw,1.365234375,0.0042907705603736
LR LS,raw,1.369140625,0.0059003373845418
LR LS,raw,1.373046875,0.0057814954700646
LR LS,raw,1.376953125,0.0059660242220196
LR LS,raw,1.380859375,0.0058947406941343
LR LS,raw,1.384765625,0.0026948403083378
LR LS,raw,1.388671875,0.0027704989288673
LR LS,raw,1.392578125,0.0064138302119049
LR LS,raw,1.396484375,0.0048775802984289
LR LS,raw,1.400390625,0.0032169999200704
LR LS,raw,1.404296875,0.004635797028342
LR LS,raw,1.408203125,0.0031733006171505
LR LS,raw,1.412109375,0.0030981292204032
LR LS,raw,1.416015625,0.003725074653596
LR LS,raw,1.419921875,0.0016891407134613
LR LS,raw,1.423828125,0.006331217313094
LR LS,raw,1.427734375,0.0009632997138654
LR LS,raw,1.431640625,0.0019187257321815
LR LS,raw,1.435546875,-1.5880237031058427e-05
LR LS,raw,1.439453125,0.0005751418291004
LR LS,raw,1.443359375,0.0025160872434771
LR LS,raw,1.447265625,0.0011631061327484
LR LS,raw,1.451171875,-0.0025593969617151
LR LS,raw,1.455078125,0.0034997505924547
LR LS,raw,1.458984375,0.0039132256261502
LR LS,raw,1.462890625,-0.0001655495446051
LR LS,raw,1.466796875,0.0019279646536183
LR LS,raw,1.470703125,0.0027871490594353
LR LS,raw,1.474609375,0.0001690479014252
LR LS,raw,1.478515625,0.0018439660932681
LR LS,raw,1.482421875,0.0012323167468006
LR LS,raw,1.486328125,0.0044122616287187
LR LS,raw,1.490234375,0.0029496920258404
LR LS,raw,1.494140625,0.000821105592248
LR LS,raw,1.498046875,0.004298591325001
LR LS,raw,1.501953125,0.0017396807219099
LR LS,raw,1.505859375,0.0001902351104682
LR LS,raw,1.509765625,-0.0022782333850699
LR LS,raw,1.513671875,0.00242726737834
LR LS,raw,1.517578125,0.000129411842979
LR LS,raw,1.521484375,-0.0001615177145122
LR LS,raw,1.525390625,0.0008377303796791
LR LS,raw,1.529296875,-0.0006740272901649
LR LS,raw,1.533203125,0.0004427804643003
LR LS,raw,1.537109375,-0.0007151048748855
LR LS,raw,1.541015625,0.0012435492003986
LR LS,raw,1.544921875,-5.5046008479349494e-05
LR LS,raw,1.548828125,0.0017023064781874
LR LS,raw,1.552734375,-0.0019999115704231
LR LS,raw,1.556640625,0.0007468892423657
LR LS,raw,1.560546875,0.0015711457083985
LR LS,raw,1.564453125,-0.0002196172790381
LR LS,raw,1.568359375,0.0004589491056915
LR LS,raw,1.572265625,0.0007673685160432
LR LS,raw,1.576171875,-0.0020736976948822
LR LS,raw,1.580078125,-0.0001936956773115
LR LS,raw,1.583984375,-8.686640174826349e-05
LR LS,raw,1.587890625,6.237946725240636e-05
LR LS,raw,1.591796875,-0.0009566690638092
LR LS,raw,1.595703125,0.0015516330148314
LR LS,raw,1.599609375,0.0001436936729466
LR LS,raw,1.603515625,0.0009305949222336
LR LS,raw,1.607421875,0.000309025740151
LR LS,raw,1.611328125,0.0003531115295805
LR LS,raw,1.615234375,0.0002717636140563
LR LS,raw,1.619140625,0.0027574480950691
LR LS,raw,1.623046875,0.0003257565178774
LR LS,raw,1.626953125,0.0003004026997985
LR LS,raw,1.630859375,0.0010545848497213
LR LS,raw,1.634765625,4.4902632228683995e-05
LR LS,raw,1.638671875,-0.0002889295121212
LR LS,raw,1.642578125,-0.0008324112615268
LR LS,raw,1.646484375,0.0002176325783547
LR LS,raw,1.650390625,0.0002070244854673
LR LS,raw,1.654296875,-0.0006253968792137
LR LS,raw,1.658203125,0.0012573758128452
LR LS,raw,1.662109375,-0.0007291018752404
LR LS,raw,1.666015625,0.0008013165090138
LR LS,raw,1.669921875,0.000681287474678
LR LS,raw,1.673828125,-0.0008048288401879
LR LS,raw,1.677734375,0.000490537597156
LR LS,raw,1.681640625,0.0007428637722438
LR LS,raw,1.685546875,-0.0014868800031042
LR LS,raw,1.689453125,0.0008137346079604
LR LS,raw,1.693359375,0.0006839759722516
LR LS,raw,1.697265625,0.0005586566484147
LR LS,raw,1.701171875,0.0009048177082542
LR LS,raw,1.705078125,0.0017586428783181
LR LS,raw,1.708984375,0.0003192158673466
LR LS,raw,1.712890625,0.0006294525666759
LR LS,raw,1.716796875,-0.0001180481235246
LR LS,raw,1.720703125,3.3704025400335767e-06
LR LS,raw,1.724609375,-5.515119784148837e-05
LR LS,raw,1.728515625,0.0001571339482888
LR LS,raw,1.732421875,-0.0009904935808685
LR LS,raw,1.736328125,-0.0003450687025423
LR LS,raw,1.740234375,0.0001831806234461
LR LS,raw,1.744140625,-5.35767230831416e-06
LR LS,raw,1.748046875,0.0009601997271992
LR LS,raw,1.751953125,0.0018952182727145
LR LS,raw,1.755859375,0.0001894877337934
LR LS,raw,1.759765625,-0.0007327735316801
LR LS,raw,1.763671875,0.0004879961503936
LR LS,raw,1.767578125,0.0004300585993537
LR LS,raw,1.771484375,6.223631538395877e-05
LR LS,raw,1.775390625,0.001109316115776
LR LS,raw,1.779296875,0.0003482994355541
LR LS,raw,1.783203125,0.0006114069778784
LR LS,raw,1.787109375,4.3900605382924274e-05
LR LS,raw,1.791015625,0.0002869674234258
LR LS,raw,1.794921875,0.0003338924675503
LR LS,raw,1.798828125,0.0008590777190718
LR LS,raw,1.802734375,0.0006252154310557
LR LS,raw,1.806640625,0.0005644081234535
LR LS,raw,1.810546875,-0.0001784083857708
LR LS,raw,1.814453125,0.0009828640285738
LR LS,raw,1.818359375,0.0010532166571946
LR LS,raw,1.822265625,-0.0001629393852705
LR LS,raw,1.826171875,0.0004555993079339
LR LS,raw,1.830078125,0.0010562055363915
LR LS,raw,1.833984375,-0.0001129664730952
LR LS,raw,1.837890625,0.0011786297297304
LR LS,raw,1.841796875,-0.0001376831685488
LR LS,raw,1.845703125,0.0016942727322709
LR LS,raw,1.849609375,0.0003882486259215
LR LS,raw,1.853515625,0.0017059937806016
LR LS,raw,1.857421875,0.0012685237597558
LR LS,raw,1.861328125,0.0008217436746097
LR LS,raw,1.865234375,-0.0010733435745211
LR LS,raw,1.869140625,-0.0001208877944895
LR LS,raw,1.873046875,0.0003200739573935
LR LS,raw,1.876953125,0.0010985162245908
LR LS,raw,1.880859375,0.0007538115952671
LR LS,raw,1.884765625,-1.046640736774955e-05
LR LS,raw,1.888671875,-9.4473059109182e-05
LR LS,raw,1.892578125,-0.0002898060807374
LR LS,raw,1.896484375,-2.84214632142095e-05
LR LS,raw,1.900390625,-0.0001580868380679
LR LS,raw,1.904296875,0.0006605983949781
LR LS,raw,1.908203125,0.0010982422212526
LR LS,raw,1.912109375,0.0006345433415456
LR LS,raw,1.916015625,0.0013725813551161
LR LS,raw,1.919921875,0.0034210460881798
LR LS,raw,1.923828125,0.0008155600128655
LR LS,raw,1.927734375,0.0016090477029382
LR LS,raw,1.931640625,0.0004357298243654
LR LS,raw,1.935546875,-0.0004026640605592
LR LS,raw,1.939453125,-5.832134552825473e-05
LR LS,raw,1.943359375,0.0013587651805741
LR LS,raw,1.947265625,0.0011249869415263
LR LS,raw,1.951171875,-0.0014255843882292
LR LS,raw,1.955078125,0.001933759211393
LR LS,raw,1.958984375,-0.0006785631016334
LR LS,raw,1.962890625,0.00046975501267
LR LS,raw,1.966796875,0.0009230067029871
LR LS,raw,1.970703125,-0.0007570210210484
LR LS,raw,1.974609375,0.0013159787542087
LR LS,raw,1.978515625,0.0005578485387152
LR LS,raw,1.982421875,2.800121706375829e-05
LR LS,raw,1.986328125,0.000641011707032
LR LS,raw,1.990234375,0.0002454517329673
LR LS,raw,1.994140625,-0.0002700439375361
LR LS,raw,1.998046875,0.0002615790324951
LR LS,raw,2.001953125,0.0001162146618674
LR LS,raw,2.005859375,-8.68346268342903e-05
LR LS,raw,2.009765625,0.0003299419163699
LR LS,raw,2.013671875,-0.0001020283763484
LR LS,raw,2.017578125,0.000725534107327
LR LS,raw,2.021484375,-2.671383082371445e-05
LR LS,raw,2.025390625,0.000998049568724
LR LS,raw,2.029296875,-0.0002943034449587
LR LS,raw,2.033203125,0.0016051877497304
LR LS,raw,2.037109375,0.0014171148282577
LR LS,raw,2.041015625,0.000152164884384
LR LS,raw,2.044921875,0.000338370831216
LR LS,raw,2.048828125,0.0013733105954174
LR LS,raw,2.052734375,0.0005767835505022
LR LS,raw,2.056640625,0.0002982754430911
LR LS,raw,2.060546875,0.0002801030865182
LR LS,raw,2.064453125,0.0009551808529216
LR LS,raw,2.068359375,0.0026869478033416
LR LS,raw,2.072265625,-0.0022150477416338
LR LS,raw,2.076171875,-0.0013036539693003
LR LS,raw,2.080078125,0.0017975648892764
LR LS,raw,2.083984375,0.0002620535685316
LR LS,raw,2.087890625,0.0002708009237632
LR LS,raw,2.091796875,0.0005739927168785
LR LS,raw,2.095703125,0.0006627972007322
LR LS,raw,2.099609375,0.0015147161837899
LR LS,raw,2.103515625,0.000435689766104
LR LS,raw,2.107421875,0.0020765777437652
LR LS,raw,2.111328125,0.0011980763891275
LR LS,raw,2.115234375,0.00169203196262
LR LS,raw,2.119140625,0.0009733153564866
LR LS,raw,2.123046875,0.0018637443011513
LR LS,raw,2.126953125,0.0009017523500428
LR LS,raw,2.130859375,0.0006626121269685
LR LS,raw,2.134765625,2.8173811431215777e-05
LR LS,raw,2.138671875,0.0008197043107501
LR LS,raw,2.142578125,-0.0006286732646206
LR LS,raw,2.146484375,0.0001406788095882
LR LS,raw,2.150390625,0.0008846726167882
LR LS,raw,2.154296875,0.0007078545570675
LR LS,raw,2.158203125,0.0008179165706104
LR LS,raw,2.162109375,0.002485551287258
LR LS,raw,2.166015625,8.940322624834812e-05
LR LS,raw,2.169921875,0.0001364515313052
LR LS,raw,2.173828125,0.0022320107594923
LR LS,raw,2.177734375,0.0001724806449401
LR LS,raw,2.181640625,0.0002943081939338
LR LS,raw,2.185546875,0.0006889358475513
LR LS,raw,2.189453125,0.0013632014677949
LR LS,raw,2.193359375,-1.9611886149183657e-05
LR LS,raw,2.197265625,0.0027422278147769
LR LS,raw,2.201171875,-0.0003083758133684
LR LS,raw,2.205078125,0.0004505530916811
LR LS,raw,2.208984375,-0.0007352072676267
LR LS,raw,2.212890625,-0.0006423777116047
LR LS,raw,2.216796875,0.0006657300864711
LR LS,raw,2.220703125,0.0015189560894949
LR LS,raw,2.224609375,0.0008440226817188
LR LS,raw,2.228515625,-0.0019378816787071
LR LS,raw,2.232421875,-0.0005277809547013
LR LS,raw,2.236328125,0.001245072786038
LR LS,raw,2.240234375,0.0008502523862713
LR LS,raw,2.244140625,0.0008261681691274
LR LS,raw,2.248046875,0.0004559341998763
LR LS,raw,2.251953125,0.0013804559603512
LR LS,raw,2.255859375,0.0001459915464785
LR LS,raw,2.259765625,0.0004232618537066
LR LS,raw,2.263671875,-0.0007600340631598
LR LS,raw,2.267578125,0.0002259322149634
LR LS,raw,2.271484375,0.0014533064841577
LR LS,raw,2.275390625,-0.0001718486489315
LR LS,raw,2.279296875,0.0002604900927765
LR LS,raw,2.283203125,-0.0004563155551827
LR LS,raw,2.287109375,5.070224338667357e-05
LR LS,raw,2.291015625,0.0017459874080269
LR LS,raw,2.294921875,0.0004915016199468
LR LS,raw,2.298828125,0.0009939667108869
LR LS,raw,2.302734375,0.0008531564734328
LR LS,raw,2.306640625,0.0007911614486719
LR LS,raw,2.310546875,0.0002559106115445
LR LS,raw,2.314453125,-0.0001492437535181
LR LS,raw,2.318359375,-0.0007206781225183
LR LS,raw,2.322265625,0.000321121018259
LR LS,raw,2.326171875,-0.0002185301465268
LR LS,raw,2.330078125,0.0001186555240244
LR LS,raw,2.333984375,-0.0002737625728848
LR LS,raw,2.337890625,0.0002176579326442
LR LS,raw,2.341796875,-0.0005153206860378
LR LS,raw,2.345703125,0.0012356995671399
LR LS,raw,2.349609375,-0.0009499918639653
LR LS,raw,2.353515625,-2.0083408461341523e-05
LR LS,raw,2.357421875,-0.0001869115454633
LR LS,raw,2.361328125,0.0002572934065267
LR LS,raw,2.365234375,0.0017511565136529
LR LS,raw,2.369140625,0.0009011333694615
LR LS,raw,2.373046875,0.0007852243281767
LR LS,raw,2.376953125,0.0012634388757008
LR LS,raw,2.380859375,-0.0015137406872832
LR LS,raw,2.384765625,0.0018011024361291
LR LS,raw,2.388671875,-0.0002488362637693
LR LS,raw,2.392578125,-0.0006990909983055
LR LS,raw,2.396484375,1.774674879161304e-05
LR LS,raw,2.400390625,-0.0005802961373776
LR LS,raw,2.404296875,-0.0005442611412232
LR LS,raw,2.408203125,-0.0007717271596265
LR LS,raw,2.412109375,-0.0005183945592778
LR LS,raw,2.416015625,0.0002779707626551
LR LS,raw,2.419921875,0.0017026217326855
LR LS,raw,2.423828125,0.0008729029471678
LR LS,raw,2.427734375,0.0001828487403657
LR LS,raw,2.431640625,-0.0015285744305114
LR LS,raw,2.435546875,0.0017597481832125
LR LS,raw,2.439453125,-0.0001697517520521
LR LS,raw,2.443359375,-0.0010464360293726
LR LS,raw,2.447265625,-0.0005585419402045
LR LS,raw,2.451171875,-0.0005009138323535
LR LS,raw,2.455078125,0.0002675423199095
LR LS,raw,2.458984375,-0.0018771850115974
LR LS,raw,2.462890625,0.0003180937322706
LR LS,raw,2.466796875,0.0017528406929054
LR LS,raw,2.470703125,0.0003397873803356
LR LS,raw,2.474609375,-1.9993418158049687e-06
LR LS,raw,2.478515625,0.0005832275959934
LR LS,raw,2.482421875,0.0001227083229814
LR LS,raw,2.486328125,-0.0002860730811136
LR LS,raw,2.490234375,-0.0011304035955865
LR LS,raw,2.494140625,1.0458859528174843e-05
LR LS,raw,2.498046875,-0.0004067366734977
LR LS,trend,-0.5,0.0
LR LS,trend,-0.076171875,0.0
LR LS,trend,-0.076171875,1.3766271879210512
LR LS,trend,-0.068359375,1.2385098276562119
LR LS,trend,-0.064453125,1.1697241779720176
LR LS,trend,-0.060546875,1.101209447323943
LR LS,trend,-0.056640625,1.033056052843092
LR LS,trend,-0.052734375,0.9653665882688328
LR LS,trend,-0.048828125,0.898253401926761
LR LS,trend,-0.044921875,0.8318169724779317
LR LS,trend,-0.041015625,0.7661358981984562
LR LS,trend,-0.037109375,0.7012488621355787
LR LS,trend,-0.033203125,0.6371075748558567
LR LS,trend,-0.029296875,0.573558415623628
LR LS,trend,-0.025390625,0.5104254990500788
LR LS,trend,-0.021484375,0.46061461440295737
LR LS,trend,-0.017578125,0.4149872140102697
LR LS,trend,-0.013671875,0.3735953578129841
LR LS,trend,-0.009765625,0.3363962254351744
LR LS,trend,-0.005859375,0.3033756709934726
LR LS,trend,-0.001953125,0.2744708211628687
LR LS,trend,0.001953125,0.24938811655153448
LR LS,trend,0.005859375,0.22769906841481466
LR LS,trend,0.009765625,0.2088496392383266
LR LS,trend,0.013671875,0.19216755290360535
LR LS,trend,0.017578125,0.17716913820373237
LR LS,trend,0.021484375,0.16342502712321058
LR LS,trend,0.025390625,0.15023542001243995
LR LS,trend,0.029296875,0.13678588681194376
LR LS,trend,0.033203125,0.12259491028051743
LR LS,trend,0.037109375,0.10774426338718833
LR LS,trend,0.041015625,0.09258627899712728
LR LS,trend,0.044921875,0.0776444507686336
LR LS,trend,0.048828125,0.06346927928232529
LR LS,trend,0.052734375,0.05048806915871789
LR LS,trend,0.056640625,0.03903100113630756
LR LS,trend,0.060546875,0.029348477392365607
LR LS,trend,0.064453125,0.021575748480023287
LR LS,trend,0.068359375,0.015641384736126446
LR LS,trend,0.072265625,0.011305796376486304
LR LS,trend,0.076171875,0.008238508169414635
LR LS,trend,0.080078125,0.006071940312313852
LR LS,trend,0.083984375,0.004449452883303895
LR LS,trend,0.087890625,0.0030698505057889713
LR LS,trend,0.091796875,0.0017294879605348865
LR LS,trend,0.095703125,0.00035861838571048043
LR LS,trend,0.099609375,-0.0009806569502580054
LR LS,trend,0.103515625,-0.00215373233117096
LR LS,trend,0.107421875,-0.003032666061353053
LR LS,trend,0.111328125,-0.003564930368769859
LR LS,trend,0.115234375,-0.0038659355554142402
LR LS,trend,0.119140625,-0.004049197866184815
LR LS,trend,0.123046875,-0.004175774240807609
LR LS,trend,0.126953125,-0.004273367260183451
LR LS,trend,0.130859375,-0.004352533967611551
LR LS,trend,0.134765625,-0.0044168087253330405
LR LS,trend,0.138671875,-0.004468215195897495
LR LS,trend,0.142578125,-0.004508878849176244
LR LS,trend,0.146484375,-0.004540670765284648
LR LS,trend,0.150390625,-0.004563663071467967
LR LS,trend,0.154296875,-0.004577554674519094
LR LS,trend,0.158203125,-0.004582791669815074
LR LS,trend,0.162109375,-0.004578843513564877
LR LS,trend,0.166015625,-0.00456396031098816
LR LS,trend,0.169921875,-0.004535988877937546
LR LS,trend,0.173828125,-0.004494104174013477
LR LS,trend,0.177734375,-0.004438807913789421
LR LS,trend,0.181640625,-0.004370813682456848
LR LS,trend,0.185546875,-0.004291372055438608
LR LS,trend,0.189453125,-0.0042015502313630946
LR LS,trend,0.193359375,-0.00410136161089384
LR LS,trend,0.197265625,-0.003992858894026758
LR LS,trend,0.201171875,-0.0038784547381266205
LR LS,trend,0.205078125,-0.0037583566295183815
LR LS,trend,0.208984375,-0.0036312663950198464
LR LS,trend,0.212890625,-0.003497676269939078
LR LS,trend,0.216796875,-0.0033586950995412325
LR LS,trend,0.220703125,-0.0032157490078864957
LR LS,trend,0.224609375,-0.003072190919502619
LR LS,trend,0.228515625,-0.0029315914373876407
LR LS,trend,0.232421875,-0.0027964210726662353
LR LS,trend,0.236328125,-0.002667411679038004
LR LS,trend,0.240234375,-0.002544335608812556
LR LS,trend,0.244140625,-0.0024284315449299362
LR LS,trend,0.248046875,-0.0023199738231865384
LR LS,trend,0.251953125,-0.0022175060704477207
LR LS,trend,0.255859375,-0.0021212592902095607
LR LS,trend,0.259765625,-0.0020328734382406496
LR LS,trend,0.263671875,-0.0019521101748019548
LR LS,trend,0.267578125,-0.0018781685523438893
LR LS,trend,0.271484375,-0.001808156497525
LR LS,trend,0.275390625,-0.001738083127328134
LR LS,trend,0.279296875,-0.0016644826680236803
LR LS,trend,0.283203125,-0.00158572491994775
LR LS,trend,0.287109375,-0.001500943082072647
LR LS,trend,0.291015625,-0.0014095730830393511
LR LS,trend,0.294921875,-0.0013095003286614996
LR LS,trend,0.298828125,-0.0011995169323472015
LR LS,trend,0.302734375,-0.0010813913792288242
LR LS,trend,0.306640625,-0.0009566546005100265
LR LS,trend,0.310546875,-0.0008263388284401115
LR LS,trend,0.314453125,-0.0006930809963613009
LR LS,trend,0.318359375,-0.0005575156271374512
LR LS,trend,0.322265625,-0.0004153772033205799
LR LS,trend,0.326171875,-0.0002670924845788622
LR LS,trend,0.330078125,-0.00011800908802809045
LR LS,trend,0.333984375,2.810892428935845e-05
LR LS,trend,0.337890625,0.00016982838480329618
LR LS,trend,0.341796875,0.0003056568293040924
LR LS,trend,0.345703125,0.00043405229129123986
LR LS,trend,0.349609375,0.0005570839295627304
LR LS,trend,0.353515625,0.0006808729039630132
LR LS,trend,0.357421875,0.0008101767973925861
LR LS,trend,0.361328125,0.0009509528596210376
LR LS,trend,0.365234375,0.0011088325922870264
LR LS,trend,0.369140625,0.0012822740991453114
LR LS,trend,0.373046875,0.0014623623124625004
LR LS,trend,0.376953125,0.0016385037838099312
LR LS,trend,0.380859375,0.0018038654119756417
LR LS,trend,0.384765625,0.0019587058410072394
LR LS,trend,0.388671875,0.0021084108018427907
LR LS,trend,0.392578125,0.00225601455706194
LR LS,trend,0.396484375,0.0024036063584357277
LR LS,trend,0.400390625,0.00255339034321799
LR LS,trend,0.404296875,0.002707779603252123
LR LS,trend,0.408203125,0.002865505953646451
LR LS,trend,0.412109375,0.003024575152299381
LR LS,trend,0.416015625,0.0031775863878619887
LR LS,trend,0.419921875,0.0033163639824616035
LR LS,trend,0.423828125,0.0034373538568027617
LR LS,trend,0.427734375,0.003545776652437148
LR LS,trend,0.431640625,0.0036454946277710357
LR LS,trend,0.435546875,0.0037401274509367755
LR LS,trend,0.439453125,0.0038410872561483716
LR LS,trend,0.443359375,0.003962122173613362
LR LS,trend,0.447265625,0.004110359029883189
LR LS,trend,0.451171875,0.004287387791773767
LR LS,trend,0.455078125,0.00449244515325984
LR LS,trend,0.458984375,0.00471521953550047
LR LS,trend,0.462890625,0.004941901172138977
LR LS,trend,0.466796875,0.005160880712923048
LR LS,trend,0.470703125,0.005373353589730484
LR LS,trend,0.474609375,0.005594479232744065
LR LS,trend,0.478515625,0.005833517964664364
LR LS,trend,0.482421875,0.006082762915449163
LR LS,trend,0.486328125,0.006330667771726725
LR LS,trend,0.490234375,0.006571538916917377
LR LS,trend,0.494140625,0.006798385034814001
LR LS,trend,0.498046875,0.007004411569918341
LR LS,trend,0.501953125,0.007180855942620605
LR LS,trend,0.505859375,0.007328450572945032
LR LS,trend,0.509765625,0.007452372644224002
LR LS,trend,0.513671875,0.007560801723896734
LR LS,trend,0.517578125,0.007665109860188694
LR LS,trend,0.521484375,0.0077751436051037405
LR LS,trend,0.525390625,0.007897447846964662
LR LS,trend,0.529296875,0.008034635071765394
LR LS,trend,0.533203125,0.008187499820783577
LR LS,trend,0.537109375,0.008351385036000246
LR LS,trend,0.541015625,0.00851536200277249
LR LS,trend,0.544921875,0.00867409632448645
LR LS,trend,0.548828125,0.008827886333444838
LR LS,trend,0.552734375,0.008981931705906129
LR LS,trend,0.556640625,0.009144870409729939
LR LS,trend,0.560546875,0.009323117051321012
LR LS,trend,0.564453125,0.009517422921876729
LR LS,trend,0.568359375,0.009720245194330185
LR LS,trend,0.572265625,0.009924472671664032
LR LS,trend,0.576171875,0.01011994282740014
LR LS,trend,0.580078125,0.010301490482900126
LR LS,trend,0.583984375,0.010473914829527722
LR LS,trend,0.587890625,0.010644534811746058
LR LS,trend,0.591796875,0.010819717474308902
LR LS,trend,0.595703125,0.010994465719488363
LR LS,trend,0.599609375,0.011163323044461371
LR LS,trend,0.603515625,0.011320069542721087
LR LS,trend,0.607421875,0.011457060521580065
LR LS,trend,0.611328125,0.011562310424321447
LR LS,trend,0.615234375,0.011631875342239709
LR LS,trend,0.619140625,0.011671037518307602
LR LS,trend,0.623046875,0.011682738353579327
LR LS,trend,0.626953125,0.011680474071156428
LR LS,trend,0.630859375,0.011679203763600739
LR LS,trend,0.634765625,0.011690395178323381
LR LS,trend,0.638671875,0.011723478715153335
LR LS,trend,0.642578125,0.011771384681854713
LR LS,trend,0.646484375,0.011823373416654381
LR LS,trend,0.650390625,0.011877105758299955
LR LS,trend,0.654296875,0.011933359737888559
LR LS,trend,0.658203125,0.011996415465032516
LR LS,trend,0.662109375,0.012080038340090261
LR LS,trend,0.666015625,0.012186958361661216
LR LS,trend,0.669921875,0.01230649702431032
LR LS,trend,0.673828125,0.012438917380302216
LR LS,trend,0.677734375,0.012585660936982476
LR LS,trend,0.681640625,0.012728939817431425
LR LS,trend,0.685546875,0.012851296605684353
LR LS,trend,0.689453125,0.012940868818283121
LR LS,trend,0.693359375,0.013000480868594178
LR LS,trend,0.697265625,0.013047087090287963
LR LS,trend,0.701171875,0.013084158377444604
LR LS,trend,0.705078125,0.013112933713872788
LR LS,trend,0.708984375,0.01313079415363669
LR LS,trend,0.712890625,0.013131086618447889
LR LS,trend,0.716796875,0.01311321245805954
LR LS,trend,0.720703125,0.013086386968288156
LR LS,trend,0.724609375,0.01305545352279624
LR LS,trend,0.728515625,0.013023973499484982
LR LS,trend,0.732421875,0.013013285280986062
LR LS,trend,0.736328125,0.013043091022137028
LR LS,trend,0.740234375,0.013131383937599833
LR LS,trend,0.744140625,0.013282776306125796
LR LS,trend,0.748046875,0.013472332066316253
LR LS,trend,0.751953125,0.013675122868953626
LR LS,trend,0.755859375,0.013870541895620387
LR LS,trend,0.759765625,0.014044226409109552
LR LS,trend,0.763671875,0.014205933160837653
LR LS,trend,0.767578125,0.014352703513499097
LR LS,trend,0.771484375,0.01447842797191415
LR LS,trend,0.775390625,0.014583234270190667
LR LS,trend,0.779296875,0.014670646480695833
LR LS,trend,0.783203125,0.01474092452358062
LR LS,trend,0.787109375,0.01480227925184992
LR LS,trend,0.791015625,0.014859807693352172
LR LS,trend,0.794921875,0.014912664453624639
LR LS,trend,0.798828125,0.01495805329047242
LR LS,trend,0.802734375,0.0149799878350112
LR LS,trend,0.806640625,0.014980594195242992
LR LS,trend,0.810546875,0.014970466543293636
LR LS,trend,0.814453125,0.014953593741486566
LR LS,trend,0.818359375,0.014931411759994698
LR LS,trend,0.822265625,0.014910851787415342
LR LS,trend,0.826171875,0.014895534072587823
LR LS,trend,0.830078125,0.014872570951162635
LR LS,trend,0.833984375,0.014852142253372886
LR LS,trend,0.837890625,0.014841441241410683
LR LS,trend,0.841796875,0.01484844478147853
LR LS,trend,0.845703125,0.014882970514964318
LR LS,trend,0.849609375,0.014934616946597768
LR LS,trend,0.853515625,0.014993220128617774
LR LS,trend,0.857421875,0.015056384046870529
LR LS,trend,0.861328125,0.015112720027511758
LR LS,trend,0.865234375,0.01515449417290089
LR LS,trend,0.869140625,0.01517317247429138
LR LS,trend,0.873046875,0.015162639902516028
LR LS,trend,0.876953125,0.015137488658418612
LR LS,trend,0.880859375,0.015107839614255337
LR LS,trend,0.884765625,0.015071443497487777
LR LS,trend,0.888671875,0.015028459785886732
LR LS,trend,0.892578125,0.014976656111150996
LR LS,trend,0.896484375,0.01492723910290411
LR LS,trend,0.900390625,0.014895167922911987
LR LS,trend,0.904296875,0.014877797327610553
LR LS,trend,0.908203125,0.014869396974216902
LR LS,trend,0.912109375,0.01485403611669276
LR LS,trend,0.916015625,0.014828652108543885
LR LS,trend,0.919921875,0.014803626218354507
LR LS,trend,0.923828125,0.01478534273992722
LR LS,trend,0.927734375,0.014773477470433114
LR LS,trend,0.931640625,0.014746649152836857
LR LS,trend,0.935546875,0.014697566032278595
LR LS,trend,0.939453125,0.014633952878575517
LR LS,trend,0.943359375,0.014565380544944473
LR LS,trend,0.947265625,0.014503224239532375
LR LS,trend,0.951171875,0.014448538007496587
LR LS,trend,0.955078125,0.014373338631458963
LR LS,trend,0.958984375,0.01424647303697729
LR LS,trend,0.962890625,0.014065936245496412
LR LS,trend,0.966796875,0.013835364109499345
LR LS,trend,0.970703125,0.013555976534837777
LR LS,trend,0.974609375,0.013259445736288277
LR LS,trend,0.978515625,0.012986109040593946
LR LS,trend,0.982421875,0.01276929893738572
LR LS,trend,0.986328125,0.01262290159512406
LR LS,trend,0.990234375,0.012533923175532365
LR LS,trend,0.994140625,0.012484300918884323
LR LS,trend,0.998046875,0.012464152985174002
LR LS,trend,1.001953125,0.01247138733342052
LR LS,trend,1.005859375,0.012505053627773486
LR LS,trend,1.009765625,0.012572990649144184
LR LS,trend,1.013671875,0.012669655949417056
LR LS,trend,1.017578125,0.012786054354659248
LR LS,trend,1.021484375,0.01293559007068734
LR LS,trend,1.025390625,0.013138691827425426
LR LS,trend,1.029296875,0.013410692722266599
LR LS,trend,1.033203125,0.013747045645258395
LR LS,trend,1.037109375,0.01409496485229587
LR LS,trend,1.041015625,0.014394792326241615
LR LS,trend,1.044921875,0.014609887401965973
LR LS,trend,1.048828125,0.014711588430196553
LR LS,trend,1.052734375,0.014705680320853547
LR LS,trend,1.056640625,0.014617558148443946
LR LS,trend,1.060546875,0.014492319628478054
LR LS,trend,1.064453125,0.014394234310394868
LR LS,trend,1.068359375,0.014375534279208638
LR LS,trend,1.072265625,0.014443271972913518
LR LS,trend,1.076171875,0.014586940402564766
LR LS,trend,1.080078125,0.014778362464001334
LR LS,trend,1.083984375,0.014997285895519687
LR LS,trend,1.087890625,0.015233366570883648
LR LS,trend,1.091796875,0.015472980165901517
LR LS,trend,1.095703125,0.015699703155461833
LR LS,trend,1.099609375,0.015923173427574124
LR LS,trend,1.103515625,0.01617177252196741
LR LS,trend,1.107421875,0.0164989113977034
LR LS,trend,1.111328125,0.016979579576362765
LR LS,trend,1.115234375,0.01769688572672086
LR LS,trend,1.119140625,0.018727250355484584
LR LS,trend,1.123046875,0.020103319572745734
LR LS,trend,1.126953125,0.02176074564060069
LR LS,trend,1.130859375,0.023551535488860197
LR LS,trend,1.134765625,0.025315295691408432
LR LS,trend,1.138671875,0.02691004584776319
LR LS,trend,1.142578125,0.028224283576883027
LR LS,trend,1.146484375,0.029213733920409084
LR LS,trend,1.150390625,0.029889860739568352
LR LS,trend,1.154296875,0.030302741548967813
LR LS,trend,1.158203125,0.03050381291015067
LR LS,trend,1.162109375,0.030523352968708915
LR LS,trend,1.166015625,0.03038457636555552
LR LS,trend,1.169921875,0.030080506195027102
LR LS,trend,1.173828125,0.029562910067040843
LR LS,trend,1.177734375,0.02877809436204743
LR LS,trend,1.181640625,0.027678218015409987
LR LS,trend,1.185546875,0.026263313135361566
LR LS,trend,1.189453125,0.02458777230172896
LR LS,trend,1.193359375,0.022754199642672703
LR LS,trend,1.197265625,0.020884967556116917
LR LS,trend,1.201171875,0.01911562237143694
LR LS,trend,1.205078125,0.017575156598114795
LR LS,trend,1.208984375,0.016340388834369658
LR LS,trend,1.212890625,0.015418369617579137
LR LS,trend,1.216796875,0.014745421303278414
LR LS,trend,1.220703125,0.014221155567516207
LR LS,trend,1.224609375,0.013772841478379773
LR LS,trend,1.228515625,0.013371518856054629
LR LS,trend,1.232421875,0.0130039388667754
LR LS,trend,1.236328125,0.012661989638748036
LR LS,trend,1.240234375,0.012360024620704112
LR LS,trend,1.244140625,0.012110396221601281
LR LS,trend,1.248046875,0.011907165996065385
LR LS,trend,1.251953125,0.011728836138377144
LR LS,trend,1.255859375,0.011564468796125545
LR LS,trend,1.259765625,0.011407161595878566
LR LS,trend,1.263671875,0.011242808489821657
LR LS,trend,1.267578125,0.011064606113478388
LR LS,trend,1.271484375,0.010877853016007277
LR LS,trend,1.275390625,0.01069427843391807
LR LS,trend,1.279296875,0.010531819362602349
LR LS,trend,1.283203125,0.010392416703279434
LR LS,trend,1.287109375,0.010260001749266116
LR LS,trend,1.291015625,0.010114178395121843
LR LS,trend,1.294921875,0.009938373449504817
LR LS,trend,1.298828125,0.009737850075336424
LR LS,trend,1.302734375,0.00952419056893589
LR LS,trend,1.306640625,0.009311099707521218
LR LS,trend,1.310546875,0.009093309745863289
LR LS,trend,1.314453125,0.008862157642620036
LR LS,trend,1.318359375,0.008612543335644885
LR LS,trend,1.322265625,0.008353249655456944
LR LS,trend,1.326171875,0.008096118396385212
LR LS,trend,1.330078125,0.007854166653128233
LR LS,trend,1.333984375,0.007636384881911666
LR LS,trend,1.337890625,0.007433564904650054
LR LS,trend,1.341796875,0.007231691330600178
LR LS,trend,1.345703125,0.00702165498915844
LR LS,trend,1.349609375,0.006808199638807174
LR LS,trend,1.353515625,0.006590847759368562
LR LS,trend,1.357421875,0.006373904145646561
LR LS,trend,1.361328125,0.0061658482991647275
LR LS,trend,1.365234375,0.005966203532763844
LR LS,trend,1.369140625,0.005771314191658213
LR LS,trend,1.373046875,0.005571358757905025
LR LS,trend,1.376953125,0.005349743993921833
LR LS,trend,1.380859375,0.005109674802562563
LR LS,trend,1.384765625,0.004865220338454031
LR LS,trend,1.388671875,0.004628975018506191
LR LS,trend,1.392578125,0.004405096585387315
LR LS,trend,1.396484375,0.004186417572275102
LR LS,trend,1.400390625,0.003965869122445485
LR LS,trend,1.404296875,0.0037360797125999493
LR LS,trend,1.408203125,0.003494412399723719
LR LS,trend,1.412109375,0.0032480733724010035
LR LS,trend,1.416015625,0.0030111356285282415
LR LS,trend,1.419921875,0.002791838298616029
LR LS,trend,1.423828125,0.0025929468394238447
LR LS,trend,1.427734375,0.002414344198992219
LR LS,trend,1.431640625,0.0022483529324325226
LR LS,trend,1.435546875,0.0020914879269221622
LR LS,trend,1.439453125,0.0019496516642981878
LR LS,trend,1.443359375,0.0018339990349231367
LR LS,trend,1.447265625,0.0017464429003524078
LR LS,trend,1.451171875,0.0016849392106709099
LR LS,trend,1.455078125,0.0016533008814152699
LR LS,trend,1.458984375,0.001651373166033411
LR LS,trend,1.462890625,0.001671114063786595
LR LS,trend,1.466796875,0.0016977743925197255
LR LS,trend,1.470703125,0.0017234619861019606
LR LS,trend,1.474609375,0.0017398260200167763
LR LS,trend,1.478515625,0.0017331362615340675
LR LS,trend,1.482421875,0.0017010609905992377
LR LS,trend,1.486328125,0.0016445930034227126
LR LS,trend,1.490234375,0.0015692308709346428
LR LS,trend,1.494140625,0.001477458304058352
LR LS,trend,1.498046875,0.0013718562909638156
LR LS,trend,1.501953125,0.0012603439272669942
LR LS,trend,1.505859375,0.0011521386437199025
LR LS,trend,1.509765625,0.001038494652277067
LR LS,trend,1.513671875,0.0009141064256347016
LR LS,trend,1.517578125,0.0007869097536714048
LR LS,trend,1.521484375,0.0006611661289228573
LR LS,trend,1.525390625,0.0005420093021770443
LR LS,trend,1.529296875,0.0004389968482807186
LR LS,trend,1.533203125,0.0003544995599626485
LR LS,trend,1.537109375,0.0002891340625287565
LR LS,trend,1.541015625,0.00023889033081532916
LR LS,trend,1.544921875,0.00020114163098776622
LR LS,trend,1.548828125,0.00017263455891544042
LR LS,trend,1.552734375,0.0001480627790536193
LR LS,trend,1.556640625,0.00012559985315445109
LR LS,trend,1.560546875,0.00011083326634235017
LR LS,trend,1.564453125,0.00010873752225834731
LR LS,trend,1.568359375,0.00011417327470149607
LR LS,trend,1.572265625,0.0001245901091644387
LR LS,trend,1.576171875,0.00014221789301023212
LR LS,trend,1.580078125,0.00016507809201917202
LR LS,trend,1.583984375,0.00019270816400944005
LR LS,trend,1.587890625,0.0002251063137099848
LR LS,trend,1.591796875,0.00026099645403013927
LR LS,trend,1.595703125,0.0002952909475511143
LR LS,trend,1.599609375,0.0003242585612139897
LR LS,trend,1.603515625,0.00034695701005626236
LR LS,trend,1.607421875,0.0003678523624561974
LR LS,trend,1.611328125,0.0003858284142103804
LR LS,trend,1.615234375,0.000398846036809062
LR LS,trend,1.619140625,0.00040505170094894713
LR LS,trend,1.623046875,0.00040344622197238607
LR LS,trend,1.626953125,0.0003930430177231273
LR LS,trend,1.630859375,0.00037513659996919166
LR LS,trend,1.634765625,0.000350915966356014
LR LS,trend,1.638671875,0.0003209215435936804
LR LS,trend,1.642578125,0.0002841292036982528
LR LS,trend,1.646484375,0.0002441355584861576
LR LS,trend,1.650390625,0.00020415550109967567
LR LS,trend,1.654296875,0.00016926011320271173
LR LS,trend,1.658203125,0.0001455560172055697
LR LS,trend,1.662109375,0.00014060298822769144
LR LS,trend,1.666015625,0.00015700367499694523
LR LS,trend,1.669921875,0.00019184675344279423
LR LS,trend,1.673828125,0.00023493182915231215
LR LS,trend,1.677734375,0.00027818515228327314
LR LS,trend,1.681640625,0.00031543584668655174
LR LS,trend,1.685546875,0.0003406394626151972
LR LS,trend,1.689453125,0.00034976995911652247
LR LS,trend,1.693359375,0.0003444691229321077
LR LS,trend,1.697265625,0.00032994517673462346
LR LS,trend,1.701171875,0.00031092919225592563
LR LS,trend,1.705078125,0.0002943396501713219
LR LS,trend,1.708984375,0.00028745441067814457
LR LS,trend,1.712890625,0.00028889105023020546
LR LS,trend,1.716796875,0.0002938212855306709
LR LS,trend,1.720703125,0.00029611953213059286
LR LS,trend,1.724609375,0.0002917588223887895
LR LS,trend,1.728515625,0.00028061641100519117
LR LS,trend,1.732421875,0.0002642513218662297
LR LS,trend,1.736328125,0.000245988433024573
LR LS,trend,1.740234375,0.00023326151301292456
LR LS,trend,1.744140625,0.0002294492553898774
LR LS,trend,1.748046875,0.00023626806944042597
LR LS,trend,1.751953125,0.0002547757313164211
LR LS,trend,1.755859375,0.00028355609576961275
LR LS,trend,1.759765625,0.0003175627911340079
LR LS,trend,1.763671875,0.0003522032067671197
LR LS,trend,1.767578125,0.0003827976456352808
LR LS,trend,1.771484375,0.00040790944078831343
LR LS,trend,1.775390625,0.0004271418115878411
LR LS,trend,1.779296875,0.00043900598783424205
LR LS,trend,1.783203125,0.00044409291583839247
LR LS,trend,1.787109375,0.00044701832468751454
LR LS,trend,1.791015625,0.00045084044973240587
LR LS,trend,1.794921875,0.000458202286032037
LR LS,trend,1.798828125,0.00046942391698605486
LR LS,trend,1.802734375,0.0004834948819702093
LR LS,trend,1.806640625,0.000497367637045737
LR LS,trend,1.810546875,0.0005134700037269951
LR LS,trend,1.814453125,0.0005358004575430633
LR LS,trend,1.818359375,0.0005634872456413079
LR LS,trend,1.822265625,0.0005901369479665246
LR LS,trend,1.826171875,0.0006098514167925896
LR LS,trend,1.830078125,0.0006193626503944781
LR LS,trend,1.833984375,0.0006203596427772791
LR LS,trend,1.837890625,0.0006155910825000682
LR LS,trend,1.841796875,0.0006073375961065505
LR LS,trend,1.845703125,0.00059609376625287
LR LS,trend,1.849609375,0.000581236858364933
LR LS,trend,1.853515625,0.0005611563751658755
LR LS,trend,1.857421875,0.0005354883095498424
LR LS,trend,1.861328125,0.0005064023503991138
LR LS,trend,1.865234375,0.0004773059485947407
LR LS,trend,1.869140625,0.0004489464824530381
LR LS,trend,1.873046875,0.0004252691443202768
LR LS,trend,1.876953125,0.0004154275319145113
LR LS,trend,1.880859375,0.00042276831277584723
LR LS,trend,1.884765625,0.00044642436364752426
LR LS,trend,1.888671875,0.0004825969958999517
LR LS,trend,1.892578125,0.000523944840897712
LR LS,trend,1.896484375,0.000565752331533124
LR LS,trend,1.900390625,0.0006061246366921615
LR LS,trend,1.904296875,0.000644104222117394
LR LS,trend,1.908203125,0.0006742410169129643
LR LS,trend,1.912109375,0.000695831276039349
LR LS,trend,1.916015625,0.0007095561380542394
LR LS,trend,1.919921875,0.0007208310862927198
LR LS,trend,1.923828125,0.0007327521946015656
LR LS,trend,1.927734375,0.0007410585925265284
LR LS,trend,1.931640625,0.0007410421984936826
LR LS,trend,1.935546875,0.0007282216028050739
LR LS,trend,1.939453125,0.0007001075315832956
LR LS,trend,1.943359375,0.0006581197692897258
LR LS,trend,1.947265625,0.000605918194998289
LR LS,trend,1.951171875,0.0005473168809721112
LR LS,trend,1.955078125,0.00048770957796037445
LR LS,trend,1.958984375,0.00043274299918011626
LR LS,trend,1.962890625,0.00038638610841386996
LR LS,trend,1.966796875,0.00035220699356857955
LR LS,trend,1.970703125,0.0003288217673688558
LR LS,trend,1.974609375,0.0003110804114407924
LR LS,trend,1.978515625,0.0002968102265608234
LR LS,trend,1.982421875,0.000284778845192009
LR LS,trend,1.986328125,0.00027528211678015484
LR LS,trend,1.990234375,0.00027328955056142015
LR LS,trend,1.994140625,0.0002812664376874895
LR LS,trend,1.998046875,0.00029505454879777155
LR LS,trend,2.001953125,0.0003115789205110257
LR LS,trend,2.005859375,0.00033262001749523746
LR LS,trend,2.009765625,0.00035587578454478213
LR LS,trend,2.013671875,0.0003809080925460366
LR LS,trend,2.017578125,0.00040672893017506834
LR LS,trend,2.021484375,0.0004350905552539151
LR LS,trend,2.025390625,0.0004703718576620079
LR LS,trend,2.029296875,0.0005048122176020904
LR LS,trend,2.033203125,0.0005304833002076364
LR LS,trend,2.037109375,0.0005479298706922055
LR LS,trend,2.041015625,0.000557351644237975
LR LS,trend,2.044921875,0.0005590193492047408
LR LS,trend,2.048828125,0.0005548871362707653
LR LS,trend,2.052734375,0.0005472305159300473
LR LS,trend,2.056640625,0.0005390553502262374
LR LS,trend,2.060546875,0.0005326140032906801
LR LS,trend,2.064453125,0.0005316289995960226
LR LS,trend,2.068359375,0.0005392364641786501
LR LS,trend,2.072265625,0.0005563733559421744
LR LS,trend,2.076171875,0.000581942274307725
LR LS,trend,2.080078125,0.0006161279610570184
LR LS,trend,2.083984375,0.0006590016425807063
LR LS,trend,2.087890625,0.0007050839573320035
LR LS,trend,2.091796875,0.000748638661679545
LR LS,trend,2.095703125,0.00078820989565434
LR LS,trend,2.099609375,0.0008211002295496199
LR LS,trend,2.103515625,0.0008449882955121275
LR LS,trend,2.107421875,0.000861454798835872
LR LS,trend,2.111328125,0.0008734515702472998
LR LS,trend,2.115234375,0.000882514237675509
LR LS,trend,2.119140625,0.0008883300165145613
LR LS,trend,2.123046875,0.0008861667202302274
LR LS,trend,2.126953125,0.0008789936036718839
LR LS,trend,2.130859375,0.0008706996850778031
LR LS,trend,2.134765625,0.0008569963098915672
LR LS,trend,2.138671875,0.0008353456855903121
LR LS,trend,2.142578125,0.0008073490314187345
LR LS,trend,2.146484375,0.0007768294837549528
LR LS,trend,2.150390625,0.0007482756685637065
LR LS,trend,2.154296875,0.0007289556261703316
LR LS,trend,2.158203125,0.0007218820285733432
LR LS,trend,2.162109375,0.0007248135532433325
LR LS,trend,2.166015625,0.000732134252949219
LR LS,trend,2.169921875,0.0007365874728907433
LR LS,trend,2.173828125,0.0007352762536809861
LR LS,trend,2.177734375,0.000728045633899591
LR LS,trend,2.181640625,0.0007133854026300977
LR LS,trend,2.185546875,0.0006856592023913417
LR LS,trend,2.189453125,0.000643110184732499
LR LS,trend,2.193359375,0.0005906157719189856
LR LS,trend,2.197265625,0.0005373654687231056
LR LS,trend,2.201171875,0.0004908438104700969
LR LS,trend,2.205078125,0.0004537395951328167
LR LS,trend,2.208984375,0.0004276702537651252
LR LS,trend,2.212890625,0.0004098875366357466
LR LS,trend,2.216796875,0.0003951274764585561
LR LS,trend,2.220703125,0.0003810913136283318
LR LS,trend,2.224609375,0.000367675277156852
LR LS,trend,2.228515625,0.00035472827157776094
LR LS,trend,2.232421875,0.00034382807671817697
LR LS,trend,2.236328125,0.00033777617343494655
LR LS,trend,2.240234375,0.000336763210662963
LR LS,trend,2.244140625,0.00034000009294701074
LR LS,trend,2.248046875,0.0003488233453157187
LR LS,trend,2.251953125,0.00035994771254332003
LR LS,trend,2.255859375,0.0003736818273862544
LR LS,trend,2.259765625,0.0003904441910109743
LR LS,trend,2.263671875,0.00041119152992871374
LR LS,trend,2.267578125,0.0004336688784146095
LR LS,trend,2.271484375,0.00045055120311695077
LR LS,trend,2.275390625,0.0004533788059688724
LR LS,trend,2.279296875,0.00044101638197800686
LR LS,trend,2.283203125,0.00042050771478751984
LR LS,trend,2.287109375,0.0003977796993761395
LR LS,trend,2.291015625,0.0003747368244271446
LR LS,trend,2.294921875,0.00035300656974023936
LR LS,trend,2.298828125,0.0003328178131930041
LR LS,trend,2.302734375,0.00031496168546377254
LR LS,trend,2.306640625,0.00029547641652752604
LR LS,trend,2.310546875,0.0002718455869516998
LR LS,trend,2.314453125,0.00024307756321004513
LR LS,trend,2.318359375,0.0002117968964873257
LR LS,trend,2.322265625,0.00018197525784647048
LR LS,trend,2.326171875,0.00015581334072960223
LR LS,trend,2.330078125,0.00013742849340792922
LR LS,trend,2.333984375,0.00013048633670684686
LR LS,trend,2.337890625,0.00013508195279213876
LR LS,trend,2.341796875,0.00015232270431275648
LR LS,trend,2.345703125,0.00017781984522314783
LR LS,trend,2.349609375,0.00020622004594759066
LR LS,trend,2.353515625,0.00023180231733909156
LR LS,trend,2.357421875,0.00024923964833071827
LR LS,trend,2.361328125,0.0002547936085718897
LR LS,trend,2.365234375,0.00024761491767218315
LR LS,trend,2.369140625,0.00023037631660165425
LR LS,trend,2.373046875,0.00020878828106012283
LR LS,trend,2.376953125,0.00018947522300398207
LR LS,trend,2.380859375,0.00017648466710065933
LR LS,trend,2.384765625,0.00016796213693537465
LR LS,trend,2.388671875,0.00015907712373529088
LR LS,trend,2.392578125,0.00014800986675583925
LR LS,trend,2.396484375,0.00013211333407730908
LR LS,trend,2.400390625,0.00010676731624773003
LR LS,trend,2.404296875,7.300309707076704e-05
LR LS,trend,2.408203125,3.520882635749364e-05
LR LS,trend,2.412109375,-6.130216823776946e-07
LR LS,trend,2.416015625,-3.255030510485034e-05
LR LS,trend,2.419921875,-5.791594660504637e-05
LR LS,trend,2.423828125,-7.060768979971324e-05
LR LS,trend,2.427734375,-6.899849241558088e-05
LR LS,trend,2.431640625,-5.569247953871721e-05
LR LS,trend,2.435546875,-3.266089543866016e-05
LR LS,trend,2.439453125,-7.351508787995907e-06
LR LS,trend,2.443359375,1.2376756198659637e-05
LR LS,trend,2.447265625,1.9815083844634597e-05
LR LS,trend,2.451171875,1.2169174394248394e-05
LR LS,trend,2.455078125,-4.087489560269575e-06
LR LS,trend,2.458984375,-2.5328955751919368e-05
LR LS,trend,2.462890625,-4.6248370653109864e-05
LR LS,trend,2.466796875,-6.470935532800882e-05
LR LS,trend,2.470703125,-8.015983410311456e-05
LR LS,trend,2.474609375,-9.305087598411016e-05
LR LS,trend,2.478515625,-0.00010407109931664547
LR LS,trend,2.482421875,-0.00011392827308835623
LR LS,trend,2.486328125,-0.0001234159207373407
LR LS,trend,2.490234375,-0.00013328894265098344
LR LS,trend,2.494140625,-0.00014408562261292943
LR LS,trend,2.498046875,-0.00015598631641510898
LR HS,raw,-0.498046875,0.0
LR HS,raw,-0.494140625,0.0
LR HS,raw,-0.490234375,0.0
LR HS,raw,-0.486328125,0.0
LR HS,raw,-0.482421875,0.0
LR HS,raw,-0.478515625,0.0
LR HS,raw,-0.474609375,0.0
LR HS,raw,-0.470703125,0.0
LR HS,raw,-0.466796875,0.0
LR HS,raw,-0.462890625,0.0
LR HS,raw,-0.458984375,0.0
LR HS,raw,-0.455078125,0.0
LR HS,raw,-0.451171875,0.0
LR HS,raw,-0.447265625,0.0
LR HS,raw,-0.443359375,0.0
LR HS,raw,-0.439453125,0.0
LR HS,raw,-0.435546875,0.0
LR HS,raw,-0.431640625,0.0
LR HS,raw,-0.427734375,0.0
LR HS,raw,-0.423828125,0.0
LR HS,raw,-0.419921875,0.0
LR HS,raw,-0.416015625,0.0
LR HS,raw,-0.412109375,0.0
LR HS,raw,-0.408203125,0.0
LR HS,raw,-0.404296875,0.0
LR HS,raw,-0.400390625,0.0
LR HS,raw,-0.396484375,0.0
LR HS,raw,-0.392578125,0.0
LR HS,raw,-0.388671875,0.0
LR HS,raw,-0.384765625,0.0
LR HS,raw,-0.380859375,0.0
LR HS,raw,-0.376953125,0.0
LR HS,raw,-0.373046875,0.0
LR HS,raw,-0.369140625,0.0
LR HS,raw,-0.365234375,0.0
LR HS,raw,-0.361328125,0.0
LR HS,raw,-0.357421875,0.0
LR HS,raw,-0.353515625,0.0
LR HS,raw,-0.349609375,0.0
LR HS,raw,-0.345703125,0.0
LR HS,raw,-0.341796875,0.0
LR HS,raw,-0.337890625,0.0
LR HS,raw,-0.333984375,0.0
LR HS,raw,-0.330078125,0.0
LR HS,raw,-0.326171875,0.0
LR HS,raw,-0.322265625,0.0
LR HS,raw,-0.318359375,0.0
LR HS,raw,-0.314453125,0.0
LR HS,raw,-0.310546875,0.0
LR HS,raw,-0.306640625,0.0
LR HS,raw,-0.302734375,0.0
LR HS,raw,-0.298828125,0.0
LR HS,raw,-0.294921875,0.0
LR HS,raw,-0.291015625,0.0
LR HS,raw,-0.287109375,0.0
LR HS,raw,-0.283203125,0.0
LR HS,raw,-0.279296875,0.0
LR HS,raw,-0.275390625,0.0
LR HS,raw,-0.271484375,0.0
LR HS,raw,-0.267578125,0.0
LR HS,raw,-0.263671875,0.0
LR HS,raw,-0.259765625,0.0
LR HS,raw,-0.255859375,0.0
LR HS,raw,-0.251953125,0.0
LR HS,raw,-0.248046875,0.0
LR HS,raw,-0.244140625,0.0
LR HS,raw,-0.240234375,0.0
LR HS,raw,-0.236328125,0.0
LR HS,raw,-0.232421875,0.0
LR HS,raw,-0.228515625,0.0
LR HS,raw,-0.224609375,0.0
LR HS,raw,-0.220703125,0.0
LR HS,raw,-0.216796875,0.0
LR HS,raw,-0.212890625,0.0
LR HS,raw,-0.208984375,0.0
LR HS,raw,-0.205078125,0.0
LR HS,raw,-0.201171875,0.0
LR HS,raw,-0.197265625,0.0
LR HS,raw,-0.193359375,0.0
LR HS,raw,-0.189453125,0.0
LR HS,raw,-0.185546875,0.0
LR HS,raw,-0.181640625,0.0
LR HS,raw,-0.177734375,0.0
LR HS,raw,-0.173828125,0.0
LR HS,raw,-0.169921875,0.0
LR HS,raw,-0.166015625,0.0
LR HS,raw,-0.162109375,0.0
LR HS,raw,-0.158203125,0.0
LR HS,raw,-0.154296875,0.0
LR HS,raw,-0.150390625,0.0
LR HS,raw,-0.146484375,0.0
LR HS,raw,-0.142578125,0.0
LR HS,raw,-0.138671875,0.0
LR HS,raw,-0.134765625,0.0
LR HS,raw,-0.130859375,0.0
LR HS,raw,-0.126953125,0.0
LR HS,raw,-0.123046875,0.0
LR HS,raw,-0.119140625,0.0
LR HS,raw,-0.115234375,0.0
LR HS,raw,-0.111328125,0.0
LR HS,raw,-0.107421875,0.0
LR HS,raw,-0.103515625,0.0
LR HS,raw,-0.099609375,0.0
LR HS,raw,-0.095703125,0.0
LR HS,raw,-0.091796875,0.0
LR HS,raw,-0.087890625,0.0
LR HS,raw,-0.083984375,0.0
LR HS,raw,-0.080078125,0.0
LR HS,raw,-0.076171875,0.0
LR HS,raw,-0.072265625,0.0
LR HS,raw,-0.068359375,0.791015625
LR HS,raw,-0.064453125,1.083984375
LR HS,raw,-0.060546875,1.065150669642857
LR HS,raw,-0.056640625,1.0919445903361344
LR HS,raw,-0.052734375,1.0362029196157734
LR HS,raw,-0.048828125,0.9543936965811964
LR HS,raw,-0.044921875,0.8970306698638614
LR HS,raw,-0.041015625,0.8213757924227856
LR HS,raw,-0.037109375,0.7479243239236484
LR HS,raw,-0.033203125,0.5985984340621562
LR HS,raw,-0.029296875,0.5712507659313726
LR HS,raw,-0.025390625,0.4689098011363636
LR HS,raw,-0.021484375,0.4271521935096154
LR HS,raw,-0.017578125,0.2960611979166666
LR HS,raw,-0.013671875,0.2220551407325466
LR HS,raw,-0.009765625,0.1850473985890652
LR HS,raw,-0.005859375,0.1921262150754338
LR HS,raw,-0.001953125,0.2368710147317502
LR HS,raw,0.001953125,0.2618553970182415
LR HS,raw,0.005859375,0.2619356199804745
LR HS,raw,0.009765625,0.2601221619510295
LR HS,raw,0.013671875,0.2543096025196716
LR HS,raw,0.017578125,0.2417421022541955
LR HS,raw,0.021484375,0.2167430701525357
LR HS,raw,0.025390625,0.1854785140879201
LR HS,raw,0.029296875,0.1453062071503632
LR HS,raw,0.033203125,0.1093098363262645
LR HS,raw,0.037109375,0.0755673262294344
LR HS,raw,0.041015625,0.044422568015786
LR HS,raw,0.044921875,0.01318984224695
LR HS,raw,0.048828125,-0.0015437654817626
LR HS,raw,0.052734375,0.003683291058754
LR HS,raw,0.056640625,-0.0093579006170382
LR HS,raw,0.060546875,0.0617001370108153
LR HS,raw,0.064453125,0.034771826292149
LR HS,raw,0.068359375,0.0162297076787531
LR HS,raw,0.072265625,0.0061386836196634
LR HS,raw,0.076171875,0.0010983848622827
LR HS,raw,0.080078125,-0.0009263609045083
LR HS,raw,0.083984375,-0.0019336481769029
LR HS,raw,0.087890625,-0.0022203063518697
LR HS,raw,0.091796875,-0.0027218321529107
LR HS,raw,0.095703125,-0.0031679111040212
LR HS,raw,0.099609375,-0.0032474436569323
LR HS,raw,0.103515625,-0.0034720484627636
LR HS,raw,0.107421875,-0.0036435960015954
LR HS,raw,0.111328125,-0.0037206614240969
LR HS,raw,0.115234375,-0.0037352965134459
LR HS,raw,0.119140625,-0.0038874682016347
LR HS,raw,0.123046875,-0.0045318695625382
LR HS,raw,0.126953125,-0.0045409888738723
LR HS,raw,0.130859375,-0.0049141782448845
LR HS,raw,0.134765625,-0.0048228144471384
LR HS,raw,0.138671875,-0.0048137421652113
LR HS,raw,0.142578125,-0.004841011294497
LR HS,raw,0.146484375,-0.0055683053161707
LR HS,raw,0.150390625,-0.0053753745136233
LR HS,raw,0.154296875,-0.0057444959313814
LR HS,raw,0.158203125,-0.0052938276366223
LR HS,raw,0.162109375,-0.0058558710452154
LR HS,raw,0.166015625,-0.0054731263958493
LR HS,raw,0.169921875,-0.0055499702472009
LR HS,raw,0.173828125,-0.0058983081929253
LR HS,raw,0.177734375,-0.0057425753549508
LR HS,raw,0.181640625,-0.0056820376069647
LR HS,raw,0.185546875,-0.0057538090093029
LR HS,raw,0.189453125,-0.005285038548745
LR HS,raw,0.193359375,-0.0049605688098036
LR HS,raw,0.197265625,-0.0055482717029429
LR HS,raw,0.201171875,-0.0060317347189312
LR HS,raw,0.205078125,-0.0053809626343973
LR HS,raw,0.208984375,-0.0051276082286519
LR HS,raw,0.212890625,-0.0057645315734928
LR HS,raw,0.216796875,-0.0054647827656065
LR HS,raw,0.220703125,-0.0047600412592554
LR HS,raw,0.224609375,-0.0052331517233487
LR HS,raw,0.228515625,-0.0055499157899861
LR HS,raw,0.232421875,-0.0049904639729713
LR HS,raw,0.236328125,-0.0043005523007925
LR HS,raw,0.240234375,-0.0042229428714253
LR HS,raw,0.244140625,-0.0038837656967768
LR HS,raw,0.248046875,-0.0041489980592403
LR HS,raw,0.251953125,-0.0048585156784403
LR HS,raw,0.255859375,-0.0031694533197474
LR HS,raw,0.259765625,-0.0040387222861796
LR HS,raw,0.263671875,-0.0031430301415521
LR HS,raw,0.267578125,-0.0032411374209996
LR HS,raw,0.271484375,-0.0027522892773257
LR HS,raw,0.275390625,-0.0031648108256295
LR HS,raw,0.279296875,-0.0030151346647216
LR HS,raw,0.283203125,-0.0036632766161908
LR HS,raw,0.287109375,-0.0013968592728517
LR HS,raw,0.291015625,-0.0027037263574482
LR HS,raw,0.294921875,-0.0022766077010034
LR HS,raw,0.298828125,-0.0019271871645249
LR HS,raw,0.302734375,-0.0016933692835938
LR HS,raw,0.306640625,-0.0003249405916301
LR HS,raw,0.310546875,-0.0004640287607219
LR HS,raw,0.314453125,-0.0011136052570361
LR HS,raw,0.318359375,0.0003018284939638
LR HS,raw,0.322265625,-0.0003603574008424
LR HS,raw,0.326171875,0.0004163133081492
LR HS,raw,0.330078125,0.0007523231333489
LR HS,raw,0.333984375,0.0001458098051426
LR HS,raw,0.337890625,0.0012594633468981
LR HS,raw,0.341796875,0.0017448104506933
LR HS,raw,0.345703125,0.0004627218528153
LR HS,raw,0.349609375,0.0026167072776003
LR HS,raw,0.353515625,0.0032394376917755
LR HS,raw,0.357421875,0.0024206591933166
LR HS,raw,0.361328125,0.0034752082461915
LR HS,raw,0.365234375,0.0045017206325115
LR HS,raw,0.369140625,0.0042297611652771
LR HS,raw,0.373046875,0.0036840610017512
LR HS,raw,0.376953125,0.003468154045192
LR HS,raw,0.380859375,0.0016647414657517
LR HS,raw,0.384765625,0.004214514985786
LR HS,raw,0.388671875,0.0056631864389734
LR HS,raw,0.392578125,0.0065915535849121
LR HS,raw,0.396484375,0.0084854507762074
LR HS,raw,0.400390625,0.0042355664520118
LR HS,raw,0.404296875,0.0066123908902766
LR HS,raw,0.408203125,0.0042272133596505
LR HS,raw,0.412109375,0.008713861814866
LR HS,raw,0.416015625,0.0090612144124942
LR HS,raw,0.419921875,0.0048757413877275
LR HS,raw,0.423828125,0.0054735962369366
LR HS,raw,0.427734375,0.0098114492654288
LR HS,raw,0.431640625,0.0076057165186643
LR HS,raw,0.435546875,0.0087687589774694
LR HS,raw,0.439453125,0.011497840575107
LR HS,raw,0.443359375,0.0069594789556956
LR HS,raw,0.447265625,0.0110675757527461
LR HS,raw,0.451171875,0.0088519163650826
LR HS,raw,0.455078125,0.0087860312541038
LR HS,raw,0.458984375,0.0147520362197755
LR HS,raw,0.462890625,0.0099000625060527
LR HS,raw,0.466796875,0.0131759483949191
LR HS,raw,0.470703125,0.0108949906763887
LR HS,raw,0.474609375,0.0163108198036582
LR HS,raw,0.478515625,0.0107364847403268
LR HS,raw,0.482421875,0.012332569705162
LR HS,raw,0.486328125,0.0095364166093167
LR HS,raw,0.490234375,0.0123338715117375
LR HS,raw,0.494140625,0.0090878056150646
LR HS,raw,0.498046875,0.0136837978220914
LR HS,raw,0.501953125,0.0116027802932549
LR HS,raw,0.505859375,0.01527145076969
LR HS,raw,0.509765625,0.0148303189163734
LR HS,raw,0.513671875,0.0176995544711259
LR HS,raw,0.517578125,0.0128197044784164
LR HS,raw,0.521484375,0.0138329758485996
LR HS,raw,0.525390625,0.0146479230437119
LR HS,raw,0.529296875,0.0150120462784704
LR HS,raw,0.533203125,0.0178522544006314
LR HS,raw,0.537109375,0.0193036776138691
LR HS,raw,0.541015625,0.0131865229233879
LR HS,raw,0.544921875,0.0141877050875355
LR HS,raw,0.548828125,0.0189363755069186
LR HS,raw,0.552734375,0.0147748305329515
LR HS,raw,0.556640625,0.0187576395988429
LR HS,raw,0.560546875,0.015248650582791
LR HS,raw,0.564453125,0.021153222318339
LR HS,raw,0.568359375,0.0151345696853015
LR HS,raw,0.572265625,0.0133687494057195
LR HS,raw,0.576171875,0.0158981059827729
LR HS,raw,0.580078125,0.0164634374754084
LR HS,raw,0.583984375,0.0161606656444334
LR HS,raw,0.587890625,0.0214850422757231
LR HS,raw,0.591796875,0.0194073923900166
LR HS,raw,0.595703125,0.0169154196433945
LR HS,raw,0.599609375,0.024036936941832
LR HS,raw,0.603515625,0.0214386707662652
LR HS,raw,0.607421875,0.0160051017028106
LR HS,raw,0.611328125,0.0175920367989959
LR HS,raw,0.615234375,0.0174743519319399
LR HS,raw,0.619140625,0.018072108992911
LR HS,raw,0.623046875,0.0148023076417032
LR HS,raw,0.626953125,0.0184165949916557
LR HS,raw,0.630859375,0.0163725565707993
LR HS,raw,0.634765625,0.0118574931177376
LR HS,raw,0.638671875,0.0220536881223818
LR HS,raw,0.642578125,0.0160980022474397
LR HS,raw,0.646484375,0.0203344608693669
LR HS,raw,0.650390625,0.015267997599926
LR HS,raw,0.654296875,0.017827382509365
LR HS,raw,0.658203125,0.0177647513960713
LR HS,raw,0.662109375,0.0147830714904505
LR HS,raw,0.666015625,0.018873332745635
LR HS,raw,0.669921875,0.0188237523002328
LR HS,raw,0.673828125,0.0137582240018839
LR HS,raw,0.677734375,0.0178064898702914
LR HS,raw,0.681640625,0.0153801512895004
LR HS,raw,0.685546875,0.0218164064112565
LR HS,raw,0.689453125,0.0236618554979433
LR HS,raw,0.693359375,0.015813271328255
LR HS,raw,0.697265625,0.0158496636985428
LR HS,raw,0.701171875,0.0160805540931716
LR HS,raw,0.705078125,0.0217456718294032
LR HS,raw,0.708984375,0.0146697369785748
LR HS,raw,0.712890625,0.019560873310684
LR HS,raw,0.716796875,0.0163435486141168
LR HS,raw,0.720703125,0.0196977783191155
LR HS,raw,0.724609375,0.0117150699406582
LR HS,raw,0.728515625,0.0180425285824102
LR HS,raw,0.732421875,0.0197797938337444
LR HS,raw,0.736328125,0.0182964895420068
LR HS,raw,0.740234375,0.0175656698897724
LR HS,raw,0.744140625,0.0205084166899223
LR HS,raw,0.748046875,0.0130701824048502
LR HS,raw,0.751953125,0.0224841630026477
LR HS,raw,0.755859375,0.0247488719344733
LR HS,raw,0.759765625,0.0191534188389574
LR HS,raw,0.763671875,0.014650129671724
LR HS,raw,0.767578125,0.0165290366578487
LR HS,raw,0.771484375,0.0182132179613977
LR HS,raw,0.775390625,0.0155750354129544
LR HS,raw,0.779296875,0.0167601689702863
LR HS,raw,0.783203125,0.0139206994101589
LR HS,raw,0.787109375,0.0218153826754807
LR HS,raw,0.791015625,0.0153066186417636
LR HS,raw,0.794921875,0.0144960308344857
LR HS,raw,0.798828125,0.0128119436098917
LR HS,raw,0.802734375,0.0125403070818128
LR HS,raw,0.806640625,0.0185687020607548
LR HS,raw,0.810546875,0.020018475385524
LR HS,raw,0.814453125,0.0185280625032426
LR HS,raw,0.818359375,0.0131322422447144
LR HS,raw,0.822265625,0.0172282525722473
LR HS,raw,0.826171875,0.0143303197904872
LR HS,raw,0.830078125,0.0263120220027204
LR HS,raw,0.833984375,0.0184540385078102
LR HS,raw,0.837890625,0.0145975150432415
LR HS,raw,0.841796875,0.0169319410976746
LR HS,raw,0.845703125,0.0143570412112288
LR HS,raw,0.849609375,0.0162607416229315
LR HS,raw,0.853515625,0.0187986733369821
LR HS,raw,0.857421875,0.0170446730671687
LR HS,raw,0.861328125,0.0147601135993903
LR HS,raw,0.865234375,0.0179763047800511
LR HS,raw,0.869140625,0.0155809890811555
LR HS,raw,0.873046875,0.0163761159757456
LR HS,raw,0.876953125,0.0174477032545624
LR HS,raw,0.880859375,0.0179225562984107
LR HS,raw,0.884765625,0.0204682691052853
LR HS,raw,0.888671875,0.0170821206755163
LR HS,raw,0.892578125,0.020935160661247
LR HS,raw,0.896484375,0.0213807228149685
LR HS,raw,0.900390625,0.0153159459242749
LR HS,raw,0.904296875,0.0115772905493626
LR HS,raw,0.908203125,0.0175381499202804
LR HS,raw,0.912109375,0.0108428665012246
LR HS,raw,0.916015625,0.0183590212511507
LR HS,raw,0.919921875,0.014316815467347
LR HS,raw,0.923828125,0.0145529356759735
LR HS,raw,0.927734375,0.0128283680616633
LR HS,raw,0.931640625,0.0118114106534068
LR HS,raw,0.935546875,0.0166741503681335
LR HS,raw,0.939453125,0.01692861541784
LR HS,raw,0.943359375,0.0195849561300178
LR HS,raw,0.947265625,0.0087604397459768
LR HS,raw,0.951171875,0.0130275846467955
LR HS,raw,0.955078125,0.0131027818926245
LR HS,raw,0.958984375,0.012449768278692
LR HS,raw,0.962890625,0.015476736849788
LR HS,raw,0.966796875,0.0216137388379988
LR HS,raw,0.970703125,0.0194602865136833
LR HS,raw,0.974609375,0.0153070814635228
LR HS,raw,0.978515625,0.010692390916958
LR HS,raw,0.982421875,0.0223168558559255
LR HS,raw,0.986328125,0.0158480525945803
LR HS,raw,0.990234375,0.0135672782621583
LR HS,raw,0.994140625,0.0150488723760673
LR HS,raw,0.998046875,0.0173787977378772
LR HS,raw,1.001953125,0.015233915569247
LR HS,raw,1.005859375,0.0104891060059929
LR HS,raw,1.009765625,0.0158663333350692
LR HS,raw,1.013671875,0.0144210478412737
LR HS,raw,1.017578125,0.012054130400087
LR HS,raw,1.021484375,0.0182945592630786
LR HS,raw,1.025390625,0.0132117444160716
LR HS,raw,1.029296875,0.0154373176488861
LR HS,raw,1.033203125,0.0122626274181361
LR HS,raw,1.037109375,0.0205520128290756
LR HS,raw,1.041015625,0.0158867234914471
LR HS,raw,1.044921875,0.0140231065496931
LR HS,raw,1.048828125,0.0151248213519395
LR HS,raw,1.052734375,0.0109959423638075
LR HS,raw,1.056640625,0.0142917391717086
LR HS,raw,1.060546875,0.0106831100016214
LR HS,raw,1.064453125,0.0158838649145549
LR HS,raw,1.068359375,0.0193530099447519
LR HS,raw,1.072265625,0.0146584594892051
LR HS,raw,1.076171875,0.0154486185718604
LR HS,raw,1.080078125,0.0152470419402189
LR HS,raw,1.083984375,0.0132542302375253
LR HS,raw,1.087890625,0.020833438371152
LR HS,raw,1.091796875,0.0199493396196813
LR HS,raw,1.095703125,0.0084025412636377
LR HS,raw,1.099609375,0.0235023079566826
LR HS,raw,1.103515625,0.0198075714121698
LR HS,raw,1.107421875,0.0140036538939786
LR HS,raw,1.111328125,0.0199197654308307
LR HS,raw,1.115234375,0.0223011337271473
LR HS,raw,1.119140625,0.0198148225321053
LR HS,raw,1.123046875,0.0185092823518363
LR HS,raw,1.126953125,0.0152571641278295
LR HS,raw,1.130859375,0.0236937832284461
LR HS,raw,1.134765625,0.019237791575818
LR HS,raw,1.138671875,0.0224455885162973
LR HS,raw,1.142578125,0.0175133197616897
LR HS,raw,1.146484375,0.0200503092729762
LR HS,raw,1.150390625,0.0231370310556267
LR HS,raw,1.154296875,0.0225369388079224
LR HS,raw,1.158203125,0.0363656611296213
LR HS,raw,1.162109375,0.0498587453051771
LR HS,raw,1.166015625,0.0507466549363705
LR HS,raw,1.169921875,0.0415892330270656
LR HS,raw,1.173828125,0.0305863092599075
LR HS,raw,1.177734375,0.0240410106673113
LR HS,raw,1.181640625,0.0160700193390254
LR HS,raw,1.185546875,0.0204814921231855
LR HS,raw,1.189453125,0.0179070728952054
LR HS,raw,1.193359375,0.0125994247002904
LR HS,raw,1.197265625,0.0216202138809318
LR HS,raw,1.201171875,0.012233808815671
LR HS,raw,1.205078125,0.0170179099005386
LR HS,raw,1.208984375,0.010685881871821
LR HS,raw,1.212890625,0.0153629366308024
LR HS,raw,1.216796875,0.0170082166775275
LR HS,raw,1.220703125,0.016174533350962
LR HS,raw,1.224609375,0.0101030211995795
LR HS,raw,1.228515625,0.0186801017572733
LR HS,raw,1.232421875,0.0156911786012453
LR HS,raw,1.236328125,0.0127515651533236
LR HS,raw,1.240234375,0.0089345757720868
LR HS,raw,1.244140625,0.012298810265005
LR HS,raw,1.248046875,0.0120440255323469
LR HS,raw,1.251953125,0.0046837491403232
LR HS,raw,1.255859375,0.0093813748983555
LR HS,raw,1.259765625,0.0076501629698496
LR HS,raw,1.263671875,0.0113216291659848
LR HS,raw,1.267578125,0.0097586319755937
LR HS,raw,1.271484375,0.0120741140887082
LR HS,raw,1.275390625,0.0143931338619509
LR HS,raw,1.279296875,0.0058542114581191
LR HS,raw,1.283203125,0.0077016200572874
LR HS,raw,1.287109375,0.0107937165402227
LR HS,raw,1.291015625,0.0109313361599055
LR HS,raw,1.294921875,0.0098716563664242
LR HS,raw,1.298828125,0.0078485340912961
LR HS,raw,1.302734375,0.0097044917491639
LR HS,raw,1.306640625,0.005492197743864
LR HS,raw,1.310546875,0.0110390109935443
LR HS,raw,1.314453125,0.0133961903603328
LR HS,raw,1.318359375,0.0080963574199372
LR HS,raw,1.322265625,0.0051817522846731
LR HS,raw,1.326171875,0.0078926679294972
LR HS,raw,1.330078125,0.0098560807584202
LR HS,raw,1.333984375,0.0103978803417311
LR HS,raw,1.337890625,0.0092995761578944
LR HS,raw,1.341796875,0.0053479802620012
LR HS,raw,1.345703125,0.0055637448256473
LR HS,raw,1.349609375,0.0061813665294271
LR HS,raw,1.353515625,0.0085236899596547
LR HS,raw,1.357421875,0.0067403565299622
LR HS,raw,1.361328125,0.0055683837832578
LR HS,raw,1.365234375,0.0019368188054058
LR HS,raw,1.369140625,0.0040396786503145
LR HS,raw,1.373046875,0.0037849222532136
LR HS,raw,1.376953125,0.0067899136286374
LR HS,raw,1.380859375,0.0017431538634482
LR HS,raw,1.384765625,0.0036500303121618
LR HS,raw,1.388671875,0.0080316664712597
LR HS,raw,1.392578125,0.004807511971655
LR HS,raw,1.396484375,0.0036388484941006
LR HS,raw,1.400390625,0.0074885735818031
LR HS,raw,1.404296875,0.0019427656002711
LR HS,raw,1.408203125,0.0054941879331539
LR HS,raw,1.412109375,0.0028360224410986
LR HS,raw,1.416015625,0.0044531963192339
LR HS,raw,1.419921875,0.0042164314843814
LR HS,raw,1.423828125,0.0018486018330822
LR HS,raw,1.427734375,0.0069922940286018
LR HS,raw,1.431640625,0.0046485885588335
LR HS,raw,1.435546875,0.0031955724219132
LR HS,raw,1.439453125,0.0036007495762949
LR HS,raw,1.443359375,0.0035965023116814
LR HS,raw,1.447265625,0.0051513507339189
LR HS,raw,1.451171875,0.0028482377754123
LR HS,raw,1.455078125,0.0056221289194981
LR HS,raw,1.458984375,0.005273396991896
LR HS,raw,1.462890625,0.0023598463896696
LR HS,raw,1.466796875,0.0035324913675632
LR HS,raw,1.470703125,0.0027257883382787
LR HS,raw,1.474609375,0.000392246550737
LR HS,raw,1.478515625,0.0014896021718297
LR HS,raw,1.482421875,-0.0006265588743514
LR HS,raw,1.486328125,4.6965942618825926e-05
LR HS,raw,1.490234375,7.135594012940417e-05
LR HS,raw,1.494140625,0.002359681751323
LR HS,raw,1.498046875,0.0005065654867795
LR HS,raw,1.501953125,0.0029607327571534
LR HS,raw,1.505859375,0.0008258133070224
LR HS,raw,1.509765625,0.0033131628583753
LR HS,raw,1.513671875,0.0018698381058557
LR HS,raw,1.517578125,-0.0002696434974729
LR HS,raw,1.521484375,0.0007878170208459
LR HS,raw,1.525390625,0.0002874904058568
LR HS,raw,1.529296875,-0.0003906463171206
LR HS,raw,1.533203125,-0.0005045161917003
LR HS,raw,1.537109375,0.001526976874684
LR HS,raw,1.541015625,-0.0007862859584262
LR HS,raw,1.544921875,-0.0007822789262388
LR HS,raw,1.548828125,0.0025939240272788
LR HS,raw,1.552734375,-0.0003654910107477
LR HS,raw,1.556640625,0.0008390911384823
LR HS,raw,1.560546875,0.0001176842451162
LR HS,raw,1.564453125,0.0007766183050349
LR HS,raw,1.568359375,0.0012889251294921
LR HS,raw,1.572265625,-0.0005328882511611
LR HS,raw,1.576171875,-0.0009687238571178
LR HS,raw,1.580078125,0.0009651408472407
LR HS,raw,1.583984375,-0.0008371571423905
LR HS,raw,1.587890625,-9.02235270011676e-05
LR HS,raw,1.591796875,0.0003634915749411
LR HS,raw,1.595703125,0.0003060905578502
LR HS,raw,1.599609375,0.0003796494772081
LR HS,raw,1.603515625,0.0011924061994523
LR HS,raw,1.607421875,-0.0003217403756735
LR HS,raw,1.611328125,0.0005121219594738
LR HS,raw,1.615234375,-0.001573581739571
LR HS,raw,1.619140625,-0.0003991908546207
LR HS,raw,1.623046875,-0.0006279255092051
LR HS,raw,1.626953125,-0.0002402690061242
LR HS,raw,1.630859375,-0.0007757999943728
LR HS,raw,1.634765625,-0.0013283824307523
LR HS,raw,1.638671875,0.0003986305061186
LR HS,raw,1.642578125,-0.0002625094418176
LR HS,raw,1.646484375,0.0005179129568073
LR HS,raw,1.650390625,-0.0014590753381217
LR HS,raw,1.654296875,-0.0010306248093274
LR HS,raw,1.658203125,0.0004935179376868
LR HS,raw,1.662109375,-0.0008238506637333
LR HS,raw,1.666015625,-5.824426646921463e-06
LR HS,raw,1.669921875,-4.528566671022777e-06
LR HS,raw,1.673828125,-0.0003308862820988
LR HS,raw,1.677734375,0.0008497979054597
LR HS,raw,1.681640625,0.0004513329982041
LR HS,raw,1.685546875,-0.0006536991483122
LR HS,raw,1.689453125,0.0006052799490026
LR HS,raw,1.693359375,-0.0003853364113921
LR HS,raw,1.697265625,-0.0007452986156569
LR HS,raw,1.701171875,-9.39436982382632e-06
LR HS,raw,1.705078125,0.0006103133876293
LR HS,raw,1.708984375,6.192589568128912e-05
LR HS,raw,1.712890625,-0.0003736522980225
LR HS,raw,1.716796875,-0.0001112232680149
LR HS,raw,1.720703125,2.4650737269330387e-05
LR HS,raw,1.724609375,-0.0001192466874184
LR HS,raw,1.728515625,4.8430381689116344e-05
LR HS,raw,1.732421875,0.0011976926688805
LR HS,raw,1.736328125,0.0002103579277664
LR HS,raw,1.740234375,-0.0008338413354312
LR HS,raw,1.744140625,-0.000120323529502
LR HS,raw,1.748046875,0.0007220282449164
LR HS,raw,1.751953125,-0.0002084433993941
LR HS,raw,1.755859375,-0.0002130617396367
LR HS,raw,1.759765625,0.0011981158712294
LR HS,raw,1.763671875,-0.000229874057397
LR HS,raw,1.767578125,0.0001937629972472
LR HS,raw,1.771484375,-0.0010767872988687
LR HS,raw,1.775390625,-0.0001425804546175
LR HS,raw,1.779296875,0.0012870727978027
LR HS,raw,1.783203125,-0.0007767847751692
LR HS,raw,1.787109375,-0.0009721589441005
LR HS,raw,1.791015625,0.0014115765179886
LR HS,raw,1.794921875,0.0004229798421485
LR HS,raw,1.798828125,0.0003769094024337
LR HS,raw,1.802734375,-0.0006476233840392
LR HS,raw,1.806640625,0.0008656505859082
LR HS,raw,1.810546875,-0.0006883678691575
LR HS,raw,1.814453125,0.0007805224980086
LR HS,raw,1.818359375,-2.202193461984782e-05
LR HS,raw,1.822265625,0.0013049322278315
LR HS,raw,1.826171875,0.0006533650012395
LR HS,raw,1.830078125,-5.4431342383262226e-05
LR HS,raw,1.833984375,-0.0005364373958464
LR HS,raw,1.837890625,0.0005967666618211
LR HS,raw,1.841796875,0.0012184041956763
LR HS,raw,1.845703125,0.0003328393752817
LR HS,raw,1.849609375,-0.0008077195285754
LR HS,raw,1.853515625,0.0006727275369055
LR HS,raw,1.857421875,2.085358755728677e-05
LR HS,raw,1.861328125,0.001780361948541
LR HS,raw,1.865234375,-0.0001633319994529
LR HS,raw,1.869140625,1.3257792619394323e-06
LR HS,raw,1.873046875,-0.0007486399267524
LR HS,raw,1.876953125,0.0006055510161549
LR HS,raw,1.880859375,0.0002969808525306
LR HS,raw,1.884765625,0.0024135461658913
LR HS,raw,1.888671875,0.001744680557777
LR HS,raw,1.892578125,4.220430110678025e-05
LR HS,raw,1.896484375,-0.0001255302706795
LR HS,raw,1.900390625,-0.0007507645733854
LR HS,raw,1.904296875,0.0011580866472323
LR HS,raw,1.908203125,0.0001525063754254
LR HS,raw,1.912109375,0.0001649968204546
LR HS,raw,1.916015625,0.0005911728201676
LR HS,raw,1.919921875,0.0013889301719285
LR HS,raw,1.923828125,-0.0005696026159522
LR HS,raw,1.927734375,-0.0008126644182606
LR HS,raw,1.931640625,0.0013645067089795
LR HS,raw,1.935546875,0.0008924150648524
LR HS,raw,1.939453125,0.0005917491487126
LR HS,raw,1.943359375,0.0002703909141662
LR HS,raw,1.947265625,0.0005222931364671
LR HS,raw,1.951171875,0.0002821943266752
LR HS,raw,1.955078125,0.0005529762447744
LR HS,raw,1.958984375,0.0025860246098884
LR HS,raw,1.962890625,-0.0006485576420554
LR HS,raw,1.966796875,0.0022008899509595
LR HS,raw,1.970703125,0.0005064646378375
LR HS,raw,1.974609375,-0.0013003013243856
LR HS,raw,1.978515625,0.0007967719824505
LR HS,raw,1.982421875,-0.0010383662457225
LR HS,raw,1.986328125,0.0014948919318012
LR HS,raw,1.990234375,0.0001797743301317
LR HS,raw,1.994140625,-0.0013593594694951
LR HS,raw,1.998046875,0.0005832483819322
LR HS,raw,2.001953125,0.0005163591878058
LR HS,raw,2.005859375,0.0013281363338151
LR HS,raw,2.009765625,0.0012356285529818
LR HS,raw,2.013671875,0.0017121649687968
LR HS,raw,2.017578125,0.0010229568536254
LR HS,raw,2.021484375,-0.0006280530610553
LR HS,raw,2.025390625,0.0016959023296831
LR HS,raw,2.029296875,0.0007857923720399
LR HS,raw,2.033203125,0.0009297167129163
LR HS,raw,2.037109375,0.0002984680120448
LR HS,raw,2.041015625,0.0011780506718004
LR HS,raw,2.044921875,-0.0013768787086433
LR HS,raw,2.048828125,-0.0006593520610155
LR HS,raw,2.052734375,0.0016575074142381
LR HS,raw,2.056640625,0.0004566310626279
LR HS,raw,2.060546875,-0.0002877065884982
LR HS,raw,2.064453125,-0.0008602162591782
LR HS,raw,2.068359375,-0.0013418480066708
LR HS,raw,2.072265625,0.0014583803640598
LR HS,raw,2.076171875,-0.0001068390664587
LR HS,raw,2.080078125,0.0014722670619463
LR HS,raw,2.083984375,-0.0003411601936267
LR HS,raw,2.087890625,0.0011037756659301
LR HS,raw,2.091796875,0.00189993711161
LR HS,raw,2.095703125,-0.0009791912467372
LR HS,raw,2.099609375,0.0004199663104549
LR HS,raw,2.103515625,0.002361263679077
LR HS,raw,2.107421875,-2.7681675679934415e-05
LR HS,raw,2.111328125,0.0007169066453952
LR HS,raw,2.115234375,0.0018613896626193
LR HS,raw,2.119140625,0.001512697194162
LR HS,raw,2.123046875,0.0018163736211731
LR HS,raw,2.126953125,-0.0009179325207839
LR HS,raw,2.130859375,-0.0001557424231711
LR HS,raw,2.134765625,-0.000242440292733
LR HS,raw,2.138671875,0.0002035975860112
LR HS,raw,2.142578125,3.941392580809693e-05
LR HS,raw,2.146484375,-0.0004652592230582
LR HS,raw,2.150390625,0.001921977216792
LR HS,raw,2.154296875,0.0010650042760603
LR HS,raw,2.158203125,-0.0006871854338046
LR HS,raw,2.162109375,-0.0006099132581215
LR HS,raw,2.166015625,0.0014872671903154
LR HS,raw,2.169921875,0.0012078082753376
LR HS,raw,2.173828125,-0.0003769073191424
LR HS,raw,2.177734375,0.0003319116506843
LR HS,raw,2.181640625,0.0020475118026062
LR HS,raw,2.185546875,4.188102011714473e-05
LR HS,raw,2.189453125,-0.0008648803802307
LR HS,raw,2.193359375,-0.0005066245715294
LR HS,raw,2.197265625,0.0009543272774782
LR HS,raw,2.201171875,-0.0002125163988246
LR HS,raw,2.205078125,0.0003460990142978
LR HS,raw,2.208984375,0.0006233667400267
LR HS,raw,2.212890625,0.0011524737052263
LR HS,raw,2.216796875,0.0003375171548474
LR HS,raw,2.220703125,0.0006341729212897
LR HS,raw,2.224609375,-0.0006298245311131
LR HS,raw,2.228515625,-0.0003991015109565
LR HS,raw,2.232421875,0.0015296296570504
LR HS,raw,2.236328125,0.0011438426155356
LR HS,raw,2.240234375,0.0008952322350383
LR HS,raw,2.244140625,0.0006271422675126
LR HS,raw,2.248046875,-0.000488069246211
LR HS,raw,2.251953125,0.0007755371145724
LR HS,raw,2.255859375,-4.091350669340908e-05
LR HS,raw,2.259765625,0.0001087303054806
LR HS,raw,2.263671875,0.0001088976157873
LR HS,raw,2.267578125,0.0004749759641915
LR HS,raw,2.271484375,0.0012788476096039
LR HS,raw,2.275390625,0.0011123738754089
LR HS,raw,2.279296875,-3.388692921110737e-05
LR HS,raw,2.283203125,-2.229677787831579e-05
LR HS,raw,2.287109375,0.0009146701400316
LR HS,raw,2.291015625,0.0011212872286114
LR HS,raw,2.294921875,-0.0010416487726606
LR HS,raw,2.298828125,0.0024255838725181
LR HS,raw,2.302734375,-0.0006741163514947
LR HS,raw,2.306640625,0.0006321088473319
LR HS,raw,2.310546875,0.0008644593157651
LR HS,raw,2.314453125,0.0005989273842251
LR HS,raw,2.318359375,0.0004978690252372
LR HS,raw,2.322265625,0.0005572090531287
LR HS,raw,2.326171875,-0.0002142928247064
LR HS,raw,2.330078125,0.0026906796265153
LR HS,raw,2.333984375,0.001810060410527
LR HS,raw,2.337890625,-0.0011307754858278
LR HS,raw,2.341796875,0.0006605355506041
LR HS,raw,2.345703125,0.0003309552058738
LR HS,raw,2.349609375,0.0014132946372721
LR HS,raw,2.353515625,-0.000311354845745
LR HS,raw,2.357421875,0.0017750523614217
LR HS,raw,2.361328125,0.0007841926534114
LR HS,raw,2.365234375,-3.733177212540228e-05
LR HS,raw,2.369140625,0.0004078746374728
LR HS,raw,2.373046875,-0.0002960988509113
LR HS,raw,2.376953125,-0.0018416852823252
LR HS,raw,2.380859375,-5.8552126891750055e-05
LR HS,raw,2.384765625,0.0010498201514384
LR HS,raw,2.388671875,-0.0002046683500253
LR HS,raw,2.392578125,0.0001195215604554
LR HS,raw,2.396484375,-0.0004611078250043
LR HS,raw,2.400390625,-0.0001392124340918
LR HS,raw,2.404296875,0.0022380577095128
LR HS,raw,2.408203125,0.0004707409374236
LR HS,raw,2.412109375,-0.0007667034167038
LR HS,raw,2.416015625,0.0002575541581143
LR HS,raw,2.419921875,0.0002759491414122
LR HS,raw,2.423828125,-0.000695035778035
LR HS,raw,2.427734375,-9.866950292221952e-05
LR HS,raw,2.431640625,-0.0013355954105985
LR HS,raw,2.435546875,0.0009576060883216
LR HS,raw,2.439453125,0.0008010464666916
LR HS,raw,2.443359375,0.0013421757490315
LR HS,raw,2.447265625,-0.0005394711815531
LR HS,raw,2.451171875,0.0011434024718587
LR HS,raw,2.455078125,0.0014390549617936
LR HS,raw,2.458984375,0.0003859826520391
LR HS,raw,2.462890625,-0.0010117202146615
LR HS,raw,2.466796875,0.001982161300864
LR HS,raw,2.470703125,0.0012610997323937
LR HS,raw,2.474609375,-0.0011188985366523
LR HS,raw,2.478515625,-0.001126637261875
LR HS,raw,2.482421875,-0.0004308599675718
LR HS,raw,2.486328125,0.0005840603231489
LR HS,raw,2.490234375,0.0002541256763192
LR HS,raw,2.494140625,-0.0011912261430922
LR HS,raw,2.498046875,-0.0013008935963878
LR HS,trend,-0.5,0.0
LR HS,trend,-0.068359375,0.0
LR HS,trend,-0.068359375,1.1247712421968954
LR HS,trend,-0.064453125,1.0707603778348567
LR HS,trend,-0.060546875,1.0165739813078143
LR HS,trend,-0.056640625,0.9624138640746204
LR HS,trend,-0.052734375,0.9084838199270734
LR HS,trend,-0.048828125,0.8549602214300778
LR HS,trend,-0.044921875,0.8019769069978687
LR HS,trend,-0.041015625,0.7496127622171885
LR HS,trend,-0.037109375,0.6978622859062992
LR HS,trend,-0.033203125,0.6465808374909998
LR HS,trend,-0.029296875,0.5953688360368563
LR HS,trend,-0.025390625,0.5432939844934506
LR HS,trend,-0.021484375,0.4883539382223116
LR HS,trend,-0.017578125,0.4423783058222705
LR HS,trend,-0.013671875,0.39970061687717245
LR HS,trend,-0.009765625,0.36073617152534676
LR HS,trend,-0.005859375,0.325546583303058
LR HS,trend,-0.001953125,0.29399682370214075
LR HS,trend,0.001953125,0.26587778172273685
LR HS,trend,0.005859375,0.24094800326878735
LR HS,trend,0.009765625,0.21887708357096794
LR HS,trend,0.013671875,0.19926484809076622
LR HS,trend,0.017578125,0.18177663629729618
LR HS,trend,0.021484375,0.16603823425458136
LR HS,trend,0.025390625,0.15142889269633908
LR HS,trend,0.029296875,0.13724193872201784
LR HS,trend,0.033203125,0.12286978075868647
LR HS,trend,0.037109375,0.10809324430229339
LR HS,trend,0.041015625,0.09308472335021672
LR HS,trend,0.044921875,0.07827121411456311
LR HS,trend,0.048828125,0.06415154232057163
LR HS,trend,0.052734375,0.05115811292871524
LR HS,trend,0.056640625,0.03964139251406758
LR HS,trend,0.060546875,0.029872578892706305
LR HS,trend,0.064453125,0.02200234907211081
LR HS,trend,0.068359375,0.01598843290671686
LR HS,trend,0.072265625,0.011612462480887924
LR HS,trend,0.076171875,0.008540392050507063
LR HS,trend,0.080078125,0.006386644775019573
LR HS,trend,0.083984375,0.004779937603746415
LR HS,trend,0.087890625,0.0034092237727731886
LR HS,trend,0.091796875,0.002066740917011146
LR HS,trend,0.095703125,0.000680456756039842
LR HS,trend,0.099609375,-0.0006867091783922731
LR HS,trend,0.103515625,-0.001899149646431788
LR HS,trend,0.107421875,-0.0028276564491571394
LR HS,trend,0.111328125,-0.0034185979189975996
LR HS,trend,0.115234375,-0.0037853789573799434
LR HS,trend,0.119140625,-0.004040114293402677
LR HS,trend,0.123046875,-0.004241329348951689
LR HS,trend,0.126953125,-0.0044156485436705134
LR HS,trend,0.130859375,-0.004574107529710455
LR HS,trend,0.134765625,-0.004720935059952553
LR HS,trend,0.138671875,-0.004857498787057092
LR HS,trend,0.142578125,-0.004984114387556367
LR HS,trend,0.146484375,-0.005099181659589712
LR HS,trend,0.150390625,-0.005200071299498903
LR HS,trend,0.154296875,-0.0052858845017372735
LR HS,trend,0.158203125,-0.005357602446856579
LR HS,trend,0.162109375,-0.005415749010962791
LR HS,trend,0.166015625,-0.005461034028218042
LR HS,trend,0.169921875,-0.005495601042205851
LR HS,trend,0.173828125,-0.005520947372158251
LR HS,trend,0.177734375,-0.0055362381927019835
LR HS,trend,0.181640625,-0.0055411214408211265
LR HS,trend,0.185546875,-0.005536293408207501
LR HS,trend,0.189453125,-0.005522273762624852
LR HS,trend,0.193359375,-0.005498460527913205
LR HS,trend,0.197265625,-0.005463758488831067
LR HS,trend,0.201171875,-0.0054166393864595675
LR HS,trend,0.205078125,-0.005357617870653731
LR HS,trend,0.208984375,-0.005288722552657437
LR HS,trend,0.212890625,-0.005210830810082459
LR HS,trend,0.216796875,-0.005124834523159754
LR HS,trend,0.220703125,-0.0050308048047219955
LR HS,trend,0.224609375,-0.004928018395040121
LR HS,trend,0.228515625,-0.0048149878086586545
LR HS,trend,0.232421875,-0.004691426697440773
LR HS,trend,0.236328125,-0.004558239902698386
LR HS,trend,0.240234375,-0.004417427294968191
LR HS,trend,0.244140625,-0.004269534086059856
LR HS,trend,0.248046875,-0.0041168712618922885
LR HS,trend,0.251953125,-0.003960922260437095
LR HS,trend,0.255859375,-0.003801813674357305
LR HS,trend,0.259765625,-0.0036392770752774156
LR HS,trend,0.263671875,-0.003471090120267007
LR HS,trend,0.267578125,-0.0032944444493852735
LR HS,trend,0.271484375,-0.0031093676196858318
LR HS,trend,0.275390625,-0.0029162709752910704
LR HS,trend,0.279296875,-0.0027153008813150118
LR HS,trend,0.283203125,-0.0025051374183692804
LR HS,trend,0.287109375,-0.002285574029026992
LR HS,trend,0.291015625,-0.0020588250054435035
LR HS,trend,0.294921875,-0.001826604440130885
LR HS,trend,0.298828125,-0.00158961353814685
LR HS,trend,0.302734375,-0.0013482244865287152
LR HS,trend,0.306640625,-0.0010984713144077877
LR HS,trend,0.310546875,-0.0008369676965693435
LR HS,trend,0.314453125,-0.0005627139843854622
LR HS,trend,0.318359375,-0.0002761850667687588
LR HS,trend,0.322265625,2.2605762910694377e-05
LR HS,trend,0.326171875,0.0003312297825001786
LR HS,trend,0.330078125,0.000645219458930322
LR HS,trend,0.333984375,0.0009574954341293565
LR HS,trend,0.337890625,0.0012583913294602056
LR HS,trend,0.341796875,0.0015426045841919547
LR HS,trend,0.345703125,0.0018151510760774385
LR HS,trend,0.349609375,0.0020876816979326267
LR HS,trend,0.353515625,0.002373072138777416
LR HS,trend,0.357421875,0.0026728947028950584
LR HS,trend,0.361328125,0.0029819625256949436
LR HS,trend,0.365234375,0.003292643677647438
LR HS,trend,0.369140625,0.003605608078580496
LR HS,trend,0.373046875,0.003920735205918219
LR HS,trend,0.376953125,0.004228995602075857
LR HS,trend,0.380859375,0.004520681073012965
LR HS,trend,0.384765625,0.004796591991581221
LR HS,trend,0.388671875,0.0050623799532320815
LR HS,trend,0.392578125,0.005326699899295981
LR HS,trend,0.396484375,0.005601044221255623
LR HS,trend,0.400390625,0.0058898776421394275
LR HS,trend,0.404296875,0.006193003431641525
LR HS,trend,0.408203125,0.006504981312819162
LR HS,trend,0.412109375,0.0068215925532421505
LR HS,trend,0.416015625,0.007145506765043529
LR HS,trend,0.419921875,0.007471192222149632
LR HS,trend,0.423828125,0.007793911067908237
LR HS,trend,0.427734375,0.008114368688196571
LR HS,trend,0.431640625,0.00844539314967401
LR HS,trend,0.435546875,0.008793924630785486
LR HS,trend,0.439453125,0.009156501654111507
LR HS,trend,0.443359375,0.009518195477336015
LR HS,trend,0.447265625,0.009861407599511587
LR HS,trend,0.451171875,0.010170404213039906
LR HS,trend,0.455078125,0.010446704396488335
LR HS,trend,0.458984375,0.010697039161755056
LR HS,trend,0.462890625,0.010935944321995126
LR HS,trend,0.466796875,0.011170828780080088
LR HS,trend,0.470703125,0.011411052361288651
LR HS,trend,0.474609375,0.011662713309324472
LR HS,trend,0.478515625,0.011924294156829475
LR HS,trend,0.482421875,0.01218409423411219
LR HS,trend,0.486328125,0.012435493571395628
LR HS,trend,0.490234375,0.012679225868240721
LR HS,trend,0.494140625,0.012919113943511943
LR HS,trend,0.498046875,0.01315528905663324
LR HS,trend,0.501953125,0.013387626476206373
LR HS,trend,0.505859375,0.013628201053611531
LR HS,trend,0.509765625,0.01388579435825231
LR HS,trend,0.513671875,0.014161925516388917
LR HS,trend,0.517578125,0.014457701880643381
LR HS,trend,0.521484375,0.014771618885423476
LR HS,trend,0.525390625,0.015087327749430671
LR HS,trend,0.529296875,0.01537421897450137
LR HS,trend,0.533203125,0.015615702497887624
LR HS,trend,0.537109375,0.015806874833775214
LR HS,trend,0.541015625,0.01595486941762404
LR HS,trend,0.544921875,0.016078782230973643
LR HS,trend,0.548828125,0.01620189617635497
LR HS,trend,0.552734375,0.01633827104795478
LR HS,trend,0.556640625,0.01650620675366433
LR HS,trend,0.560546875,0.016709058091821063
LR HS,trend,0.564453125,0.01692845920879956
LR HS,trend,0.568359375,0.017141521346586294
LR HS,trend,0.572265625,0.017335665337952395
LR HS,trend,0.576171875,0.017504855259275753
LR HS,trend,0.580078125,0.017643785470416246
LR HS,trend,0.583984375,0.017752507983476547
LR HS,trend,0.587890625,0.01782483399167271
LR HS,trend,0.591796875,0.017855784460908457
LR HS,trend,0.595703125,0.017867609727482636
LR HS,trend,0.599609375,0.017878633884739238
LR HS,trend,0.603515625,0.017898157528351943
LR HS,trend,0.607421875,0.01792213095285552
LR HS,trend,0.611328125,0.017936154554155006
LR HS,trend,0.615234375,0.017924906915204725
LR HS,trend,0.619140625,0.01786783810820756
LR HS,trend,0.623046875,0.017768735658358525
LR HS,trend,0.626953125,0.017644862236417105
LR HS,trend,0.630859375,0.017508029419411274
LR HS,trend,0.634765625,0.01737308320061489
LR HS,trend,0.638671875,0.01725575756482263
LR HS,trend,0.642578125,0.017179172276371016
LR HS,trend,0.646484375,0.017166692690595564
LR HS,trend,0.650390625,0.017216869675570113
LR HS,trend,0.654296875,0.017298687712215252
LR HS,trend,0.658203125,0.01738673431628006
LR HS,trend,0.662109375,0.017476312674134502
LR HS,trend,0.666015625,0.01755677222639281
LR HS,trend,0.669921875,0.017622457053927863
LR HS,trend,0.673828125,0.017669007370405183
LR HS,trend,0.677734375,0.017698059399066712
LR HS,trend,0.681640625,0.017702553662789864
LR HS,trend,0.685546875,0.017692858055518557
LR HS,trend,0.689453125,0.017692155012438784
LR HS,trend,0.693359375,0.017702676334812973
LR HS,trend,0.697265625,0.017721455627471547
LR HS,trend,0.701171875,0.017742695116480585
LR HS,trend,0.705078125,0.017758735898767617
LR HS,trend,0.708984375,0.017776161604979374
LR HS,trend,0.712890625,0.01780946938866114
LR HS,trend,0.716796875,0.01786328324586651
LR HS,trend,0.720703125,0.017919499742334453
LR HS,trend,0.724609375,0.017964339467996242
LR HS,trend,0.728515625,0.018000405874231136
LR HS,trend,0.732421875,0.018030956867114513
LR HS,trend,0.736328125,0.01805611546126167
LR HS,trend,0.740234375,0.01806143425503699
LR HS,trend,0.744140625,0.018044637619953122
LR HS,trend,0.748046875,0.018013635950403683
LR HS,trend,0.751953125,0.017970663258808486
LR HS,trend,0.755859375,0.017908106354134767
LR HS,trend,0.759765625,0.01781046791380187
LR HS,trend,0.763671875,0.017681448580671076
LR HS,trend,0.767578125,0.017530371574310213
LR HS,trend,0.771484375,0.017367153269328934
LR HS,trend,0.775390625,0.017192951847355444
LR HS,trend,0.779296875,0.017019435736247927
LR HS,trend,0.783203125,0.01685384652020716
LR HS,trend,0.787109375,0.016718916206571587
LR HS,trend,0.791015625,0.016631709784590616
LR HS,trend,0.794921875,0.016591199011637105
LR HS,trend,0.798828125,0.01659079554502273
LR HS,trend,0.802734375,0.01662439580899438
LR HS,trend,0.806640625,0.016672758151689407
LR HS,trend,0.810546875,0.01672078619942877
LR HS,trend,0.814453125,0.016766249426063497
LR HS,trend,0.818359375,0.016811695260975115
LR HS,trend,0.822265625,0.016858279363993194
LR HS,trend,0.826171875,0.01690355023826086
LR HS,trend,0.830078125,0.016949088026913764
LR HS,trend,0.833984375,0.016997720686239663
LR HS,trend,0.837890625,0.017045637012385765
LR HS,trend,0.841796875,0.017080086027701686
LR HS,trend,0.845703125,0.017098921754583996
LR HS,trend,0.849609375,0.01711683324778158
LR HS,trend,0.853515625,0.017154791334938507
LR HS,trend,0.857421875,0.01721264634820842
LR HS,trend,0.861328125,0.017263010447285485
LR HS,trend,0.865234375,0.017282788371764203
LR HS,trend,0.869140625,0.017261938686184548
LR HS,trend,0.873046875,0.017217414310727906
LR HS,trend,0.876953125,0.017163095042357572
LR HS,trend,0.880859375,0.017101819177441753
LR HS,trend,0.884765625,0.017012181437678093
LR HS,trend,0.888671875,0.016884894643268814
LR HS,trend,0.892578125,0.01673271226768701
LR HS,trend,0.896484375,0.01657488360123808
LR HS,trend,0.900390625,0.016426779767762814
LR HS,trend,0.904296875,0.016271789879701497
LR HS,trend,0.908203125,0.01608706190854642
LR HS,trend,0.912109375,0.01586298673289256
LR HS,trend,0.916015625,0.015602628163005625
LR HS,trend,0.919921875,0.015326311365340777
LR HS,trend,0.923828125,0.015075913301793928
LR HS,trend,0.927734375,0.01488970932399671
LR HS,trend,0.931640625,0.014781653505270583
LR HS,trend,0.935546875,0.014746571244644336
LR HS,trend,0.939453125,0.014785832650124701
LR HS,trend,0.943359375,0.014888268153016256
LR HS,trend,0.947265625,0.015018972276347112
LR HS,trend,0.951171875,0.0151430072961255
LR HS,trend,0.955078125,0.015252684317214204
LR HS,trend,0.958984375,0.015348245413492915
LR HS,trend,0.962890625,0.015419557516276354
LR HS,trend,0.966796875,0.015471551193640137
LR HS,trend,0.970703125,0.015502412113627878
LR HS,trend,0.974609375,0.015511071529640666
LR HS,trend,0.978515625,0.015507403258103899
LR HS,trend,0.982421875,0.01550091331289399
LR HS,trend,0.986328125,0.015496881548290004
LR HS,trend,0.990234375,0.015480360064032904
LR HS,trend,0.994140625,0.015442102855245617
LR HS,trend,0.998046875,0.015376479624232078
LR HS,trend,1.001953125,0.015294182297937569
LR HS,trend,1.005859375,0.015203800873112547
LR HS,trend,1.009765625,0.015109387126700777
LR HS,trend,1.013671875,0.015019568316347699
LR HS,trend,1.017578125,0.014930254324771311
LR HS,trend,1.021484375,0.01483770664760405
LR HS,trend,1.025390625,0.014756242718977321
LR HS,trend,1.029296875,0.014703983822622295
LR HS,trend,1.033203125,0.014693259478401742
LR HS,trend,1.037109375,0.01471126878342233
LR HS,trend,1.041015625,0.014750545945995355
LR HS,trend,1.044921875,0.01481855184747466
LR HS,trend,1.048828125,0.01491125493436362
LR HS,trend,1.052734375,0.015002858160635154
LR HS,trend,1.056640625,0.015095381169267633
LR HS,trend,1.060546875,0.015202647006314506
LR HS,trend,1.064453125,0.015322624273346254
LR HS,trend,1.068359375,0.015465531234712908
LR HS,trend,1.072265625,0.015649803980353785
LR HS,trend,1.076171875,0.015877775489372182
LR HS,trend,1.080078125,0.016146391429660633
LR HS,trend,1.083984375,0.016444710075934996
LR HS,trend,1.087890625,0.01676934278483354
LR HS,trend,1.091796875,0.017103099860882116
LR HS,trend,1.095703125,0.017431679228858726
LR HS,trend,1.099609375,0.017739326284754865
LR HS,trend,1.103515625,0.018023323920342338
LR HS,trend,1.107421875,0.01829613181330845
LR HS,trend,1.111328125,0.01857970789694993
LR HS,trend,1.115234375,0.018935430589261892
LR HS,trend,1.119140625,0.019444002111553695
LR HS,trend,1.123046875,0.020164701575315185
LR HS,trend,1.126953125,0.021107623813771938
LR HS,trend,1.130859375,0.022219303891361453
LR HS,trend,1.134765625,0.02340283596094141
LR HS,trend,1.138671875,0.024540395598863455
LR HS,trend,1.142578125,0.02552768911936775
LR HS,trend,1.146484375,0.02629932980280814
LR HS,trend,1.150390625,0.026837490573888127
LR HS,trend,1.154296875,0.02714765185106813
LR HS,trend,1.158203125,0.027255015220772057
LR HS,trend,1.162109375,0.027207476727823265
LR HS,trend,1.166015625,0.027027905610996706
LR HS,trend,1.169921875,0.02671831690947039
LR HS,trend,1.173828125,0.026271615526001973
LR HS,trend,1.177734375,0.025669988601291365
LR HS,trend,1.181640625,0.024885865213984316
LR HS,trend,1.185546875,0.02390219987470532
LR HS,trend,1.189453125,0.02272988182486334
LR HS,trend,1.193359375,0.02140178415573176
LR HS,trend,1.197265625,0.019984838805967412
LR HS,trend,1.201171875,0.018580889516731005
LR HS,trend,1.205078125,0.017298638480061194
LR HS,trend,1.208984375,0.01621913586735084
LR HS,trend,1.212890625,0.015362310556901355
LR HS,trend,1.216796875,0.014685613775051471
LR HS,trend,1.220703125,0.014126668431914575
LR HS,trend,1.224609375,0.013635173105078979
LR HS,trend,1.228515625,0.013191095805524834
LR HS,trend,1.232421875,0.012796455392794033
LR HS,trend,1.236328125,0.012443116973820834
LR HS,trend,1.240234375,0.012109635211356922
LR HS,trend,1.244140625,0.011785730413600806
LR HS,trend,1.248046875,0.0114722668187455
LR HS,trend,1.251953125,0.011159654917447524
LR HS,trend,1.255859375,0.010848181513090749
LR HS,trend,1.259765625,0.01054535654611782
LR HS,trend,1.263671875,0.0102646821966328
LR HS,trend,1.267578125,0.010023982985113075
LR HS,trend,1.271484375,0.009840154589068279
LR HS,trend,1.275390625,0.009718232179851327
LR HS,trend,1.279296875,0.009648190046369073
LR HS,trend,1.283203125,0.009600552589614597
LR HS,trend,1.287109375,0.009555821103828684
LR HS,trend,1.291015625,0.009509364854766887
LR HS,trend,1.294921875,0.00945722249400665
LR HS,trend,1.298828125,0.009380470228186876
LR HS,trend,1.302734375,0.009265162999385335
LR HS,trend,1.306640625,0.009119618350483019
LR HS,trend,1.310546875,0.008958703091725483
LR HS,trend,1.314453125,0.008797348004186134
LR HS,trend,1.318359375,0.008635835625789304
LR HS,trend,1.322265625,0.008459552066602889
LR HS,trend,1.326171875,0.008250708942616472
LR HS,trend,1.330078125,0.00800266372747252
LR HS,trend,1.333984375,0.007732919927235752
LR HS,trend,1.337890625,0.007450035517846781
LR HS,trend,1.341796875,0.007154401169602384
LR HS,trend,1.345703125,0.00685298168642969
LR HS,trend,1.349609375,0.006554622038773454
LR HS,trend,1.353515625,0.006270100838885936
LR HS,trend,1.357421875,0.006011785861034261
LR HS,trend,1.361328125,0.0057826775539776805
LR HS,trend,1.365234375,0.005572229118799727
LR HS,trend,1.369140625,0.005365103457484281
LR HS,trend,1.373046875,0.005165404044071305
LR HS,trend,1.376953125,0.004986212341534423
LR HS,trend,1.380859375,0.004831590977148957
LR HS,trend,1.384765625,0.004703289607951671
LR HS,trend,1.388671875,0.004599900388205746
LR HS,trend,1.392578125,0.004519512530132587
LR HS,trend,1.396484375,0.0044633368827482625
LR HS,trend,1.400390625,0.004430483606375902
LR HS,trend,1.404296875,0.00441452470088466
LR HS,trend,1.408203125,0.004398784618054201
LR HS,trend,1.412109375,0.004375057192540775
LR HS,trend,1.416015625,0.0043425716683207155
LR HS,trend,1.419921875,0.004303559164126857
LR HS,trend,1.423828125,0.004257991223940271
LR HS,trend,1.427734375,0.004202651248155222
LR HS,trend,1.431640625,0.004131557590352591
LR HS,trend,1.435546875,0.004045774816737918
LR HS,trend,1.439453125,0.003939804347308023
LR HS,trend,1.443359375,0.0038031900270857496
LR HS,trend,1.447265625,0.003635644944332739
LR HS,trend,1.451171875,0.0034450255644999494
LR HS,trend,1.455078125,0.0032359976611719622
LR HS,trend,1.458984375,0.0030224637369584764
LR HS,trend,1.462890625,0.002811948870910234
LR HS,trend,1.466796875,0.0026133284528971853
LR HS,trend,1.470703125,0.0024293646049118956
LR HS,trend,1.474609375,0.002255999485949001
LR HS,trend,1.478515625,0.0020885660157271314
LR HS,trend,1.482421875,0.001916265102346797
LR HS,trend,1.486328125,0.0017338883025305135
LR HS,trend,1.490234375,0.0015469333845586119
LR HS,trend,1.494140625,0.0013682340308847733
LR HS,trend,1.498046875,0.0012077961198829323
LR HS,trend,1.501953125,0.0010721949194577318
LR HS,trend,1.505859375,0.0009711506635454562
LR HS,trend,1.509765625,0.0009014737535296054
LR HS,trend,1.513671875,0.0008552601530475531
LR HS,trend,1.517578125,0.0008231278195752008
LR HS,trend,1.521484375,0.0007931540740081217
LR HS,trend,1.525390625,0.000756488772284476
LR HS,trend,1.529296875,0.0007065096903755484
LR HS,trend,1.533203125,0.0006391133176953963
LR HS,trend,1.537109375,0.0005605903577341698
LR HS,trend,1.541015625,0.00047891547357094055
LR HS,trend,1.544921875,0.0004016744349888472
LR HS,trend,1.548828125,0.0003354592692158029
LR HS,trend,1.552734375,0.00028744470653923606
LR HS,trend,1.556640625,0.0002588924970342946
LR HS,trend,1.560546875,0.00024939793292884566
LR HS,trend,1.564453125,0.0002504858191585204
LR HS,trend,1.568359375,0.0002542432022921254
LR HS,trend,1.572265625,0.00025305347850355405
LR HS,trend,1.576171875,0.0002396644042944622
LR HS,trend,1.580078125,0.00021115883562447134
LR HS,trend,1.583984375,0.00016996403703336418
LR HS,trend,1.587890625,0.00011819419888230844
LR HS,trend,1.591796875,5.736409854387846e-05
LR HS,trend,1.595703125,-3.5802421449517275e-06
LR HS,trend,1.599609375,-5.686436728306087e-05
LR HS,trend,1.603515625,-0.0001010770246380759
LR HS,trend,1.607421875,-0.00013714585021484463
LR HS,trend,1.611328125,-0.0001685759760409288
LR HS,trend,1.615234375,-0.0001973418886038995
LR HS,trend,1.619140625,-0.00022811820662301373
LR HS,trend,1.623046875,-0.00026333453687763057
LR HS,trend,1.626953125,-0.00030008833043624987
LR HS,trend,1.630859375,-0.00033396323761462313
LR HS,trend,1.634765625,-0.00036053860352372463
LR HS,trend,1.638671875,-0.0003737520591503009
LR HS,trend,1.642578125,-0.0003708753493607384
LR HS,trend,1.646484375,-0.0003516864628044385
LR HS,trend,1.650390625,-0.00031990975754483817
LR HS,trend,1.654296875,-0.00028300011777208944
LR HS,trend,1.658203125,-0.0002472410963941626
LR HS,trend,1.662109375,-0.00021403268519009164
LR HS,trend,1.666015625,-0.0001844966541749156
LR HS,trend,1.669921875,-0.0001575186201554293
LR HS,trend,1.673828125,-0.00013294512062936542
LR HS,trend,1.677734375,-0.00011060876275567458
LR HS,trend,1.681640625,-9.011807593231455e-05
LR HS,trend,1.685546875,-6.943282648989891e-05
LR HS,trend,1.689453125,-4.536475961527139e-05
LR HS,trend,1.693359375,-2.024664042974125e-05
LR HS,trend,1.697265625,-3.772593685140715e-08
LR HS,trend,1.701171875,1.1650327749174633e-05
LR HS,trend,1.705078125,1.822022535885042e-05
LR HS,trend,1.708984375,2.2138094737776645e-05
LR HS,trend,1.712890625,2.3813197182524514e-05
LR HS,trend,1.716796875,2.7373396608613512e-05
LR HS,trend,1.720703125,3.4689792091984965e-05
LR HS,trend,1.724609375,4.5693335311238666e-05
LR HS,trend,1.728515625,5.7215561989146754e-05
LR HS,trend,1.732421875,6.60394715227366e-05
LR HS,trend,1.736328125,7.281616684329018e-05
LR HS,trend,1.740234375,7.618517272732889e-05
LR HS,trend,1.744140625,7.32399078945731e-05
LR HS,trend,1.748046875,6.81011400733937e-05
LR HS,trend,1.751953125,6.578393919705134e-05
LR HS,trend,1.755859375,6.688076607065008e-05
LR HS,trend,1.759765625,6.859257308959035e-05
LR HS,trend,1.763671875,7.070329473014954e-05
LR HS,trend,1.767578125,7.254874033823163e-05
LR HS,trend,1.771484375,7.50269435401384e-05
LR HS,trend,1.775390625,7.927597284149615e-05
LR HS,trend,1.779296875,8.878630444337443e-05
LR HS,trend,1.783203125,0.00010431694447049686
LR HS,trend,1.787109375,0.00012131771446564544
LR HS,trend,1.791015625,0.00013705595185367235
LR HS,trend,1.794921875,0.00015451098005473513
LR HS,trend,1.798828125,0.0001764627736178964
LR HS,trend,1.802734375,0.00020156380542366744
LR HS,trend,1.806640625,0.00022667712442383452
LR HS,trend,1.810546875,0.00024971086513137354
LR HS,trend,1.814453125,0.00026768692966097705
LR HS,trend,1.818359375,0.0002830676103663347
LR HS,trend,1.822265625,0.00029687299872036753
LR HS,trend,1.826171875,0.00030962732047646214
LR HS,trend,1.830078125,0.0003179751136694065
LR HS,trend,1.833984375,0.0003195138259001839
LR HS,trend,1.837890625,0.0003186605023143542
LR HS,trend,1.841796875,0.00032426367521624016
LR HS,trend,1.845703125,0.0003388272943722202
LR HS,trend,1.849609375,0.0003591008610400402
LR HS,trend,1.853515625,0.0003798481303869018
LR HS,trend,1.857421875,0.00039745851322820614
LR HS,trend,1.861328125,0.00041136720612417106
LR HS,trend,1.865234375,0.000423130611306165
LR HS,trend,1.869140625,0.00043204144808070213
LR HS,trend,1.873046875,0.000438687066274984
LR HS,trend,1.876953125,0.0004434079829493068
LR HS,trend,1.880859375,0.00044502665491520334
LR HS,trend,1.884765625,0.0004438790844386745
LR HS,trend,1.888671875,0.00044446243328589855
LR HS,trend,1.892578125,0.00044768865319453146
LR HS,trend,1.896484375,0.0004509043446094573
LR HS,trend,1.900390625,0.00045282713461125025
LR HS,trend,1.904296875,0.000454254226400429
LR HS,trend,1.908203125,0.00045397031977136286
LR HS,trend,1.912109375,0.0004513650800314536
LR HS,trend,1.916015625,0.0004477005097723558
LR HS,trend,1.919921875,0.0004452084725896135
LR HS,trend,1.923828125,0.0004503674552030087
LR HS,trend,1.927734375,0.0004663507609066073
LR HS,trend,1.931640625,0.0004893476558573786
LR HS,trend,1.935546875,0.0005146501930537295
LR HS,trend,1.939453125,0.000532665129398671
LR HS,trend,1.943359375,0.0005398646184148375
LR HS,trend,1.947265625,0.0005370102977082921
LR HS,trend,1.951171875,0.000524732240613978
LR HS,trend,1.955078125,0.000506685808080142
LR HS,trend,1.958984375,0.0004860635886392037
LR HS,trend,1.962890625,0.0004683299853644303
LR HS,trend,1.966796875,0.00045744056344941845
LR HS,trend,1.970703125,0.0004551620796059993
LR HS,trend,1.974609375,0.00045865485617721866
LR HS,trend,1.978515625,0.0004652733912603395
LR HS,trend,1.982421875,0.0004760072503492865
LR HS,trend,1.986328125,0.0004883173743652259
LR HS,trend,1.990234375,0.0005007054910051082
LR HS,trend,1.994140625,0.0005127490951460887
LR HS,trend,1.998046875,0.000525828037382035
LR HS,trend,2.001953125,0.0005386187387141336
LR HS,trend,2.005859375,0.0005509346262349441
LR HS,trend,2.009765625,0.0005653050236781867
LR HS,trend,2.013671875,0.0005801977282388994
LR HS,trend,2.017578125,0.0005927306628080887
LR HS,trend,2.021484375,0.0005933832856415706
LR HS,trend,2.025390625,0.0005764336252456999
LR HS,trend,2.029296875,0.0005463907555985975
LR HS,trend,2.033203125,0.0005063051131220849
LR HS,trend,2.037109375,0.00046107210663099606
LR HS,trend,2.041015625,0.0004108244519349414
LR HS,trend,2.044921875,0.00036100183901437627
LR HS,trend,2.048828125,0.0003205688212227693
LR HS,trend,2.052734375,0.0002910993735506852
LR HS,trend,2.056640625,0.00027377828942206847
LR HS,trend,2.060546875,0.00027009081432135607
LR HS,trend,2.064453125,0.00027706123388476463
LR HS,trend,2.068359375,0.0002919993628879846
LR HS,trend,2.072265625,0.0003180255267358759
LR HS,trend,2.076171875,0.0003608644456769448
LR HS,trend,2.080078125,0.00041913911420850654
LR HS,trend,2.083984375,0.00048438971346574487
LR HS,trend,2.087890625,0.0005465704207467183
LR HS,trend,2.091796875,0.0005982225445667214
LR HS,trend,2.095703125,0.0006352439594077397
LR HS,trend,2.099609375,0.0006583358165046891
LR HS,trend,2.103515625,0.000668193594755823
LR HS,trend,2.107421875,0.0006660407465806349
LR HS,trend,2.111328125,0.0006538955622609632
LR HS,trend,2.115234375,0.0006332549144047801
LR HS,trend,2.119140625,0.0006074471056184559
LR HS,trend,2.123046875,0.0005825122833000007
LR HS,trend,2.126953125,0.000559300835465678
LR HS,trend,2.130859375,0.00053511170741777
LR HS,trend,2.134765625,0.0005081898995606775
LR HS,trend,2.138671875,0.00048233279433374334
LR HS,trend,2.142578125,0.0004566823217436982
LR HS,trend,2.146484375,0.0004278549712302935
LR HS,trend,2.150390625,0.00039896595832672065
LR HS,trend,2.154296875,0.00037469116632981783
LR HS,trend,2.158203125,0.00035544093914345425
LR HS,trend,2.162109375,0.00034424422291994304
LR HS,trend,2.166015625,0.00034316452820990146
LR HS,trend,2.169921875,0.00035064000635738976
LR HS,trend,2.173828125,0.0003613103789015379
LR HS,trend,2.177734375,0.000369412094732549
LR HS,trend,2.181640625,0.00037244637707186615
LR HS,trend,2.185546875,0.00036945290466558435
LR HS,trend,2.189453125,0.000363190748254012
LR HS,trend,2.193359375,0.0003577151599783376
LR HS,trend,2.197265625,0.00035723717065453423
LR HS,trend,2.201171875,0.0003628689690956927
LR HS,trend,2.205078125,0.00036888143702851016
LR HS,trend,2.208984375,0.00037364461725315545
LR HS,trend,2.212890625,0.0003799369331544809
LR HS,trend,2.216796875,0.0003892818112951238
LR HS,trend,2.220703125,0.00039862179932396785
LR HS,trend,2.224609375,0.00040673055570490825
LR HS,trend,2.228515625,0.00041664060634935627
LR HS,trend,2.232421875,0.00042882800380013227
LR HS,trend,2.236328125,0.0004386301369475684
LR HS,trend,2.240234375,0.00044444869833273963
LR HS,trend,2.244140625,0.00044948964661387433
LR HS,trend,2.248046875,0.0004556078299955607
LR HS,trend,2.251953125,0.0004601940047976614
LR HS,trend,2.255859375,0.0004660962948956248
LR HS,trend,2.259765625,0.000471965473456545
LR HS,trend,2.263671875,0.000475719185305129
LR HS,trend,2.267578125,0.0004764387235355911
LR HS,trend,2.271484375,0.00047550637237937603
LR HS,trend,2.275390625,0.0004757122769786192
LR HS,trend,2.279296875,0.00048091104879424495
LR HS,trend,2.283203125,0.0004923887351830909
LR HS,trend,2.287109375,0.0005117328943561329
LR HS,trend,2.291015625,0.0005382277406370606
LR HS,trend,2.294921875,0.0005649087685335218
LR HS,trend,2.298828125,0.0005866807781393147
LR HS,trend,2.302734375,0.0006028825250926836
LR HS,trend,2.306640625,0.0006134929674325792
LR HS,trend,2.310546875,0.0006197904214163935
LR HS,trend,2.314453125,0.0006265746021859956
LR HS,trend,2.318359375,0.000636628904771748
LR HS,trend,2.322265625,0.0006480868208933795
LR HS,trend,2.326171875,0.0006565807919066292
LR HS,trend,2.330078125,0.0006571001119120433
LR HS,trend,2.333984375,0.00064571830388792
LR HS,trend,2.337890625,0.0006216217345698472
LR HS,trend,2.341796875,0.0005860999277947608
LR HS,trend,2.345703125,0.0005418080945902305
LR HS,trend,2.349609375,0.0004929275705030584
LR HS,trend,2.353515625,0.00043881885391691477
LR HS,trend,2.357421875,0.00038351883687905554
LR HS,trend,2.361328125,0.00033445759877538737
LR HS,trend,2.365234375,0.00029403645348737196
LR HS,trend,2.369140625,0.0002603521673443359
LR HS,trend,2.373046875,0.00023230412178961235
LR HS,trend,2.376953125,0.0002088615915993735
LR HS,trend,2.380859375,0.0001867830914820892
LR HS,trend,2.384765625,0.0001597410743221317
LR HS,trend,2.388671875,0.00012517147692597984
LR HS,trend,2.392578125,9.112362975276694e-05
LR HS,trend,2.396484375,6.628857978548701e-05
LR HS,trend,2.400390625,5.7172610170701184e-05
LR HS,trend,2.404296875,6.44625512620051e-05
LR HS,trend,2.408203125,8.901603554818919e-05
LR HS,trend,2.412109375,0.0001261413427265162
LR HS,trend,2.416015625,0.0001675711392772784
LR HS,trend,2.419921875,0.00020497888539382144
LR HS,trend,2.423828125,0.00023630647533294055
LR HS,trend,2.427734375,0.00026325880177380674
LR HS,trend,2.431640625,0.0002856625019024068
LR HS,trend,2.435546875,0.0002989598174234054
LR HS,trend,2.439453125,0.0003008740527927764
LR HS,trend,2.443359375,0.0002959303353474987
LR HS,trend,2.447265625,0.00028945608011289917
LR HS,trend,2.451171875,0.00028264416002859343
LR HS,trend,2.455078125,0.00023638203115488297
LR HS,trend,2.458984375,0.0001839858428740594
LR HS,trend,2.462890625,0.00012889284243089287
LR HS,trend,2.466796875,7.117751695519527e-05
LR HS,trend,2.470703125,1.0798516716105391e-05
LR HS,trend,2.474609375,-5.271691435175329e-05
LR HS,trend,2.478515625,-0.00011992838696591688
LR HS,trend,2.482421875,-0.00019094749276856276
LR HS,trend,2.486328125,-0.00026552852785246265
LR HS,trend,2.490234375,-0.0003433943406459006
LR HS,trend,2.494140625,-0.0004245361050236856
LR HS,trend,2.498046875,-0.0005091000856690905
HR LS,raw,-0.498046875,0.0
HR LS,raw,-0.494140625,0.0
HR LS,raw,-0.490234375,0.0
HR LS,raw,-0.486328125,0.0
HR LS,raw,-0.482421875,0.0
HR LS,raw,-0.478515625,0.0
HR LS,raw,-0.474609375,0.0
HR LS,raw,-0.470703125,0.0
HR LS,raw,-0.466796875,0.0
HR LS,raw,-0.462890625,0.0
HR LS,raw,-0.458984375,0.0
HR LS,raw,-0.455078125,0.0
HR LS,raw,-0.451171875,0.0
HR LS,raw,-0.447265625,0.0
HR LS,raw,-0.443359375,0.0
HR LS,raw,-0.439453125,0.0
HR LS,raw,-0.435546875,0.0
HR LS,raw,-0.431640625,0.0
HR LS,raw,-0.427734375,0.0
HR LS,raw,-0.423828125,0.0
HR LS,raw,-0.419921875,0.0
HR LS,raw,-0.416015625,0.0
HR LS,raw,-0.412109375,0.0
HR LS,raw,-0.408203125,0.0
HR LS,raw,-0.404296875,0.0
HR LS,raw,-0.400390625,0.0
HR LS,raw,-0.396484375,0.0
HR LS,raw,-0.392578125,0.0
HR LS,raw,-0.388671875,0.0
HR LS,raw,-0.384765625,0.0
HR LS,raw,-0.380859375,0.0
HR LS,raw,-0.376953125,0.0
HR LS,raw,-0.373046875,0.0
HR LS,raw,-0.369140625,0.0
HR LS,raw,-0.365234375,0.0
HR LS,raw,-0.361328125,0.0
HR LS,raw,-0.357421875,0.0
HR LS,raw,-0.353515625,0.0
HR LS,raw,-0.349609375,0.0
HR LS,raw,-0.345703125,0.0
HR LS,raw,-0.341796875,0.0
HR LS,raw,-0.337890625,0.0
HR LS,raw,-0.333984375,0.0
HR LS,raw,-0.330078125,0.0
HR LS,raw,-0.326171875,0.0
HR LS,raw,-0.322265625,0.0
HR LS,raw,-0.318359375,0.0
HR LS,raw,-0.314453125,0.0
HR LS,raw,-0.310546875,0.0
HR LS,raw,-0.306640625,0.0
HR LS,raw,-0.302734375,0.0
HR LS,raw,-0.298828125,0.0
HR LS,raw,-0.294921875,0.0
HR LS,raw,-0.291015625,0.0
HR LS,raw,-0.287109375,0.0
HR LS,raw,-0.283203125,0.0
HR LS,raw,-0.279296875,0.0
HR LS,raw,-0.275390625,0.0
HR LS,raw,-0.271484375,0.0
HR LS,raw,-0.267578125,0.0
HR LS,raw,-0.263671875,0.0
HR LS,raw,-0.259765625,0.0
HR LS,raw,-0.255859375,0.0
HR LS,raw,-0.251953125,0.0
HR LS,raw,-0.248046875,0.0
HR LS,raw,-0.244140625,0.0
HR LS,raw,-0.240234375,0.0
HR LS,raw,-0.236328125,0.0
HR LS,raw,-0.232421875,0.0
HR LS,raw,-0.228515625,0.0
HR LS,raw,-0.224609375,0.0
HR LS,raw,-0.220703125,0.0
HR LS,raw,-0.216796875,0.0
HR LS,raw,-0.212890625,0.0
HR LS,raw,-0.208984375,0.0
HR LS,raw,-0.205078125,0.0
HR LS,raw,-0.201171875,0.0
HR LS,raw,-0.197265625,0.0
HR LS,raw,-0.193359375,0.0
HR LS,raw,-0.189453125,0.0
HR LS,raw,-0.185546875,0.0
HR LS,raw,-0.181640625,0.0
HR LS,raw,-0.177734375,0.0
HR LS,raw,-0.173828125,0.0
HR LS,raw,-0.169921875,0.0
HR LS,raw,-0.166015625,0.0
HR LS,raw,-0.162109375,0.0
HR LS,raw,-0.158203125,0.0
HR LS,raw,-0.154296875,0.0
HR LS,raw,-0.150390625,0.0
HR LS,raw,-0.146484375,0.0
HR LS,raw,-0.142578125,0.0
HR LS,raw,-0.138671875,0.0
HR LS,raw,-0.134765625,0.0
HR LS,raw,-0.130859375,0.0
HR LS,raw,-0.126953125,0.0
HR LS,raw,-0.123046875,0.0
HR LS,raw,-0.119140625,0.0
HR LS,raw,-0.115234375,0.0
HR LS,raw,-0.111328125,0.0
HR LS,raw,-0.107421875,0.0
HR LS,raw,-0.103515625,0.0
HR LS,raw,-0.099609375,0.0
HR LS,raw,-0.095703125,0.0
HR LS,raw,-0.091796875,0.0
HR LS,raw,-0.087890625,1.484375
HR LS,raw,-0.083984375,-0.0390625
HR LS,raw,-0.080078125,0.0
HR LS,raw,-0.076171875,0.0
HR LS,raw,-0.072265625,1.2890625
HR LS,raw,-0.068359375,1.259765625
HR LS,raw,-0.064453125,1.03515625
HR LS,raw,-0.060546875,1.0652669270833333
HR LS,raw,-0.056640625,1.0686383928571428
HR LS,raw,-0.052734375,1.0252628769985463
HR LS,raw,-0.048828125,0.9558957122093024
HR LS,raw,-0.044921875,0.9233486462751856
HR LS,raw,-0.041015625,0.8506773222477064
HR LS,raw,-0.037109375,0.7600074980650153
HR LS,raw,-0.033203125,0.5899677579365079
HR LS,raw,-0.029296875,0.5606590529110936
HR LS,raw,-0.025390625,0.5945131959033614
HR LS,raw,-0.021484375,0.4075628282070517
HR LS,raw,-0.017578125,0.2417746759720837
HR LS,raw,-0.013671875,0.2281319649654412
HR LS,raw,-0.009765625,0.1979413492175526
HR LS,raw,-0.005859375,0.1973114301066285
HR LS,raw,-0.001953125,0.2088354451989444
HR LS,raw,0.001953125,0.2638416194868142
HR LS,raw,0.005859375,0.2617480155937973
HR LS,raw,0.009765625,0.2692683366757973
HR LS,raw,0.013671875,0.2597683467562802
HR LS,raw,0.017578125,0.2363803841585396
HR LS,raw,0.021484375,0.212887816994461
HR LS,raw,0.025390625,0.1808316445646052
HR LS,raw,0.029296875,0.1444840117662216
HR LS,raw,0.033203125,0.1093488400824208
HR LS,raw,0.037109375,0.0769907444091766
HR LS,raw,0.041015625,0.0452908079910358
HR LS,raw,0.044921875,0.0146431996018903
HR LS,raw,0.048828125,-0.0016412465312038
HR LS,raw,0.052734375,0.0021196672389721
HR LS,raw,0.056640625,-0.0092309179126596
HR LS,raw,0.060546875,0.062092436168094
HR LS,raw,0.064453125,0.0343790332203552
HR LS,raw,0.068359375,0.015847719094231
HR LS,raw,0.072265625,0.0058097531100358
HR LS,raw,0.076171875,0.0009749560831071
HR LS,raw,0.080078125,-0.0013309904405577
HR LS,raw,0.083984375,-0.0022959227389618
HR LS,raw,0.087890625,-0.0027595741369209
HR LS,raw,0.091796875,-0.0028890226943361
HR LS,raw,0.095703125,-0.0031849479974092
HR LS,raw,0.099609375,-0.0035073159227591
HR LS,raw,0.103515625,-0.0035799478605328
HR LS,raw,0.107421875,-0.0035690698723489
HR LS,raw,0.111328125,-0.0039017377764162
HR LS,raw,0.115234375,-0.0037957662598857
HR LS,raw,0.119140625,-0.0038557812734696
HR LS,raw,0.123046875,-0.0039978588847415
HR LS,raw,0.126953125,-0.0044869943076989
HR LS,raw,0.130859375,-0.004036709902724
HR LS,raw,0.134765625,-0.004356940882804
HR LS,raw,0.138671875,-0.0046906522819589
HR LS,raw,0.142578125,-0.0044434538626926
HR LS,raw,0.146484375,-0.0042184933696179
HR LS,raw,0.150390625,-0.0043877674403237
HR LS,raw,0.154296875,-0.0045179826221396
HR LS,raw,0.158203125,-0.0044732875365981
HR LS,raw,0.162109375,-0.004755897499501
HR LS,raw,0.166015625,-0.0043971477533419
HR LS,raw,0.169921875,-0.0045778695441417
HR LS,raw,0.173828125,-0.0044853177280682
HR LS,raw,0.177734375,-0.0042959081581817
HR LS,raw,0.181640625,-0.0042170663987067
HR LS,raw,0.185546875,-0.0038953127591853
HR LS,raw,0.189453125,-0.0045378333736095
HR LS,raw,0.193359375,-0.0043723269860994
HR LS,raw,0.197265625,-0.0040619270046302
HR LS,raw,0.201171875,-0.0039775191436555
HR LS,raw,0.205078125,-0.0037986133604741
HR LS,raw,0.208984375,-0.003482934444041
HR LS,raw,0.212890625,-0.0029323234563789
HR LS,raw,0.216796875,-0.0036638346955918
HR LS,raw,0.220703125,-0.0037745916775957
HR LS,raw,0.224609375,-0.0034311330219915
HR LS,raw,0.228515625,-0.0035686520906832
HR LS,raw,0.232421875,-0.0033014844033972
HR LS,raw,0.236328125,-0.0032243098086225
HR LS,raw,0.240234375,-0.0036715328032846
HR LS,raw,0.244140625,-0.0033075650604019
HR LS,raw,0.248046875,-0.0033832282624985
HR LS,raw,0.251953125,-0.0023090034194415
HR LS,raw,0.255859375,-0.002592888994407
HR LS,raw,0.259765625,-0.0024897142052754
HR LS,raw,0.263671875,-0.0028213453745072
HR LS,raw,0.267578125,-0.0024023248971935
HR LS,raw,0.271484375,-0.0020996241797483
HR LS,raw,0.275390625,-0.0024717769747508
HR LS,raw,0.279296875,-0.0018709261032322
HR LS,raw,0.283203125,-0.0021612111468473
HR LS,raw,0.287109375,-0.0017721785549361
HR LS,raw,0.291015625,-0.0023273396963306
HR LS,raw,0.294921875,-0.0018081289515731
HR LS,raw,0.298828125,-0.0020038043175955
HR LS,raw,0.302734375,-0.001322439187756
HR LS,raw,0.306640625,-0.0009896919467817
HR LS,raw,0.310546875,-0.0016675060527564
HR LS,raw,0.314453125,-0.0011850624489276
HR LS,raw,0.318359375,-0.0004787801559905
HR LS,raw,0.322265625,-0.0016869109276468
HR LS,raw,0.326171875,9.576925611172488e-05
HR LS,raw,0.330078125,-0.0002759319119967
HR LS,raw,0.333984375,0.0006776310758752
HR LS,raw,0.337890625,-0.0003941281955277
HR LS,raw,0.341796875,-0.0002433369206787
HR LS,raw,0.345703125,0.0005135779138108
HR LS,raw,0.349609375,-4.5440134506221155e-05
HR LS,raw,0.353515625,0.0001664084232411
HR LS,raw,0.357421875,0.0001567370747812
HR LS,raw,0.361328125,8.816798004500186e-05
HR LS,raw,0.365234375,0.0005281959514743
HR LS,raw,0.369140625,0.0013991142417881
HR LS,raw,0.373046875,0.0005406705230764
HR LS,raw,0.376953125,0.0019049754455186
HR LS,raw,0.380859375,0.0024106937692022
HR LS,raw,0.384765625,0.001931187958682
HR LS,raw,0.388671875,0.0012687551670652
HR LS,raw,0.392578125,0.0012884251907707
HR LS,raw,0.396484375,0.0017968840388865
HR LS,raw,0.400390625,0.0024022915012636
HR LS,raw,0.404296875,0.0027580339716207
HR LS,raw,0.408203125,0.0050094372620326
HR LS,raw,0.412109375,0.0048551161696272
HR LS,raw,0.416015625,0.0031382594571208
HR LS,raw,0.419921875,0.003302180081707
HR LS,raw,0.423828125,0.0032544301608793
HR LS,raw,0.427734375,0.0049883763584459
HR LS,raw,0.431640625,0.0033029751191248
HR LS,raw,0.435546875,0.0034019170039455
HR LS,raw,0.439453125,0.0033159722874028
HR LS,raw,0.443359375,0.0031839212138451
HR LS,raw,0.447265625,0.0016181169518028
HR LS,raw,0.451171875,0.0051006833191215
HR LS,raw,0.455078125,0.0054560549869507
HR LS,raw,0.458984375,0.0049998375277958
HR LS,raw,0.462890625,0.007156465713846
HR LS,raw,0.466796875,0.007066340503752
HR LS,raw,0.470703125,0.0056742973517257
HR LS,raw,0.474609375,0.0046913449662051
HR LS,raw,0.478515625,0.0100330585800112
HR LS,raw,0.482421875,0.0038286993276237
HR LS,raw,0.486328125,0.0061284736218229
HR LS,raw,0.490234375,0.0088727883041754
HR LS,raw,0.494140625,0.0075591308507805
HR LS,raw,0.498046875,0.0105261055411068
HR LS,raw,0.501953125,0.0069876183201697
HR LS,raw,0.505859375,0.0060956579192308
HR LS,raw,0.509765625,0.0074120953115553
HR LS,raw,0.513671875,0.0083599215836987
HR LS,raw,0.517578125,0.0093152636084595
HR LS,raw,0.521484375,0.0077929893808793
HR LS,raw,0.525390625,0.0098655976667462
HR LS,raw,0.529296875,0.0065726295105515
HR LS,raw,0.533203125,0.0077146460652833
HR LS,raw,0.537109375,0.0099073771549584
HR LS,raw,0.541015625,0.0078307920067012
HR LS,raw,0.544921875,0.0115199229265794
HR LS,raw,0.548828125,0.0071865594691408
HR LS,raw,0.552734375,0.0119557968444882
HR LS,raw,0.556640625,0.013069645713908
HR LS,raw,0.560546875,0.0137932523718998
HR LS,raw,0.564453125,0.0144599502336465
HR LS,raw,0.568359375,0.0146959108330675
HR LS,raw,0.572265625,0.0137053763596427
HR LS,raw,0.576171875,0.0113917444893079
HR LS,raw,0.580078125,0.0062980404225424
HR LS,raw,0.583984375,0.0090334984818487
HR LS,raw,0.587890625,0.0141676964264267
HR LS,raw,0.591796875,0.0151905891121699
HR LS,raw,0.595703125,0.0086562983667829
HR LS,raw,0.599609375,0.0107189855611878
HR LS,raw,0.603515625,0.0164770806817003
HR LS,raw,0.607421875,0.0183676597415263
HR LS,raw,0.611328125,0.0191740649624582
HR LS,raw,0.615234375,0.0142528737739311
HR LS,raw,0.619140625,0.0106495220475309
HR LS,raw,0.623046875,0.0086001315030082
HR LS,raw,0.626953125,0.0169864674604596
HR LS,raw,0.630859375,0.0112412429222034
HR LS,raw,0.634765625,0.0119809899320839
HR LS,raw,0.638671875,0.0174779911363657
HR LS,raw,0.642578125,0.0169394112257022
HR LS,raw,0.646484375,0.0156744537519516
HR LS,raw,0.650390625,0.0094786401111546
HR LS,raw,0.654296875,0.0179608416828798
HR LS,raw,0.658203125,0.0123406988994036
HR LS,raw,0.662109375,0.0136367233802404
HR LS,raw,0.666015625,0.0167612129377401
HR LS,raw,0.669921875,0.0164924876605302
HR LS,raw,0.673828125,0.0135282790534079
HR LS,raw,0.677734375,0.0154082617578576
HR LS,raw,0.681640625,0.0099146176807859
HR LS,raw,0.685546875,0.0159019762299132
HR LS,raw,0.689453125,0.0154750914913856
HR LS,raw,0.693359375,0.014522221137487
HR LS,raw,0.697265625,0.0082693217540976
HR LS,raw,0.701171875,0.0163070342668533
HR LS,raw,0.705078125,0.00953980525766
HR LS,raw,0.708984375,0.0164612334115831
HR LS,raw,0.712890625,0.0160092320980777
HR LS,raw,0.716796875,0.0170162064772337
HR LS,raw,0.720703125,0.0206491555489683
HR LS,raw,0.724609375,0.0123857918646636
HR LS,raw,0.728515625,0.0220031989604393
HR LS,raw,0.732421875,0.011470442762463
HR LS,raw,0.736328125,0.0144331890487001
HR LS,raw,0.740234375,0.0208997365448899
HR LS,raw,0.744140625,0.0115918086919756
HR LS,raw,0.748046875,0.0157650853829522
HR LS,raw,0.751953125,0.0181659749878732
HR LS,raw,0.755859375,0.0203218391520708
HR LS,raw,0.759765625,0.0145454186801637
HR LS,raw,0.763671875,0.018410204667338
HR LS,raw,0.767578125,0.0060282585236181
HR LS,raw,0.771484375,0.0128504370997504
HR LS,raw,0.775390625,0.0113158811097396
HR LS,raw,0.779296875,0.0102988880081423
HR LS,raw,0.783203125,0.0185980865214032
HR LS,raw,0.787109375,0.0090454893911817
HR LS,raw,0.791015625,0.0118808903430392
HR LS,raw,0.794921875,0.0167663554643891
HR LS,raw,0.798828125,0.0107218934699908
HR LS,raw,0.802734375,0.0154642126297026
HR LS,raw,0.806640625,0.0145512829734687
HR LS,raw,0.810546875,0.0167374352888214
HR LS,raw,0.814453125,0.0155589301355475
HR LS,raw,0.818359375,0.0121788203350808
HR LS,raw,0.822265625,0.0142798989995854
HR LS,raw,0.826171875,0.0163406420787091
HR LS,raw,0.830078125,0.0077348708459905
HR LS,raw,0.833984375,0.0169816140308352
HR LS,raw,0.837890625,0.0135175724559006
HR LS,raw,0.841796875,0.0180658666506643
HR LS,raw,0.845703125,0.0156889600145172
HR LS,raw,0.849609375,0.0145413302718922
HR LS,raw,0.853515625,0.0144180300285339
HR LS,raw,0.857421875,0.0142623866684611
HR LS,raw,0.861328125,0.0162741813109803
HR LS,raw,0.865234375,0.0117724767958407
HR LS,raw,0.869140625,0.0140547676237537
HR LS,raw,0.873046875,0.0138591556548212
HR LS,raw,0.876953125,0.0100306272658798
HR LS,raw,0.880859375,0.0120549485098709
HR LS,raw,0.884765625,0.0170437592147658
HR LS,raw,0.888671875,0.0174655596466361
HR LS,raw,0.892578125,0.0141454106111012
HR LS,raw,0.896484375,0.0176871207704022
HR LS,raw,0.900390625,0.0213315869060925
HR LS,raw,0.904296875,0.0190066639604898
HR LS,raw,0.908203125,0.0128156064885823
HR LS,raw,0.912109375,0.0119327920452283
HR LS,raw,0.916015625,0.0127426876995355
HR LS,raw,0.919921875,0.0151058914096765
HR LS,raw,0.923828125,0.0132969460415909
HR LS,raw,0.927734375,0.0142142433137267
HR LS,raw,0.931640625,0.0095220814026688
HR LS,raw,0.935546875,0.0073974567630749
HR LS,raw,0.939453125,0.0080846704449019
HR LS,raw,0.943359375,0.0154582485266271
HR LS,raw,0.947265625,0.0151389724009304
HR LS,raw,0.951171875,0.0129764552679192
HR LS,raw,0.955078125,0.0221482747399964
HR LS,raw,0.958984375,0.018723822791117
HR LS,raw,0.962890625,0.0159266499720681
HR LS,raw,0.966796875,0.0194927266210015
HR LS,raw,0.970703125,0.0178861690456216
HR LS,raw,0.974609375,0.0206999231528547
HR LS,raw,0.978515625,0.0154581894035493
HR LS,raw,0.982421875,0.0129553732374799
HR LS,raw,0.986328125,0.0135498665041607
HR LS,raw,0.990234375,0.0090098094662435
HR LS,raw,0.994140625,0.0141740086904559
HR LS,raw,0.998046875,0.0128516069343351
HR LS,raw,1.001953125,0.0079561336963188
HR LS,raw,1.005859375,0.0140979069684131
HR LS,raw,1.009765625,0.0112870334947801
HR LS,raw,1.013671875,0.0122679810227356
HR LS,raw,1.017578125,0.0137029161424376
HR LS,raw,1.021484375,0.0163827178563848
HR LS,raw,1.025390625,0.0102282304289716
HR LS,raw,1.029296875,0.0143590904959205
HR LS,raw,1.033203125,0.0107273721570171
HR LS,raw,1.037109375,0.012793532424038
HR LS,raw,1.041015625,0.0152799072301961
HR LS,raw,1.044921875,0.0120704127942348
HR LS,raw,1.048828125,0.0106186581688437
HR LS,raw,1.052734375,0.0111817017830114
HR LS,raw,1.056640625,0.0118220686019314
HR LS,raw,1.060546875,0.0102122634785019
HR LS,raw,1.064453125,0.0108821518129529
HR LS,raw,1.068359375,0.0195796153358844
HR LS,raw,1.072265625,0.0180691446882799
HR LS,raw,1.076171875,0.0081540526756744
HR LS,raw,1.080078125,0.0135391131701698
HR LS,raw,1.083984375,0.0098803041853504
HR LS,raw,1.087890625,0.0166771734919758
HR LS,raw,1.091796875,0.0199576633853893
HR LS,raw,1.095703125,0.0079221970884842
HR LS,raw,1.099609375,0.0141783789439633
HR LS,raw,1.103515625,0.0183363887819638
HR LS,raw,1.107421875,0.0195891116384381
HR LS,raw,1.111328125,0.0112439857886315
HR LS,raw,1.115234375,0.0122898990239744
HR LS,raw,1.119140625,0.0140094523711531
HR LS,raw,1.123046875,0.0153551030748499
HR LS,raw,1.126953125,0.0210560778328004
HR LS,raw,1.130859375,0.0197879139234377
HR LS,raw,1.134765625,0.0182166420247623
HR LS,raw,1.138671875,0.0215791481974078
HR LS,raw,1.142578125,0.0200740624432779
HR LS,raw,1.146484375,0.0276924358524171
HR LS,raw,1.150390625,0.027107501302437
HR LS,raw,1.154296875,0.0289021859535794
HR LS,raw,1.158203125,0.0398824506492746
HR LS,raw,1.162109375,0.0545922762228797
HR LS,raw,1.166015625,0.0607442644274551
HR LS,raw,1.169921875,0.0423361345072385
HR LS,raw,1.173828125,0.0308229504371341
HR LS,raw,1.177734375,0.0234345211638169
HR LS,raw,1.181640625,0.0192314628016445
HR LS,raw,1.185546875,0.0225723107221802
HR LS,raw,1.189453125,0.0195690403368154
HR LS,raw,1.193359375,0.0107807800139467
HR LS,raw,1.197265625,0.0147309945562514
HR LS,raw,1.201171875,0.0181009391762963
HR LS,raw,1.205078125,0.0117704364919483
HR LS,raw,1.208984375,0.0147383830660505
HR LS,raw,1.212890625,0.0163281383362556
HR LS,raw,1.216796875,0.010472220541093
HR LS,raw,1.220703125,0.0126262345322224
HR LS,raw,1.224609375,0.0150240112940945
HR LS,raw,1.228515625,0.0193536515615706
HR LS,raw,1.232421875,0.012204717916965
HR LS,raw,1.236328125,0.014681538418947
HR LS,raw,1.240234375,0.0177232506347776
HR LS,raw,1.244140625,0.0090221593147194
HR LS,raw,1.248046875,0.0163055831041231
HR LS,raw,1.251953125,0.0091389653310078
HR LS,raw,1.255859375,0.0116141033333718
HR LS,raw,1.259765625,0.0158517361393796
HR LS,raw,1.263671875,0.0085128808720832
HR LS,raw,1.267578125,0.0100855780314727
HR LS,raw,1.271484375,0.0130483834231451
HR LS,raw,1.275390625,0.010789660438856
HR LS,raw,1.279296875,0.0102889424363917
HR LS,raw,1.283203125,0.0141826453037318
HR LS,raw,1.287109375,0.0114393749029592
HR LS,raw,1.291015625,0.0088567357622178
HR LS,raw,1.294921875,0.0102109020266941
HR LS,raw,1.298828125,0.0043308003730584
HR LS,raw,1.302734375,0.0080846407597768
HR LS,raw,1.306640625,0.0101490507808171
HR LS,raw,1.310546875,0.005221683314108
HR LS,raw,1.314453125,0.0102834390712348
HR LS,raw,1.318359375,0.0047581524854938
HR LS,raw,1.322265625,0.009331223454543
HR LS,raw,1.326171875,0.009266485472358
HR LS,raw,1.330078125,0.0143881151223887
HR LS,raw,1.333984375,0.0099066750119349
HR LS,raw,1.337890625,0.0073956974497343
HR LS,raw,1.341796875,0.009548859221217
HR LS,raw,1.345703125,0.0053075367957264
HR LS,raw,1.349609375,0.0057058250418112
HR LS,raw,1.353515625,0.0073629027442878
HR LS,raw,1.357421875,0.0045541105886804
HR LS,raw,1.361328125,0.0069341410092643
HR LS,raw,1.365234375,0.005227457589442
HR LS,raw,1.369140625,0.0057279674845788
HR LS,raw,1.373046875,0.0048755986925502
HR LS,raw,1.376953125,0.001574129725517
HR LS,raw,1.380859375,0.0061697047824845
HR LS,raw,1.384765625,0.0015306508761703
HR LS,raw,1.388671875,0.0029939865629497
HR LS,raw,1.392578125,0.0040363971113678
HR LS,raw,1.396484375,0.0036674909426544
HR LS,raw,1.400390625,0.0020542970316258
HR LS,raw,1.404296875,0.0083531639713185
HR LS,raw,1.408203125,0.0043369787082827
HR LS,raw,1.412109375,0.0068391472988091
HR LS,raw,1.416015625,0.0044066080419554
HR LS,raw,1.419921875,0.000612793647762
HR LS,raw,1.423828125,0.0009371159838117
HR LS,raw,1.427734375,0.0033360079383434
HR LS,raw,1.431640625,0.0024235696792712
HR LS,raw,1.435546875,0.00297203462346
HR LS,raw,1.439453125,0.0033631513176661
HR LS,raw,1.443359375,0.0038434568087255
HR LS,raw,1.447265625,0.0031262473256484
HR LS,raw,1.451171875,0.0028285197921719
HR LS,raw,1.455078125,-0.0013446211988072
HR LS,raw,1.458984375,0.0031685504177356
HR LS,raw,1.462890625,-0.0003484702046902
HR LS,raw,1.466796875,0.0009229961281098
HR LS,raw,1.470703125,-0.0010680247509445
HR LS,raw,1.474609375,0.0038950210036394
HR LS,raw,1.478515625,0.0012060101303132
HR LS,raw,1.482421875,0.0024364432573756
HR LS,raw,1.486328125,-0.0013243908485708
HR LS,raw,1.490234375,-0.0013677436316549
HR LS,raw,1.494140625,0.0023873775984583
HR LS,raw,1.498046875,0.0002064412893646
HR LS,raw,1.501953125,4.0288132785334355e-05
HR LS,raw,1.505859375,0.0022973038447322
HR LS,raw,1.509765625,0.0010492959437835
HR LS,raw,1.513671875,0.0007338629038772
HR LS,raw,1.517578125,0.000387213726496
HR LS,raw,1.521484375,-0.0027922492660184
HR LS,raw,1.525390625,-0.0020314567089057
HR LS,raw,1.529296875,0.0006580314316543
HR LS,raw,1.533203125,0.0007714887852698
HR LS,raw,1.537109375,-0.001211403744456
HR LS,raw,1.541015625,0.000500469095006
HR LS,raw,1.544921875,-0.0005517042275085
HR LS,raw,1.548828125,-0.001001901309063
HR LS,raw,1.552734375,0.0018126747083309
HR LS,raw,1.556640625,-0.0015843349306308
HR LS,raw,1.560546875,-0.0006803402906886
HR LS,raw,1.564453125,-0.0004696894546303
HR LS,raw,1.568359375,3.989595612498428e-06
HR LS,raw,1.572265625,-0.0011661457053295
HR LS,raw,1.576171875,-0.0003853941717831
HR LS,raw,1.580078125,-0.0013310465275056
HR LS,raw,1.583984375,-0.0013500343358374
HR LS,raw,1.587890625,-0.000873642031969
HR LS,raw,1.591796875,-0.0001643884488873
HR LS,raw,1.595703125,-0.0006327419375911
HR LS,raw,1.599609375,0.0003731390762985
HR LS,raw,1.603515625,0.0008981282509241
HR LS,raw,1.607421875,-0.0008243714832366
HR LS,raw,1.611328125,0.0012553829270296
HR LS,raw,1.615234375,-0.0008471716286744
HR LS,raw,1.619140625,8.122495745956277e-06
HR LS,raw,1.623046875,0.0022714408781187
HR LS,raw,1.626953125,-0.0001258267446678
HR LS,raw,1.630859375,-0.0005448017274553
HR LS,raw,1.634765625,0.0004142331523074
HR LS,raw,1.638671875,-0.0002507335669579
HR LS,raw,1.642578125,-0.0007073771575665
HR LS,raw,1.646484375,-0.0003318795043192
HR LS,raw,1.650390625,-0.000348616110804
HR LS,raw,1.654296875,-6.680924420642735e-05
HR LS,raw,1.658203125,-0.0011133720699417
HR LS,raw,1.662109375,-0.0003050896487716
HR LS,raw,1.666015625,-0.0009968923493885
HR LS,raw,1.669921875,-0.000920155114816
HR LS,raw,1.673828125,-0.0008745519887021
HR LS,raw,1.677734375,0.0004295383785691
HR LS,raw,1.681640625,-0.0013130694066444
HR LS,raw,1.685546875,0.0002420342154107
HR LS,raw,1.689453125,0.0005648570070316
HR LS,raw,1.693359375,0.0003875870298931
HR LS,raw,1.697265625,0.0002935763850991
HR LS,raw,1.701171875,-0.0005404555560261
HR LS,raw,1.705078125,-7.163628991548678e-05
HR LS,raw,1.708984375,0.0001697807394243
HR LS,raw,1.712890625,0.0013213920018728
HR LS,raw,1.716796875,8.836621697969684e-05
HR LS,raw,1.720703125,5.666758089899486e-06
HR LS,raw,1.724609375,-0.0002991709008611
HR LS,raw,1.728515625,0.0007714130604515
HR LS,raw,1.732421875,0.0001294085091595
HR LS,raw,1.736328125,0.0008234399833433
HR LS,raw,1.740234375,0.000766185458791
HR LS,raw,1.744140625,-0.0009533068328671
HR LS,raw,1.748046875,0.0002176190558212
HR LS,raw,1.751953125,0.0006103881148617
HR LS,raw,1.755859375,0.0003188772493458
HR LS,raw,1.759765625,0.0001229377429968
HR LS,raw,1.763671875,0.0018744473909628
HR LS,raw,1.767578125,-0.0004790254374575
HR LS,raw,1.771484375,0.0015553830905799
HR LS,raw,1.775390625,0.0018476502619698
HR LS,raw,1.779296875,-0.0010906808091337
HR LS,raw,1.783203125,5.434755655353845e-05
HR LS,raw,1.787109375,0.0015686751702475
HR LS,raw,1.791015625,-0.0009358663892447
HR LS,raw,1.794921875,0.0001021092635417
HR LS,raw,1.798828125,-0.0004704530831173
HR LS,raw,1.802734375,0.0018668347735888
HR LS,raw,1.806640625,0.0019359100837345
HR LS,raw,1.810546875,0.0010077469736143
HR LS,raw,1.814453125,0.00099422054653
HR LS,raw,1.818359375,0.0002962002161199
HR LS,raw,1.822265625,0.0010002580161449
HR LS,raw,1.826171875,0.0007291730298521
HR LS,raw,1.830078125,0.0005543124395539
HR LS,raw,1.833984375,0.0001705630968614
HR LS,raw,1.837890625,0.0013347604363328
HR LS,raw,1.841796875,-0.0004149052916314
HR LS,raw,1.845703125,-3.580991199282376e-05
HR LS,raw,1.849609375,0.0010394812007979
HR LS,raw,1.853515625,-0.0005234265107935
HR LS,raw,1.857421875,-0.000162333119853
HR LS,raw,1.861328125,-8.439307741403275e-05
HR LS,raw,1.865234375,-0.0003137503780612
HR LS,raw,1.869140625,0.0001370383073411
HR LS,raw,1.873046875,0.0004079843360496
HR LS,raw,1.876953125,0.0004929978374099
HR LS,raw,1.880859375,0.0003786675547808
HR LS,raw,1.884765625,0.000710182597858
HR LS,raw,1.888671875,0.0003423913367899
HR LS,raw,1.892578125,0.0015748123524023
HR LS,raw,1.896484375,0.0004981886666947
HR LS,raw,1.900390625,-9.671745827765256e-05
HR LS,raw,1.904296875,0.0010343965067988
HR LS,raw,1.908203125,0.0011269429123546
HR LS,raw,1.912109375,-9.78790656462104e-05
HR LS,raw,1.916015625,0.0020357674426774
HR LS,raw,1.919921875,-0.0006977284664997
HR LS,raw,1.923828125,0.0019414407068126
HR LS,raw,1.927734375,0.0004588077735008
HR LS,raw,1.931640625,0.0008352411245373
HR LS,raw,1.935546875,0.0020340679750293
HR LS,raw,1.939453125,0.0002786024908189
HR LS,raw,1.943359375,0.0009302183384861
HR LS,raw,1.947265625,0.0002816928394881
HR LS,raw,1.951171875,-0.0004508351922548
HR LS,raw,1.955078125,0.0013934484719273
HR LS,raw,1.958984375,-0.0002434272621916
HR LS,raw,1.962890625,-0.0003060862562077
HR LS,raw,1.966796875,0.0006689150595455
HR LS,raw,1.970703125,0.0003592862498101
HR LS,raw,1.974609375,-0.0007831784034607
HR LS,raw,1.978515625,0.0015549170108005
HR LS,raw,1.982421875,-0.001450933613697
HR LS,raw,1.986328125,0.0007480872687832
HR LS,raw,1.990234375,-0.0012996659067645
HR LS,raw,1.994140625,0.0005668890123124
HR LS,raw,1.998046875,-0.000668237344886
HR LS,raw,2.001953125,0.0005760191011601
HR LS,raw,2.005859375,0.000549503898399
HR LS,raw,2.009765625,0.0018023877382272
HR LS,raw,2.013671875,0.0015705183893349
HR LS,raw,2.017578125,-0.0007558623924151
HR LS,raw,2.021484375,0.0005486138982818
HR LS,raw,2.025390625,0.0018080096891614
HR LS,raw,2.029296875,0.0012852762825869
HR LS,raw,2.033203125,0.0017478760952856
HR LS,raw,2.037109375,0.0016671198549829
HR LS,raw,2.041015625,0.0020784580955042
HR LS,raw,2.044921875,0.0003433510045328
HR LS,raw,2.048828125,0.0017947424360451
HR LS,raw,2.052734375,-0.0001440854832977
HR LS,raw,2.056640625,0.001778093261437
HR LS,raw,2.060546875,-0.0001564183509741
HR LS,raw,2.064453125,0.0007497279267995
HR LS,raw,2.068359375,0.0012154497379903
HR LS,raw,2.072265625,-0.0011989329139466
HR LS,raw,2.076171875,0.0019448019696168
HR LS,raw,2.080078125,0.001476201529463
HR LS,raw,2.083984375,0.0013612136018979
HR LS,raw,2.087890625,0.001332639151419
HR LS,raw,2.091796875,-0.0002611669943509
HR LS,raw,2.095703125,-0.0004522173498391
HR LS,raw,2.099609375,0.0003090644377537
HR LS,raw,2.103515625,0.0001771898178372
HR LS,raw,2.107421875,0.0009588575881344
HR LS,raw,2.111328125,-0.0002640573591227
HR LS,raw,2.115234375,0.0011128919974837
HR LS,raw,2.119140625,0.00079605576613
HR LS,raw,2.123046875,0.0012039779867144
HR LS,raw,2.126953125,0.0015295366567811
HR LS,raw,2.130859375,0.0023701078075505
HR LS,raw,2.134765625,0.00137649401874
HR LS,raw,2.138671875,0.0011902262487857
HR LS,raw,2.142578125,-0.0002724789455403
HR LS,raw,2.146484375,0.0013200926961632
HR LS,raw,2.150390625,0.0004890013543473
HR LS,raw,2.154296875,-0.0001549373936483
HR LS,raw,2.158203125,0.0002274972738684
HR LS,raw,2.162109375,0.0023454410084288
HR LS,raw,2.166015625,0.0003626990477046
HR LS,raw,2.169921875,0.0019589199649337
HR LS,raw,2.173828125,-0.0003753950096769
HR LS,raw,2.177734375,0.0010453294854139
HR LS,raw,2.181640625,-0.0001153061797265
HR LS,raw,2.185546875,-0.0001949402230485
HR LS,raw,2.189453125,-0.0001272855506938
HR LS,raw,2.193359375,0.0005194426413898
HR LS,raw,2.197265625,5.887101040761309e-05
HR LS,raw,2.201171875,0.0012000061866175
HR LS,raw,2.205078125,-0.0008787142570197
HR LS,raw,2.208984375,0.0009952554330385
HR LS,raw,2.212890625,-0.0013184943506573
HR LS,raw,2.216796875,0.0006558739611691
HR LS,raw,2.220703125,0.0010034701812229
HR LS,raw,2.224609375,0.0001582429670997
HR LS,raw,2.228515625,-0.0008015270367575
HR LS,raw,2.232421875,-0.001569034858671
HR LS,raw,2.236328125,-0.0002824409609958
HR LS,raw,2.240234375,0.0012763716722562
HR LS,raw,2.244140625,0.0005808145510857
HR LS,raw,2.248046875,0.001219745295087
HR LS,raw,2.251953125,0.0012700122879921
HR LS,raw,2.255859375,0.0006707817080957
HR LS,raw,2.259765625,0.0016920673961422
HR LS,raw,2.263671875,-0.0002171369179654
HR LS,raw,2.267578125,-0.0015400935622313
HR LS,raw,2.271484375,0.0006169091648764
HR LS,raw,2.275390625,-8.510509235706972e-05
HR LS,raw,2.279296875,0.0006760556139563
HR LS,raw,2.283203125,0.0017768931473198
HR LS,raw,2.287109375,-0.0004809602079648
HR LS,raw,2.291015625,0.0003839706977027
HR LS,raw,2.294921875,-0.0004225217629006
HR LS,raw,2.298828125,0.0007241641745963
HR LS,raw,2.302734375,0.0012328120097071
HR LS,raw,2.306640625,-9.386403081099971e-05
HR LS,raw,2.310546875,-0.001182312363144
HR LS,raw,2.314453125,-0.0006042564989145
HR LS,raw,2.318359375,-0.0013055489919128
HR LS,raw,2.322265625,-0.0004757388869166
HR LS,raw,2.326171875,0.000549807856817
HR LS,raw,2.330078125,0.0008826563469795
HR LS,raw,2.333984375,-0.0009581315392285
HR LS,raw,2.337890625,0.0005189170934416
HR LS,raw,2.341796875,0.0010574592760074
HR LS,raw,2.345703125,3.188322255889614e-05
HR LS,raw,2.349609375,0.0016244435224965
HR LS,raw,2.353515625,-0.0005050592741085
HR LS,raw,2.357421875,-0.0017667393993211
HR LS,raw,2.361328125,0.0002764011076929
HR LS,raw,2.365234375,-0.0019826814932537
HR LS,raw,2.369140625,-0.000679033567975
HR LS,raw,2.373046875,-0.0012521412684678
HR LS,raw,2.376953125,0.0009533410494355
HR LS,raw,2.380859375,0.0012704053780218
HR LS,raw,2.384765625,0.0002141963825388
HR LS,raw,2.388671875,0.00037541435264
HR LS,raw,2.392578125,0.0001809649359136
HR LS,raw,2.396484375,0.0005067987912932
HR LS,raw,2.400390625,-6.117384496873721e-05
HR LS,raw,2.404296875,0.0007387883960754
HR LS,raw,2.408203125,-0.0008571313070169
HR LS,raw,2.412109375,0.0003629879131708
HR LS,raw,2.416015625,-0.0008103018283503
HR LS,raw,2.419921875,3.587666701927706e-05
HR LS,raw,2.423828125,0.0011295312723982
HR LS,raw,2.427734375,-0.0005845593947617
HR LS,raw,2.431640625,-0.0012386531083507
HR LS,raw,2.435546875,-0.0006877588265608
HR LS,raw,2.439453125,0.0009263102118531
HR LS,raw,2.443359375,0.0010295372013986
HR LS,raw,2.447265625,0.0017589482964999
HR LS,raw,2.451171875,-0.000276387864719
HR LS,raw,2.455078125,0.0003750287087849
HR LS,raw,2.458984375,-4.2658818313631806e-05
HR LS,raw,2.462890625,-0.0006289811511689
HR LS,raw,2.466796875,0.0010803500917535
HR LS,raw,2.470703125,0.0010797022500139
HR LS,raw,2.474609375,0.0009373211319463
HR LS,raw,2.478515625,-0.0012998680120157
HR LS,raw,2.482421875,4.5074319444523767e-05
HR LS,raw,2.486328125,-5.1114533580472014e-05
HR LS,raw,2.490234375,0.0015467491733112
HR LS,raw,2.494140625,-0.0011764455477854
HR LS,raw,2.498046875,-0.0005861115275145
HR LS,trend,-0.5,0.0
HR LS,trend,-0.087890625,0.0
HR LS,trend,-0.087890625,1.1726226248798288
HR LS,trend,-0.083984375,1.1426257858896798
HR LS,trend,-0.072265625,1.0435849603561522
HR LS,trend,-0.068359375,1.008399844747128
HR LS,trend,-0.064453125,0.972626217485601
HR LS,trend,-0.060546875,0.9365188777612359
HR LS,trend,-0.056640625,0.9003275519849153
HR LS,trend,-0.052734375,0.8642700937235959
HR LS,trend,-0.048828125,0.8284471547625892
HR LS,trend,-0.044921875,0.792600491364226
HR LS,trend,-0.041015625,0.7552856287258343
HR LS,trend,-0.037109375,0.7115756232820586
HR LS,trend,-0.033203125,0.6575804940906476
HR LS,trend,-0.029296875,0.6033351844745348
HR LS,trend,-0.025390625,0.5436713426137412
HR LS,trend,-0.021484375,0.4939368029239972
HR LS,trend,-0.017578125,0.44756520244321124
HR LS,trend,-0.013671875,0.40438340132504824
HR LS,trend,-0.009765625,0.3646050506498357
HR LS,trend,-0.005859375,0.3284002885272723
HR LS,trend,-0.001953125,0.29578234616932897
HR LS,trend,0.001953125,0.2666812313555388
HR LS,trend,0.005859375,0.2409479693131344
HR LS,trend,0.009765625,0.21827216209442155
HR LS,trend,0.013671875,0.19826443231567195
HR LS,trend,0.017578125,0.18063356617560797
HR LS,trend,0.021484375,0.16503593172556436
HR LS,trend,0.025390625,0.15073817952313148
HR LS,trend,0.029296875,0.13674656319876582
HR LS,trend,0.033203125,0.12244726507010513
HR LS,trend,0.037109375,0.10773957774807928
HR LS,trend,0.041015625,0.09279370603162815
HR LS,trend,0.044921875,0.0779945029854031
HR LS,trend,0.048828125,0.06384988527842916
HR LS,trend,0.052734375,0.050857502332691526
HR LS,trend,0.056640625,0.039382508875562904
HR LS,trend,0.060546875,0.029679158869629133
HR LS,trend,0.064453125,0.0218611961434835
HR LS,trend,0.068359375,0.01586234106122977
HR LS,trend,0.072265625,0.011471439843103661
HR LS,trend,0.076171875,0.008371807351668979
HR LS,trend,0.080078125,0.006196108100464276
HR LS,trend,0.083984375,0.0045821445657834485
HR LS,trend,0.087890625,0.0032217437187188514
HR LS,trend,0.091796875,0.0019040672477397755
HR LS,trend,0.095703125,0.0005514147430332658
HR LS,trend,0.099609375,-0.0007781537883296003
HR LS,trend,0.103515625,-0.001947665108528714
HR LS,trend,0.107421875,-0.002823977397456689
HR LS,trend,0.111328125,-0.003353524617950339
HR LS,trend,0.115234375,-0.0036524646627945833
HR LS,trend,0.119140625,-0.0038344945151455655
HR LS,trend,0.123046875,-0.003959556482196891
HR LS,trend,0.126953125,-0.004056048838079754
HR LS,trend,0.130859375,-0.004136173737359163
HR LS,trend,0.134765625,-0.004204098876421423
HR LS,trend,0.138671875,-0.0042607791164725305
HR LS,trend,0.142578125,-0.004306168194946656
HR LS,trend,0.146484375,-0.004341308252578841
HR LS,trend,0.150390625,-0.004367183897222731
HR LS,trend,0.154296875,-0.004383948180496273
HR LS,trend,0.158203125,-0.004391496321650016
HR LS,trend,0.162109375,-0.00438945483516796
HR LS,trend,0.166015625,-0.004376551579934004
HR LS,trend,0.169921875,-0.00435149092276423
HR LS,trend,0.173828125,-0.004315280293069307
HR LS,trend,0.177734375,-0.004270043757558361
HR LS,trend,0.181640625,-0.0042174434517392514
HR LS,trend,0.185546875,-0.004159693318979213
HR LS,trend,0.189453125,-0.004097920092542291
HR LS,trend,0.193359375,-0.004032770192649387
HR LS,trend,0.197265625,-0.003966107696521086
HR LS,trend,0.201171875,-0.0038998753521728557
HR LS,trend,0.205078125,-0.0038347431864761993
HR LS,trend,0.208984375,-0.0037686584425483984
HR LS,trend,0.212890625,-0.00369920578580985
HR LS,trend,0.216796875,-0.00362480302094747
HR LS,trend,0.220703125,-0.003546223862583345
HR LS,trend,0.224609375,-0.003464190057108081
HR LS,trend,0.228515625,-0.0033793269084512138
HR LS,trend,0.232421875,-0.0032933056906997984
HR LS,trend,0.236328125,-0.0032074093241911458
HR LS,trend,0.240234375,-0.003122614132990643
HR LS,trend,0.244140625,-0.0030379322847719804
HR LS,trend,0.248046875,-0.00295235440016305
HR LS,trend,0.251953125,-0.00286461768964286
HR LS,trend,0.255859375,-0.0027734143045155006
HR LS,trend,0.259765625,-0.002677384830954138
HR LS,trend,0.263671875,-0.002576442494342921
HR LS,trend,0.267578125,-0.002472933192520466
HR LS,trend,0.271484375,-0.0023674840956363703
HR LS,trend,0.275390625,-0.0022597684174445838
HR LS,trend,0.279296875,-0.0021515139748543
HR LS,trend,0.283203125,-0.0020421474548346983
HR LS,trend,0.287109375,-0.0019304900743505825
HR LS,trend,0.291015625,-0.0018140827006717754
HR LS,trend,0.294921875,-0.0016917456336702874
HR LS,trend,0.298828125,-0.0015633186372702964
HR LS,trend,0.302734375,-0.0014287498563857466
HR LS,trend,0.306640625,-0.0012904603389786782
HR LS,trend,0.310546875,-0.0011509513681684771
HR LS,trend,0.314453125,-0.0010123049390842705
HR LS,trend,0.318359375,-0.0008754929265945538
HR LS,trend,0.322265625,-0.0007404930213533064
HR LS,trend,0.326171875,-0.0006061426800884668
HR LS,trend,0.330078125,-0.0004711379663145538
HR LS,trend,0.333984375,-0.0003333743317115987
HR LS,trend,0.337890625,-0.00019003616179716422
HR LS,trend,0.341796875,-4.1110394096169535e-05
HR LS,trend,0.345703125,0.00011103057412267559
HR LS,trend,0.349609375,0.000262512710297401
HR LS,trend,0.353515625,0.00041039943604181516
HR LS,trend,0.357421875,0.0005533980149478224
HR LS,trend,0.361328125,0.0006939816508529537
HR LS,trend,0.365234375,0.0008417153472460277
HR LS,trend,0.369140625,0.0010055202627892547
HR LS,trend,0.373046875,0.0011878341277722904
HR LS,trend,0.376953125,0.0013875944243555095
HR LS,trend,0.380859375,0.0016000343593506312
HR LS,trend,0.384765625,0.001820892015214013
HR LS,trend,0.388671875,0.0020422035590567703
HR LS,trend,0.392578125,0.0022565587430814606
HR LS,trend,0.396484375,0.0024573829780997975
HR LS,trend,0.400390625,0.0026380207893826665
HR LS,trend,0.404296875,0.002794175483628781
HR LS,trend,0.408203125,0.0029312734681908605
HR LS,trend,0.412109375,0.003060274490651456
HR LS,trend,0.416015625,0.0031915828857922925
HR LS,trend,0.419921875,0.0033350267109269445
HR LS,trend,0.423828125,0.0034961973922337736
HR LS,trend,0.427734375,0.0036731652391562577
HR LS,trend,0.431640625,0.0038577915920707563
HR LS,trend,0.435546875,0.004045653463410021
HR LS,trend,0.439453125,0.0042277754838701016
HR LS,trend,0.443359375,0.004401895677748049
HR LS,trend,0.447265625,0.004576208457835336
HR LS,trend,0.451171875,0.004762554391669957
HR LS,trend,0.455078125,0.004975339162653442
HR LS,trend,0.458984375,0.005216509994055834
HR LS,trend,0.462890625,0.005474900285640336
HR LS,trend,0.466796875,0.00573999333702138
HR LS,trend,0.470703125,0.006007401578115606
HR LS,trend,0.474609375,0.006274103656363567
HR LS,trend,0.478515625,0.006533924880464018
HR LS,trend,0.482421875,0.006779302719201048
HR LS,trend,0.486328125,0.0069989844711703655
HR LS,trend,0.490234375,0.007187823753638254
HR LS,trend,0.494140625,0.007350358449296271
HR LS,trend,0.498046875,0.007495635403676742
HR LS,trend,0.501953125,0.007638166291047231
HR LS,trend,0.505859375,0.0077802673381764005
HR LS,trend,0.509765625,0.00792842412247431
HR LS,trend,0.513671875,0.008094268515442465
HR LS,trend,0.517578125,0.008286567341455038
HR LS,trend,0.521484375,0.008512546155999808
HR LS,trend,0.525390625,0.008778092408218238
HR LS,trend,0.529296875,0.009080513890802389
HR LS,trend,0.533203125,0.009399506411459584
HR LS,trend,0.537109375,0.009713044726677778
HR LS,trend,0.541015625,0.010004924965453854
HR LS,trend,0.544921875,0.010272285124186663
HR LS,trend,0.548828125,0.010520600246696868
HR LS,trend,0.552734375,0.01074387363007346
HR LS,trend,0.556640625,0.010947791411658327
HR LS,trend,0.560546875,0.011155332058018972
HR LS,trend,0.564453125,0.011391705145637991
HR LS,trend,0.568359375,0.011670187161834624
HR LS,trend,0.572265625,0.011978037544033383
HR LS,trend,0.576171875,0.0122804717014185
HR LS,trend,0.580078125,0.012537797837603906
HR LS,trend,0.583984375,0.012736733241999436
HR LS,trend,0.587890625,0.0128732201141204
HR LS,trend,0.591796875,0.012954131061698883
HR LS,trend,0.595703125,0.013007030556962182
HR LS,trend,0.599609375,0.013063761956145859
HR LS,trend,0.603515625,0.013154610132804632
HR LS,trend,0.607421875,0.013287160426773071
HR LS,trend,0.611328125,0.01346173184932775
HR LS,trend,0.615234375,0.013659289225511606
HR LS,trend,0.619140625,0.013849701423378649
HR LS,trend,0.623046875,0.0140085522314997
HR LS,trend,0.626953125,0.014123392804658307
HR LS,trend,0.630859375,0.014195877861592534
HR LS,trend,0.634765625,0.01423887134647785
HR LS,trend,0.638671875,0.01425639546382404
HR LS,trend,0.642578125,0.014254885827539334
HR LS,trend,0.646484375,0.014249119967044319
HR LS,trend,0.650390625,0.014259641805210355
HR LS,trend,0.654296875,0.014287258000493396
HR LS,trend,0.658203125,0.014320897072790603
HR LS,trend,0.662109375,0.014332788311351085
HR LS,trend,0.666015625,0.014309441036100434
HR LS,trend,0.669921875,0.014261347074203396
HR LS,trend,0.673828125,0.014216656309726404
HR LS,trend,0.677734375,0.014203642174697101
HR LS,trend,0.681640625,0.014225556827487811
HR LS,trend,0.685546875,0.014293493289476622
HR LS,trend,0.689453125,0.014398524461807758
HR LS,trend,0.693359375,0.014517888269092508
HR LS,trend,0.697265625,0.01463863709649389
HR LS,trend,0.701171875,0.014748845163654037
HR LS,trend,0.705078125,0.01485464790505279
HR LS,trend,0.708984375,0.014965246527973042
HR LS,trend,0.712890625,0.015102354120298886
HR LS,trend,0.716796875,0.015272862665555002
HR LS,trend,0.720703125,0.015464633432276874
HR LS,trend,0.724609375,0.01564051335437406
HR LS,trend,0.728515625,0.01577070851622284
HR LS,trend,0.732421875,0.015834819914439892
HR LS,trend,0.736328125,0.015824745759116472
HR LS,trend,0.740234375,0.015743270106443802
HR LS,trend,0.744140625,0.01558732487307363
HR LS,trend,0.748046875,0.015366114387196955
HR LS,trend,0.751953125,0.015112846063486765
HR LS,trend,0.755859375,0.014850606267740965
HR LS,trend,0.759765625,0.014608136567600785
HR LS,trend,0.763671875,0.014399199237994091
HR LS,trend,0.767578125,0.014230001585074106
HR LS,trend,0.771484375,0.014092573588197021
HR LS,trend,0.775390625,0.013970680711284746
HR LS,trend,0.779296875,0.013860953735509001
HR LS,trend,0.783203125,0.013758892312865477
HR LS,trend,0.787109375,0.01366795309395745
HR LS,trend,0.791015625,0.013598507815345409
HR LS,trend,0.794921875,0.013560343993187497
HR LS,trend,0.798828125,0.013581246337464142
HR LS,trend,0.802734375,0.013670272110078955
HR LS,trend,0.806640625,0.013811555438889579
HR LS,trend,0.810546875,0.01397489293140863
HR LS,trend,0.814453125,0.014134740662015127
HR LS,trend,0.818359375,0.01427173852012945
HR LS,trend,0.822265625,0.014381216934545844
HR LS,trend,0.826171875,0.014458947201699941
HR LS,trend,0.830078125,0.014501980427757674
HR LS,trend,0.833984375,0.014501237241867615
HR LS,trend,0.837890625,0.014452638424530952
HR LS,trend,0.841796875,0.014383409171497935
HR LS,trend,0.845703125,0.014323257313940522
HR LS,trend,0.849609375,0.014285790599902676
HR LS,trend,0.853515625,0.014290781497578122
HR LS,trend,0.857421875,0.014353171236017918
HR LS,trend,0.861328125,0.014470431098290616
HR LS,trend,0.865234375,0.014613064576795046
HR LS,trend,0.869140625,0.014744530764843444
HR LS,trend,0.873046875,0.014842144201708785
HR LS,trend,0.876953125,0.014895626782999064
HR LS,trend,0.880859375,0.014906927129195006
HR LS,trend,0.884765625,0.014896635415490737
HR LS,trend,0.888671875,0.014866854464879257
HR LS,trend,0.892578125,0.014808262197847527
HR LS,trend,0.896484375,0.014709900475042973
HR LS,trend,0.900390625,0.014583983740524883
HR LS,trend,0.904296875,0.01444968921729675
HR LS,trend,0.908203125,0.014318755530902613
HR LS,trend,0.912109375,0.014206907831201479
HR LS,trend,0.916015625,0.014120899500915846
HR LS,trend,0.919921875,0.014062999620072856
HR LS,trend,0.923828125,0.014035217331894369
HR LS,trend,0.927734375,0.014043309879934383
HR LS,trend,0.931640625,0.014103200562162738
HR LS,trend,0.935546875,0.01421451698663674
HR LS,trend,0.939453125,0.014359597369459727
HR LS,trend,0.943359375,0.014522891620344572
HR LS,trend,0.947265625,0.014692701120399238
HR LS,trend,0.951171875,0.014856574195414097
HR LS,trend,0.955078125,0.014994750842564655
HR LS,trend,0.958984375,0.01509162441527334
HR LS,trend,0.962890625,0.015151128604171974
HR LS,trend,0.966796875,0.015176547313206872
HR LS,trend,0.970703125,0.015163525963471657
HR LS,trend,0.974609375,0.015101490127626325
HR LS,trend,0.978515625,0.014981285487598698
HR LS,trend,0.982421875,0.014788657433504005
HR LS,trend,0.986328125,0.014529626583987472
HR LS,trend,0.990234375,0.014223590385725914
HR LS,trend,0.994140625,0.013897002105761032
HR LS,trend,0.998046875,0.013575819606026667
HR LS,trend,1.001953125,0.013281702150559205
HR LS,trend,1.005859375,0.013028781741442593
HR LS,trend,1.009765625,0.012817714140175117
HR LS,trend,1.013671875,0.01265221959828515
HR LS,trend,1.017578125,0.012535780774596625
HR LS,trend,1.021484375,0.012466318619131132
HR LS,trend,1.025390625,0.01245073726091992
HR LS,trend,1.029296875,0.012483113745629463
HR LS,trend,1.033203125,0.012542140878456606
HR LS,trend,1.037109375,0.012608462018240549
HR LS,trend,1.041015625,0.012665991548990532
HR LS,trend,1.044921875,0.01272037111479649
HR LS,trend,1.048828125,0.012777272374869064
HR LS,trend,1.052734375,0.012828838008439631
HR LS,trend,1.056640625,0.012881867968151165
HR LS,trend,1.060546875,0.012952150910990135
HR LS,trend,1.064453125,0.013059431824206505
HR LS,trend,1.068359375,0.013202966828226165
HR LS,trend,1.072265625,0.013368089592994726
HR LS,trend,1.076171875,0.013536772025680505
HR LS,trend,1.080078125,0.013706277899093032
HR LS,trend,1.083984375,0.013888911587082347
HR LS,trend,1.087890625,0.014099986559238836
HR LS,trend,1.091796875,0.014344149144683042
HR LS,trend,1.095703125,0.014618167756040242
HR LS,trend,1.099609375,0.01492255006645677
HR LS,trend,1.103515625,0.015279361476370878
HR LS,trend,1.107421875,0.01571417283253876
HR LS,trend,1.111328125,0.01625363732424298
HR LS,trend,1.115234375,0.016945849501414756
HR LS,trend,1.119140625,0.017861113378153177
HR LS,trend,1.123046875,0.019046268575160823
HR LS,trend,1.126953125,0.020484259769931595
HR LS,trend,1.130859375,0.022102909214019095
HR LS,trend,1.134765625,0.023781080657280025
HR LS,trend,1.138671875,0.025390713007205846
HR LS,trend,1.142578125,0.026823307546513513
HR LS,trend,1.146484375,0.028002088308389666
HR LS,trend,1.150390625,0.028890613286830905
HR LS,trend,1.154296875,0.02947581262223581
HR LS,trend,1.158203125,0.029763998076084337
HR LS,trend,1.162109375,0.029775801106410017
HR LS,trend,1.166015625,0.029555240127265178
HR LS,trend,1.169921875,0.029134389271877552
HR LS,trend,1.173828125,0.02850600595864517
HR LS,trend,1.177734375,0.027646189076958115
HR LS,trend,1.181640625,0.026538422259157986
HR LS,trend,1.185546875,0.02519893812401514
HR LS,trend,1.189453125,0.023667967810204377
HR LS,trend,1.193359375,0.022013917030114682
HR LS,trend,1.197265625,0.020336640080761487
HR LS,trend,1.201171875,0.018742623037653415
HR LS,trend,1.205078125,0.017351392222695942
HR LS,trend,1.208984375,0.016248326846666262
HR LS,trend,1.212890625,0.015453388618172352
HR LS,trend,1.216796875,0.014912208034290747
HR LS,trend,1.220703125,0.014523012924011192
HR LS,trend,1.224609375,0.014214881049707334
HR LS,trend,1.228515625,0.013958124002027185
HR LS,trend,1.232421875,0.013738822532461593
HR LS,trend,1.236328125,0.013543272456875165
HR LS,trend,1.240234375,0.013358407999019675
HR LS,trend,1.244140625,0.013175482641296659
HR LS,trend,1.248046875,0.012991243657247194
HR LS,trend,1.251953125,0.012793412200339067
HR LS,trend,1.255859375,0.012556031623502472
HR LS,trend,1.259765625,0.012274145149330529
HR LS,trend,1.263671875,0.011952494609317726
HR LS,trend,1.267578125,0.011596624569498093
HR LS,trend,1.271484375,0.011232137311617152
HR LS,trend,1.275390625,0.010877153311574543
HR LS,trend,1.279296875,0.010542041024550884
HR LS,trend,1.283203125,0.010235323122984596
HR LS,trend,1.287109375,0.009979117505034026
HR LS,trend,1.291015625,0.009775233930899171
HR LS,trend,1.294921875,0.009606983413638479
HR LS,trend,1.298828125,0.009463486069653164
HR LS,trend,1.302734375,0.009321446802520481
HR LS,trend,1.306640625,0.009169886064571801
HR LS,trend,1.310546875,0.009001757059325786
HR LS,trend,1.314453125,0.008809004795119927
HR LS,trend,1.318359375,0.008604998086488359
HR LS,trend,1.322265625,0.008403245906780623
HR LS,trend,1.326171875,0.00821296821839237
HR LS,trend,1.330078125,0.008039093140542708
HR LS,trend,1.333984375,0.00787371293211299
HR LS,trend,1.337890625,0.007698696501301518
HR LS,trend,1.341796875,0.0074928882547625995
HR LS,trend,1.345703125,0.007243892106250811
HR LS,trend,1.349609375,0.006948573866024908
HR LS,trend,1.353515625,0.006616718116246696
HR LS,trend,1.357421875,0.006257076266459846
HR LS,trend,1.361328125,0.005888670360030609
HR LS,trend,1.365234375,0.00553801378283637
HR LS,trend,1.369140625,0.005228607459294264
HR LS,trend,1.373046875,0.0049786906062839024
HR LS,trend,1.376953125,0.004782057598939968
HR LS,trend,1.380859375,0.004618502669586392
HR LS,trend,1.384765625,0.004465582789224002
HR LS,trend,1.388671875,0.004311279028236011
HR LS,trend,1.392578125,0.00415525851251022
HR LS,trend,1.396484375,0.004001851500995032
HR LS,trend,1.400390625,0.003863560223135501
HR LS,trend,1.404296875,0.0037500931349444496
HR LS,trend,1.408203125,0.003661869126766629
HR LS,trend,1.412109375,0.003588366529937409
HR LS,trend,1.416015625,0.0035163678896789003
HR LS,trend,1.419921875,0.003428234044275066
HR LS,trend,1.423828125,0.003307365105756941
HR LS,trend,1.427734375,0.00314622949156746
HR LS,trend,1.431640625,0.0029554470442293428
HR LS,trend,1.435546875,0.0027451180760632923
HR LS,trend,1.439453125,0.002532312784464362
HR LS,trend,1.443359375,0.00232585084925519
HR LS,trend,1.447265625,0.002130201532794099
HR LS,trend,1.451171875,0.001955318832600353
HR LS,trend,1.455078125,0.0018046971302441309
HR LS,trend,1.458984375,0.0016675613663133084
HR LS,trend,1.462890625,0.0015380865145465446
HR LS,trend,1.466796875,0.0014077394920611291
HR LS,trend,1.470703125,0.0012751674692525385
HR LS,trend,1.474609375,0.0011472252366939396
HR LS,trend,1.478515625,0.0010254348105598796
HR LS,trend,1.482421875,0.000906470411182777
HR LS,trend,1.486328125,0.0007937781178486185
HR LS,trend,1.490234375,0.0006905929127625551
HR LS,trend,1.494140625,0.0005951431049258477
HR LS,trend,1.498046875,0.0005048916274144058
HR LS,trend,1.501953125,0.0004152230274129845
HR LS,trend,1.505859375,0.0003251458056116733
HR LS,trend,1.509765625,0.00024263641530427365
HR LS,trend,1.513671875,0.00016548337245181623
HR LS,trend,1.517578125,9.374498949332583e-05
HR LS,trend,1.521484375,2.8174886619783215e-05
HR LS,trend,1.525390625,-3.1568975922082317e-05
HR LS,trend,1.529296875,-9.36109450983468e-05
HR LS,trend,1.533203125,-0.0001616139362032047
HR LS,trend,1.537109375,-0.00023667676863391054
HR LS,trend,1.541015625,-0.0003119539502858264
HR LS,trend,1.544921875,-0.0003786397463892727
HR LS,trend,1.548828125,-0.00043316866039570535
HR LS,trend,1.552734375,-0.0004710547864699851
HR LS,trend,1.556640625,-0.00048907686842706
HR LS,trend,1.560546875,-0.0004921032827764026
HR LS,trend,1.564453125,-0.00048790090875703445
HR LS,trend,1.568359375,-0.0004811026093651808
HR LS,trend,1.572265625,-0.0004744257136925523
HR LS,trend,1.576171875,-0.00046210160969326823
HR LS,trend,1.580078125,-0.000436178700888036
HR LS,trend,1.583984375,-0.0003989927999399128
HR LS,trend,1.587890625,-0.00035557798816629693
HR LS,trend,1.591796875,-0.0003065207385328703
HR LS,trend,1.595703125,-0.0002542257728508647
HR LS,trend,1.599609375,-0.00020097351906159125
HR LS,trend,1.603515625,-0.00014900726822702763
HR LS,trend,1.607421875,-0.00010311024376815136
HR LS,trend,1.611328125,-6.347804484304185e-05
HR LS,trend,1.615234375,-3.192530188768584e-05
HR LS,trend,1.619140625,-1.2056776475327562e-05
HR LS,trend,1.623046875,-7.810659725960432e-06
HR LS,trend,1.626953125,-2.0873086406263426e-05
HR LS,trend,1.630859375,-5.183640110303681e-05
HR LS,trend,1.634765625,-9.60510057692127e-05
HR LS,trend,1.638671875,-0.00014859729201302188
HR LS,trend,1.642578125,-0.00020349755187531947
HR LS,trend,1.646484375,-0.00025437642980912444
HR LS,trend,1.650390625,-0.00029552380913447335
HR LS,trend,1.654296875,-0.0003253186466727452
HR LS,trend,1.658203125,-0.0003452754724517611
HR LS,trend,1.662109375,-0.00035512647249250805
HR LS,trend,1.666015625,-0.00035427849727784696
HR LS,trend,1.669921875,-0.0003383175567024658
HR LS,trend,1.673828125,-0.00030788668958950393
HR LS,trend,1.677734375,-0.00026927839978686455
HR LS,trend,1.681640625,-0.0002254254773241497
HR LS,trend,1.685546875,-0.00017654706147057374
HR LS,trend,1.689453125,-0.0001237206326868981
HR LS,trend,1.693359375,-6.634126257943121e-05
HR LS,trend,1.697265625,-4.849332969709086e-06
HR LS,trend,1.701171875,5.519339338634496e-05
HR LS,trend,1.705078125,0.00010852483618182134
HR LS,trend,1.708984375,0.0001526209104794236
HR LS,trend,1.712890625,0.00018742092234325322
HR LS,trend,1.716796875,0.00021373255546193497
HR LS,trend,1.720703125,0.0002355812395334461
HR LS,trend,1.724609375,0.0002551388054124478
HR LS,trend,1.728515625,0.0002765995139105189
HR LS,trend,1.732421875,0.0003031732293383916
HR LS,trend,1.736328125,0.00033341900984716003
HR LS,trend,1.740234375,0.0003634204423006981
HR LS,trend,1.744140625,0.00039013792786143296
HR LS,trend,1.748046875,0.00040866062660897346
HR LS,trend,1.751953125,0.0004173150401603511
HR LS,trend,1.755859375,0.0004184638034198007
HR LS,trend,1.759765625,0.0004191393920133174
HR LS,trend,1.763671875,0.0004260873971946438
HR LS,trend,1.767578125,0.00044146026972577185
HR LS,trend,1.771484375,0.00046562221628244796
HR LS,trend,1.775390625,0.0004974800871984476
HR LS,trend,1.779296875,0.0005346081249118315
HR LS,trend,1.783203125,0.000571457883722067
HR LS,trend,1.787109375,0.0006030385387309008
HR LS,trend,1.791015625,0.0006247954780155222
HR LS,trend,1.794921875,0.0006358565815652231
HR LS,trend,1.798828125,0.0006382290267408829
HR LS,trend,1.802734375,0.0006343475564810588
HR LS,trend,1.806640625,0.0006285562089256513
HR LS,trend,1.810546875,0.0006229187032060334
HR LS,trend,1.814453125,0.00061692442711444
HR LS,trend,1.818359375,0.0006073163616147776
HR LS,trend,1.822265625,0.0005920924059790043
HR LS,trend,1.826171875,0.0005672875365486039
HR LS,trend,1.830078125,0.0005308741933301209
HR LS,trend,1.833984375,0.00048676505923651126
HR LS,trend,1.837890625,0.00043776252206507917
HR LS,trend,1.841796875,0.0003861143497465461
HR LS,trend,1.845703125,0.0003385174307336121
HR LS,trend,1.849609375,0.00030340320537287034
HR LS,trend,1.853515625,0.0002848500706638555
HR LS,trend,1.857421875,0.0002785602754437678
HR LS,trend,1.861328125,0.0002807330027571777
HR LS,trend,1.865234375,0.00029029724510191035
HR LS,trend,1.869140625,0.00030646935426530803
HR LS,trend,1.873046875,0.00033126718277364203
HR LS,trend,1.876953125,0.0003628181361676009
HR LS,trend,1.880859375,0.00040145022541817027
HR LS,trend,1.884765625,0.0004463382698299045
HR LS,trend,1.888671875,0.0004963517704196336
HR LS,trend,1.892578125,0.0005502555568897363
HR LS,trend,1.896484375,0.0006060911636389974
HR LS,trend,1.900390625,0.0006594750427107545
HR LS,trend,1.904296875,0.0007033850545597106
HR LS,trend,1.908203125,0.000734000022482472
HR LS,trend,1.912109375,0.0007517005808842789
HR LS,trend,1.916015625,0.0007563664586738939
HR LS,trend,1.919921875,0.0007490284059853898
HR LS,trend,1.923828125,0.0007321010222850891
HR LS,trend,1.927734375,0.0007081366736370606
HR LS,trend,1.931640625,0.0006782167442034942
HR LS,trend,1.935546875,0.0006456538676288544
HR LS,trend,1.939453125,0.0006096105199529159
HR LS,trend,1.943359375,0.000568879648734005
HR LS,trend,1.947265625,0.0005195801450158718
HR LS,trend,1.951171875,0.00046242072400576724
HR LS,trend,1.955078125,0.00039978695866092745
HR LS,trend,1.958984375,0.0003350230751113695
HR LS,trend,1.962890625,0.00027300574548541027
HR LS,trend,1.966796875,0.00022245253127351077
HR LS,trend,1.970703125,0.0001886175798125671
HR LS,trend,1.974609375,0.0001724480443626191
HR LS,trend,1.978515625,0.00017159908229036797
HR LS,trend,1.982421875,0.0001872033946241292
HR LS,trend,1.986328125,0.00021830771922869529
HR LS,trend,1.990234375,0.0002626479543465011
HR LS,trend,1.994140625,0.00031977655889789516
HR LS,trend,1.998046875,0.00038904872679351997
HR LS,trend,2.001953125,0.00046774492968800076
HR LS,trend,2.005859375,0.0005539031866829251
HR LS,trend,2.009765625,0.000641500667866359
HR LS,trend,2.013671875,0.0007285034459526176
HR LS,trend,2.017578125,0.0008104907745999802
HR LS,trend,2.021484375,0.0008820639137714365
HR LS,trend,2.025390625,0.0009403308970469867
HR LS,trend,2.029296875,0.000981679818134105
HR LS,trend,2.033203125,0.0010056808962872082
HR LS,trend,2.037109375,0.0010178352024043903
HR LS,trend,2.041015625,0.001022368359610076
HR LS,trend,2.044921875,0.0010232786547563146
HR LS,trend,2.048828125,0.0010182613254613624
HR LS,trend,2.052734375,0.0010044812851060794
HR LS,trend,2.056640625,0.0009789978087981113
HR LS,trend,2.060546875,0.0009401813138863513
HR LS,trend,2.064453125,0.0008873013809394893
HR LS,trend,2.068359375,0.0008233571573893334
HR LS,trend,2.072265625,0.0007588805204245711
HR LS,trend,2.076171875,0.0007027345355098646
HR LS,trend,2.080078125,0.0006614654066367628
HR LS,trend,2.083984375,0.0006402801928094257
HR LS,trend,2.087890625,0.0006415218428616106
HR LS,trend,2.091796875,0.0006619461562070644
HR LS,trend,2.095703125,0.000693684053820672
HR LS,trend,2.099609375,0.0007281869266413172
HR LS,trend,2.103515625,0.0007591728746756113
HR LS,trend,2.107421875,0.0007831963938743854
HR LS,trend,2.111328125,0.0007961454004588815
HR LS,trend,2.115234375,0.0007999625550199124
HR LS,trend,2.119140625,0.000802072478516876
HR LS,trend,2.123046875,0.0008093040675184001
HR LS,trend,2.126953125,0.0008294348158681786
HR LS,trend,2.130859375,0.0008588706924069902
HR LS,trend,2.134765625,0.0008902560003880638
HR LS,trend,2.138671875,0.0009132484411315769
HR LS,trend,2.142578125,0.0009184102538283571
HR LS,trend,2.146484375,0.0009024243301395296
HR LS,trend,2.150390625,0.0008672620475984973
HR LS,trend,2.154296875,0.0008160381471300741
HR LS,trend,2.158203125,0.0007542839205267772
HR LS,trend,2.162109375,0.0006867013033790372
HR LS,trend,2.166015625,0.0006209177768604738
HR LS,trend,2.169921875,0.0005593132633222929
HR LS,trend,2.173828125,0.0005056949680268297
HR LS,trend,2.177734375,0.00046264980089149693
HR LS,trend,2.181640625,0.00042770098939642806
HR LS,trend,2.185546875,0.00039206214299937703
HR LS,trend,2.189453125,0.00034720452833620827
HR LS,trend,2.193359375,0.00029177491532809047
HR LS,trend,2.197265625,0.00023290650375181566
HR LS,trend,2.201171875,0.00017773862947294118
HR LS,trend,2.205078125,0.0001354938487147214
HR LS,trend,2.208984375,0.00011442773698891524
HR LS,trend,2.212890625,0.00011722896009519754
HR LS,trend,2.216796875,0.00014019236306857973
HR LS,trend,2.220703125,0.00017549807142475357
HR LS,trend,2.224609375,0.00021055719512824301
HR LS,trend,2.228515625,0.00023885236443244468
HR LS,trend,2.232421875,0.000256395692065467
HR LS,trend,2.236328125,0.00026626835636912166
HR LS,trend,2.240234375,0.0002765285984843301
HR LS,trend,2.244140625,0.0002912195985269678
HR LS,trend,2.248046875,0.00031055615913770093
HR LS,trend,2.251953125,0.0003324162803550995
HR LS,trend,2.255859375,0.00035520024239887285
HR LS,trend,2.259765625,0.00038003595188118187
HR LS,trend,2.263671875,0.0004029006990720868
HR LS,trend,2.267578125,0.00041681495125808266
HR LS,trend,2.271484375,0.00041200375283238696
HR LS,trend,2.275390625,0.00038073383993540824
HR LS,trend,2.279296875,0.0003243097226865992
HR LS,trend,2.283203125,0.0002548431863399071
HR LS,trend,2.287109375,0.00018765513779334111
HR LS,trend,2.291015625,0.00013012664381820962
HR LS,trend,2.294921875,8.609413347382175e-05
HR LS,trend,2.298828125,5.860114227744985e-05
HR LS,trend,2.302734375,4.669274748954109e-05
HR LS,trend,2.306640625,4.7399362711590734e-05
HR LS,trend,2.310546875,5.156702200154545e-05
HR LS,trend,2.314453125,4.722270975169649e-05
HR LS,trend,2.318359375,3.172170213301367e-05
HR LS,trend,2.322265625,5.888699103541385e-06
HR LS,trend,2.326171875,-2.8750488857882368e-05
HR LS,trend,2.330078125,-6.832057775154318e-05
HR LS,trend,2.333984375,-0.00010592580242871664
HR LS,trend,2.337890625,-0.0001345941775355124
HR LS,trend,2.341796875,-0.00014706203446518472
HR LS,trend,2.345703125,-0.00014067333545980752
HR LS,trend,2.349609375,-0.00011779771877931986
HR LS,trend,2.353515625,-8.650750711512156e-05
HR LS,trend,2.357421875,-5.8025555473056374e-05
HR LS,trend,2.361328125,-3.85228159725948e-05
HR LS,trend,2.365234375,-3.0123796105966966e-05
HR LS,trend,2.369140625,-3.159515710705865e-05
HR LS,trend,2.373046875,-3.9018701210599776e-05
HR LS,trend,2.376953125,-4.6717445647801966e-05
HR LS,trend,2.380859375,-4.8254015764581287e-05
HR LS,trend,2.384765625,-4.100905286538377e-05
HR LS,trend,2.388671875,-2.497802711541548e-05
HR LS,trend,2.392578125,-3.505033503707574e-06
HR LS,trend,2.396484375,2.075536911740868e-05
HR LS,trend,2.400390625,4.644137955078731e-05
HR LS,trend,2.404296875,7.044855777288616e-05
HR LS,trend,2.408203125,8.982379986504743e-05
HR LS,trend,2.412109375,0.00010321937314083696
HR LS,trend,2.416015625,0.00010837738807365334
HR LS,trend,2.419921875,0.00010754156169724787
HR LS,trend,2.423828125,0.00010759242925260663
HR LS,trend,2.427734375,0.00011591952376382681
HR LS,trend,2.431640625,0.00013244573281893972
HR LS,trend,2.435546875,0.0001511619385175576
HR LS,trend,2.439453125,0.00016960993033969833
HR LS,trend,2.443359375,0.00018842018925857806
HR LS,trend,2.447265625,0.0002098262230767036
HR LS,trend,2.451171875,0.0002303285278085552
HR LS,trend,2.455078125,0.00022303692245145284
HR LS,trend,2.458984375,0.00020853169482810377
HR LS,trend,2.462890625,0.0001908474639263934
HR LS,trend,2.466796875,0.00017106236620673395
HR LS,trend,2.470703125,0.00014972723292471714
HR LS,trend,2.474609375,0.00012690932866247573
HR LS,trend,2.478515625,0.00010234146026633179
HR LS,trend,2.482421875,7.569199982903679e-05
HR LS,trend,2.486328125,4.698014449132329e-05
HR LS,trend,2.490234375,1.630863226065113e-05
HR LS,trend,2.494140625,-1.6315638388699087e-05
HR LS,trend,2.498046875,-5.1206157875709045e-05
HR HS,raw,-0.498046875,0.0
HR HS,raw,-0.494140625,0.0
HR HS,raw,-0.490234375,0.0
HR HS,raw,-0.486328125,0.0
HR HS,raw,-0.482421875,0.0
HR HS,raw,-0.478515625,0.0
HR HS,raw,-0.474609375,0.0
HR HS,raw,-0.470703125,0.0
HR HS,raw,-0.466796875,0.0
HR HS,raw,-0.462890625,0.0
HR HS,raw,-0.458984375,0.0
HR HS,raw,-0.455078125,0.0
HR HS,raw,-0.451171875,0.0
HR HS,raw,-0.447265625,0.0
HR HS,raw,-0.443359375,0.0
HR HS,raw,-0.439453125,0.0
HR HS,raw,-0.435546875,0.0
HR HS,raw,-0.431640625,0.0
HR HS,raw,-0.427734375,0.0
HR HS,raw,-0.423828125,0.0
HR HS,raw,-0.419921875,0.0
HR HS,raw,-0.416015625,0.0
HR HS,raw,-0.412109375,0.0
HR HS,raw,-0.408203125,0.0
HR HS,raw,-0.404296875,0.0
HR HS,raw,-0.400390625,0.0
HR HS,raw,-0.396484375,0.0
HR HS,raw,-0.392578125,0.0
HR HS,raw,-0.388671875,0.0
HR HS,raw,-0.384765625,0.0
HR HS,raw,-0.380859375,0.0
HR HS,raw,-0.376953125,0.0
HR HS,raw,-0.373046875,0.0
HR HS,raw,-0.369140625,0.0
HR HS,raw,-0.365234375,0.0
HR HS,raw,-0.361328125,0.0
HR HS,raw,-0.357421875,0.0
HR HS,raw,-0.353515625,0.0
HR HS,raw,-0.349609375,0.0
HR HS,raw,-0.345703125,0.0
HR HS,raw,-0.341796875,0.0
HR HS,raw,-0.337890625,0.0
HR HS,raw,-0.333984375,0.0
HR HS,raw,-0.330078125,0.0
HR HS,raw,-0.326171875,0.0
HR HS,raw,-0.322265625,0.0
HR HS,raw,-0.318359375,0.0
HR HS,raw,-0.314453125,0.0
HR HS,raw,-0.310546875,0.0
HR HS,raw,-0.306640625,0.0
HR HS,raw,-0.302734375,0.0
HR HS,raw,-0.298828125,0.0
HR HS,raw,-0.294921875,0.0
HR HS,raw,-0.291015625,0.0
HR HS,raw,-0.287109375,0.0
HR HS,raw,-0.283203125,0.0
HR HS,raw,-0.279296875,0.0
HR HS,raw,-0.275390625,0.0
HR HS,raw,-0.271484375,0.0
HR HS,raw,-0.267578125,0.0
HR HS,raw,-0.263671875,0.0
HR HS,raw,-0.259765625,0.0
HR HS,raw,-0.255859375,0.0
HR HS,raw,-0.251953125,0.0
HR HS,raw,-0.248046875,0.0
HR HS,raw,-0.244140625,0.0
HR HS,raw,-0.240234375,0.0
HR HS,raw,-0.236328125,0.0
HR HS,raw,-0.232421875,0.0
HR HS,raw,-0.228515625,0.0
HR HS,raw,-0.224609375,0.0
HR HS,raw,-0.220703125,0.0
HR HS,raw,-0.216796875,0.0
HR HS,raw,-0.212890625,0.0
HR HS,raw,-0.208984375,0.0
HR HS,raw,-0.205078125,0.0
HR HS,raw,-0.201171875,0.0
HR HS,raw,-0.197265625,0.0
HR HS,raw,-0.193359375,0.0
HR HS,raw,-0.189453125,0.0
HR HS,raw,-0.185546875,0.0
HR HS,raw,-0.181640625,0.0
HR HS,raw,-0.177734375,0.0
HR HS,raw,-0.173828125,0.0
HR HS,raw,-0.169921875,0.0
HR HS,raw,-0.166015625,0.0
HR HS,raw,-0.162109375,0.0
HR HS,raw,-0.158203125,0.0
HR HS,raw,-0.154296875,0.0
HR HS,raw,-0.150390625,0.0
HR HS,raw,-0.146484375,0.0
HR HS,raw,-0.142578125,0.0
HR HS,raw,-0.138671875,0.0
HR HS,raw,-0.134765625,0.0
HR HS,raw,-0.130859375,0.0
HR HS,raw,-0.126953125,0.0
HR HS,raw,-0.123046875,0.0
HR HS,raw,-0.119140625,0.0
HR HS,raw,-0.115234375,0.0
HR HS,raw,-0.111328125,0.0
HR HS,raw,-0.107421875,0.0
HR HS,raw,-0.103515625,0.0
HR HS,raw,-0.099609375,0.0
HR HS,raw,-0.095703125,0.0
HR HS,raw,-0.091796875,0.0
HR HS,raw,-0.087890625,0.0
HR HS,raw,-0.083984375,0.0
HR HS,raw,-0.080078125,0.0
HR HS,raw,-0.076171875,0.0
HR HS,raw,-0.072265625,1.2890625
HR HS,raw,-0.068359375,0.9375
HR HS,raw,-0.064453125,0.9440104166666664
HR HS,raw,-0.060546875,0.6975446428571428
HR HS,raw,-0.056640625,0.9479166666666666
HR HS,raw,-0.052734375,0.9395751953125
HR HS,raw,-0.048828125,0.961235894097222
HR HS,raw,-0.044921875,0.9724700410487288
HR HS,raw,-0.041015625,0.9389602803738316
HR HS,raw,-0.037109375,0.9084127406881312
HR HS,raw,-0.033203125,0.8941534085024856
HR HS,raw,-0.029296875,0.8324865392736487
HR HS,raw,-0.025390625,0.8083599782818534
HR HS,raw,-0.021484375,0.7769449136636637
HR HS,raw,-0.017578125,0.7285506063432836
HR HS,raw,-0.013671875,0.6676161863400353
HR HS,raw,-0.009765625,0.6468076659608918
HR HS,raw,-0.005859375,0.6131549873737374
HR HS,raw,-0.001953125,0.5761992770074185
HR HS,raw,0.001953125,0.5428533828192031
HR HS,raw,0.005859375,0.5059975643998307
HR HS,raw,0.009765625,0.470292641928548
HR HS,raw,0.013671875,0.427993217238549
HR HS,raw,0.017578125,0.3889957068235439
HR HS,raw,0.021484375,0.3513991534176898
HR HS,raw,0.025390625,0.31263401015773
HR HS,raw,0.029296875,0.2759985066889442
HR HS,raw,0.033203125,0.2360074394699987
HR HS,raw,0.037109375,0.200663023638654
HR HS,raw,0.041015625,0.1627785305482339
HR HS,raw,0.044921875,0.1248404102487623
HR HS,raw,0.048828125,0.1001823705096143
HR HS,raw,0.052734375,0.0943939049769859
HR HS,raw,0.056640625,0.0619570643025892
HR HS,raw,0.060546875,0.062241850447464
HR HS,raw,0.064453125,0.0334089557189683
HR HS,raw,0.068359375,0.0147277964547069
HR HS,raw,0.072265625,0.0042098058346152
HR HS,raw,0.076171875,-0.0008928057004222
HR HS,raw,0.080078125,-0.0031841204045027
HR HS,raw,0.083984375,-0.0040670622493507
HR HS,raw,0.087890625,-0.0045616071160658
HR HS,raw,0.091796875,-0.0049770289184082
HR HS,raw,0.095703125,-0.0050871006282816
HR HS,raw,0.099609375,-0.0050516758808501
HR HS,raw,0.103515625,-0.0052560794694197
HR HS,raw,0.107421875,-0.0050041869898438
HR HS,raw,0.111328125,-0.0051141726071255
HR HS,raw,0.115234375,-0.005021133936542
HR HS,raw,0.119140625,-0.0049507119396124
HR HS,raw,0.123046875,-0.0050563323795432
HR HS,raw,0.126953125,-0.0049089588108351
HR HS,raw,0.130859375,-0.0047534388384038
HR HS,raw,0.134765625,-0.0049571704099122
HR HS,raw,0.138671875,-0.0050391031437252
HR HS,raw,0.142578125,-0.0048766802453889
HR HS,raw,0.146484375,-0.0046142818542007
HR HS,raw,0.150390625,-0.0046730422928752
HR HS,raw,0.154296875,-0.0049257747110682
HR HS,raw,0.158203125,-0.0046911476003617
HR HS,raw,0.162109375,-0.0043828039077524
HR HS,raw,0.166015625,-0.0044508703361661
HR HS,raw,0.169921875,-0.0049429705163725
HR HS,raw,0.173828125,-0.0045638934454584
HR HS,raw,0.177734375,-0.0044316855160334
HR HS,raw,0.181640625,-0.0044579442642871
HR HS,raw,0.185546875,-0.0045575579612651
HR HS,raw,0.189453125,-0.0047108098942593
HR HS,raw,0.193359375,-0.004388926313556
HR HS,raw,0.197265625,-0.0043423279518616
HR HS,raw,0.201171875,-0.0043889537364597
HR HS,raw,0.205078125,-0.0042266560568642
HR HS,raw,0.208984375,-0.0042089512444468
HR HS,raw,0.212890625,-0.0040553830001357
HR HS,raw,0.216796875,-0.0039288129180435
HR HS,raw,0.220703125,-0.0043790321920267
HR HS,raw,0.224609375,-0.0039441649800302
HR HS,raw,0.228515625,-0.0041191406990033
HR HS,raw,0.232421875,-0.0041096580352405
HR HS,raw,0.236328125,-0.0039868660793817
HR HS,raw,0.240234375,-0.0042971788537441
HR HS,raw,0.244140625,-0.0036617484506266
HR HS,raw,0.248046875,-0.0038244087997152
HR HS,raw,0.251953125,-0.0035920238005459
HR HS,raw,0.255859375,-0.0035871714426545
HR HS,raw,0.259765625,-0.0036361225454668
HR HS,raw,0.263671875,-0.0037336158065462
HR HS,raw,0.267578125,-0.0038719126423022
HR HS,raw,0.271484375,-0.0036003472430322
HR HS,raw,0.275390625,-0.0040080702299478
HR HS,raw,0.279296875,-0.0034693543889626
HR HS,raw,0.283203125,-0.0030852400517067
HR HS,raw,0.287109375,-0.0034107852192359
HR HS,raw,0.291015625,-0.0035756948539915
HR HS,raw,0.294921875,-0.0033484363556475
HR HS,raw,0.298828125,-0.0032747626780712
HR HS,raw,0.302734375,-0.0036591024257197
HR HS,raw,0.306640625,-0.0033419523094636
HR HS,raw,0.310546875,-0.0035959301158575
HR HS,raw,0.314453125,-0.0037370080977236
HR HS,raw,0.318359375,-0.0031081098838277
HR HS,raw,0.322265625,-0.0034733115241357
HR HS,raw,0.326171875,-0.0035014165682317
HR HS,raw,0.330078125,-0.0034422418769017
HR HS,raw,0.333984375,-0.0035585213884695
HR HS,raw,0.337890625,-0.0032952497336727
HR HS,raw,0.341796875,-0.0036668052406141
HR HS,raw,0.345703125,-0.0037807636818229
HR HS,raw,0.349609375,-0.0036447394643745
HR HS,raw,0.353515625,-0.0029601178648241
HR HS,raw,0.357421875,-0.0029858764118056
HR HS,raw,0.361328125,-0.0031453816072315
HR HS,raw,0.365234375,-0.0034753507078591
HR HS,raw,0.369140625,-0.0033967721254605
HR HS,raw,0.373046875,-0.0031138612242946
HR HS,raw,0.376953125,-0.0030642700798653
HR HS,raw,0.380859375,-0.0032624536636226
HR HS,raw,0.384765625,-0.0037204834475599
HR HS,raw,0.388671875,-0.0031958987767453
HR HS,raw,0.392578125,-0.0030688518520677
HR HS,raw,0.396484375,-0.0031121914944952
HR HS,raw,0.400390625,-0.003275941390866
HR HS,raw,0.404296875,-0.0028632356467911
HR HS,raw,0.408203125,-0.0031054747204942
HR HS,raw,0.412109375,-0.0034660040311034
HR HS,raw,0.416015625,-0.0033479462136891
HR HS,raw,0.419921875,-0.0026731711897858
HR HS,raw,0.423828125,-0.0031580160940542
HR HS,raw,0.427734375,-0.0034125084933209
HR HS,raw,0.431640625,-0.0028237070059537
HR HS,raw,0.435546875,-0.0034386705452785
HR HS,raw,0.439453125,-0.0034534166357626
HR HS,raw,0.443359375,-0.0027315746076987
HR HS,raw,0.447265625,-0.0030384328196647
HR HS,raw,0.451171875,-0.0033760969478814
HR HS,raw,0.455078125,-0.0020301931318185
HR HS,raw,0.458984375,-0.0036832042662365
HR HS,raw,0.462890625,-0.002727806895768
HR HS,raw,0.466796875,-0.0025213991506248
HR HS,raw,0.470703125,-0.002497969325797
HR HS,raw,0.474609375,-0.002770742027543
HR HS,raw,0.478515625,-0.0028312737003033
HR HS,raw,0.482421875,-0.0023321958084802
HR HS,raw,0.486328125,-0.0030712998998188
HR HS,raw,0.490234375,-0.0026539527002362
HR HS,raw,0.494140625,-0.0037571707081945
HR HS,raw,0.498046875,-0.0029114768311457
HR HS,raw,0.501953125,-0.002801580891934
HR HS,raw,0.505859375,-0.0024310398749611
HR HS,raw,0.509765625,-0.0017936209471208
HR HS,raw,0.513671875,-0.003214559493618
HR HS,raw,0.517578125,-0.0023708886880767
HR HS,raw,0.521484375,-0.0027294551958928
HR HS,raw,0.525390625,-0.0026165335471039
HR HS,raw,0.529296875,-0.0026318705642004
HR HS,raw,0.533203125,-0.0018638138670566
HR HS,raw,0.537109375,-0.0019369605396105
HR HS,raw,0.541015625,-0.0029876926941719
HR HS,raw,0.544921875,-0.001676389829849
HR HS,raw,0.548828125,-0.0023871750382144
HR HS,raw,0.552734375,-0.002439394012483
HR HS,raw,0.556640625,-0.0022084560301838
HR HS,raw,0.560546875,-0.0020389608059131
HR HS,raw,0.564453125,-0.0021746055877154
HR HS,raw,0.568359375,-0.0025731789373517
HR HS,raw,0.572265625,-0.0027038677021562
HR HS,raw,0.576171875,-0.0025960292814597
HR HS,raw,0.580078125,-0.002405954580904
HR HS,raw,0.583984375,-0.0023247757341449
HR HS,raw,0.587890625,-0.0027324072708913
HR HS,raw,0.591796875,-0.0021068188989821
HR HS,raw,0.595703125,-0.0026403856803192
HR HS,raw,0.599609375,-0.0016472136158218
HR HS,raw,0.603515625,-0.0021312225779746
HR HS,raw,0.607421875,-0.0035924256591103
HR HS,raw,0.611328125,-0.0026994665074849
HR HS,raw,0.615234375,-0.0007947149537022
HR HS,raw,0.619140625,-0.0007367169133853
HR HS,raw,0.623046875,-0.0020806357065234
HR HS,raw,0.626953125,-0.0017336988671082
HR HS,raw,0.630859375,-0.0026437432146821
HR HS,raw,0.634765625,-0.0038300498900015
HR HS,raw,0.638671875,-0.0015058916356734
HR HS,raw,0.642578125,-0.002559801543753
HR HS,raw,0.646484375,-0.0012669719782548
HR HS,raw,0.650390625,-0.0016588932211334
HR HS,raw,0.654296875,-0.0020262169781765
HR HS,raw,0.658203125,-0.0021845451442195
HR HS,raw,0.662109375,-0.00290015097692
HR HS,raw,0.666015625,-0.0027680083664388
HR HS,raw,0.669921875,-0.0018163395411959
HR HS,raw,0.673828125,-0.0025875036322533
HR HS,raw,0.677734375,-0.002757464767416
HR HS,raw,0.681640625,-0.001141091454017
HR HS,raw,0.685546875,-0.0017932599903424
HR HS,raw,0.689453125,-0.0027750754700939
HR HS,raw,0.693359375,-0.0023796015419571
HR HS,raw,0.697265625,-0.0028385260085995
HR HS,raw,0.701171875,-0.0029033390751998
HR HS,raw,0.705078125,-0.001993541518675
HR HS,raw,0.708984375,-0.0023620813183501
HR HS,raw,0.712890625,-0.0029418407149661
HR HS,raw,0.716796875,-0.0024950193870838
HR HS,raw,0.720703125,-0.0034975752731207
HR HS,raw,0.724609375,-0.0022922438791071
HR HS,raw,0.728515625,-0.0020848934224706
HR HS,raw,0.732421875,-0.0012930762491743
HR HS,raw,0.736328125,-0.0017315791325233
HR HS,raw,0.740234375,-0.0017243025535113
HR HS,raw,0.744140625,-0.0026526873061427
HR HS,raw,0.748046875,-0.0015781493844392
HR HS,raw,0.751953125,-0.0017595741922542
HR HS,raw,0.755859375,-0.0018726445257439
HR HS,raw,0.759765625,-0.002186666295059
HR HS,raw,0.763671875,-0.0020834659810243
HR HS,raw,0.767578125,-0.0013287135229126
HR HS,raw,0.771484375,-0.0023470612264884
HR HS,raw,0.775390625,-0.0018891811408566
HR HS,raw,0.779296875,-0.0031754304362585
HR HS,raw,0.783203125,-0.0014103697388843
HR HS,raw,0.787109375,-0.0009512850588807
HR HS,raw,0.791015625,-0.0015867166102504
HR HS,raw,0.794921875,-0.0025364824225793
HR HS,raw,0.798828125,-0.0028165152015283
HR HS,raw,0.802734375,-0.0031362915617893
HR HS,raw,0.806640625,-0.0025903028548155
HR HS,raw,0.810546875,-0.0010564254212587
HR HS,raw,0.814453125,-0.002471784256248
HR HS,raw,0.818359375,-0.0023996391484463
HR HS,raw,0.822265625,-0.0025584362525834
HR HS,raw,0.826171875,-0.0039778095859937
HR HS,raw,0.830078125,-0.0024296144778775
HR HS,raw,0.833984375,-0.0031061157096455
HR HS,raw,0.837890625,-0.0027680184919998
HR HS,raw,0.841796875,-0.0031135617093947
HR HS,raw,0.845703125,-0.0003342011740821
HR HS,raw,0.849609375,-0.0001915609533219
HR HS,raw,0.853515625,-0.0043723631988008
HR HS,raw,0.857421875,-0.0020070318428329
HR HS,raw,0.861328125,-0.0026731093941806
HR HS,raw,0.865234375,-0.0020896957720374
HR HS,raw,0.869140625,-0.0011932272202244
HR HS,raw,0.873046875,-0.0012287888102165
HR HS,raw,0.876953125,-0.0010018861840417
HR HS,raw,0.880859375,-0.0027751100204783
HR HS,raw,0.884765625,-0.0006081727030267
HR HS,raw,0.888671875,-0.0042054614918431
HR HS,raw,0.892578125,-0.0024884479831979
HR HS,raw,0.896484375,-0.0015753413939201
HR HS,raw,0.900390625,-0.0005554928457067
HR HS,raw,0.904296875,-0.0036763082244799
HR HS,raw,0.908203125,-0.0032226354822706
HR HS,raw,0.912109375,-0.0004095065547163
HR HS,raw,0.916015625,-0.0029522363051819
HR HS,raw,0.919921875,-0.0038903101972432
HR HS,raw,0.923828125,-0.00147306845331
HR HS,raw,0.927734375,-0.0019074834971338
HR HS,raw,0.931640625,-0.0023951362348948
HR HS,raw,0.935546875,-0.002429479010875
HR HS,raw,0.939453125,-0.001234134913416
HR HS,raw,0.943359375,-0.0008464084195846
HR HS,raw,0.947265625,-0.0007068711042016
HR HS,raw,0.951171875,-0.0027868992946773
HR HS,raw,0.955078125,-0.001671869830962
HR HS,raw,0.958984375,-0.0005680342604573
HR HS,raw,0.962890625,-0.0024149314733519
HR HS,raw,0.966796875,-0.0022669173297668
HR HS,raw,0.970703125,9.311836248365529e-05
HR HS,raw,0.974609375,-0.0022338970471452
HR HS,raw,0.978515625,-0.0014128995573943
HR HS,raw,0.982421875,0.0006107472544594
HR HS,raw,0.986328125,-0.0002975223799109
HR HS,raw,0.990234375,-0.001121201954887
HR HS,raw,0.994140625,-0.0023916577783164
HR HS,raw,0.998046875,-0.0007606811529818
HR HS,raw,1.001953125,-0.0025242092344798
HR HS,raw,1.005859375,-0.000974056051409
HR HS,raw,1.009765625,1.816216358359801e-05
HR HS,raw,1.013671875,-0.0016859663240963
HR HS,raw,1.017578125,-6.95367935048285e-05
HR HS,raw,1.021484375,0.0003772522791442
HR HS,raw,1.025390625,0.0018833228786048
HR HS,raw,1.029296875,-0.0008319959449994
HR HS,raw,1.033203125,-0.0001283869822095
HR HS,raw,1.037109375,-0.0011526908410113
HR HS,raw,1.041015625,-0.0006897868984401
HR HS,raw,1.044921875,-0.0022488472971662
HR HS,raw,1.048828125,-0.0029868538146776
HR HS,raw,1.052734375,-0.0030895902479976
HR HS,raw,1.056640625,0.0017606800612531
HR HS,raw,1.060546875,-0.0010659542353874
HR HS,raw,1.064453125,0.0020480414964265
HR HS,raw,1.068359375,-0.0045044184817823
HR HS,raw,1.072265625,-6.025612566084508e-05
HR HS,raw,1.076171875,-0.0001974713418729
HR HS,raw,1.080078125,-0.0011447642971226
HR HS,raw,1.083984375,-0.0038844860233343
HR HS,raw,1.087890625,-0.000589487229316
HR HS,raw,1.091796875,-0.0025880487907464
HR HS,raw,1.095703125,-0.0002487738402733
HR HS,raw,1.099609375,0.0013090735964392
HR HS,raw,1.103515625,-0.0014388245497617
HR HS,raw,1.107421875,0.0013288250943418
HR HS,raw,1.111328125,-0.0016391662365791
HR HS,raw,1.115234375,0.0014966077720252
HR HS,raw,1.119140625,0.0008060478097384
HR HS,raw,1.123046875,-0.0028353992105599
HR HS,raw,1.126953125,-0.0012217361277042
HR HS,raw,1.130859375,0.0021133374684128
HR HS,raw,1.134765625,-0.0007561112331521
HR HS,raw,1.138671875,0.0013861752925843
HR HS,raw,1.142578125,0.0034054209212999
HR HS,raw,1.146484375,0.0027727920275621
HR HS,raw,1.150390625,0.0015268169401517
HR HS,raw,1.154296875,0.0042041222308723
HR HS,raw,1.158203125,0.0035777559131827
HR HS,raw,1.162109375,0.0058771121345604
HR HS,raw,1.166015625,0.0035259243024708
HR HS,raw,1.169921875,0.0060742727128985
HR HS,raw,1.173828125,0.0021380666316975
HR HS,raw,1.177734375,-0.00057219955268
HR HS,raw,1.181640625,-0.0021858693682158
HR HS,raw,1.185546875,0.0048652559430226
HR HS,raw,1.189453125,0.0014380765742773
HR HS,raw,1.193359375,0.0059571836640644
HR HS,raw,1.197265625,0.001676330487922
HR HS,raw,1.201171875,0.0026335272896984
HR HS,raw,1.205078125,0.0015650619914849
HR HS,raw,1.208984375,0.0019544605624915
HR HS,raw,1.212890625,0.0011297078467434
HR HS,raw,1.216796875,0.0025366984081486
HR HS,raw,1.220703125,0.0008338582548953
HR HS,raw,1.224609375,-0.0047237555047355
HR HS,raw,1.228515625,0.0007448214805568
HR HS,raw,1.232421875,-0.0009961892832832
HR HS,raw,1.236328125,0.0002612495171854
HR HS,raw,1.240234375,0.0033756252398508
HR HS,raw,1.244140625,-0.0007052971827833
HR HS,raw,1.248046875,0.0007015636963697
HR HS,raw,1.251953125,-0.0020810826647135
HR HS,raw,1.255859375,0.0010449831231566
HR HS,raw,1.259765625,-0.0018768451871796
HR HS,raw,1.263671875,0.004280786187132
HR HS,raw,1.267578125,0.0019202543491717
HR HS,raw,1.271484375,-0.0016250870141844
HR HS,raw,1.275390625,0.0002149397790117
HR HS,raw,1.279296875,-0.0001938485494277
HR HS,raw,1.283203125,2.2072935800769057e-05
HR HS,raw,1.287109375,0.0018992075331684
HR HS,raw,1.291015625,0.0016220924009392
HR HS,raw,1.294921875,-0.0048732474736107
HR HS,raw,1.298828125,0.0028329174165332
HR HS,raw,1.302734375,0.0051540222260621
HR HS,raw,1.306640625,0.0060914480611336
HR HS,raw,1.310546875,0.0012115757775108
HR HS,raw,1.314453125,0.0065367713880007
HR HS,raw,1.318359375,0.0034805700648961
HR HS,raw,1.322265625,0.0011811817202219
HR HS,raw,1.326171875,-0.0044959619498811
HR HS,raw,1.330078125,0.002446584148627
HR HS,raw,1.333984375,0.0026928198274488
HR HS,raw,1.337890625,0.0036287818220127
HR HS,raw,1.341796875,0.0001114602299281
HR HS,raw,1.345703125,-0.0031670088385125
HR HS,raw,1.349609375,-0.0029605424440431
HR HS,raw,1.353515625,-0.0066191777353554
HR HS,raw,1.357421875,-0.0033345673694852
HR HS,raw,1.361328125,0.0016528116062151
HR HS,raw,1.365234375,0.007213841048466
HR HS,raw,1.369140625,0.0054803989506806
HR HS,raw,1.373046875,0.0037743427541745
HR HS,raw,1.376953125,0.0059766047587083
HR HS,raw,1.380859375,0.0057791266022976
HR HS,raw,1.384765625,-0.0015547003931082
HR HS,raw,1.388671875,0.0031131876835869
HR HS,raw,1.392578125,0.008943684692123
HR HS,raw,1.396484375,-0.0016372344007337
HR HS,raw,1.400390625,0.0035872256747177
HR HS,raw,1.404296875,0.0034756441188366
HR HS,raw,1.408203125,0.0060745511652156
HR HS,raw,1.412109375,0.0013058910814504
HR HS,raw,1.416015625,-5.019844699811343e-05
HR HS,raw,1.419921875,-0.0038265270122687
HR HS,raw,1.423828125,-0.0015685206375884
HR HS,raw,1.427734375,0.004989698868989
HR HS,raw,1.431640625,-0.0014120975415286
HR HS,raw,1.435546875,0.0080900587128248
HR HS,raw,1.439453125,-0.0018106962708189
HR HS,raw,1.443359375,-0.0040647868959061
HR HS,raw,1.447265625,0.0086021022328178
HR HS,raw,1.451171875,0.0023993587068375
HR HS,raw,1.455078125,0.0097545620185537
HR HS,raw,1.458984375,-0.0030189492149876
HR HS,raw,1.462890625,0.0023819992960246
HR HS,raw,1.466796875,0.0006296564453853
HR HS,raw,1.470703125,0.0059440393290659
HR HS,raw,1.474609375,0.0074877368963514
HR HS,raw,1.478515625,-0.0037067788861661
HR HS,raw,1.482421875,0.0091865690241276
HR HS,raw,1.486328125,0.0051738051530819
HR HS,raw,1.490234375,-0.0020770243500477
HR HS,raw,1.494140625,0.0087874872731471
HR HS,raw,1.498046875,0.0014772497240828
HR HS,raw,1.501953125,-0.0075688769040938
HR HS,raw,1.505859375,0.0078527988907528
HR HS,raw,1.509765625,0.0040937329549531
HR HS,raw,1.513671875,-0.0036546730274411
HR HS,raw,1.517578125,0.0039225312888312
HR HS,raw,1.521484375,0.0094194852904569
HR HS,raw,1.525390625,0.0066626178823806
HR HS,raw,1.529296875,-0.0004089525858797
HR HS,raw,1.533203125,0.0019790153560517
HR HS,raw,1.537109375,9.199724873597726e-05
HR HS,raw,1.541015625,0.0032232493545101
HR HS,raw,1.544921875,0.007080108865395
HR HS,raw,1.548828125,0.004622332462446
HR HS,raw,1.552734375,-0.0019175500291906
HR HS,raw,1.556640625,-0.0001700412025003
HR HS,raw,1.560546875,-0.0048796267248847
HR HS,raw,1.564453125,0.0075936394268471
HR HS,raw,1.568359375,0.0117932118693017
HR HS,raw,1.572265625,-0.0038150258229745
HR HS,raw,1.576171875,0.0058785160084386
HR HS,raw,1.580078125,0.0043628345365156
HR HS,raw,1.583984375,0.0083134823522815
HR HS,raw,1.587890625,-0.0039537578281718
HR HS,raw,1.591796875,0.0042052486667334
HR HS,raw,1.595703125,0.0041094285499295
HR HS,raw,1.599609375,0.0009738882469362
HR HS,raw,1.603515625,0.009732583895545
HR HS,raw,1.607421875,0.0080500433017064
HR HS,raw,1.611328125,-0.0024892990687471
HR HS,raw,1.615234375,0.0021230911614019
HR HS,raw,1.619140625,-0.0048881638715934
HR HS,raw,1.623046875,0.0105455136422188
HR HS,raw,1.626953125,-0.0050535167752556
HR HS,raw,1.630859375,-0.0010190683962332
HR HS,raw,1.634765625,0.0139611886085049
HR HS,raw,1.638671875,0.0147428781089464
HR HS,raw,1.642578125,0.0024999638697649
HR HS,raw,1.646484375,0.0013883032777872
HR HS,raw,1.650390625,0.0031900152791891
HR HS,raw,1.654296875,0.0026842163669598
HR HS,raw,1.658203125,0.0099337505328103
HR HS,raw,1.662109375,0.0128449537629177
HR HS,raw,1.666015625,-0.0012814828438571
HR HS,raw,1.669921875,0.0199597131155071
HR HS,raw,1.673828125,-0.0045226504183605
HR HS,raw,1.677734375,-0.0019578255271753
HR HS,raw,1.681640625,-0.0024991792310431
HR HS,raw,1.685546875,0.0011085216958225
HR HS,raw,1.689453125,0.0013804683938874
HR HS,raw,1.693359375,-0.0016938438353343
HR HS,raw,1.697265625,0.0012041551440333
HR HS,raw,1.701171875,0.0008766115307679
HR HS,raw,1.705078125,0.0034583184146828
HR HS,raw,1.708984375,-0.0013252467611059
HR HS,raw,1.712890625,0.0022747445708628
HR HS,raw,1.716796875,-0.0062013318756019
HR HS,raw,1.720703125,0.0043420562979245
HR HS,raw,1.724609375,-0.0035886618205853
HR HS,raw,1.728515625,-0.0045858099654429
HR HS,raw,1.732421875,0.0029848754899374
HR HS,raw,1.736328125,0.0092150114230833
HR HS,raw,1.740234375,0.0076125186352292
HR HS,raw,1.744140625,0.0062981373841108
HR HS,raw,1.748046875,-0.008970403656188
HR HS,raw,1.751953125,0.0154543419237501
HR HS,raw,1.755859375,0.0104546683175223
HR HS,raw,1.759765625,0.0077605178554907
HR HS,raw,1.763671875,0.0062692569099793
HR HS,raw,1.767578125,-0.0072758747624327
HR HS,raw,1.771484375,0.0102812082663674
HR HS,raw,1.775390625,0.0013563297465754
HR HS,raw,1.779296875,0.0027579427933548
HR HS,raw,1.783203125,0.0068729581908864
HR HS,raw,1.787109375,0.0143902383872411
HR HS,raw,1.791015625,0.0119781855826153
HR HS,raw,1.794921875,0.0036392036928279
HR HS,raw,1.798828125,0.0067994438955472
HR HS,raw,1.802734375,0.0057803858686992
HR HS,raw,1.806640625,0.0060024098454491
HR HS,raw,1.810546875,-0.002087572145146
HR HS,raw,1.814453125,0.0059995042147995
HR HS,raw,1.818359375,-0.0010225892558379
HR HS,raw,1.822265625,0.003654646229101
HR HS,raw,1.826171875,0.0064458193423251
HR HS,raw,1.830078125,-0.0007257457414202
HR HS,raw,1.833984375,0.0157784534766758
HR HS,raw,1.837890625,-0.007531776159805
HR HS,raw,1.841796875,-0.0060222789853015
HR HS,raw,1.845703125,-0.0058179670770462
HR HS,raw,1.849609375,-0.0039049382381752
HR HS,raw,1.853515625,0.0086740683697725
HR HS,raw,1.857421875,0.005979093106061
HR HS,raw,1.861328125,-0.0007073337635895
HR HS,raw,1.865234375,0.0180778887664087
HR HS,raw,1.869140625,0.0032402473070651
HR HS,raw,1.873046875,-0.0015497573822597
HR HS,raw,1.876953125,0.0039314303139647
HR HS,raw,1.880859375,-0.0030343357310887
HR HS,raw,1.884765625,0.0056709665697674
HR HS,raw,1.888671875,-0.0048625313510002
HR HS,raw,1.892578125,0.0048731709810869
HR HS,raw,1.896484375,0.005640104017087
HR HS,raw,1.900390625,0.0005974897557703
HR HS,raw,1.904296875,0.0050655838632488
HR HS,raw,1.908203125,-0.0027926173524659
HR HS,raw,1.912109375,0.0102770653343926
HR HS,raw,1.916015625,0.0063899709795268
HR HS,raw,1.919921875,0.0012818955642967
HR HS,raw,1.923828125,0.0070439338819889
HR HS,raw,1.927734375,0.0084625981280193
HR HS,raw,1.931640625,0.0014980565569422
HR HS,raw,1.935546875,0.0070034204645356
HR HS,raw,1.939453125,0.0004708424822818
HR HS,raw,1.943359375,0.0049839054510829
HR HS,raw,1.947265625,0.0031096420387955
HR HS,raw,1.951171875,0.0011256448812635
HR HS,raw,1.955078125,-0.0005421693409071
HR HS,raw,1.958984375,0.0193385300380528
HR HS,raw,1.962890625,-0.0023575972619105
HR HS,raw,1.966796875,0.0027544510701018
HR HS,raw,1.970703125,0.0021652640269256
HR HS,raw,1.974609375,-0.0093632865601273
HR HS,raw,1.978515625,0.0081227038774916
HR HS,raw,1.982421875,0.0020963058790644
HR HS,raw,1.986328125,-0.0037059666673737
HR HS,raw,1.990234375,0.0184907989923626
HR HS,raw,1.994140625,-0.0035362495177384
HR HS,raw,1.998046875,-0.0003367853412282
HR HS,raw,2.001953125,0.0015526753912002
HR HS,raw,2.005859375,-3.829611838109643e-05
HR HS,raw,2.009765625,0.0049593825230081
HR HS,raw,2.013671875,-0.0001849720707523
HR HS,raw,2.017578125,0.016833625054818
HR HS,raw,2.021484375,0.0024465903044813
HR HS,raw,2.025390625,0.002535693742269
HR HS,raw,2.029296875,-0.0022161541649935
HR HS,raw,2.033203125,0.0085472084736558
HR HS,raw,2.037109375,0.0043524957153468
HR HS,raw,2.041015625,-0.0021275498081335
HR HS,raw,2.044921875,-0.003274333501006
HR HS,raw,2.048828125,0.005018902962147
HR HS,raw,2.052734375,-0.0047793256574558
HR HS,raw,2.056640625,0.0163157116960348
HR HS,raw,2.060546875,0.0185210302238349
HR HS,raw,2.064453125,0.0002289831931133
HR HS,raw,2.068359375,0.0030676147921331
HR HS,raw,2.072265625,0.0004875182894473
HR HS,raw,2.076171875,0.0135707357910073
HR HS,raw,2.080078125,0.0045498478742714
HR HS,raw,2.083984375,0.0072629967180151
HR HS,raw,2.087890625,0.0005287843427986
HR HS,raw,2.091796875,0.0076325201773778
HR HS,raw,2.095703125,0.0250033265909966
HR HS,raw,2.099609375,0.0052059419393125
HR HS,raw,2.103515625,0.0039113294377491
HR HS,raw,2.107421875,0.0067359612101948
HR HS,raw,2.111328125,0.0086784767060519
HR HS,raw,2.115234375,-0.0033016496054069
HR HS,raw,2.119140625,0.0135288959186083
HR HS,raw,2.123046875,0.02149228056646
HR HS,raw,2.126953125,-0.003991996077997
HR HS,raw,2.130859375,0.0149698968568528
HR HS,raw,2.134765625,-0.0049180339001412
HR HS,raw,2.138671875,-0.007731229892327
HR HS,raw,2.142578125,-0.0018290366609477
HR HS,raw,2.146484375,0.010865610435221
HR HS,raw,2.150390625,-0.0020292480323301
HR HS,raw,2.154296875,0.0053751158619992
HR HS,raw,2.158203125,0.0033935439653641
HR HS,raw,2.162109375,0.0243172861373168
HR HS,raw,2.166015625,-0.0025221275645384
HR HS,raw,2.169921875,0.0182711143386042
HR HS,raw,2.173828125,0.0043902935983439
HR HS,raw,2.177734375,0.0027175243561877
HR HS,raw,2.181640625,0.0080191976588299
HR HS,raw,2.185546875,0.0113977678987246
HR HS,raw,2.189453125,-0.0153310922806553
HR HS,raw,2.193359375,-1.7716541328933804e-05
HR HS,raw,2.197265625,0.0052908181995991
HR HS,raw,2.201171875,0.0109280890583766
HR HS,raw,2.205078125,0.0076036383935952
HR HS,raw,2.208984375,-0.0047922500879013
HR HS,raw,2.212890625,0.0063009668453047
HR HS,raw,2.216796875,-0.0035128759348906
HR HS,raw,2.220703125,0.0238550221596502
HR HS,raw,2.224609375,0.0014300888403355
HR HS,raw,2.228515625,-0.0126654683555647
HR HS,raw,2.232421875,0.0201404408429043
HR HS,raw,2.236328125,0.0186157044483181
HR HS,raw,2.240234375,-0.0179251579666302
HR HS,raw,2.244140625,0.0021136311172668
HR HS,raw,2.248046875,0.0009694611665213
HR HS,raw,2.251953125,0.0094318388373645
HR HS,raw,2.255859375,0.0290561050969991
HR HS,raw,2.259765625,0.0222821100281417
HR HS,raw,2.263671875,0.002572407794388
HR HS,raw,2.267578125,0.0014545643406597
HR HS,raw,2.271484375,-0.015437573730715
HR HS,raw,2.275390625,0.0060446149094703
HR HS,raw,2.279296875,-0.0006995712111699
HR HS,raw,2.283203125,0.0101566643507938
HR HS,raw,2.287109375,-0.0120385484139353
HR HS,raw,2.291015625,-0.0169865872417597
HR HS,raw,2.294921875,0.0046277805426217
HR HS,raw,2.298828125,-0.0004718635478699
HR HS,raw,2.302734375,0.0210313892862343
HR HS,raw,2.306640625,0.0029009641459228
HR HS,raw,2.310546875,0.0037755213536463
HR HS,raw,2.314453125,-0.0003371221608768
HR HS,raw,2.318359375,0.0129271605444206
HR HS,raw,2.322265625,-0.0117936053185556
HR HS,raw,2.326171875,-0.0042001339328133
HR HS,raw,2.330078125,0.003468449775555
HR HS,raw,2.333984375,0.0055809915687422
HR HS,raw,2.337890625,0.0287921793998182
HR HS,raw,2.341796875,0.0005074148022681
HR HS,raw,2.345703125,-0.0014519903984749
HR HS,raw,2.349609375,0.0196422075557969
HR HS,raw,2.353515625,0.0026266017772194
HR HS,raw,2.357421875,0.0159258422080816
HR HS,raw,2.361328125,0.0087712393790976
HR HS,raw,2.365234375,-0.0171200582945685
HR HS,raw,2.369140625,0.0094619049322648
HR HS,raw,2.373046875,0.0133683959915285
HR HS,raw,2.376953125,0.0187669172573906
HR HS,raw,2.380859375,-0.0160278931858192
HR HS,raw,2.384765625,-0.0027867478744277
HR HS,raw,2.388671875,-0.0148140014434208
HR HS,raw,2.392578125,0.0190174128969592
HR HS,raw,2.396484375,-0.0041560554612337
HR HS,raw,2.400390625,-0.0089628087627888
HR HS,raw,2.404296875,0.0044267574433277
HR HS,raw,2.408203125,0.0076060566981643
HR HS,raw,2.412109375,0.0177882872722271
HR HS,raw,2.416015625,-0.0146473328543128
HR HS,raw,2.419921875,0.0179566977403819
HR HS,raw,2.423828125,0.0075194273583936
HR HS,raw,2.427734375,-0.0082141231080516
HR HS,raw,2.431640625,0.0066652857890777
HR HS,raw,2.435546875,-0.0015428068249912
HR HS,raw,2.439453125,-0.0094342610219168
HR HS,raw,2.443359375,-0.0077502218335021
HR HS,raw,2.447265625,0.0097915408127014
HR HS,raw,2.451171875,-0.0116960493190488
HR HS,raw,2.455078125,-0.0080034347084504
HR HS,raw,2.458984375,0.0163715826041017
HR HS,raw,2.462890625,-0.0093236611975557
HR HS,raw,2.466796875,0.0081781812950169
HR HS,raw,2.470703125,-0.0019084262615465
HR HS,raw,2.474609375,-0.0141328821814739
HR HS,raw,2.478515625,-0.0036411665861859
HR HS,raw,2.482421875,0.0032348646969872
HR HS,raw,2.486328125,0.0067446437657902
HR HS,raw,2.490234375,0.00573551793854
HR HS,raw,2.494140625,-0.021200968912701
HR HS,raw,2.498046875,-0.0282276954100611
HR HS,trend,-0.5,0.0
HR HS,trend,-0.072265625,0.0
HR HS,trend,-0.072265625,1.0579782317697293
HR HS,trend,-0.068359375,1.03570869414473
HR HS,trend,-0.064453125,1.013165649540285
HR HS,trend,-0.060546875,0.9902211004475752
HR HS,trend,-0.056640625,0.9667886227328126
HR HS,trend,-0.052734375,0.9428758854543152
HR HS,trend,-0.048828125,0.9185444906223672
HR HS,trend,-0.044921875,0.893901988398169
HR HS,trend,-0.041015625,0.8691091734977281
HR HS,trend,-0.037109375,0.8443986197676407
HR HS,trend,-0.033203125,0.820127835699574
HR HS,trend,-0.029296875,0.7968728240120013
HR HS,trend,-0.025390625,0.7752359678773674
HR HS,trend,-0.021484375,0.7478635619514039
HR HS,trend,-0.017578125,0.7179194621406564
HR HS,trend,-0.013671875,0.6852260531804181
HR HS,trend,-0.009765625,0.6502321435551256
HR HS,trend,-0.005859375,0.6138713932782961
HR HS,trend,-0.001953125,0.5767369273828765
HR HS,trend,0.001953125,0.5392278736212573
HR HS,trend,0.005859375,0.5016510283905475
HR HS,trend,0.009765625,0.46425859808689796
HR HS,trend,0.013671875,0.4272905382536651
HR HS,trend,0.017578125,0.3909805091960698
HR HS,trend,0.021484375,0.35549704748328115
HR HS,trend,0.025390625,0.320988919517177
HR HS,trend,0.029296875,0.28756225849741873
HR HS,trend,0.033203125,0.2553220941869119
HR HS,trend,0.037109375,0.22444043251721835
HR HS,trend,0.041015625,0.19515743488680354
HR HS,trend,0.044921875,0.1676953265791764
HR HS,trend,0.048828125,0.14224767856455947
HR HS,trend,0.052734375,0.118979896122784
HR HS,trend,0.056640625,0.0980080520013164
HR HS,trend,0.060546875,0.07938323058379763
HR HS,trend,0.064453125,0.06309541105553582
HR HS,trend,0.068359375,0.04907485307800363
HR HS,trend,0.072265625,0.037198320738436125
HR HS,trend,0.076171875,0.027298406594326804
HR HS,trend,0.080078125,0.019176691999441994
HR HS,trend,0.083984375,0.012618087724661105
HR HS,trend,0.087890625,0.007411673967672726
HR HS,trend,0.091796875,0.0033643704266852954
HR HS,trend,0.095703125,0.00031815594652273343
HR HS,trend,0.099609375,-0.0018540527680248498
HR HS,trend,0.103515625,-0.0032873934823693597
HR HS,trend,0.107421875,-0.004148269434303032
HR HS,trend,0.111328125,-0.004599911673841101
HR HS,trend,0.115234375,-0.004810315987225262
HR HS,trend,0.119140625,-0.004896490319761189
HR HS,trend,0.123046875,-0.004921630889099924
HR HS,trend,0.126953125,-0.004917485024105933
HR HS,trend,0.130859375,-0.004898861485282378
HR HS,trend,0.134765625,-0.00487267343287278
HR HS,trend,0.138671875,-0.00484287454258655
HR HS,trend,0.142578125,-0.004812091957672123
HR HS,trend,0.146484375,-0.004781858804387063
HR HS,trend,0.150390625,-0.004752500909289081
HR HS,trend,0.154296875,-0.00472379954193517
HR HS,trend,0.158203125,-0.004695199778678556
HR HS,trend,0.162109375,-0.0046660656401160405
HR HS,trend,0.166015625,-0.004635655511274691
HR HS,trend,0.169921875,-0.004603416224964814
HR HS,trend,0.173828125,-0.0045692286600321555
HR HS,trend,0.177734375,-0.004533666600864773
HR HS,trend,0.181640625,-0.00449740564960534
HR HS,trend,0.185546875,-0.004461419895467682
HR HS,trend,0.189453125,-0.004426086320515757
HR HS,trend,0.193359375,-0.004391281344440069
HR HS,trend,0.197265625,-0.004357203574783635
HR HS,trend,0.201171875,-0.0043233630152967545
HR HS,trend,0.205078125,-0.0042886373673253365
HR HS,trend,0.208984375,-0.004251281882182167
HR HS,trend,0.212890625,-0.004210570998953365
HR HS,trend,0.216796875,-0.004167233839305255
HR HS,trend,0.220703125,-0.004122537419458767
HR HS,trend,0.224609375,-0.004077595310030547
HR HS,trend,0.228515625,-0.004033882822594845
HR HS,trend,0.232421875,-0.003993469840518893
HR HS,trend,0.236328125,-0.003956626809123094
HR HS,trend,0.240234375,-0.003921523114379716
HR HS,trend,0.244140625,-0.0038862982834112873
HR HS,trend,0.248046875,-0.0038501144932444604
HR HS,trend,0.251953125,-0.003812377409143196
HR HS,trend,0.255859375,-0.0037727426989890346
HR HS,trend,0.259765625,-0.0037321741696293566
HR HS,trend,0.263671875,-0.0036920724443757517
HR HS,trend,0.267578125,-0.0036546857701195436
HR HS,trend,0.271484375,-0.003622006294601965
HR HS,trend,0.275390625,-0.003593827440958539
HR HS,trend,0.279296875,-0.003570087036497049
HR HS,trend,0.283203125,-0.003550153039946703
HR HS,trend,0.287109375,-0.0035330087261097724
HR HS,trend,0.291015625,-0.003517723267752659
HR HS,trend,0.294921875,-0.0035030315066920535
HR HS,trend,0.298828125,-0.003489444699500439
HR HS,trend,0.302734375,-0.003478416999788322
HR HS,trend,0.306640625,-0.0034712493755986312
HR HS,trend,0.310546875,-0.0034672938251027064
HR HS,trend,0.314453125,-0.003464878141038116
HR HS,trend,0.318359375,-0.003462282815221397
HR HS,trend,0.322265625,-0.0034583991219643857
HR HS,trend,0.326171875,-0.0034526047329738294
HR HS,trend,0.330078125,-0.0034435616835698304
HR HS,trend,0.333984375,-0.0034310749830648306
HR HS,trend,0.337890625,-0.003416663184678286
HR HS,trend,0.341796875,-0.0034021737667582273
HR HS,trend,0.345703125,-0.0033882947299634664
HR HS,trend,0.349609375,-0.003375025532281575
HR HS,trend,0.353515625,-0.0033618387587931882
HR HS,trend,0.357421875,-0.0033475914547239274
HR HS,trend,0.361328125,-0.003331184664547293
HR HS,trend,0.365234375,-0.0033122055631785796
HR HS,trend,0.369140625,-0.0032918396139059074
HR HS,trend,0.373046875,-0.0032721139812890133
HR HS,trend,0.376953125,-0.0032533013943266626
HR HS,trend,0.380859375,-0.0032360629654825134
HR HS,trend,0.384765625,-0.0032217445873832075
HR HS,trend,0.388671875,-0.0032107057114299634
HR HS,trend,0.392578125,-0.003203369280227721
HR HS,trend,0.396484375,-0.0031987331043859604
HR HS,trend,0.400390625,-0.00319386556499774
HR HS,trend,0.404296875,-0.0031870230584254587
HR HS,trend,0.408203125,-0.00317847116381219
HR HS,trend,0.412109375,-0.0031676839456478032
HR HS,trend,0.416015625,-0.0031557044873155122
HR HS,trend,0.419921875,-0.0031420936017302714
HR HS,trend,0.423828125,-0.003125730889538395
HR HS,trend,0.427734375,-0.0031065751209188963
HR HS,trend,0.431640625,-0.0030854408687909485
HR HS,trend,0.435546875,-0.003062371890375471
HR HS,trend,0.439453125,-0.003036398912690522
HR HS,trend,0.443359375,-0.0030083080668409992
HR HS,trend,0.447265625,-0.0029796375743404843
HR HS,trend,0.451171875,-0.0029534426295098975
HR HS,trend,0.455078125,-0.0029312303941714307
HR HS,trend,0.458984375,-0.002912987913876931
HR HS,trend,0.462890625,-0.002896464799182865
HR HS,trend,0.466796875,-0.002877543125883198
HR HS,trend,0.470703125,-0.0028556057776015008
HR HS,trend,0.474609375,-0.002832051594287919
HR HS,trend,0.478515625,-0.0028084542103564932
HR HS,trend,0.482421875,-0.0027860787828163326
HR HS,trend,0.486328125,-0.0027659529822711567
HR HS,trend,0.490234375,-0.002746342224991878
HR HS,trend,0.494140625,-0.0027255437843912295
HR HS,trend,0.498046875,-0.002704524492175279
HR HS,trend,0.501953125,-0.002681777671976828
HR HS,trend,0.505859375,-0.0026560231017797803
HR HS,trend,0.509765625,-0.002627604979440578
HR HS,trend,0.513671875,-0.002594802587739921
HR HS,trend,0.517578125,-0.002557466740163207
HR HS,trend,0.521484375,-0.002517103292978378
HR HS,trend,0.525390625,-0.002476732407233805
HR HS,trend,0.529296875,-0.002439619163013948
HR HS,trend,0.533203125,-0.0024086309841915812
HR HS,trend,0.537109375,-0.002385747612469746
HR HS,trend,0.541015625,-0.002371064549954083
HR HS,trend,0.544921875,-0.0023637634307263596
HR HS,trend,0.548828125,-0.002359966910575632
HR HS,trend,0.552734375,-0.002357381287375154
HR HS,trend,0.556640625,-0.0023538978773178423
HR HS,trend,0.560546875,-0.0023503336759464147
HR HS,trend,0.564453125,-0.0023512853233800487
HR HS,trend,0.568359375,-0.0023573165887696367
HR HS,trend,0.572265625,-0.0023638201193007208
HR HS,trend,0.576171875,-0.002364208324233935
HR HS,trend,0.580078125,-0.002355028361579812
HR HS,trend,0.583984375,-0.0023360719972432527
HR HS,trend,0.587890625,-0.0023123883783545073
HR HS,trend,0.591796875,-0.0022904740078399564
HR HS,trend,0.595703125,-0.0022710592230967964
HR HS,trend,0.599609375,-0.0022545992011715056
HR HS,trend,0.603515625,-0.0022379417963265284
HR HS,trend,0.607421875,-0.002218339298558858
HR HS,trend,0.611328125,-0.0021958717797495586
HR HS,trend,0.615234375,-0.0021723123794055873
HR HS,trend,0.619140625,-0.0021507291774380023
HR HS,trend,0.623046875,-0.0021337026667301146
HR HS,trend,0.626953125,-0.0021221085536116723
HR HS,trend,0.630859375,-0.0021175123031942867
HR HS,trend,0.634765625,-0.002121371483688061
HR HS,trend,0.638671875,-0.002131025212287322
HR HS,trend,0.642578125,-0.0021426715660586683
HR HS,trend,0.646484375,-0.002155962876953367
HR HS,trend,0.650390625,-0.0021710570798022166
HR HS,trend,0.654296875,-0.0021898387320528462
HR HS,trend,0.658203125,-0.002211419173487355
HR HS,trend,0.662109375,-0.0022301309898322655
HR HS,trend,0.666015625,-0.0022440272796150924
HR HS,trend,0.669921875,-0.0022578012538730175
HR HS,trend,0.673828125,-0.0022768483779804075
HR HS,trend,0.677734375,-0.0023046436080284864
HR HS,trend,0.681640625,-0.002339929024372078
HR HS,trend,0.685546875,-0.0023752337433818977
HR HS,trend,0.689453125,-0.0024007343395865653
HR HS,trend,0.693359375,-0.0024124441063698566
HR HS,trend,0.697265625,-0.0024099312229450584
HR HS,trend,0.701171875,-0.002398265687880761
HR HS,trend,0.705078125,-0.0023816291079782744
HR HS,trend,0.708984375,-0.002362194067284764
HR HS,trend,0.712890625,-0.0023410312780465883
HR HS,trend,0.716796875,-0.0023179447926948227
HR HS,trend,0.720703125,-0.0022920484307795814
HR HS,trend,0.724609375,-0.0022621275493435486
HR HS,trend,0.728515625,-0.0022266087164852966
HR HS,trend,0.732421875,-0.0021859022713160417
HR HS,trend,0.736328125,-0.002145641568859377
HR HS,trend,0.740234375,-0.0021078198435799562
HR HS,trend,0.744140625,-0.002070249764734824
HR HS,trend,0.748046875,-0.002032436575425844
HR HS,trend,0.751953125,-0.001996682996715015
HR HS,trend,0.755859375,-0.0019684205087162894
HR HS,trend,0.759765625,-0.0019550393460375584
HR HS,trend,0.763671875,-0.0019592403999008274
HR HS,trend,0.767578125,-0.001976497784080929
HR HS,trend,0.771484375,-0.0020015575084378584
HR HS,trend,0.775390625,-0.0020290592654937448
HR HS,trend,0.779296875,-0.0020575170326963695
HR HS,trend,0.783203125,-0.0020898370752207586
HR HS,trend,0.787109375,-0.0021277276492057636
HR HS,trend,0.791015625,-0.0021717815693706125
HR HS,trend,0.794921875,-0.0022215046075210088
HR HS,trend,0.798828125,-0.002274089710846765
HR HS,trend,0.802734375,-0.0023221810960227522
HR HS,trend,0.806640625,-0.0023588735593750624
HR HS,trend,0.810546875,-0.002385320842337537
HR HS,trend,0.814453125,-0.0024031039154028735
HR HS,trend,0.818359375,-0.0024153733488359143
HR HS,trend,0.822265625,-0.0024240683028513934
HR HS,trend,0.826171875,-0.0024262138078311973
HR HS,trend,0.830078125,-0.00241692926482563
HR HS,trend,0.833984375,-0.0023916067148991313
HR HS,trend,0.837890625,-0.0023535964760226574
HR HS,trend,0.841796875,-0.0023080792484549855
HR HS,trend,0.845703125,-0.002263058149961663
HR HS,trend,0.849609375,-0.0022210366119258854
HR HS,trend,0.853515625,-0.0021793799545263936
HR HS,trend,0.857421875,-0.0021349462912268716
HR HS,trend,0.861328125,-0.002092377077564995
HR HS,trend,0.865234375,-0.002059526615949562
HR HS,trend,0.869140625,-0.0020369991457468354
HR HS,trend,0.873046875,-0.0020268473758172315
HR HS,trend,0.876953125,-0.002031557474371019
HR HS,trend,0.880859375,-0.0020468909318940277
HR HS,trend,0.884765625,-0.002068543538472417
HR HS,trend,0.888671875,-0.0020921471579718695
HR HS,trend,0.892578125,-0.0021146262464636413
HR HS,trend,0.896484375,-0.0021322148717267055
HR HS,trend,0.900390625,-0.0021450126518006256
HR HS,trend,0.904296875,-0.0021529465094002314
HR HS,trend,0.908203125,-0.0021536616381119178
HR HS,trend,0.912109375,-0.0021447958337448628
HR HS,trend,0.916015625,-0.002122304581294631
HR HS,trend,0.919921875,-0.0020885151990437502
HR HS,trend,0.923828125,-0.0020484223562080802
HR HS,trend,0.927734375,-0.0020032124835471796
HR HS,trend,0.931640625,-0.001956021945089468
HR HS,trend,0.935546875,-0.0019066179689803315
HR HS,trend,0.939453125,-0.0018505359976862634
HR HS,trend,0.943359375,-0.0017796835908976058
HR HS,trend,0.947265625,-0.001694769121841519
HR HS,trend,0.951171875,-0.0016060858042808122
HR HS,trend,0.955078125,-0.0015238029517975463
HR HS,trend,0.958984375,-0.0014525401132012845
HR HS,trend,0.962890625,-0.0013938770950620756
HR HS,trend,0.966796875,-0.0013495237779837317
HR HS,trend,0.970703125,-0.0013158777860331893
HR HS,trend,0.974609375,-0.0012840576197051617
HR HS,trend,0.978515625,-0.0012469524311186652
HR HS,trend,0.982421875,-0.0011956493562757353
HR HS,trend,0.986328125,-0.0011261845791621203
HR HS,trend,0.990234375,-0.0010410708588742877
HR HS,trend,0.994140625,-0.0009504990113870954
HR HS,trend,0.998046875,-0.0008669141361277431
HR HS,trend,1.001953125,-0.0008023595355268876
HR HS,trend,1.005859375,-0.000765127605461912
HR HS,trend,1.009765625,-0.0007580300551644952
HR HS,trend,1.013671875,-0.00077167137400522
HR HS,trend,1.017578125,-0.000790990825109729
HR HS,trend,1.021484375,-0.0008011955973658713
HR HS,trend,1.025390625,-0.0008030812204296556
HR HS,trend,1.029296875,-0.0007951484881087701
HR HS,trend,1.033203125,-0.0007800895702883766
HR HS,trend,1.037109375,-0.0007699568151996987
HR HS,trend,1.041015625,-0.0007800819547083029
HR HS,trend,1.044921875,-0.0008164087210016865
HR HS,trend,1.048828125,-0.0008787389331547452
HR HS,trend,1.052734375,-0.0009579892312593478
HR HS,trend,1.056640625,-0.0010354300926419466
HR HS,trend,1.060546875,-0.0010961942771554982
HR HS,trend,1.064453125,-0.001128756691002879
HR HS,trend,1.068359375,-0.0011268404237051656
HR HS,trend,1.072265625,-0.0010893299225638523
HR HS,trend,1.076171875,-0.00102252945637634
HR HS,trend,1.080078125,-0.0009452642173044229
HR HS,trend,1.083984375,-0.0008718967936768677
HR HS,trend,1.087890625,-0.0008076956954912862
HR HS,trend,1.091796875,-0.0007536311536476884
HR HS,trend,1.095703125,-0.0007026103587328329
HR HS,trend,1.099609375,-0.0006355487521694987
HR HS,trend,1.103515625,-0.0005335300705525404
HR HS,trend,1.107421875,-0.0003890479805514698
HR HS,trend,1.111328125,-0.000205030490705531
HR HS,trend,1.115234375,1.3305839595175553e-05
HR HS,trend,1.119140625,0.0002610369765909444
HR HS,trend,1.123046875,0.0005353036705358379
HR HS,trend,1.126953125,0.0008256791871801455
HR HS,trend,1.130859375,0.0011136165020014597
HR HS,trend,1.134765625,0.001378437905721312
HR HS,trend,1.138671875,0.0016066449809294383
HR HS,trend,1.142578125,0.0018012169026027339
HR HS,trend,1.146484375,0.0019732593225985536
HR HS,trend,1.150390625,0.002135098702525325
HR HS,trend,1.154296875,0.0022891971374780773
HR HS,trend,1.158203125,0.002435896986382353
HR HS,trend,1.162109375,0.0025673872272075067
HR HS,trend,1.166015625,0.0026745708296944423
HR HS,trend,1.169921875,0.002743034680768815
HR HS,trend,1.173828125,0.00276544329004956
HR HS,trend,1.177734375,0.00273821977598756
HR HS,trend,1.181640625,0.0026501542792794625
HR HS,trend,1.185546875,0.0025006677230621924
HR HS,trend,1.189453125,0.0023045947731078144
HR HS,trend,1.193359375,0.0020822327455031256
HR HS,trend,1.197265625,0.0018576502069935275
HR HS,trend,1.201171875,0.001648653105685478
HR HS,trend,1.205078125,0.0014678482292193266
HR HS,trend,1.208984375,0.0013136832923900882
HR HS,trend,1.212890625,0.00117956727356401
HR HS,trend,1.216796875,0.0010517693818739087
HR HS,trend,1.220703125,0.0009263676768651791
HR HS,trend,1.224609375,0.0007968508581530738
HR HS,trend,1.228515625,0.0006612858788689665
HR HS,trend,1.232421875,0.0005328315986216039
HR HS,trend,1.236328125,0.0004260778963131448
HR HS,trend,1.240234375,0.00034548324652566013
HR HS,trend,1.244140625,0.00029720705617346065
HR HS,trend,1.248046875,0.0002758270427620233
HR HS,trend,1.251953125,0.0002692989362640095
HR HS,trend,1.255859375,0.00027743793142964447
HR HS,trend,1.259765625,0.0003125963926290014
HR HS,trend,1.263671875,0.00038503069865154516
HR HS,trend,1.267578125,0.0004930281513159699
HR HS,trend,1.271484375,0.0006317843226653906
HR HS,trend,1.275390625,0.000795648771150493
HR HS,trend,1.279296875,0.0009764109414548959
HR HS,trend,1.283203125,0.0011488890242610757
HR HS,trend,1.287109375,0.0013008043170417258
HR HS,trend,1.291015625,0.001428965737680051
HR HS,trend,1.294921875,0.0015317488622309174
HR HS,trend,1.298828125,0.0016085989594519204
HR HS,trend,1.302734375,0.0016565757458109735
HR HS,trend,1.306640625,0.0016719895038528648
HR HS,trend,1.310546875,0.0016414481446533266
HR HS,trend,1.314453125,0.001558569881497217
HR HS,trend,1.318359375,0.0014292056084015989
HR HS,trend,1.322265625,0.0012795367641920737
HR HS,trend,1.326171875,0.0011397152006225651
HR HS,trend,1.330078125,0.0010280089869355755
HR HS,trend,1.333984375,0.0009596430565808434
HR HS,trend,1.337890625,0.0009379550578466619
HR HS,trend,1.341796875,0.0009465636187924899
HR HS,trend,1.345703125,0.0009819648596303384
HR HS,trend,1.349609375,0.0010618734074420968
HR HS,trend,1.353515625,0.0011787905360270694
HR HS,trend,1.357421875,0.0013203830659999256
HR HS,trend,1.361328125,0.001484768137888394
HR HS,trend,1.365234375,0.0016813977676169152
HR HS,trend,1.369140625,0.001901924959398191
HR HS,trend,1.373046875,0.002128328566024359
HR HS,trend,1.376953125,0.0023410701336648615
HR HS,trend,1.380859375,0.0025310836761500517
HR HS,trend,1.384765625,0.0026848172648111235
HR HS,trend,1.388671875,0.0027783662721588675
HR HS,trend,1.392578125,0.0028020098921624497
HR HS,trend,1.396484375,0.0027440152639945942
HR HS,trend,1.400390625,0.0026022056860878313
HR HS,trend,1.404296875,0.0024135149910493553
HR HS,trend,1.408203125,0.002230888899119664
HR HS,trend,1.412109375,0.002100071839669324
HR HS,trend,1.416015625,0.0020204391155527433
HR HS,trend,1.419921875,0.0019709668816025763
HR HS,trend,1.423828125,0.0019349887455827922
HR HS,trend,1.427734375,0.0019164910006212884
HR HS,trend,1.431640625,0.001922127849374825
HR HS,trend,1.435546875,0.0019481763706127068
HR HS,trend,1.439453125,0.002016578928376519
HR HS,trend,1.443359375,0.002129703223035396
HR HS,trend,1.447265625,0.0022703186904660493
HR HS,trend,1.451171875,0.0024472035782310653
HR HS,trend,1.455078125,0.0026418240471907874
HR HS,trend,1.458984375,0.0028088676363528546
HR HS,trend,1.462890625,0.002922991388737509
HR HS,trend,1.466796875,0.0029805422627591995
HR HS,trend,1.470703125,0.002982849778856407
HR HS,trend,1.474609375,0.0029559475599441015
HR HS,trend,1.478515625,0.0029334671863331684
HR HS,trend,1.482421875,0.0029282253083082626
HR HS,trend,1.486328125,0.0029379313491213273
HR HS,trend,1.490234375,0.0029444931770605098
HR HS,trend,1.494140625,0.0029450887536707324
HR HS,trend,1.498046875,0.002949232335966984
HR HS,trend,1.501953125,0.002951800393683076
HR HS,trend,1.505859375,0.00294506672372902
HR HS,trend,1.509765625,0.002913768329729489
HR HS,trend,1.513671875,0.0028575664446237633
HR HS,trend,1.517578125,0.002775799530645869
HR HS,trend,1.521484375,0.0026984228978470938
HR HS,trend,1.525390625,0.0026558298921366104
HR HS,trend,1.529296875,0.0026466750904102576
HR HS,trend,1.533203125,0.0026755224264885555
HR HS,trend,1.537109375,0.0027296606337493525
HR HS,trend,1.541015625,0.0027990797572881574
HR HS,trend,1.544921875,0.002863600112550325
HR HS,trend,1.548828125,0.002900371437479658
HR HS,trend,1.552734375,0.0029095220985527422
HR HS,trend,1.556640625,0.0029072097512396256
HR HS,trend,1.560546875,0.00290923769557146
HR HS,trend,1.564453125,0.002938620411315411
HR HS,trend,1.568359375,0.003009165233714774
HR HS,trend,1.572265625,0.003102285063259266
HR HS,trend,1.576171875,0.003175313569493074
HR HS,trend,1.580078125,0.0032211826184950373
HR HS,trend,1.583984375,0.003235130022953651
HR HS,trend,1.587890625,0.0032199286117589507
HR HS,trend,1.591796875,0.0032100151282308848
HR HS,trend,1.595703125,0.0032378592335418257
HR HS,trend,1.599609375,0.003294229570188953
HR HS,trend,1.603515625,0.0033589210262656185
HR HS,trend,1.607421875,0.0034288699631667774
HR HS,trend,1.611328125,0.0035087647788957775
HR HS,trend,1.615234375,0.003617691196113145
HR HS,trend,1.619140625,0.003755658311964847
HR HS,trend,1.623046875,0.003905832598361723
HR HS,trend,1.626953125,0.004094258531857468
HR HS,trend,1.630859375,0.004294750122701135
HR HS,trend,1.634765625,0.0044670702548667285
HR HS,trend,1.638671875,0.00458545755724323
HR HS,trend,1.642578125,0.00465449085799249
HR HS,trend,1.646484375,0.004672593045666662
HR HS,trend,1.650390625,0.004634598908231669
HR HS,trend,1.654296875,0.00453929856031177
HR HS,trend,1.658203125,0.004374858041939972
HR HS,trend,1.662109375,0.004142364171511039
HR HS,trend,1.666015625,0.0038572133976556414
HR HS,trend,1.669921875,0.0035324542764115113
HR HS,trend,1.673828125,0.0031772318871019743
HR HS,trend,1.677734375,0.0027938540160333354
HR HS,trend,1.681640625,0.0024017505302540887
HR HS,trend,1.685546875,0.0020080158753188497
HR HS,trend,1.689453125,0.00160723909531321
HR HS,trend,1.693359375,0.0012195602341802166
HR HS,trend,1.697265625,0.0008985439675170614
HR HS,trend,1.701171875,0.0006895892195956699
HR HS,trend,1.705078125,0.0006023557268054231
HR HS,trend,1.708984375,0.0006610342064225263
HR HS,trend,1.712890625,0.00086450822426495
HR HS,trend,1.716796875,0.0011854320249525133
HR HS,trend,1.720703125,0.0015776928516291128
HR HS,trend,1.724609375,0.0019562397977098815
HR HS,trend,1.728515625,0.0023004708286204333
HR HS,trend,1.732421875,0.0026104798104648135
HR HS,trend,1.736328125,0.0028962229197877372
HR HS,trend,1.740234375,0.0031788339555259464
HR HS,trend,1.744140625,0.003493150701753736
HR HS,trend,1.748046875,0.0038627538199932643
HR HS,trend,1.751953125,0.004274635012276774
HR HS,trend,1.755859375,0.004705010676984743
HR HS,trend,1.759765625,0.005116023131567642
HR HS,trend,1.763671875,0.005467483060399375
HR HS,trend,1.767578125,0.005714378137931378
HR HS,trend,1.771484375,0.005841796790628805
HR HS,trend,1.775390625,0.005845807778211777
HR HS,trend,1.779296875,0.005757686076404577
HR HS,trend,1.783203125,0.005626581197226277
HR HS,trend,1.787109375,0.005483147231790357
HR HS,trend,1.791015625,0.00535379089504781
HR HS,trend,1.794921875,0.005222408243543185
HR HS,trend,1.798828125,0.0050639203658236305
HR HS,trend,1.802734375,0.004864343095291763
HR HS,trend,1.806640625,0.004585036670305489
HR HS,trend,1.810546875,0.0042211252776830355
HR HS,trend,1.814453125,0.003791494548813658
HR HS,trend,1.818359375,0.0033357964569052426
HR HS,trend,1.822265625,0.0029347872079578037
HR HS,trend,1.826171875,0.002624479361681691
HR HS,trend,1.830078125,0.0024190876853628874
HR HS,trend,1.833984375,0.002318828823683341
HR HS,trend,1.837890625,0.002292899319194058
HR HS,trend,1.841796875,0.002291190863951339
HR HS,trend,1.845703125,0.002269632835725819
HR HS,trend,1.849609375,0.0022276288881115432
HR HS,trend,1.853515625,0.0021809357706804324
HR HS,trend,1.857421875,0.002145375509514446
HR HS,trend,1.861328125,0.0021379184991948195
HR HS,trend,1.865234375,0.002174624698354708
HR HS,trend,1.869140625,0.0022778589955115085
HR HS,trend,1.873046875,0.0024542795122560576
HR HS,trend,1.876953125,0.002676433457096367
HR HS,trend,1.880859375,0.002908936601215635
HR HS,trend,1.884765625,0.0031154978376170795
HR HS,trend,1.888671875,0.0032473757956156227
HR HS,trend,1.892578125,0.003311447674459328
HR HS,trend,1.896484375,0.0033388988094444076
HR HS,trend,1.900390625,0.003370278829982721
HR HS,trend,1.904296875,0.0034311678351374797
HR HS,trend,1.908203125,0.00351513219247945
HR HS,trend,1.912109375,0.003620437575508348
HR HS,trend,1.916015625,0.0037709138539692515
HR HS,trend,1.919921875,0.003928829582410179
HR HS,trend,1.923828125,0.004066180680245643
HR HS,trend,1.927734375,0.004164079469149891
HR HS,trend,1.931640625,0.00418827976326932
HR HS,trend,1.935546875,0.00414127201073677
HR HS,trend,1.939453125,0.004028667997327187
HR HS,trend,1.943359375,0.003868846435163902
HR HS,trend,1.947265625,0.0036988532615346305
HR HS,trend,1.951171875,0.00352467496357258
HR HS,trend,1.955078125,0.003349621355351085
HR HS,trend,1.958984375,0.0031811060920433464
HR HS,trend,1.962890625,0.0030327551767314865
HR HS,trend,1.966796875,0.0028966824310262527
HR HS,trend,1.970703125,0.0027749587065614254
HR HS,trend,1.974609375,0.0027006697265976438
HR HS,trend,1.978515625,0.0026751142433788476
HR HS,trend,1.982421875,0.0026830551674467133
HR HS,trend,1.986328125,0.002707360458687445
HR HS,trend,1.990234375,0.0027473769169990563
HR HS,trend,1.994140625,0.0028112852033726865
HR HS,trend,1.998046875,0.0028794842555456552
HR HS,trend,2.001953125,0.0029355221033079944
HR HS,trend,2.005859375,0.0029809029883641315
HR HS,trend,2.009765625,0.0030063407801353167
HR HS,trend,2.013671875,0.0030212162862363096
HR HS,trend,2.017578125,0.0030755262151352745
HR HS,trend,2.021484375,0.003182267593011104
HR HS,trend,2.025390625,0.0033295451940141647
HR HS,trend,2.029296875,0.003511049607628689
HR HS,trend,2.033203125,0.0037174354687182806
HR HS,trend,2.037109375,0.0039402098456255774
HR HS,trend,2.041015625,0.0041603299030290005
HR HS,trend,2.044921875,0.004326436646655486
HR HS,trend,2.048828125,0.004454388265878496
HR HS,trend,2.052734375,0.004611996788960953
HR HS,trend,2.056640625,0.004835987183763542
HR HS,trend,2.060546875,0.00513931577128615
HR HS,trend,2.064453125,0.005510435870937487
HR HS,trend,2.068359375,0.005912259622502714
HR HS,trend,2.072265625,0.006273356490477485
HR HS,trend,2.076171875,0.00658433276402343
HR HS,trend,2.080078125,0.006870808633802336
HR HS,trend,2.083984375,0.007119408580165677
HR HS,trend,2.087890625,0.007306862909309785
HR HS,trend,2.091796875,0.007396084664471876
HR HS,trend,2.095703125,0.007369613707479996
HR HS,trend,2.099609375,0.0072448272302462965
HR HS,trend,2.103515625,0.00705717550494093
HR HS,trend,2.107421875,0.006830837377832398
HR HS,trend,2.111328125,0.006554099797085939
HR HS,trend,2.115234375,0.006227163763444478
HR HS,trend,2.119140625,0.005915705225614441
HR HS,trend,2.123046875,0.005662751531009852
HR HS,trend,2.126953125,0.005500793064013526
HR HS,trend,2.130859375,0.005407067982544139
HR HS,trend,2.134765625,0.0053585191882806645
HR HS,trend,2.138671875,0.005345933663130442
HR HS,trend,2.142578125,0.005366884041484012
HR HS,trend,2.146484375,0.0053594526426504144
HR HS,trend,2.150390625,0.0052646534166638495
HR HS,trend,2.154296875,0.005100373907051219
HR HS,trend,2.158203125,0.004934823645495915
HR HS,trend,2.162109375,0.004825179745312194
HR HS,trend,2.166015625,0.004794198887918991
HR HS,trend,2.169921875,0.004846091171494382
HR HS,trend,2.173828125,0.004935651947879197
HR HS,trend,2.177734375,0.005029013832529763
HR HS,trend,2.181640625,0.005086696298490968
HR HS,trend,2.185546875,0.005038281862058698
HR HS,trend,2.189453125,0.004913318263085182
HR HS,trend,2.193359375,0.004767969845258229
HR HS,trend,2.197265625,0.0045931228191750835
HR HS,trend,2.201171875,0.004382730949723778
HR HS,trend,2.205078125,0.004173060483332942
HR HS,trend,2.208984375,0.004027168028329048
HR HS,trend,2.212890625,0.00403145149945108
HR HS,trend,2.216796875,0.004224402382322069
HR HS,trend,2.220703125,0.004592316282489031
HR HS,trend,2.224609375,0.005044303620998857
HR HS,trend,2.228515625,0.005456625212347365
HR HS,trend,2.232421875,0.005753230625226196
HR HS,trend,2.236328125,0.005895888638977155
HR HS,trend,2.240234375,0.005885783646843897
HR HS,trend,2.244140625,0.005735158414454378
HR HS,trend,2.248046875,0.0054418329640887626
HR HS,trend,2.251953125,0.005031285245627095
HR HS,trend,2.255859375,0.0045553334621421865
HR HS,trend,2.259765625,0.004113060333442438
HR HS,trend,2.263671875,0.0037719027359931793
HR HS,trend,2.267578125,0.0035319937777707477
HR HS,trend,2.271484375,0.0033582860976684617
HR HS,trend,2.275390625,0.0031887815248348257
HR HS,trend,2.279296875,0.0029772095163642744
HR HS,trend,2.283203125,0.002700974093789165
HR HS,trend,2.287109375,0.0023230190107660638
HR HS,trend,2.291015625,0.0018783492771516238
HR HS,trend,2.294921875,0.0015371938729970215
HR HS,trend,2.298828125,0.0014150683012607679
HR HS,trend,2.302734375,0.0015598823776214776
HR HS,trend,2.306640625,0.0019688656936402483
HR HS,trend,2.310546875,0.002540938502131836
HR HS,trend,2.314453125,0.003184588092191019
HR HS,trend,2.318359375,0.003830438738854515
HR HS,trend,2.322265625,0.004392877221598232
HR HS,trend,2.326171875,0.004845417776010132
HR HS,trend,2.330078125,0.005187633980122291
HR HS,trend,2.333984375,0.005434942522266053
HR HS,trend,2.337890625,0.0055595266859272295
HR HS,trend,2.341796875,0.00558038278212746
HR HS,trend,2.345703125,0.005525417924923092
HR HS,trend,2.349609375,0.005441334472779165
HR HS,trend,2.353515625,0.00533296017848374
HR HS,trend,2.357421875,0.005143278548462371
HR HS,trend,2.361328125,0.004860334945080227
HR HS,trend,2.365234375,0.004504127609701089
HR HS,trend,2.369140625,0.004104287205167498
HR HS,trend,2.373046875,0.003664067877505624
HR HS,trend,2.376953125,0.003266313595282164
HR HS,trend,2.380859375,0.002968116129270721
HR HS,trend,2.384765625,0.0027512450881618084
HR HS,trend,2.388671875,0.002586452213756434
HR HS,trend,2.392578125,0.0024197042943425273
HR HS,trend,2.396484375,0.0022396595538444644
HR HS,trend,2.400390625,0.0020448657072650494
HR HS,trend,2.404296875,0.0018362784175496149
HR HS,trend,2.408203125,0.0016107461462780556
HR HS,trend,2.412109375,0.0013653197513888867
HR HS,trend,2.416015625,0.0011563937400359723
HR HS,trend,2.419921875,0.0010314562777243208
HR HS,trend,2.423828125,0.0009829018415189925
HR HS,trend,2.427734375,0.0009296912204680438
HR HS,trend,2.431640625,0.0007723526755728327
HR HS,trend,2.435546875,0.0005076037617041222
HR HS,trend,2.439453125,0.00017237472100654493
HR HS,trend,2.443359375,-0.00017716575080013486
HR HS,trend,2.447265625,-0.0005296757859295365
HR HS,trend,2.451171875,-0.0008976919282088627
HR HS,trend,2.455078125,-0.0012989825856118333
HR HS,trend,2.458984375,-0.0018946480334668396
HR HS,trend,2.462890625,-0.0025596289158704272
HR HS,trend,2.466796875,-0.003249003968565001
HR HS,trend,2.470703125,-0.0039446040930048235
HR HS,trend,2.474609375,-0.0046408366582892735
HR HS,trend,2.478515625,-0.005336717903610497
HR HS,trend,2.482421875,-0.0060316840226187895
HR HS,trend,2.486328125,-0.006727442083314112
HR HS,trend,2.490234375,-0.007429679000091894
HR HS,trend,2.494140625,-0.008148646241383034
HR HS,trend,2.498046875,-0.008896918715410764
