series,x,y
KDE,-0.5,0.0
KDE,0.0,0.0
KDE,-0.498046875,0.0
KDE,-0.494140625,0.0
KDE,-0.490234375,0.0
KDE,-0.486328125,0.0
KDE,-0.482421875,0.0
KDE,-0.478515625,0.0
KDE,-0.474609375,0.0
KDE,-0.470703125,0.0
KDE,-0.466796875,0.0
KDE,-0.462890625,0.0
KDE,-0.458984375,0.0
KDE,-0.455078125,0.0
KDE,-0.451171875,0.0
KDE,-0.447265625,0.0
KDE,-0.443359375,0.0
KDE,-0.439453125,0.0
KDE,-0.435546875,0.0
KDE,-0.431640625,0.0
KDE,-0.427734375,0.0
KDE,-0.423828125,0.0
KDE,-0.419921875,0.0
KDE,-0.416015625,0.0
KDE,-0.412109375,0.0
KDE,-0.408203125,0.0
KDE,-0.404296875,0.0
KDE,-0.400390625,0.0
KDE,-0.396484375,0.0
KDE,-0.392578125,0.0
KDE,-0.388671875,0.0
KDE,-0.384765625,0.0
KDE,-0.380859375,0.0
KDE,-0.376953125,0.0
KDE,-0.373046875,0.0
KDE,-0.369140625,0.0
KDE,-0.365234375,0.0
KDE,-0.361328125,0.0
KDE,-0.357421875,0.0
KDE,-0.353515625,0.0
KDE,-0.349609375,0.0
KDE,-0.345703125,0.0
KDE,-0.341796875,0.0
KDE,-0.337890625,0.0
KDE,-0.333984375,0.0
KDE,-0.330078125,0.0
KDE,-0.326171875,0.0
KDE,-0.322265625,0.0
KDE,-0.318359375,0.0
KDE,-0.314453125,0.0
KDE,-0.310546875,0.0
KDE,-0.306640625,0.0
KDE,-0.302734375,0.0
KDE,-0.298828125,0.0
KDE,-0.294921875,0.0
KDE,-0.291015625,0.0
KDE,-0.287109375,0.0
KDE,-0.283203125,0.0
KDE,-0.279296875,0.0
KDE,-0.275390625,0.0
KDE,-0.271484375,0.0
KDE,-0.267578125,0.0
KDE,-0.263671875,0.0
KDE,-0.259765625,0.0
KDE,-0.255859375,0.0
KDE,-0.251953125,0.0
KDE,-0.248046875,0.0
KDE,-0.244140625,0.0
KDE,-0.240234375,0.0
KDE,-0.236328125,0.0
KDE,-0.232421875,0.0
KDE,-0.228515625,0.0
KDE,-0.224609375,0.0
KDE,-0.220703125,0.0
KDE,-0.216796875,0.0
KDE,-0.212890625,0.0
KDE,-0.208984375,0.0
KDE,-0.205078125,0.0
KDE,-0.201171875,0.0
KDE,-0.197265625,0.0
KDE,-0.193359375,0.0
KDE,-0.189453125,0.0
KDE,-0.185546875,0.0
KDE,-0.181640625,0.0
KDE,-0.177734375,0.0
KDE,-0.173828125,0.0
KDE,-0.169921875,0.0
KDE,-0.166015625,0.0
KDE,-0.162109375,0.0
KDE,-0.158203125,0.0
KDE,-0.154296875,0.0
KDE,-0.150390625,0.0
KDE,-0.146484375,0.0
KDE,-0.142578125,0.0
KDE,-0.138671875,0.0
KDE,-0.134765625,0.0
KDE,-0.130859375,0.0
KDE,-0.126953125,0.0
KDE,-0.123046875,0.0
KDE,-0.119140625,0.0
KDE,-0.115234375,0.0
KDE,-0.111328125,0.0
KDE,-0.107421875,0.0
KDE,-0.103515625,0.0
KDE,-0.099609375,0.0
KDE,-0.095703125,6.058440034202427e-10
KDE,-0.091796875,9.444657947460945e-09
KDE,-0.087890625,8.05780983500317e-08
KDE,-0.083984375,3.79069306195257e-07
KDE,-0.080078125,1.0313632457070709e-06
KDE,-0.076171875,1.935084776933356e-06
KDE,-0.072265625,3.7438889269585657e-06
KDE,-0.068359375,9.16660315148784e-06
KDE,-0.064453125,2.2939617361449805e-05
KDE,-0.060546875,5.0919129446771605e-05
KDE,-0.056640625,9.891583844151706e-05
KDE,-0.052734375,0.0001714322562505
KDE,-0.048828125,0.0002576070952236
KDE,-0.044921875,0.0003252410396681
KDE,-0.041015625,0.0003491872701933
KDE,-0.037109375,0.0003256656022934
KDE,-0.033203125,0.0002688416583668
KDE,-0.029296875,0.0002106692891397
KDE,-0.025390625,0.0001879341318226
KDE,-0.021484375,0.0002299760019601
KDE,-0.017578125,0.0003626474147985
KDE,-0.013671875,0.000588150022737
KDE,-0.009765625,0.0008621337612785
KDE,-0.005859375,0.0011547827582392
KDE,-0.001953125,0.0015031864450196
KDE,0.001953125,0.0019986191863062
KDE,0.005859375,0.0028256870799774
KDE,0.009765625,0.0043598286594356
KDE,0.013671875,0.0073591727331214
KDE,0.017578125,0.0134310401104981
KDE,0.021484375,0.0259106267521221
KDE,0.025390625,0.0508819249550238
KDE,0.029296875,0.0973976332026561
KDE,0.033203125,0.1750078561476378
KDE,0.037109375,0.287247434967606
KDE,0.041015625,0.4349464155076734
KDE,0.044921875,0.6480286134528335
KDE,0.048828125,0.981143231288458
KDE,0.052734375,1.420185905405978
KDE,0.056640625,1.897946351587008
KDE,0.060546875,2.373750423972777
KDE,0.064453125,2.7442592004325737
KDE,0.068359375,2.8967804264065524
KDE,0.072265625,2.8678930986474085
KDE,0.076171875,2.766981100919595
KDE,0.080078125,2.6545222148077694
KDE,0.083984375,2.545090717512567
KDE,0.087890625,2.4404017148788557
KDE,0.091796875,2.3411801703935557
KDE,0.095703125,2.2480852358471393
KDE,0.099609375,2.1605679055698306
KDE,0.103515625,2.0770912179314074
KDE,0.107421875,1.996434409411142
KDE,0.111328125,1.918956802880317
KDE,0.115234375,1.84586482099445
KDE,0.119140625,1.7775152436964234
KDE,0.123046875,1.7134842926683658
KDE,0.126953125,1.6528054428166237
KDE,0.130859375,1.594767184273946
KDE,0.134765625,1.5393099497813358
KDE,0.138671875,1.485973723417762
KDE,0.142578125,1.4344578432371582
KDE,0.146484375,1.385110765347377
KDE,0.150390625,1.3378353048583629
KDE,0.154296875,1.2924836401204225
KDE,0.158203125,1.2497030281647332
KDE,0.162109375,1.2095922220243942
KDE,0.166015625,1.1710908089678105
KDE,0.169921875,1.1339975778237914
KDE,0.173828125,1.099042039405098
KDE,0.177734375,1.065988380776204
KDE,0.181640625,1.0336839594458735
KDE,0.185546875,1.001570457346694
KDE,0.189453125,0.9700016318283076
KDE,0.193359375,0.939636210391833
KDE,0.197265625,0.9111617971347198
KDE,0.201171875,0.8844025060363333
KDE,0.205078125,0.8583023950523918
KDE,0.208984375,0.8327191805676156
KDE,0.212890625,0.8086517119194713
KDE,0.216796875,0.786637053378097
KDE,0.220703125,0.7663465600609446
KDE,0.224609375,0.7469527528951219
KDE,0.228515625,0.7278520207498178
KDE,0.232421875,0.7091342130227454
KDE,0.236328125,0.6909328981461804
KDE,0.240234375,0.6733165582696107
KDE,0.244140625,0.6566041768421451
KDE,0.248046875,0.6408028521583216
KDE,0.251953125,0.6253142772536984
KDE,0.255859375,0.6096101390539631
KDE,0.259765625,0.59382135817593
KDE,0.263671875,0.5784451039126134
KDE,0.267578125,0.5638334185067622
KDE,0.271484375,0.5501296195093801
KDE,0.275390625,0.5371438251321641
KDE,0.279296875,0.524247793321263
KDE,0.283203125,0.5108579268160166
KDE,0.287109375,0.4971081711614067
KDE,0.291015625,0.4838507939479355
KDE,0.294921875,0.4714344948523607
KDE,0.298828125,0.4594255555604115
KDE,0.302734375,0.4477004877806526
KDE,0.306640625,0.4364699440857323
KDE,0.310546875,0.4256155036826187
KDE,0.314453125,0.4151277493267755
KDE,0.318359375,0.4052189300562894
KDE,0.322265625,0.3958208870329888
KDE,0.326171875,0.3868121410970112
KDE,0.330078125,0.3781619191988352
KDE,0.333984375,0.3696116757504636
KDE,0.337890625,0.3609910170995281
KDE,0.341796875,0.3525318354900831
KDE,0.345703125,0.3445035238717372
KDE,0.349609375,0.3369770471169189
KDE,0.353515625,0.3298605932746126
KDE,0.357421875,0.3229323580084164
KDE,0.361328125,0.3159793085613376
KDE,0.365234375,0.309044473844385
KDE,0.369140625,0.3021280724861289
KDE,0.373046875,0.2951586875998165
KDE,0.376953125,0.2882177402634964
KDE,0.380859375,0.2814031671802132
KDE,0.384765625,0.2749758801795757
KDE,0.388671875,0.2692399282784515
KDE,0.392578125,0.2642125092891716
KDE,0.396484375,0.2596978781230643
KDE,0.400390625,0.2554856048850377
KDE,0.404296875,0.2513602633933604
KDE,0.408203125,0.2472463022070948
KDE,0.412109375,0.2431870563907651
KDE,0.416015625,0.2390339834977501
KDE,0.419921875,0.2345841175984706
KDE,0.423828125,0.2298696894235192
KDE,0.427734375,0.2250885038361493
KDE,0.431640625,0.2206077669656179
KDE,0.435546875,0.2165999559113405
KDE,0.439453125,0.2127562641728431
KDE,0.443359375,0.2088477410756405
KDE,0.447265625,0.2049715561723017
KDE,0.451171875,0.201192843956511
KDE,0.455078125,0.1974478509206843
KDE,0.458984375,0.1936949512082784
KDE,0.462890625,0.1899825319279707
KDE,0.466796875,0.186564763589839
KDE,0.470703125,0.1835194939014937
KDE,0.474609375,0.1804832739257691
KDE,0.478515625,0.1772523286157614
KDE,0.482421875,0.1739083913902002
KDE,0.486328125,0.1705137493721199
KDE,0.490234375,0.1672537576624032
KDE,0.494140625,0.1643116014155092
KDE,0.498046875,0.1616401459808974
KDE,0.501953125,0.1591920960855172
KDE,0.505859375,0.156966340408023
KDE,0.509765625,0.1548777554129642
KDE,0.513671875,0.1528676520286823
KDE,0.517578125,0.1508813003529089
KDE,0.521484375,0.1488676877495339
KDE,0.525390625,0.1468338297248346
KDE,0.529296875,0.1449818760389538
KDE,0.533203125,0.1434157570740932
KDE,0.537109375,0.1418414871895918
KDE,0.541015625,0.1400554249118682
KDE,0.544921875,0.1381494239214223
KDE,0.548828125,0.1362331755697637
KDE,0.552734375,0.1343075842947795
KDE,0.556640625,0.1323848732617175
KDE,0.560546875,0.1306270484773952
KDE,0.564453125,0.1289699974288671
KDE,0.568359375,0.1270954252807046
KDE,0.572265625,0.1249406367967271
KDE,0.576171875,0.1226044834195878
KDE,0.580078125,0.1202575996342043
KDE,0.583984375,0.1182706336892343
KDE,0.587890625,0.116797363974585
KDE,0.591796875,0.1155834713567578
KDE,0.595703125,0.1143574975418971
KDE,0.599609375,0.1130370228931867
KDE,0.603515625,0.1116736597925014
KDE,0.607421875,0.1103630938853184
KDE,0.611328125,0.1092178171972729
KDE,0.615234375,0.1082289254778026
KDE,0.619140625,0.1072633860418183
KDE,0.623046875,0.106255559690674
KDE,0.626953125,0.1052632677389982
KDE,0.630859375,0.1044241382567862
KDE,0.634765625,0.1037970750444215
KDE,0.638671875,0.1032551597513441
KDE,0.642578125,0.102680452321757
KDE,0.646484375,0.102060832435876
KDE,0.650390625,0.1012748957245798
KDE,0.654296875,0.1002736655429237
KDE,0.658203125,0.0992097110668719
KDE,0.662109375,0.0981276148361135
KDE,0.666015625,0.0970272749881223
KDE,0.669921875,0.0960176048917233
KDE,0.673828125,0.0952041056487311
KDE,0.677734375,0.0946153356671502
KDE,0.681640625,0.0941970617105205
KDE,0.685546875,0.0937799265896419
KDE,0.689453125,0.0931813391271063
KDE,0.693359375,0.0923908436083337
KDE,0.697265625,0.0915311440172509
KDE,0.701171875,0.0907744823763682
KDE,0.705078125,0.0902263321590313
KDE,0.708984375,0.0898145296896239
KDE,0.712890625,0.089396533787229
KDE,0.716796875,0.0888361856233231
KDE,0.720703125,0.088179618884586
KDE,0.724609375,0.0876794154620846
KDE,0.728515625,0.087421167832604
KDE,0.732421875,0.0872074794187391
KDE,0.736328125,0.0869439086852986
KDE,0.740234375,0.0866980040467377
KDE,0.744140625,0.0864265627043787
KDE,0.748046875,0.0860941254745557
KDE,0.751953125,0.0858308716091914
KDE,0.755859375,0.0857546470346722
KDE,0.759765625,0.0858765302182153
KDE,0.763671875,0.0861352448554902
KDE,0.767578125,0.0863527931430517
KDE,0.771484375,0.0864395460725887
KDE,0.775390625,0.0865144424862782
KDE,0.779296875,0.0866215102050297
KDE,0.783203125,0.0866091881426014
KDE,0.787109375,0.0864875596270853
KDE,0.791015625,0.0864087213821013
KDE,0.794921875,0.0863382196323328
KDE,0.798828125,0.086184598104351
KDE,0.802734375,0.0861290879929167
KDE,0.806640625,0.0864629868226625
KDE,0.810546875,0.0870722217816903
KDE,0.814453125,0.0875645397745795
KDE,0.818359375,0.0877665644510605
KDE,0.822265625,0.0877760018376356
KDE,0.826171875,0.0877455747092098
KDE,0.830078125,0.0877784513293787
KDE,0.833984375,0.0878878017638492
KDE,0.837890625,0.088013687412956
KDE,0.841796875,0.0881532242696577
KDE,0.845703125,0.0883560141317173
KDE,0.849609375,0.0885190255124647
KDE,0.853515625,0.0885031225785477
KDE,0.857421875,0.0884870531033958
KDE,0.861328125,0.08865705107605
KDE,0.865234375,0.0889115024764011
KDE,0.869140625,0.0892813309534938
KDE,0.873046875,0.0898601208614555
KDE,0.876953125,0.0904399878945924
KDE,0.880859375,0.0907188517801618
KDE,0.884765625,0.0906841010325722
KDE,0.888671875,0.0906534596847648
KDE,0.892578125,0.0907921625727845
KDE,0.896484375,0.0908916699288641
KDE,0.900390625,0.090793455951357
KDE,0.904296875,0.0905953985115125
KDE,0.908203125,0.0904472549419771
KDE,0.912109375,0.09048697086489
KDE,0.916015625,0.0907319107092194
KDE,0.919921875,0.0910454208221352
KDE,0.923828125,0.0914298345622079
KDE,0.927734375,0.0919848057220084
KDE,0.931640625,0.0925601394515688
KDE,0.935546875,0.0930132963387667
KDE,0.939453125,0.093487640746162
KDE,0.943359375,0.0941164037294361
KDE,0.947265625,0.0948413286073193
KDE,0.951171875,0.0954689192294787
KDE,0.955078125,0.0958192083596543
KDE,0.958984375,0.0959751633761991
KDE,0.962890625,0.0962852467734539
KDE,0.966796875,0.0970179383186841
KDE,0.970703125,0.0980095652128451
KDE,0.974609375,0.0989029918301097
KDE,0.978515625,0.0995335323755962
KDE,0.982421875,0.0998293575466539
KDE,0.986328125,0.0999096256810204
KDE,0.990234375,0.1000799384200948
KDE,0.994140625,0.1004200377503916
KDE,0.998046875,0.1008501099919296
KDE,1.001953125,0.1012958155623047
KDE,1.005859375,0.1015931439486155
KDE,1.009765625,0.1016883005761053
KDE,1.013671875,0.1018153423376753
KDE,1.017578125,0.1021960069292788
KDE,1.021484375,0.1027368306293145
KDE,1.025390625,0.1031858657782489
KDE,1.029296875,0.1034776503163623
KDE,1.033203125,0.1036987872858017
KDE,1.037109375,0.1039352497770759
KDE,1.041015625,0.1042141209794794
KDE,1.044921875,0.1045311255064806
KDE,1.048828125,0.1049238778670289
KDE,1.052734375,0.1053688156630673
KDE,1.056640625,0.1058289545148911
KDE,1.060546875,0.1063315918752865
KDE,1.064453125,0.1068532049156003
KDE,1.068359375,0.1075225647989657
KDE,1.072265625,0.1084558110764102
KDE,1.076171875,0.1092954251501815
KDE,1.080078125,0.1096350536768447
KDE,1.083984375,0.1096378615016956
KDE,1.087890625,0.1098367623462557
KDE,1.091796875,0.1105048792667084
KDE,1.095703125,0.1113061984037302
KDE,1.099609375,0.1118158149084506
KDE,1.103515625,0.1120827479903556
KDE,1.107421875,0.1123626011259394
KDE,1.111328125,0.1127278607321496
KDE,1.115234375,0.1131448357311882
KDE,1.119140625,0.1136394976620334
KDE,1.123046875,0.1141628573283886
KDE,1.126953125,0.1146624614138803
KDE,1.130859375,0.1152418428241378
KDE,1.134765625,0.1158436498583434
KDE,1.138671875,0.1162688177758446
KDE,1.142578125,0.1164897579672726
KDE,1.146484375,0.1165719066298133
KDE,1.150390625,0.1166594262235059
KDE,1.154296875,0.1170892236085975
KDE,1.158203125,0.1181549271020976
KDE,1.162109375,0.1196187430107468
KDE,1.166015625,0.1208479719200327
KDE,1.169921875,0.1214735936357626
KDE,1.173828125,0.1216560978146562
KDE,1.177734375,0.1217449838865233
KDE,1.181640625,0.1219214499644617
KDE,1.185546875,0.1223603994510674
KDE,1.189453125,0.123218006136313
KDE,1.193359375,0.1243219209457023
KDE,1.197265625,0.125413584085257
KDE,1.201171875,0.1264437813631739
KDE,1.205078125,0.1273149347867144
KDE,1.208984375,0.1278980500030749
KDE,1.212890625,0.1283462200522052
KDE,1.216796875,0.1289066897157367
KDE,1.220703125,0.1295759868575696
KDE,1.224609375,0.1301738699629054
KDE,1.228515625,0.1307065985002321
KDE,1.232421875,0.1314094763951866
KDE,1.236328125,0.1322786376095261
KDE,1.240234375,0.1332645529616777
KDE,1.244140625,0.1344429982826364
KDE,1.248046875,0.1356504720050255
KDE,1.251953125,0.1366606333287538
KDE,1.255859375,0.1374872641769506
KDE,1.259765625,0.1383125655494512
KDE,1.263671875,0.13923003476495
KDE,1.267578125,0.1401000283890785
KDE,1.271484375,0.1407759472783883
KDE,1.275390625,0.1413428848422085
KDE,1.279296875,0.1419859775776143
KDE,1.283203125,0.1428556591824482
KDE,1.287109375,0.143992929364368
KDE,1.291015625,0.1452677766298205
KDE,1.294921875,0.1465213492737323
KDE,1.298828125,0.1477377212552354
KDE,1.302734375,0.1490190708800387
KDE,1.306640625,0.1504196472656773
KDE,1.310546875,0.15188704966743
KDE,1.314453125,0.1533623335817139
KDE,1.318359375,0.1548654383279456
KDE,1.322265625,0.1563711665088173
KDE,1.326171875,0.1577192430676953
KDE,1.330078125,0.1588907231950605
KDE,1.333984375,0.1601122999411845
KDE,1.337890625,0.1615026740031882
KDE,1.341796875,0.162975131276537
KDE,1.345703125,0.1645225627322865
KDE,1.349609375,0.1660564535166108
KDE,1.353515625,0.167346309521162
KDE,1.357421875,0.1684503701120775
KDE,1.361328125,0.1697193004740092
KDE,1.365234375,0.1713461351320234
KDE,1.369140625,0.1731203112751417
KDE,1.373046875,0.1747847138601889
KDE,1.376953125,0.1764212172226503
KDE,1.380859375,0.1781961264700226
KDE,1.384765625,0.1802403856148858
KDE,1.388671875,0.1825835924473912
KDE,1.392578125,0.1850379596400897
KDE,1.396484375,0.187399263643114
KDE,1.400390625,0.1894985704503416
KDE,1.404296875,0.191384893074412
KDE,1.408203125,0.1932458492572417
KDE,1.412109375,0.1950123754058506
KDE,1.416015625,0.1967125242171082
KDE,1.419921875,0.1987293601973873
KDE,1.423828125,0.2012389008149234
KDE,1.427734375,0.2039754768491088
KDE,1.431640625,0.2067329189370964
KDE,1.435546875,0.2095326473401144
KDE,1.439453125,0.2122978754377033
KDE,1.443359375,0.2148941849309555
KDE,1.447265625,0.2172709956609255
KDE,1.451171875,0.2194758618432304
KDE,1.455078125,0.2217712994597472
KDE,1.458984375,0.2244467040666871
KDE,1.462890625,0.2275020447987722
KDE,1.466796875,0.2307737270514049
KDE,1.470703125,0.2339716246300912
KDE,1.474609375,0.2368955204636017
KDE,1.478515625,0.2401962959232659
KDE,1.482421875,0.244626059103554
KDE,1.486328125,0.2497480341222488
KDE,1.490234375,0.2548240639059059
KDE,1.494140625,0.2597940376989193
KDE,1.498046875,0.2648159562720827
KDE,1.501953125,0.2699462954021418
KDE,1.505859375,0.2751760196555206
KDE,1.509765625,0.2803854358739518
KDE,1.513671875,0.2855685071793859
KDE,1.517578125,0.2909584543221513
KDE,1.521484375,0.2967174423044477
KDE,1.525390625,0.3028851385890762
KDE,1.529296875,0.3097121336359623
KDE,1.533203125,0.3172508381160743
KDE,1.537109375,0.3250663588294625
KDE,1.541015625,0.3330057799386883
KDE,1.544921875,0.3412574561628382
KDE,1.548828125,0.3497316935034691
KDE,1.552734375,0.3584254617578562
KDE,1.556640625,0.3677571919875816
KDE,1.560546875,0.3778120480404731
KDE,1.564453125,0.3883251388681863
KDE,1.568359375,0.3993178263916243
KDE,1.572265625,0.4111351965997977
KDE,1.576171875,0.4240222310144992
KDE,1.580078125,0.4376701432168152
KDE,1.583984375,0.4516185896126541
KDE,1.587890625,0.4659214410789076
KDE,1.591796875,0.480953554940681
KDE,1.595703125,0.4966892089710398
KDE,1.599609375,0.5124986647424501
KDE,1.603515625,0.527735214601756
KDE,1.607421875,0.5423653860681172
KDE,1.611328125,0.5567043608935084
KDE,1.615234375,0.5705116056431592
KDE,1.619140625,0.5830349669452792
KDE,1.623046875,0.5939403360423703
KDE,1.626953125,0.603467972673456
KDE,1.630859375,0.6119295569642071
KDE,1.634765625,0.619611259290481
KDE,1.638671875,0.6261536298797278
KDE,1.642578125,0.6307488746440076
KDE,1.646484375,0.6335287704767356
KDE,1.650390625,0.6351970705744105
KDE,1.654296875,0.6361876321636084
KDE,1.658203125,0.6365004324627326
KDE,1.662109375,0.6357190642809739
KDE,1.666015625,0.6336827834246557
KDE,1.669921875,0.630888761748958
KDE,1.673828125,0.6276111989801403
KDE,1.677734375,0.623751360529944
KDE,1.681640625,0.6198345258208264
KDE,1.685546875,0.6162624639951312
KDE,1.689453125,0.612671593343626
KDE,1.693359375,0.6087134569027225
KDE,1.697265625,0.6044898784335629
KDE,1.701171875,0.6001521164106763
KDE,1.705078125,0.5960286136304213
KDE,1.708984375,0.5925815302460997
KDE,1.712890625,0.5895590606458729
KDE,1.716796875,0.586419643113346
KDE,1.720703125,0.582977121997782
KDE,1.724609375,0.5790175994500867
KDE,1.728515625,0.5746154928505334
KDE,1.732421875,0.5703219878841161
KDE,1.736328125,0.5662953188926351
KDE,1.740234375,0.5621706406073387
KDE,1.744140625,0.557829623948402
KDE,1.748046875,0.5536927793180726
KDE,1.751953125,0.5498825559567317
KDE,1.755859375,0.5460773963270641
KDE,1.759765625,0.5421066676039529
KDE,1.763671875,0.5379355993824929
KDE,1.767578125,0.5336367703798452
KDE,1.771484375,0.5294785581940814
KDE,1.775390625,0.5258804419469433
KDE,1.779296875,0.5227951188370897
KDE,1.783203125,0.5200631643901898
KDE,1.787109375,0.5179981804339104
KDE,1.791015625,0.5164758721291093
KDE,1.794921875,0.5150788294636979
KDE,1.798828125,0.5136851058802692
KDE,1.802734375,0.5122466970249879
KDE,1.806640625,0.5107102647336139
KDE,1.810546875,0.5090021945090715
KDE,1.814453125,0.5070582783358454
KDE,1.818359375,0.5049356620627155
KDE,1.822265625,0.5028009127149325
KDE,1.826171875,0.5006798618525791
KDE,1.830078125,0.4984660913367262
KDE,1.833984375,0.4964223311964409
KDE,1.837890625,0.4947088967420877
KDE,1.841796875,0.4931617838288576
KDE,1.845703125,0.4922378026895751
KDE,1.849609375,0.4921496401354421
KDE,1.853515625,0.4918325812036171
KDE,1.857421875,0.4905831223055803
KDE,1.861328125,0.4889144193655745
KDE,1.865234375,0.4874645493520704
KDE,1.869140625,0.4864869952056078
KDE,1.873046875,0.4858347020373521
KDE,1.876953125,0.4849541608642657
KDE,1.880859375,0.4835544575384986
KDE,1.884765625,0.4820718072589997
KDE,1.888671875,0.4808438987138666
KDE,1.892578125,0.4798397907919922
KDE,1.896484375,0.4792185470930815
KDE,1.900390625,0.4787764744425655
KDE,1.904296875,0.4779367330646316
KDE,1.908203125,0.4768931453775111
KDE,1.912109375,0.4764262960525752
KDE,1.916015625,0.4766955787638559
KDE,1.919921875,0.477001428675452
KDE,1.923828125,0.4768457556388545
KDE,1.927734375,0.4763226595904107
KDE,1.931640625,0.4757222776610209
KDE,1.935546875,0.4754157063298485
KDE,1.939453125,0.4756028247157991
KDE,1.943359375,0.4760605187781466
KDE,1.947265625,0.4761624589220603
KDE,1.951171875,0.4756318367396498
KDE,1.955078125,0.4751718306868229
KDE,1.958984375,0.4754023356270609
KDE,1.962890625,0.4759813925742324
KDE,1.966796875,0.4763351688249186
KDE,1.970703125,0.4764119476129106
KDE,1.974609375,0.4764064849633976
KDE,1.978515625,0.4764062764644975
KDE,1.982421875,0.4761580594599395
KDE,1.986328125,0.4751604924960655
KDE,1.990234375,0.4735164112682792
KDE,1.994140625,0.4721284894624814
KDE,1.998046875,0.471544947493792
KDE,2.001953125,0.4714982998425923
KDE,2.005859375,0.4715552320146493
KDE,2.009765625,0.4716250130204265
KDE,2.013671875,0.4717860962023881
KDE,2.017578125,0.4716802308294962
KDE,2.021484375,0.4709233479133703
KDE,2.025390625,0.4700317894033118
KDE,2.029296875,0.4697118609211541
KDE,2.033203125,0.4698002374868789
KDE,2.037109375,0.4699618495705992
KDE,2.041015625,0.470144391577722
KDE,2.044921875,0.4701378914171776
KDE,2.048828125,0.4698384475793107
KDE,2.052734375,0.4693014321809561
KDE,2.056640625,0.4689542333695948
KDE,2.060546875,0.4693689352644846
KDE,2.064453125,0.4701077215479608
KDE,2.068359375,0.4702374429141435
KDE,2.072265625,0.4696476552857176
KDE,2.076171875,0.4687662589553632
KDE,2.080078125,0.468018785229555
KDE,2.083984375,0.4676731626368612
KDE,2.087890625,0.4673536159221091
KDE,2.091796875,0.4668429416254565
KDE,2.095703125,0.4667394388252402
KDE,2.099609375,0.4670953451700128
KDE,2.103515625,0.4670392364619184
KDE,2.107421875,0.4663417616175873
KDE,2.111328125,0.4655232350253929
KDE,2.115234375,0.4647942751968281
KDE,2.119140625,0.4644873129040112
KDE,2.123046875,0.4650680779621435
KDE,2.126953125,0.4662611244248171
KDE,2.130859375,0.4673582025380143
KDE,2.134765625,0.4680043377399596
KDE,2.138671875,0.4683646001107672
KDE,2.142578125,0.4688023034866294
KDE,2.146484375,0.4693387231967468
KDE,2.150390625,0.4697199978737078
KDE,2.154296875,0.4697926471882214
KDE,2.158203125,0.469622640433902
KDE,2.162109375,0.4693896759066361
KDE,2.166015625,0.4692131367167185
KDE,2.169921875,0.4691262483809814
KDE,2.173828125,0.4690882028918767
KDE,2.177734375,0.4690861866472225
KDE,2.181640625,0.4690717575202556
KDE,2.185546875,0.4690708124332474
KDE,2.189453125,0.4693721840117343
KDE,2.193359375,0.4702478170385893
KDE,2.197265625,0.4713233573544857
KDE,2.201171875,0.4719426212855924
KDE,2.205078125,0.472193737239168
KDE,2.208984375,0.4723806188703679
KDE,2.212890625,0.4725734311999751
KDE,2.216796875,0.4729231740146865
KDE,2.220703125,0.473325488820745
KDE,2.224609375,0.4735557115573311
KDE,2.228515625,0.4735978778030939
KDE,2.232421875,0.4735812164480277
KDE,2.236328125,0.4737303217527723
KDE,2.240234375,0.4739847039487651
KDE,2.244140625,0.4742281181846881
KDE,2.248046875,0.4746326234943593
KDE,2.251953125,0.4750624852677512
KDE,2.255859375,0.4750634161351516
KDE,2.259765625,0.4744964563175903
KDE,2.263671875,0.4736891101133887
KDE,2.267578125,0.4732890312479723
KDE,2.271484375,0.4736141269457466
KDE,2.275390625,0.474051419925182
KDE,2.279296875,0.4738719181610015
KDE,2.283203125,0.4732396992847393
KDE,2.287109375,0.4724729805301599
KDE,2.291015625,0.471608002025447
KDE,2.294921875,0.4710167001187511
KDE,2.298828125,0.4710736858929297
KDE,2.302734375,0.4716624045303825
KDE,2.306640625,0.4724653284372106
KDE,2.310546875,0.4733116947552436
KDE,2.314453125,0.4739477164947075
KDE,2.318359375,0.4740675533954153
KDE,2.322265625,0.4737513372226605
KDE,2.326171875,0.473236836078369
KDE,2.330078125,0.4724488856383284
KDE,2.333984375,0.4715461114241642
KDE,2.337890625,0.4710365688136237
KDE,2.341796875,0.4706998453923211
KDE,2.345703125,0.470178547026625
KDE,2.349609375,0.4699772186566522
KDE,2.353515625,0.4702588493335751
KDE,2.357421875,0.4703759399339013
KDE,2.361328125,0.4700420073994784
KDE,2.365234375,0.4695956370774918
KDE,2.369140625,0.4694583511054166
KDE,2.373046875,0.4698265368227503
KDE,2.376953125,0.470519808705395
KDE,2.380859375,0.4712341503299795
KDE,2.384765625,0.4717536156628216
KDE,2.388671875,0.4721027521168255
KDE,2.392578125,0.4727496418439441
KDE,2.396484375,0.4738411885516334
KDE,2.400390625,0.4748512554662191
KDE,2.404296875,0.4752786886904598
KDE,2.408203125,0.4751856598880897
KDE,2.412109375,0.4750598961658937
KDE,2.416015625,0.4752952911669584
KDE,2.419921875,0.4759480689723434
KDE,2.423828125,0.4768022124178936
KDE,2.427734375,0.4774524272834229
KDE,2.431640625,0.4777037730896559
KDE,2.435546875,0.4776658398722537
KDE,2.439453125,0.4772953920998026
KDE,2.443359375,0.4765249017839877
KDE,2.447265625,0.4753694211940959
KDE,2.451171875,0.4740683580307038
KDE,2.455078125,0.4729927189151355
KDE,2.458984375,0.4721658440791083
KDE,2.462890625,0.4716510744776951
KDE,2.466796875,0.4717878406475357
KDE,2.470703125,0.4727635537775239
KDE,2.474609375,0.4744001553544948
KDE,2.478515625,0.4762255381337723
KDE,2.482421875,0.4777262433495675
KDE,2.486328125,0.4784595112627509
KDE,2.490234375,0.4785175594226413
KDE,2.494140625,0.4785344190363149
KDE,2.498046875,0.4787022891788245
MTM full,-0.5,0.0
MTM full,0.0,0.0
MTM full,-0.498046875,0.0
MTM full,-0.494140625,0.0
MTM full,-0.490234375,0.0
MTM full,-0.486328125,0.0
MTM full,-0.482421875,0.0
MTM full,-0.478515625,0.0
MTM full,-0.474609375,0.0
MTM full,-0.470703125,0.0
MTM full,-0.466796875,0.0
MTM full,-0.462890625,0.0
MTM full,-0.458984375,0.0
MTM full,-0.455078125,0.0
MTM full,-0.451171875,0.0
MTM full,-0.447265625,0.0
MTM full,-0.443359375,0.0
MTM full,-0.439453125,0.0
MTM full,-0.435546875,0.0
MTM full,-0.431640625,0.0
MTM full,-0.427734375,0.0
MTM full,-0.423828125,0.0
MTM full,-0.419921875,0.0
MTM full,-0.416015625,0.0
MTM full,-0.412109375,0.0
MTM full,-0.408203125,0.0
MTM full,-0.404296875,0.0
MTM full,-0.400390625,0.0
MTM full,-0.396484375,0.0
MTM full,-0.392578125,0.0
MTM full,-0.388671875,0.0
MTM full,-0.384765625,0.0
MTM full,-0.380859375,0.0
MTM full,-0.376953125,0.0
MTM full,-0.373046875,0.0
MTM full,-0.369140625,0.0
MTM full,-0.365234375,0.0
MTM full,-0.361328125,0.0
MTM full,-0.357421875,0.0
MTM full,-0.353515625,0.0
MTM full,-0.349609375,0.0
MTM full,-0.345703125,0.0
MTM full,-0.341796875,0.0
MTM full,-0.337890625,0.0
MTM full,-0.333984375,0.0
MTM full,-0.330078125,0.0
MTM full,-0.326171875,0.0
MTM full,-0.322265625,0.0
MTM full,-0.318359375,0.0
MTM full,-0.314453125,0.0
MTM full,-0.310546875,0.0
MTM full,-0.306640625,0.0
MTM full,-0.302734375,0.0
MTM full,-0.298828125,0.0
MTM full,-0.294921875,0.0
MTM full,-0.291015625,0.0
MTM full,-0.287109375,0.0
MTM full,-0.283203125,0.0
MTM full,-0.279296875,0.0
MTM full,-0.275390625,0.0
MTM full,-0.271484375,0.0
MTM full,-0.267578125,0.0
MTM full,-0.263671875,0.0
MTM full,-0.259765625,0.0
MTM full,-0.255859375,0.0
MTM full,-0.251953125,0.0
MTM full,-0.248046875,0.0
MTM full,-0.244140625,0.0
MTM full,-0.240234375,0.0
MTM full,-0.236328125,0.0
MTM full,-0.232421875,0.0
MTM full,-0.228515625,0.0
MTM full,-0.224609375,0.0
MTM full,-0.220703125,0.0
MTM full,-0.216796875,0.0
MTM full,-0.212890625,0.0
MTM full,-0.208984375,0.0
MTM full,-0.205078125,0.0
MTM full,-0.201171875,0.0
MTM full,-0.197265625,0.0
MTM full,-0.193359375,0.0
MTM full,-0.189453125,0.0
MTM full,-0.185546875,0.0
MTM full,-0.181640625,0.0
MTM full,-0.177734375,0.0
MTM full,-0.173828125,0.0
MTM full,-0.169921875,0.0
MTM full,-0.166015625,0.0
MTM full,-0.162109375,0.0
MTM full,-0.158203125,0.0
MTM full,-0.154296875,0.0
MTM full,-0.150390625,0.0
MTM full,-0.146484375,0.0
MTM full,-0.142578125,0.0
MTM full,-0.138671875,0.0
MTM full,-0.134765625,0.0
MTM full,-0.130859375,0.0
MTM full,-0.126953125,0.0
MTM full,-0.123046875,0.0
MTM full,-0.119140625,0.0
MTM full,-0.115234375,0.0
MTM full,-0.111328125,0.0
MTM full,-0.107421875,0.0
MTM full,-0.103515625,0.0
MTM full,-0.099609375,0.0
MTM full,-0.095703125,0.0
MTM full,-0.091796875,0.0
MTM full,-0.087890625,0.0
MTM full,-0.083984375,0.0
MTM full,-0.080078125,0.0
MTM full,-0.076171875,4e-06
MTM full,-0.072265625,0.0
MTM full,-0.068359375,4e-06
MTM full,-0.064453125,1.2e-05
MTM full,-0.060546875,2.8e-05
MTM full,-0.056640625,9.6e-05
MTM full,-0.052734375,0.000108
MTM full,-0.048828125,0.000308
MTM full,-0.044921875,0.000364
MTM full,-0.041015625,0.000388
MTM full,-0.037109375,0.000372
MTM full,-0.033203125,0.000268
MTM full,-0.029296875,0.000176
MTM full,-0.025390625,0.000124
MTM full,-0.021484375,0.000188
MTM full,-0.017578125,0.000208
MTM full,-0.013671875,0.000556
MTM full,-0.009765625,0.00094
MTM full,-0.005859375,0.00106
MTM full,-0.001953125,0.001444
MTM full,0.001953125,0.001796
MTM full,0.005859375,0.002348
MTM full,0.009765625,0.003444
MTM full,0.013671875,0.005436
MTM full,0.017578125,0.009412
MTM full,0.021484375,0.017268
MTM full,0.025390625,0.033992
MTM full,0.029296875,0.071208
MTM full,0.033203125,0.1378559999999999
MTM full,0.037109375,0.260524
MTM full,0.041015625,0.429064
MTM full,0.044921875,0.55208
MTM full,0.048828125,0.678084
MTM full,0.052734375,1.684828
MTM full,0.056640625,1.6830159999999998
MTM full,0.060546875,2.417732
MTM full,0.064453125,3.144596
MTM full,0.068359375,3.010752
MTM full,0.072265625,2.883684
MTM full,0.076171875,2.7653879999999997
MTM full,0.080078125,2.649948
MTM full,0.083984375,2.541888
MTM full,0.087890625,2.436596
MTM full,0.091796875,2.334456
MTM full,0.095703125,2.243628
MTM full,0.099609375,2.157036
MTM full,0.103515625,2.075396
MTM full,0.107421875,1.996128
MTM full,0.111328125,1.911992
MTM full,0.115234375,1.84402
MTM full,0.119140625,1.772444
MTM full,0.123046875,1.710552
MTM full,0.126953125,1.65286
MTM full,0.130859375,1.590504
MTM full,0.134765625,1.53792
MTM full,0.138671875,1.486256
MTM full,0.142578125,1.430816
MTM full,0.146484375,1.383788
MTM full,0.150390625,1.3369559999999998
MTM full,0.154296875,1.29108
MTM full,0.158203125,1.244268
MTM full,0.162109375,1.210832
MTM full,0.166015625,1.1704560000000002
MTM full,0.169921875,1.130984
MTM full,0.173828125,1.096972
MTM full,0.177734375,1.065708
MTM full,0.181640625,1.0349279999999998
MTM full,0.185546875,0.999752
MTM full,0.189453125,0.970432
MTM full,0.193359375,0.93714
MTM full,0.197265625,0.908708
MTM full,0.201171875,0.8844719999999999
MTM full,0.205078125,0.8599559999999999
MTM full,0.208984375,0.829296
MTM full,0.212890625,0.807748
MTM full,0.216796875,0.7844439999999999
MTM full,0.220703125,0.7655080000000001
MTM full,0.224609375,0.7479480000000001
MTM full,0.228515625,0.726944
MTM full,0.232421875,0.708348
MTM full,0.236328125,0.69144
MTM full,0.240234375,0.671884
MTM full,0.244140625,0.6556040000000001
MTM full,0.248046875,0.6403840000000001
MTM full,0.251953125,0.626256
MTM full,0.255859375,0.609684
MTM full,0.259765625,0.5933759999999999
MTM full,0.263671875,0.57752
MTM full,0.267578125,0.563596
MTM full,0.271484375,0.5483
MTM full,0.275390625,0.53814
MTM full,0.279296875,0.523752
MTM full,0.283203125,0.513152
MTM full,0.287109375,0.49534
MTM full,0.291015625,0.4827519999999999
MTM full,0.294921875,0.47132
MTM full,0.298828125,0.460292
MTM full,0.302734375,0.445704
MTM full,0.306640625,0.437056
MTM full,0.310546875,0.425536
MTM full,0.314453125,0.4140399999999999
MTM full,0.318359375,0.40486
MTM full,0.322265625,0.39602
MTM full,0.326171875,0.385876
MTM full,0.330078125,0.378084
MTM full,0.333984375,0.370476
MTM full,0.337890625,0.360208
MTM full,0.341796875,0.352608
MTM full,0.345703125,0.343456
MTM full,0.349609375,0.3373
MTM full,0.353515625,0.3287799999999999
MTM full,0.357421875,0.3240119999999999
MTM full,0.361328125,0.315532
MTM full,0.365234375,0.3085759999999999
MTM full,0.369140625,0.3032559999999999
MTM full,0.373046875,0.29396
MTM full,0.376953125,0.28914
MTM full,0.380859375,0.280612
MTM full,0.384765625,0.274544
MTM full,0.388671875,0.268164
MTM full,0.392578125,0.264312
MTM full,0.396484375,0.258996
MTM full,0.400390625,0.255688
MTM full,0.404296875,0.251508
MTM full,0.408203125,0.24702
MTM full,0.412109375,0.242904
MTM full,0.416015625,0.240044
MTM full,0.419921875,0.23424
MTM full,0.423828125,0.230352
MTM full,0.427734375,0.225024
MTM full,0.431640625,0.2191759999999999
MTM full,0.435546875,0.217152
MTM full,0.439453125,0.2128
MTM full,0.443359375,0.208948
MTM full,0.447265625,0.204392
MTM full,0.451171875,0.201776
MTM full,0.455078125,0.196872
MTM full,0.458984375,0.194212
MTM full,0.462890625,0.1898
MTM full,0.466796875,0.185356
MTM full,0.470703125,0.184048
MTM full,0.474609375,0.181052
MTM full,0.478515625,0.176636
MTM full,0.482421875,0.174592
MTM full,0.486328125,0.170228
MTM full,0.490234375,0.166788
MTM full,0.494140625,0.1640039999999999
MTM full,0.498046875,0.162012
MTM full,0.501953125,0.158116
MTM full,0.505859375,0.1578
MTM full,0.509765625,0.153968
MTM full,0.513671875,0.1535639999999999
MTM full,0.517578125,0.150336
MTM full,0.521484375,0.1492959999999999
MTM full,0.525390625,0.146924
MTM full,0.529296875,0.1437999999999999
MTM full,0.533203125,0.143992
MTM full,0.537109375,0.142188
MTM full,0.541015625,0.13988
MTM full,0.544921875,0.138448
MTM full,0.548828125,0.135728
MTM full,0.552734375,0.134956
MTM full,0.556640625,0.132008
MTM full,0.560546875,0.129872
MTM full,0.564453125,0.130004
MTM full,0.568359375,0.1271
MTM full,0.572265625,0.124868
MTM full,0.576171875,0.123192
MTM full,0.580078125,0.119708
MTM full,0.583984375,0.117296
MTM full,0.587890625,0.117044
MTM full,0.591796875,0.115344
MTM full,0.595703125,0.114844
MTM full,0.599609375,0.112716
MTM full,0.603515625,0.111956
MTM full,0.607421875,0.11004
MTM full,0.611328125,0.1088959999999999
MTM full,0.615234375,0.108488
MTM full,0.619140625,0.107136
MTM full,0.623046875,0.106484
MTM full,0.626953125,0.10498
MTM full,0.630859375,0.104228
MTM full,0.634765625,0.103476
MTM full,0.638671875,0.103848
MTM full,0.642578125,0.10222
MTM full,0.646484375,0.102196
MTM full,0.650390625,0.102084
MTM full,0.654296875,0.099656
MTM full,0.658203125,0.099504
MTM full,0.662109375,0.098176
MTM full,0.666015625,0.096928
MTM full,0.669921875,0.0958
MTM full,0.673828125,0.095016
MTM full,0.677734375,0.094448
MTM full,0.681640625,0.0940199999999999
MTM full,0.685546875,0.094224
MTM full,0.689453125,0.093332
MTM full,0.693359375,0.09234
MTM full,0.697265625,0.091768
MTM full,0.701171875,0.0899919999999999
MTM full,0.705078125,0.090608
MTM full,0.708984375,0.089408
MTM full,0.712890625,0.089788
MTM full,0.716796875,0.089072
MTM full,0.720703125,0.088004
MTM full,0.724609375,0.087052
MTM full,0.728515625,0.087596
MTM full,0.732421875,0.087592
MTM full,0.736328125,0.086448
MTM full,0.740234375,0.08694
MTM full,0.744140625,0.08652
MTM full,0.748046875,0.086184
MTM full,0.751953125,0.085224
MTM full,0.755859375,0.0861359999999999
MTM full,0.759765625,0.0851079999999999
MTM full,0.763671875,0.08662
MTM full,0.767578125,0.086352
MTM full,0.771484375,0.086756
MTM full,0.775390625,0.0858
MTM full,0.779296875,0.087228
MTM full,0.783203125,0.086824
MTM full,0.787109375,0.086064
MTM full,0.791015625,0.086536
MTM full,0.794921875,0.0863599999999999
MTM full,0.798828125,0.086676
MTM full,0.802734375,0.085072
MTM full,0.806640625,0.086208
MTM full,0.810546875,0.08738
MTM full,0.814453125,0.087984
MTM full,0.818359375,0.087836
MTM full,0.822265625,0.087824
MTM full,0.826171875,0.087672
MTM full,0.830078125,0.0876
MTM full,0.833984375,0.087948
MTM full,0.837890625,0.088096
MTM full,0.841796875,0.088044
MTM full,0.845703125,0.088052
MTM full,0.849609375,0.089148
MTM full,0.853515625,0.088736
MTM full,0.857421875,0.087416
MTM full,0.861328125,0.089304
MTM full,0.865234375,0.088836
MTM full,0.869140625,0.088572
MTM full,0.873046875,0.090148
MTM full,0.876953125,0.090496
MTM full,0.880859375,0.091604
MTM full,0.884765625,0.09036
MTM full,0.888671875,0.090212
MTM full,0.892578125,0.090844
MTM full,0.896484375,0.0915479999999999
MTM full,0.900390625,0.090444
MTM full,0.904296875,0.090864
MTM full,0.908203125,0.090144
MTM full,0.912109375,0.090148
MTM full,0.916015625,0.090704
MTM full,0.919921875,0.09148
MTM full,0.923828125,0.090624
MTM full,0.927734375,0.09208
MTM full,0.931640625,0.093116
MTM full,0.935546875,0.092728
MTM full,0.939453125,0.093284
MTM full,0.943359375,0.0941
MTM full,0.947265625,0.094668
MTM full,0.951171875,0.096084
MTM full,0.955078125,0.095968
MTM full,0.958984375,0.096004
MTM full,0.962890625,0.095568
MTM full,0.966796875,0.0964559999999999
MTM full,0.970703125,0.098768
MTM full,0.974609375,0.098732
MTM full,0.978515625,0.099844
MTM full,0.982421875,0.100644
MTM full,0.986328125,0.0991
MTM full,0.990234375,0.100112
MTM full,0.994140625,0.100476
MTM full,0.998046875,0.100612
MTM full,1.001953125,0.101388
MTM full,1.005859375,0.1022319999999999
MTM full,1.009765625,0.101404
MTM full,1.013671875,0.101628
MTM full,1.017578125,0.101604
MTM full,1.021484375,0.103384
MTM full,1.025390625,0.103112
MTM full,1.029296875,0.103616
MTM full,1.033203125,0.10368
MTM full,1.037109375,0.103748
MTM full,1.041015625,0.1043679999999999
MTM full,1.044921875,0.104464
MTM full,1.048828125,0.104496
MTM full,1.052734375,0.10608
MTM full,1.056640625,0.105016
MTM full,1.060546875,0.1068119999999999
MTM full,1.064453125,0.106916
MTM full,1.068359375,0.106668
MTM full,1.072265625,0.108408
MTM full,1.076171875,0.110484
MTM full,1.080078125,0.109716
MTM full,1.083984375,0.1097559999999999
MTM full,1.087890625,0.108648
MTM full,1.091796875,0.110408
MTM full,1.095703125,0.112152
MTM full,1.099609375,0.111916
MTM full,1.103515625,0.11198
MTM full,1.107421875,0.112096
MTM full,1.111328125,0.112968
MTM full,1.115234375,0.112996
MTM full,1.119140625,0.11326
MTM full,1.123046875,0.114868
MTM full,1.126953125,0.114148
MTM full,1.130859375,0.114972
MTM full,1.134765625,0.116572
MTM full,1.138671875,0.116044
MTM full,1.142578125,0.116872
MTM full,1.146484375,0.116464
MTM full,1.150390625,0.11676
MTM full,1.154296875,0.115984
MTM full,1.158203125,0.11752
MTM full,1.162109375,0.120188
MTM full,1.166015625,0.121484
MTM full,1.169921875,0.1222159999999999
MTM full,1.173828125,0.121164
MTM full,1.177734375,0.1219
MTM full,1.181640625,0.121904
MTM full,1.185546875,0.121576
MTM full,1.189453125,0.122864
MTM full,1.193359375,0.12492
MTM full,1.197265625,0.12508
MTM full,1.201171875,0.126512
MTM full,1.205078125,0.127836
MTM full,1.208984375,0.128232
MTM full,1.212890625,0.12768
MTM full,1.216796875,0.129212
MTM full,1.220703125,0.12902
MTM full,1.224609375,0.131436
MTM full,1.228515625,0.129456
MTM full,1.232421875,0.1315
MTM full,1.236328125,0.132792
MTM full,1.240234375,0.132216
MTM full,1.244140625,0.134848
MTM full,1.248046875,0.135756
MTM full,1.251953125,0.13704
MTM full,1.255859375,0.1373639999999999
MTM full,1.259765625,0.138128
MTM full,1.263671875,0.1390759999999999
MTM full,1.267578125,0.140736
MTM full,1.271484375,0.140652
MTM full,1.275390625,0.141336
MTM full,1.279296875,0.141824
MTM full,1.283203125,0.1424
MTM full,1.287109375,0.143956
MTM full,1.291015625,0.14532
MTM full,1.294921875,0.146704
MTM full,1.298828125,0.147584
MTM full,1.302734375,0.148848
MTM full,1.306640625,0.150396
MTM full,1.310546875,0.151868
MTM full,1.314453125,0.153552
MTM full,1.318359375,0.154392
MTM full,1.322265625,0.1568399999999999
MTM full,1.326171875,0.157928
MTM full,1.330078125,0.1590079999999999
MTM full,1.333984375,0.159296
MTM full,1.337890625,0.162088
MTM full,1.341796875,0.162696
MTM full,1.345703125,0.164148
MTM full,1.349609375,0.166732
MTM full,1.353515625,0.167636
MTM full,1.357421875,0.168156
MTM full,1.361328125,0.169308
MTM full,1.365234375,0.170748
MTM full,1.369140625,0.17416
MTM full,1.373046875,0.17428
MTM full,1.376953125,0.17636
MTM full,1.380859375,0.178352
MTM full,1.384765625,0.179128
MTM full,1.388671875,0.183268
MTM full,1.392578125,0.1846
MTM full,1.396484375,0.187776
MTM full,1.400390625,0.190276
MTM full,1.404296875,0.1905319999999999
MTM full,1.408203125,0.193624
MTM full,1.412109375,0.19554
MTM full,1.416015625,0.196176
MTM full,1.419921875,0.197904
MTM full,1.423828125,0.201144
MTM full,1.427734375,0.204476
MTM full,1.431640625,0.206164
MTM full,1.435546875,0.209712
MTM full,1.439453125,0.212584
MTM full,1.443359375,0.214868
MTM full,1.447265625,0.217696
MTM full,1.451171875,0.219524
MTM full,1.455078125,0.221084
MTM full,1.458984375,0.224016
MTM full,1.462890625,0.227812
MTM full,1.466796875,0.2298359999999999
MTM full,1.470703125,0.235336
MTM full,1.474609375,0.23736
MTM full,1.478515625,0.237132
MTM full,1.482421875,0.244552
MTM full,1.486328125,0.250568
MTM full,1.490234375,0.2546279999999999
MTM full,1.494140625,0.259592
MTM full,1.498046875,0.265076
MTM full,1.501953125,0.269356
MTM full,1.505859375,0.27552
MTM full,1.509765625,0.280452
MTM full,1.513671875,0.2855959999999999
MTM full,1.517578125,0.290004
MTM full,1.521484375,0.297012
MTM full,1.525390625,0.302496
MTM full,1.529296875,0.307892
MTM full,1.533203125,0.317972
MTM full,1.537109375,0.325136
MTM full,1.541015625,0.332384
MTM full,1.544921875,0.340612
MTM full,1.548828125,0.3509919999999999
MTM full,1.552734375,0.356784
MTM full,1.556640625,0.3669759999999999
MTM full,1.560546875,0.37814
MTM full,1.564453125,0.387496
MTM full,1.568359375,0.399372
MTM full,1.572265625,0.409188
MTM full,1.576171875,0.42358
MTM full,1.580078125,0.437764
MTM full,1.583984375,0.451648
MTM full,1.587890625,0.465016
MTM full,1.591796875,0.479844
MTM full,1.595703125,0.496792
MTM full,1.599609375,0.513104
MTM full,1.603515625,0.529072
MTM full,1.607421875,0.5416319999999999
MTM full,1.611328125,0.557004
MTM full,1.615234375,0.571584
MTM full,1.619140625,0.585516
MTM full,1.623046875,0.593944
MTM full,1.626953125,0.6050880000000001
MTM full,1.630859375,0.612656
MTM full,1.634765625,0.618332
MTM full,1.638671875,0.6305959999999999
MTM full,1.642578125,0.631276
MTM full,1.646484375,0.634408
MTM full,1.650390625,0.635972
MTM full,1.654296875,0.635832
MTM full,1.658203125,0.638008
MTM full,1.662109375,0.636784
MTM full,1.666015625,0.635408
MTM full,1.669921875,0.628316
MTM full,1.673828125,0.6316360000000001
MTM full,1.677734375,0.621672
MTM full,1.681640625,0.6199479999999999
MTM full,1.685546875,0.615668
MTM full,1.689453125,0.614124
MTM full,1.693359375,0.608332
MTM full,1.697265625,0.60434
MTM full,1.701171875,0.601336
MTM full,1.705078125,0.593828
MTM full,1.708984375,0.592288
MTM full,1.712890625,0.590644
MTM full,1.716796875,0.5859000000000001
MTM full,1.720703125,0.583316
MTM full,1.724609375,0.580844
MTM full,1.728515625,0.573012
MTM full,1.732421875,0.570652
MTM full,1.736328125,0.56564
MTM full,1.740234375,0.5638
MTM full,1.744140625,0.556916
MTM full,1.748046875,0.5526040000000001
MTM full,1.751953125,0.55124
MTM full,1.755859375,0.54496
MTM full,1.759765625,0.543516
MTM full,1.763671875,0.536968
MTM full,1.767578125,0.534648
MTM full,1.771484375,0.52854
MTM full,1.775390625,0.524044
MTM full,1.779296875,0.5253840000000001
MTM full,1.783203125,0.516912
MTM full,1.787109375,0.518448
MTM full,1.791015625,0.5165839999999999
MTM full,1.794921875,0.514756
MTM full,1.798828125,0.513976
MTM full,1.802734375,0.51222
MTM full,1.806640625,0.510744
MTM full,1.810546875,0.509504
MTM full,1.814453125,0.5069
MTM full,1.818359375,0.50554
MTM full,1.822265625,0.501664
MTM full,1.826171875,0.501792
MTM full,1.830078125,0.49854
MTM full,1.833984375,0.494532
MTM full,1.837890625,0.4961959999999999
MTM full,1.841796875,0.493036
MTM full,1.845703125,0.488996
MTM full,1.849609375,0.493592
MTM full,1.853515625,0.493776
MTM full,1.857421875,0.4900919999999999
MTM full,1.861328125,0.488888
MTM full,1.865234375,0.486912
MTM full,1.869140625,0.485932
MTM full,1.873046875,0.4857599999999999
MTM full,1.876953125,0.48658
MTM full,1.880859375,0.483324
MTM full,1.884765625,0.480804
MTM full,1.888671875,0.481956
MTM full,1.892578125,0.4790799999999999
MTM full,1.896484375,0.4778
MTM full,1.900390625,0.4808679999999999
MTM full,1.904296875,0.477732
MTM full,1.908203125,0.476688
MTM full,1.912109375,0.4743
MTM full,1.916015625,0.4775319999999999
MTM full,1.919921875,0.47786
MTM full,1.923828125,0.476576
MTM full,1.927734375,0.47706
MTM full,1.931640625,0.47502
MTM full,1.935546875,0.47492
MTM full,1.939453125,0.475364
MTM full,1.943359375,0.475552
MTM full,1.947265625,0.478732
MTM full,1.951171875,0.474624
MTM full,1.955078125,0.474236
MTM full,1.958984375,0.474552
MTM full,1.962890625,0.477412
MTM full,1.966796875,0.475892
MTM full,1.970703125,0.47686
MTM full,1.974609375,0.4761039999999999
MTM full,1.978515625,0.476328
MTM full,1.982421875,0.476808
MTM full,1.986328125,0.477076
MTM full,1.990234375,0.472412
MTM full,1.994140625,0.470924
MTM full,1.998046875,0.471396
MTM full,2.001953125,0.471264
MTM full,2.005859375,0.472232
MTM full,2.009765625,0.470876
MTM full,2.013671875,0.471568
MTM full,2.017578125,0.473364
MTM full,2.021484375,0.471364
MTM full,2.025390625,0.46828
MTM full,2.029296875,0.469268
MTM full,2.033203125,0.471268
MTM full,2.037109375,0.46792
MTM full,2.041015625,0.47198
MTM full,2.044921875,0.469572
MTM full,2.048828125,0.470032
MTM full,2.052734375,0.4705399999999999
MTM full,2.056640625,0.466476
MTM full,2.060546875,0.46898
MTM full,2.064453125,0.471532
MTM full,2.068359375,0.471312
MTM full,2.072265625,0.468712
MTM full,2.076171875,0.470236
MTM full,2.080078125,0.465948
MTM full,2.083984375,0.46784
MTM full,2.087890625,0.469028
MTM full,2.091796875,0.4656679999999999
MTM full,2.095703125,0.465196
MTM full,2.099609375,0.46816
MTM full,2.103515625,0.4691079999999999
MTM full,2.107421875,0.464368
MTM full,2.111328125,0.466604
MTM full,2.115234375,0.464736
MTM full,2.119140625,0.4627719999999999
MTM full,2.123046875,0.464372
MTM full,2.126953125,0.4669879999999999
MTM full,2.130859375,0.4674439999999999
MTM full,2.134765625,0.469048
MTM full,2.138671875,0.467448
MTM full,2.142578125,0.468792
MTM full,2.146484375,0.46966
MTM full,2.150390625,0.469796
MTM full,2.154296875,0.4705479999999999
MTM full,2.158203125,0.468944
MTM full,2.162109375,0.470088
MTM full,2.166015625,0.46826
MTM full,2.169921875,0.469912
MTM full,2.173828125,0.4684439999999999
MTM full,2.177734375,0.469364
MTM full,2.181640625,0.469196
MTM full,2.185546875,0.468836
MTM full,2.189453125,0.46896
MTM full,2.193359375,0.46856
MTM full,2.197265625,0.4737719999999999
MTM full,2.201171875,0.471704
MTM full,2.205078125,0.471412
MTM full,2.208984375,0.473732
MTM full,2.212890625,0.471296
MTM full,2.216796875,0.473012
MTM full,2.220703125,0.474124
MTM full,2.224609375,0.472852
MTM full,2.228515625,0.474724
MTM full,2.232421875,0.472628
MTM full,2.236328125,0.473428
MTM full,2.240234375,0.474996
MTM full,2.244140625,0.473368
MTM full,2.248046875,0.4741959999999999
MTM full,2.251953125,0.4762119999999999
MTM full,2.255859375,0.475172
MTM full,2.259765625,0.475304
MTM full,2.263671875,0.473168
MTM full,2.267578125,0.4720879999999999
MTM full,2.271484375,0.472832
MTM full,2.275390625,0.476164
MTM full,2.279296875,0.474064
MTM full,2.283203125,0.472084
MTM full,2.287109375,0.474244
MTM full,2.291015625,0.470412
MTM full,2.294921875,0.470744
MTM full,2.298828125,0.469936
MTM full,2.302734375,0.47234
MTM full,2.306640625,0.471928
MTM full,2.310546875,0.473392
MTM full,2.314453125,0.474716
MTM full,2.318359375,0.474756
MTM full,2.322265625,0.47336
MTM full,2.326171875,0.473176
MTM full,2.330078125,0.474144
MTM full,2.333984375,0.469672
MTM full,2.337890625,0.470328
MTM full,2.341796875,0.47302
MTM full,2.345703125,0.468756
MTM full,2.349609375,0.4687
MTM full,2.353515625,0.471268
MTM full,2.357421875,0.47106
MTM full,2.361328125,0.469828
MTM full,2.365234375,0.469556
MTM full,2.369140625,0.468672
MTM full,2.373046875,0.469236
MTM full,2.376953125,0.471428
MTM full,2.380859375,0.47006
MTM full,2.384765625,0.473796
MTM full,2.388671875,0.47064
MTM full,2.392578125,0.47222
MTM full,2.396484375,0.47392
MTM full,2.400390625,0.475696
MTM full,2.404296875,0.476024
MTM full,2.408203125,0.475032
MTM full,2.412109375,0.474536
MTM full,2.416015625,0.474912
MTM full,2.419921875,0.475796
MTM full,2.423828125,0.47644
MTM full,2.427734375,0.479276
MTM full,2.431640625,0.476288
MTM full,2.435546875,0.4790919999999999
MTM full,2.439453125,0.4770999999999999
MTM full,2.443359375,0.4768
MTM full,2.447265625,0.47644
MTM full,2.451171875,0.4726
MTM full,2.455078125,0.473296
MTM full,2.458984375,0.472396
MTM full,2.462890625,0.470376
MTM full,2.466796875,0.471668
MTM full,2.470703125,0.4712159999999999
MTM full,2.474609375,0.4751039999999999
MTM full,2.478515625,0.475896
MTM full,2.482421875,0.47856
MTM full,2.486328125,0.480128
MTM full,2.490234375,0.477548
MTM full,2.494140625,0.478136
MTM full,2.498046875,0.47922
MTM moments,-0.5,0.0
MTM moments,0.0,0.0
MTM moments,-0.076171875,8.908957470548444e-05
MTM moments,-0.068359375,0.000144967221286
MTM moments,-0.064453125,0.000152336148196
MTM moments,-0.060546875,0.0001788392347867
MTM moments,-0.056640625,0.0002188088129214
MTM moments,-0.052734375,0.0002347414861123
MTM moments,-0.048828125,0.0002985936403489
MTM moments,-0.044921875,0.0003680439377319
MTM moments,-0.041015625,0.0004393206273555
MTM moments,-0.037109375,0.0006250060613042
MTM moments,-0.033203125,0.000896288370959
MTM moments,-0.029296875,0.0010434647517483
MTM moments,-0.025390625,0.0011518023847906
MTM moments,-0.021484375,0.0016451255563738
MTM moments,-0.017578125,0.0029751645447924
MTM moments,-0.013671875,0.0034175043631732
MTM moments,-0.009765625,0.0046263308118755
MTM moments,-0.005859375,0.005552453884413
MTM moments,-0.001953125,0.0053454566943044
MTM moments,0.001953125,0.0063434231209481
MTM moments,0.005859375,0.0079668722537471
MTM moments,0.009765625,0.0107231878120757
MTM moments,0.013671875,0.0136677851179371
MTM moments,0.017578125,0.0190765648874671
MTM moments,0.021484375,0.0290070562650975
MTM moments,0.025390625,0.0458733338670742
MTM moments,0.029296875,0.0801189518894306
MTM moments,0.033203125,0.1448398562625548
MTM moments,0.037109375,0.2806990700982403
MTM moments,0.041015625,0.5916498627849133
MTM moments,0.044921875,1.2166812215795004
MTM moments,0.048828125,2.2462865923850157
MTM moments,0.052734375,5.381847530780882
MTM moments,0.056640625,4.366988472784114
MTM moments,0.060546875,1.454316834729945
MTM moments,0.064453125,3.3974361413047443
MTM moments,0.068359375,4.336982863760189
MTM moments,0.072265625,4.113759674535644
MTM moments,0.076171875,3.6535068192819145
MTM moments,0.080078125,3.374818276609203
MTM moments,0.083984375,3.1777318326944237
MTM moments,0.087890625,3.002630789561317
MTM moments,0.091796875,2.8887295502913943
MTM moments,0.095703125,2.7300517358053793
MTM moments,0.099609375,2.595340833007522
MTM moments,0.103515625,2.4798060338886976
MTM moments,0.107421875,2.3651130208906292
MTM moments,0.111328125,2.2430705368372075
MTM moments,0.115234375,2.1100122334064624
MTM moments,0.119140625,1.9988718955242537
MTM moments,0.123046875,1.9239334718261172
MTM moments,0.126953125,1.825064031499464
MTM moments,0.130859375,1.712115510103422
MTM moments,0.134765625,1.6248803901181077
MTM moments,0.138671875,1.604504419258182
MTM moments,0.142578125,1.5148271666192354
MTM moments,0.146484375,1.4454373216145802
MTM moments,0.150390625,1.3581608287724234
MTM moments,0.154296875,1.331195447894194
MTM moments,0.158203125,1.2659501805149065
MTM moments,0.162109375,1.2190906799996366
MTM moments,0.166015625,1.1667833139946635
MTM moments,0.169921875,1.131246325923518
MTM moments,0.173828125,1.0764393005921515
MTM moments,0.177734375,1.0410393151252548
MTM moments,0.181640625,1.0284909298158629
MTM moments,0.185546875,0.993515952846809
MTM moments,0.189453125,0.9676798911004536
MTM moments,0.193359375,0.9144542066063308
MTM moments,0.197265625,0.8815243389149223
MTM moments,0.201171875,0.865322972851861
MTM moments,0.205078125,0.8992751178564461
MTM moments,0.208984375,0.7903365844480469
MTM moments,0.212890625,0.8088259605871595
MTM moments,0.216796875,0.7766352545226632
MTM moments,0.220703125,0.7359293439492051
MTM moments,0.224609375,0.7642820508000517
MTM moments,0.228515625,0.6929276911804122
MTM moments,0.232421875,0.6321104282001817
MTM moments,0.236328125,0.6514652067005753
MTM moments,0.240234375,0.6743704185680047
MTM moments,0.244140625,0.6413390679095001
MTM moments,0.248046875,0.6185810355264441
MTM moments,0.251953125,0.6304291017873468
MTM moments,0.255859375,0.6295186616715364
MTM moments,0.259765625,0.5635058326952967
MTM moments,0.263671875,0.5960793562976495
MTM moments,0.267578125,0.5105022953576841
MTM moments,0.271484375,0.5315460679582994
MTM moments,0.275390625,0.5060708343250202
MTM moments,0.279296875,0.505150489232369
MTM moments,0.283203125,0.5202144491447506
MTM moments,0.287109375,0.5290848652593694
MTM moments,0.291015625,0.4393566677551646
MTM moments,0.294921875,0.4375460748189064
MTM moments,0.298828125,0.4331643096734929
MTM moments,0.302734375,0.4592392160184933
MTM moments,0.306640625,0.4445982012752233
MTM moments,0.310546875,0.4224510964807466
MTM moments,0.314453125,0.3873436631336371
MTM moments,0.318359375,0.4059414417159281
MTM moments,0.322265625,0.3862458704952024
MTM moments,0.326171875,0.3911694951560822
MTM moments,0.330078125,0.404076345897225
MTM moments,0.333984375,0.3716397433423846
MTM moments,0.337890625,0.358241482167419
MTM moments,0.341796875,0.3497345509413314
MTM moments,0.345703125,0.306110845582728
MTM moments,0.349609375,0.2959562288017665
MTM moments,0.353515625,0.2873221458478251
MTM moments,0.357421875,0.3023948444996416
MTM moments,0.361328125,0.2914333059513811
MTM moments,0.365234375,0.3012352132763501
MTM moments,0.369140625,0.2997376249595022
MTM moments,0.373046875,0.2939713334614992
MTM moments,0.376953125,0.2764592263518345
MTM moments,0.380859375,0.2875487766187843
MTM moments,0.384765625,0.2834331734462172
MTM moments,0.388671875,0.2435678233192443
MTM moments,0.392578125,0.2357117808750864
MTM moments,0.396484375,0.2349658125710062
MTM moments,0.400390625,0.2120567446931343
MTM moments,0.404296875,0.204352655686939
MTM moments,0.408203125,0.2219493572121863
MTM moments,0.412109375,0.2247227723506849
MTM moments,0.416015625,0.216203372666376
MTM moments,0.419921875,0.212040890741577
MTM moments,0.423828125,0.2154877406362494
MTM moments,0.427734375,0.2063299427383778
MTM moments,0.431640625,0.1901926145225764
MTM moments,0.435546875,0.2047079233443638
MTM moments,0.439453125,0.1818566558487278
MTM moments,0.443359375,0.1836360783414019
MTM moments,0.447265625,0.1970513742080896
MTM moments,0.451171875,0.2034622611181868
MTM moments,0.455078125,0.1701243452882622
MTM moments,0.458984375,0.1546973366319617
MTM moments,0.462890625,0.163285584966226
MTM moments,0.466796875,0.175058751381011
MTM moments,0.470703125,0.1690321070986667
MTM moments,0.474609375,0.1624542246036603
MTM moments,0.478515625,0.1446385980584793
MTM moments,0.482421875,0.1511372521509146
MTM moments,0.486328125,0.1559931809316646
MTM moments,0.490234375,0.1402482152361493
MTM moments,0.494140625,0.1687429792011547
MTM moments,0.498046875,0.1315574796520646
MTM moments,0.501953125,0.137935790471802
MTM moments,0.505859375,0.1206415895471776
MTM moments,0.509765625,0.1621920401328261
MTM moments,0.513671875,0.1370783196347643
MTM moments,0.517578125,0.1293018157090809
MTM moments,0.521484375,0.1306838887301344
MTM moments,0.525390625,0.1139889515175772
MTM moments,0.529296875,0.134003475336787
MTM moments,0.533203125,0.1171635460387039
MTM moments,0.537109375,0.1228187517167589
MTM moments,0.541015625,0.1217554889549386
MTM moments,0.544921875,0.1245613495999287
MTM moments,0.548828125,0.124281524572077
MTM moments,0.552734375,0.113850989662557
MTM moments,0.556640625,0.119187493457257
MTM moments,0.560546875,0.0993761274888778
MTM moments,0.564453125,0.1053224589749473
MTM moments,0.568359375,0.1126898002563257
MTM moments,0.572265625,0.1067660340271169
MTM moments,0.576171875,0.1080664753942581
MTM moments,0.580078125,0.098643812492647
MTM moments,0.583984375,0.100908476799891
MTM moments,0.587890625,0.098473898732161
MTM moments,0.591796875,0.0944689705462347
MTM moments,0.595703125,0.1010571381028851
MTM moments,0.599609375,0.0994722243992315
MTM moments,0.603515625,0.0961147219766721
MTM moments,0.607421875,0.0992591046590492
MTM moments,0.611328125,0.0967376765596791
MTM moments,0.615234375,0.0898164020066595
MTM moments,0.619140625,0.0999633006623728
MTM moments,0.623046875,0.0879743910475565
MTM moments,0.626953125,0.0912532749057372
MTM moments,0.630859375,0.0928673585970576
MTM moments,0.634765625,0.091016733392137
MTM moments,0.638671875,0.0872548412285106
MTM moments,0.642578125,0.0889119341105938
MTM moments,0.646484375,0.0909744425289821
MTM moments,0.650390625,0.08370370763306
MTM moments,0.654296875,0.0805111844297478
MTM moments,0.658203125,0.0807190940361846
MTM moments,0.662109375,0.0867048643089139
MTM moments,0.666015625,0.0815196099358399
MTM moments,0.669921875,0.0931958620593558
MTM moments,0.673828125,0.0795431927109717
MTM moments,0.677734375,0.080065373903382
MTM moments,0.681640625,0.0757470044808747
MTM moments,0.685546875,0.0853138868729109
MTM moments,0.689453125,0.0798078998467554
MTM moments,0.693359375,0.0796408105025101
MTM moments,0.697265625,0.0787961589183695
MTM moments,0.701171875,0.0795957784707141
MTM moments,0.705078125,0.0847773396468902
MTM moments,0.708984375,0.081786483292457
MTM moments,0.712890625,0.0778855602244247
MTM moments,0.716796875,0.0728123679693051
MTM moments,0.720703125,0.0748585008790401
MTM moments,0.724609375,0.0850313788479107
MTM moments,0.728515625,0.0794991146026158
MTM moments,0.732421875,0.0772979979846818
MTM moments,0.736328125,0.0764853621036681
MTM moments,0.740234375,0.0703633997533039
MTM moments,0.744140625,0.0712722928996042
MTM moments,0.748046875,0.0775644552599253
MTM moments,0.751953125,0.0793346528156879
MTM moments,0.755859375,0.0823627364964175
MTM moments,0.759765625,0.0737589219443962
MTM moments,0.763671875,0.0751759061267961
MTM moments,0.767578125,0.0780864035222743
MTM moments,0.771484375,0.0764340149412042
MTM moments,0.775390625,0.0718411744711571
MTM moments,0.779296875,0.0742752662204094
MTM moments,0.783203125,0.075083397437459
MTM moments,0.787109375,0.0787965800386281
MTM moments,0.791015625,0.0669287871668172
MTM moments,0.794921875,0.067793025541057
MTM moments,0.798828125,0.0759943669555309
MTM moments,0.802734375,0.0806756168418023
MTM moments,0.806640625,0.0828840720009093
MTM moments,0.810546875,0.0816911214634481
MTM moments,0.814453125,0.07441493002875
MTM moments,0.818359375,0.0746787402396889
MTM moments,0.822265625,0.0830069399553404
MTM moments,0.826171875,0.0748675823909987
MTM moments,0.830078125,0.0758122876232732
MTM moments,0.833984375,0.0733882911329726
MTM moments,0.837890625,0.0773255941833157
MTM moments,0.841796875,0.0778750610775556
MTM moments,0.845703125,0.0789986753366793
MTM moments,0.849609375,0.0765666977384338
MTM moments,0.853515625,0.0860556727882657
MTM moments,0.857421875,0.0801221101479773
MTM moments,0.861328125,0.077656958954219
MTM moments,0.865234375,0.0731332920651111
MTM moments,0.869140625,0.0783790936797987
MTM moments,0.873046875,0.0807789713820195
MTM moments,0.876953125,0.0704372285484707
MTM moments,0.880859375,0.0757418831094508
MTM moments,0.884765625,0.0779369951197665
MTM moments,0.888671875,0.0800589111657196
MTM moments,0.892578125,0.0877532771094024
MTM moments,0.896484375,0.0896042686318171
MTM moments,0.900390625,0.0779052550978637
MTM moments,0.904296875,0.0723458272660379
MTM moments,0.908203125,0.076636080505524
MTM moments,0.912109375,0.0963000074051991
MTM moments,0.916015625,0.0846642299374468
MTM moments,0.919921875,0.0828370928294207
MTM moments,0.923828125,0.0811100731412165
MTM moments,0.927734375,0.0861798221523388
MTM moments,0.931640625,0.0917842709796513
MTM moments,0.935546875,0.0739913672616222
MTM moments,0.939453125,0.0842773697923198
MTM moments,0.943359375,0.0798585381959885
MTM moments,0.947265625,0.0853286861738443
MTM moments,0.951171875,0.0873881047975361
MTM moments,0.955078125,0.0895728227147953
MTM moments,0.958984375,0.0925055146650804
MTM moments,0.962890625,0.0811729728368838
MTM moments,0.966796875,0.091162740633022
MTM moments,0.970703125,0.083392822839012
MTM moments,0.974609375,0.0842819732524598
MTM moments,0.978515625,0.0946629779196115
MTM moments,0.982421875,0.0874609937152313
MTM moments,0.986328125,0.098039142962698
MTM moments,0.990234375,0.0908928404722613
MTM moments,0.994140625,0.0877204473589939
MTM moments,0.998046875,0.0998075735823028
MTM moments,1.001953125,0.0876120416186329
MTM moments,1.005859375,0.0870478184145306
MTM moments,1.009765625,0.0873396681956477
MTM moments,1.013671875,0.099015984461471
MTM moments,1.017578125,0.0923131864711988
MTM moments,1.021484375,0.0948326603679088
MTM moments,1.025390625,0.0985131042354303
MTM moments,1.029296875,0.0903057753043076
MTM moments,1.033203125,0.0916109977365836
MTM moments,1.037109375,0.0944093178430932
MTM moments,1.041015625,0.093664081878841
MTM moments,1.044921875,0.0895934865260727
MTM moments,1.048828125,0.0930900864233176
MTM moments,1.052734375,0.0995691762257401
MTM moments,1.056640625,0.1033950998679952
MTM moments,1.060546875,0.0908111711767932
MTM moments,1.064453125,0.0948810370727683
MTM moments,1.068359375,0.091049708790716
MTM moments,1.072265625,0.1012824573272131
MTM moments,1.076171875,0.1033600074084638
MTM moments,1.080078125,0.096851566662751
MTM moments,1.083984375,0.1049317920325065
MTM moments,1.087890625,0.1058553290763845
MTM moments,1.091796875,0.1002076461785578
MTM moments,1.095703125,0.1033068497419395
MTM moments,1.099609375,0.0953991791942175
MTM moments,1.103515625,0.1049812869928583
MTM moments,1.107421875,0.101731496071779
MTM moments,1.111328125,0.104149700191876
MTM moments,1.115234375,0.0974947842877888
MTM moments,1.119140625,0.1110750886297763
MTM moments,1.123046875,0.1023995016714255
MTM moments,1.126953125,0.100287690981422
MTM moments,1.130859375,0.0961141017834169
MTM moments,1.134765625,0.1053958560163131
MTM moments,1.138671875,0.1000125707701348
MTM moments,1.142578125,0.1014573537935655
MTM moments,1.146484375,0.0983984645997872
MTM moments,1.150390625,0.1012539173499253
MTM moments,1.154296875,0.0873806085392808
MTM moments,1.158203125,0.0824954239533919
MTM moments,1.162109375,0.0734903612883183
MTM moments,1.166015625,0.0667137024250812
MTM moments,1.169921875,0.0799922027366009
MTM moments,1.173828125,0.0896167982838925
MTM moments,1.177734375,0.0986604074585987
MTM moments,1.181640625,0.1055270438507775
MTM moments,1.185546875,0.1082707650325063
MTM moments,1.189453125,0.1153032095511207
MTM moments,1.193359375,0.1096929305518013
MTM moments,1.197265625,0.1191671662315263
MTM moments,1.201171875,0.1215740183853237
MTM moments,1.205078125,0.1265292695105376
MTM moments,1.208984375,0.113450693120807
MTM moments,1.212890625,0.1279111164806035
MTM moments,1.216796875,0.1258265652120392
MTM moments,1.220703125,0.124772046581751
MTM moments,1.224609375,0.124712578340713
MTM moments,1.228515625,0.1307278820079135
MTM moments,1.232421875,0.1236145595478536
MTM moments,1.236328125,0.1238882205876692
MTM moments,1.240234375,0.1315387110474201
MTM moments,1.244140625,0.1216560669649041
MTM moments,1.248046875,0.1302900802993644
MTM moments,1.251953125,0.1323699228589218
MTM moments,1.255859375,0.1238374609564082
MTM moments,1.259765625,0.1388805969220768
MTM moments,1.263671875,0.129587634837363
MTM moments,1.267578125,0.1370155105637201
MTM moments,1.271484375,0.1348327836929883
MTM moments,1.275390625,0.1378891461236623
MTM moments,1.279296875,0.13267112469653
MTM moments,1.283203125,0.1579914949771303
MTM moments,1.287109375,0.1409877220411662
MTM moments,1.291015625,0.1477686626539502
MTM moments,1.294921875,0.1417896078561639
MTM moments,1.298828125,0.1511519540830561
MTM moments,1.302734375,0.1442753643375087
MTM moments,1.306640625,0.1548681746320504
MTM moments,1.310546875,0.1566817644218292
MTM moments,1.314453125,0.1545451845748804
MTM moments,1.318359375,0.1635277243994572
MTM moments,1.322265625,0.1652221501914532
MTM moments,1.326171875,0.1684619878587071
MTM moments,1.330078125,0.1641656144894155
MTM moments,1.333984375,0.1569200280033835
MTM moments,1.337890625,0.1767034373026323
MTM moments,1.341796875,0.1827095787557261
MTM moments,1.345703125,0.1870311763088192
MTM moments,1.349609375,0.1877195399958082
MTM moments,1.353515625,0.1675969013913431
MTM moments,1.357421875,0.1775261556620734
MTM moments,1.361328125,0.1911980623372421
MTM moments,1.365234375,0.1832643151644652
MTM moments,1.369140625,0.1953091744915759
MTM moments,1.373046875,0.1908866280837798
MTM moments,1.376953125,0.1995697801056671
MTM moments,1.380859375,0.2180481229704267
MTM moments,1.384765625,0.1890526488558485
MTM moments,1.388671875,0.2109593646481297
MTM moments,1.392578125,0.2090182253355227
MTM moments,1.396484375,0.2270508147765824
MTM moments,1.400390625,0.2129545172716079
MTM moments,1.404296875,0.2251534646670358
MTM moments,1.408203125,0.2170664250673211
MTM moments,1.412109375,0.2218452237530655
MTM moments,1.416015625,0.2346030224333544
MTM moments,1.419921875,0.218739350608873
MTM moments,1.423828125,0.2431803050205612
MTM moments,1.427734375,0.2281173804758661
MTM moments,1.431640625,0.2356719862648887
MTM moments,1.435546875,0.2403564496014192
MTM moments,1.439453125,0.2403593133180623
MTM moments,1.443359375,0.2253769005697286
MTM moments,1.447265625,0.2484330995956954
MTM moments,1.451171875,0.245236845509346
MTM moments,1.455078125,0.2562941611879076
MTM moments,1.458984375,0.2604271428974213
MTM moments,1.462890625,0.2351623155461142
MTM moments,1.466796875,0.2702263514617149
MTM moments,1.470703125,0.2636291706894829
MTM moments,1.474609375,0.2621746484768428
MTM moments,1.478515625,0.2580109399702517
MTM moments,1.482421875,0.2835128906715747
MTM moments,1.486328125,0.2832582644727673
MTM moments,1.490234375,0.2993428545443851
MTM moments,1.494140625,0.2863709530236633
MTM moments,1.498046875,0.291741207084106
MTM moments,1.501953125,0.3217090580015838
MTM moments,1.505859375,0.2896098571218223
MTM moments,1.509765625,0.3200715186824237
MTM moments,1.513671875,0.3325749247892165
MTM moments,1.517578125,0.3194403771511222
MTM moments,1.521484375,0.3061942243770334
MTM moments,1.525390625,0.3359041030674232
MTM moments,1.529296875,0.2913238454585154
MTM moments,1.533203125,0.3204147341654687
MTM moments,1.537109375,0.3460436224577608
MTM moments,1.541015625,0.3508007547469477
MTM moments,1.544921875,0.3608145593527312
MTM moments,1.548828125,0.353801662836921
MTM moments,1.552734375,0.354616084690283
MTM moments,1.556640625,0.3786896849130072
MTM moments,1.560546875,0.3699620683565124
MTM moments,1.564453125,0.3890217474358621
MTM moments,1.568359375,0.3916904528741243
MTM moments,1.572265625,0.4092174588031073
MTM moments,1.576171875,0.3806925199535022
MTM moments,1.580078125,0.3899571377105661
MTM moments,1.583984375,0.4266057046877737
MTM moments,1.587890625,0.4038989434761997
MTM moments,1.591796875,0.4251405221529471
MTM moments,1.595703125,0.4761630986845929
MTM moments,1.599609375,0.4535513237883111
MTM moments,1.603515625,0.4436173929046714
MTM moments,1.607421875,0.4846842710729958
MTM moments,1.611328125,0.4562387551008333
MTM moments,1.615234375,0.4605016381962983
MTM moments,1.619140625,0.4804688229023077
MTM moments,1.623046875,0.4560417604525192
MTM moments,1.626953125,0.4947872593998746
MTM moments,1.630859375,0.5035456075564969
MTM moments,1.634765625,0.4654050057378708
MTM moments,1.638671875,0.4891896964573864
MTM moments,1.642578125,0.4620098443964111
MTM moments,1.646484375,0.4871911977549972
MTM moments,1.650390625,0.5018152037882071
MTM moments,1.654296875,0.4748580621056584
MTM moments,1.658203125,0.485297618880927
MTM moments,1.662109375,0.4740346132642127
MTM moments,1.666015625,0.4887890381603649
MTM moments,1.669921875,0.4677023920740168
MTM moments,1.673828125,0.5153833815045854
MTM moments,1.677734375,0.4720526879221584
MTM moments,1.681640625,0.4924750806119747
MTM moments,1.685546875,0.4715516732528781
MTM moments,1.689453125,0.4712826284316408
MTM moments,1.693359375,0.5075304376333098
MTM moments,1.697265625,0.4822949343484172
MTM moments,1.701171875,0.4661211538525779
MTM moments,1.705078125,0.4342000206341772
MTM moments,1.708984375,0.4244550924390662
MTM moments,1.712890625,0.4763726020321672
MTM moments,1.716796875,0.4479271460999968
MTM moments,1.720703125,0.475261070090428
MTM moments,1.724609375,0.4759162838987127
MTM moments,1.728515625,0.4780462644940909
MTM moments,1.732421875,0.4793098576904217
MTM moments,1.736328125,0.4360909057682228
MTM moments,1.740234375,0.4860335185908304
MTM moments,1.744140625,0.4402943637391967
MTM moments,1.748046875,0.472932945899455
MTM moments,1.751953125,0.4682850318932681
MTM moments,1.755859375,0.4814136956663303
MTM moments,1.759765625,0.4309778139474436
MTM moments,1.763671875,0.481629978418245
MTM moments,1.767578125,0.4603191161893658
MTM moments,1.771484375,0.4395258052773456
MTM moments,1.775390625,0.4242344739401166
MTM moments,1.779296875,0.4382752522806806
MTM moments,1.783203125,0.454208106293206
MTM moments,1.787109375,0.4423760385621731
MTM moments,1.791015625,0.4181009470895098
MTM moments,1.794921875,0.4558575071629706
MTM moments,1.798828125,0.4329045785327556
MTM moments,1.802734375,0.4276350396002004
MTM moments,1.806640625,0.4718786574766204
MTM moments,1.810546875,0.424260837580714
MTM moments,1.814453125,0.4418675531588791
MTM moments,1.818359375,0.429418155348354
MTM moments,1.822265625,0.4740077229608085
MTM moments,1.826171875,0.4363697066274661
MTM moments,1.830078125,0.4227328752147213
MTM moments,1.833984375,0.4089088064786114
MTM moments,1.837890625,0.417634100881515
MTM moments,1.841796875,0.4324628648163057
MTM moments,1.845703125,0.4288075881676786
MTM moments,1.849609375,0.4292754305392556
MTM moments,1.853515625,0.441286594215557
MTM moments,1.857421875,0.3875307585285185
MTM moments,1.861328125,0.433557083212701
MTM moments,1.865234375,0.4376423556762225
MTM moments,1.869140625,0.4193310547439318
MTM moments,1.873046875,0.428167108365011
MTM moments,1.876953125,0.4219184599362106
MTM moments,1.880859375,0.4343628120650593
MTM moments,1.884765625,0.3764635663125756
MTM moments,1.888671875,0.4321743093026639
MTM moments,1.892578125,0.413494428649407
MTM moments,1.896484375,0.4608911518825227
MTM moments,1.900390625,0.4547197945414078
MTM moments,1.904296875,0.4167912445777539
MTM moments,1.908203125,0.4307085577577275
MTM moments,1.912109375,0.4564454149457633
MTM moments,1.916015625,0.4030676611644587
MTM moments,1.919921875,0.4347001999769758
MTM moments,1.923828125,0.423871640198739
MTM moments,1.927734375,0.4543685517678158
MTM moments,1.931640625,0.4064171857526905
MTM moments,1.935546875,0.3842375191844956
MTM moments,1.939453125,0.4362858947504005
MTM moments,1.943359375,0.4323763236542789
MTM moments,1.947265625,0.4331496977849094
MTM moments,1.951171875,0.4445465394576662
MTM moments,1.955078125,0.4429461837466044
MTM moments,1.958984375,0.4162909958491509
MTM moments,1.962890625,0.4040964970407676
MTM moments,1.966796875,0.4183885933333153
MTM moments,1.970703125,0.4175706677884166
MTM moments,1.974609375,0.4499193738327153
MTM moments,1.978515625,0.4002632358336948
MTM moments,1.982421875,0.4321502933143868
MTM moments,1.986328125,0.3798410078871594
MTM moments,1.990234375,0.4402299058441055
MTM moments,1.994140625,0.3904115211547364
MTM moments,1.998046875,0.4098723938698037
MTM moments,2.001953125,0.4198583477788682
MTM moments,2.005859375,0.412341708923572
MTM moments,2.009765625,0.4415633750413096
MTM moments,2.013671875,0.4042148460989631
MTM moments,2.017578125,0.414642625288725
MTM moments,2.021484375,0.4008335084704407
MTM moments,2.025390625,0.4544616411495976
MTM moments,2.029296875,0.425785157796835
MTM moments,2.033203125,0.4155228309890258
MTM moments,2.037109375,0.3907271946788699
MTM moments,2.041015625,0.382139863492672
MTM moments,2.044921875,0.4079318748430895
MTM moments,2.048828125,0.416154873277773
MTM moments,2.052734375,0.399138538960252
MTM moments,2.056640625,0.3892458811923664
MTM moments,2.060546875,0.4185600377177602
MTM moments,2.064453125,0.4288155216293441
MTM moments,2.068359375,0.4234327536097655
MTM moments,2.072265625,0.4176971136706895
MTM moments,2.076171875,0.4114480081174383
MTM moments,2.080078125,0.4202266802200436
MTM moments,2.083984375,0.3927249458973369
MTM moments,2.087890625,0.4068262731135008
MTM moments,2.091796875,0.4396544023057125
MTM moments,2.095703125,0.4149754589871839
MTM moments,2.099609375,0.4121284835413915
MTM moments,2.103515625,0.441060758590873
MTM moments,2.107421875,0.4399463485042326
MTM moments,2.111328125,0.4379714464722238
MTM moments,2.115234375,0.4288261747993123
MTM moments,2.119140625,0.4077205399492919
MTM moments,2.123046875,0.4010047178163763
MTM moments,2.126953125,0.4453626274302564
MTM moments,2.130859375,0.4486196206380062
MTM moments,2.134765625,0.4138093123095736
MTM moments,2.138671875,0.4526453426532788
MTM moments,2.142578125,0.4154875355549584
MTM moments,2.146484375,0.4592018916136352
MTM moments,2.150390625,0.4152407634635902
MTM moments,2.154296875,0.418993950218069
MTM moments,2.158203125,0.4276042031485056
MTM moments,2.162109375,0.3878921584831742
MTM moments,2.166015625,0.4255078188667054
MTM moments,2.169921875,0.4179564432942876
MTM moments,2.173828125,0.3989181092391592
MTM moments,2.177734375,0.4427766634219541
MTM moments,2.181640625,0.4184657470877028
MTM moments,2.185546875,0.4345155344269734
MTM moments,2.189453125,0.3942779756757313
MTM moments,2.193359375,0.4403963720839607
MTM moments,2.197265625,0.4204214275754449
MTM moments,2.201171875,0.45294902156158
MTM moments,2.205078125,0.4344004695201831
MTM moments,2.208984375,0.4051592744689914
MTM moments,2.212890625,0.4428516995072119
MTM moments,2.216796875,0.3974707874897683
MTM moments,2.220703125,0.447463726210512
MTM moments,2.224609375,0.4397442057891653
MTM moments,2.228515625,0.4525338061072442
MTM moments,2.232421875,0.3888303728655042
MTM moments,2.236328125,0.4617050156655959
MTM moments,2.240234375,0.4219482959892675
MTM moments,2.244140625,0.4262507336095344
MTM moments,2.248046875,0.4080768069562829
MTM moments,2.251953125,0.4443741375932536
MTM moments,2.255859375,0.4630222248723121
MTM moments,2.259765625,0.4222438182172343
MTM moments,2.263671875,0.4042090954664613
MTM moments,2.267578125,0.4263606172124441
MTM moments,2.271484375,0.4313795171769212
MTM moments,2.275390625,0.4589928369418959
MTM moments,2.279296875,0.4317114010783229
MTM moments,2.283203125,0.4100033991849174
MTM moments,2.287109375,0.4270108003398576
MTM moments,2.291015625,0.4167867930362341
MTM moments,2.294921875,0.4199849915267618
MTM moments,2.298828125,0.4144762046121264
MTM moments,2.302734375,0.4344778648248566
MTM moments,2.306640625,0.4239517617793856
MTM moments,2.310546875,0.4271455754056955
MTM moments,2.314453125,0.4334224981630382
MTM moments,2.318359375,0.4394775613674161
MTM moments,2.322265625,0.4311175795264358
MTM moments,2.326171875,0.4409183645968298
MTM moments,2.330078125,0.4257137234981389
MTM moments,2.333984375,0.4566622325894338
MTM moments,2.337890625,0.4560809309988356
MTM moments,2.341796875,0.420199379695814
MTM moments,2.345703125,0.4299117990272363
MTM moments,2.349609375,0.4451471916731997
MTM moments,2.353515625,0.4165297901991437
MTM moments,2.357421875,0.4266277372388375
MTM moments,2.361328125,0.4493874804244138
MTM moments,2.365234375,0.4187557540877888
MTM moments,2.369140625,0.4509307285924329
MTM moments,2.373046875,0.4301860231107568
MTM moments,2.376953125,0.4156121899231753
MTM moments,2.380859375,0.4053587314603515
MTM moments,2.384765625,0.4370530367547431
MTM moments,2.388671875,0.4087028142630472
MTM moments,2.392578125,0.4267384486075687
MTM moments,2.396484375,0.4251006415666619
MTM moments,2.400390625,0.4032820633457206
MTM moments,2.404296875,0.4013193030068196
MTM moments,2.408203125,0.4367327292578764
MTM moments,2.412109375,0.4107293029993512
MTM moments,2.416015625,0.4381140466366593
MTM moments,2.419921875,0.4275979052225648
MTM moments,2.423828125,0.4375722571876653
MTM moments,2.427734375,0.4309286024289728
MTM moments,2.431640625,0.4288889820496988
MTM moments,2.435546875,0.442190691861654
MTM moments,2.439453125,0.4424903031388892
MTM moments,2.443359375,0.4238418244161293
MTM moments,2.447265625,0.4413344117025036
MTM moments,2.451171875,0.4086091204279384
MTM moments,2.455078125,0.3970443767811104
MTM moments,2.458984375,0.415852025071881
MTM moments,2.462890625,0.4308645290044725
MTM moments,2.466796875,0.42682675461335
MTM moments,2.470703125,0.4291228295682699
MTM moments,2.474609375,0.4452710915194361
MTM moments,2.478515625,0.4259391410681066
MTM moments,2.482421875,0.4524977463755513
MTM moments,2.486328125,0.4529125485334392
MTM moments,2.490234375,0.4378199693289995
MTM moments,2.494140625,0.4312063364021256
MTM moments,2.498046875,0.4387544758118916
Jump KM corr.,0.001953125,0.1455588630595087
Jump KM corr.,0.005859375,0.0545382777393529
Jump KM corr.,0.009765625,0.0476796465505586
Jump KM corr.,0.013671875,0.0388779494621084
Jump KM corr.,0.017578125,0.0803031744343158
Jump KM corr.,0.021484375,0.1707635399312505
Jump KM corr.,0.025390625,0.9560589394746004
Jump KM corr.,0.029296875,0.4427313729144361
Jump KM corr.,0.033203125,0.2081761164075143
Jump KM corr.,0.037109375,0.1956035125122062
Jump KM corr.,0.041015625,0.1583924136144197
Jump KM corr.,0.044921875,0.1806860273731848
Jump KM corr.,0.048828125,0.1667033233157453
Jump KM corr.,0.052734375,0.2490592436968679
Jump KM corr.,0.056640625,0.351488225968003
Jump KM corr.,0.060546875,0.3261156646907854
Jump KM corr.,0.064453125,0.3197936697340492
Jump KM corr.,0.068359375,0.3026971748854788
Jump KM corr.,0.072265625,0.2994376467085298
Jump KM corr.,0.076171875,0.2943714481040353
Jump KM corr.,0.080078125,0.2902754122308721
Jump KM corr.,0.083984375,0.3113443560188307
Jump KM corr.,0.087890625,0.3496471853425291
Jump KM corr.,0.091796875,0.3442506827520257
Jump KM corr.,0.095703125,0.3653238846304062
Jump KM corr.,0.099609375,0.3483587855259838
Jump KM corr.,0.103515625,0.3636845140911521
Jump KM corr.,0.107421875,0.3512545123102317
Jump KM corr.,0.111328125,0.3649686743314287
Jump KM corr.,0.115234375,0.4093219145342939
Jump KM corr.,0.119140625,0.4399423890615379
Jump KM corr.,0.123046875,0.4535727115609289
Jump KM corr.,0.126953125,0.4341093060108751
Jump KM corr.,0.130859375,0.4641995358821034
Jump KM corr.,0.134765625,0.425285056972966
Jump KM corr.,0.138671875,0.4406986967302655
Jump KM corr.,0.142578125,0.4270841143352318
Jump KM corr.,0.146484375,0.4426531807579895
Jump KM corr.,0.150390625,0.4338307540366445
Jump KM corr.,0.154296875,0.4293330700168442
Jump KM corr.,0.158203125,0.4560624789626372
Jump KM corr.,0.162109375,0.478206943055442
Jump KM corr.,0.166015625,0.4628889270497371
Jump KM corr.,0.169921875,0.4908283143952434
Jump KM corr.,0.173828125,0.4389463440907871
Jump KM corr.,0.177734375,0.4391324608374353
Jump KM corr.,0.181640625,0.4166452386696938
Jump KM corr.,0.185546875,0.4368663826974576
Jump KM corr.,0.189453125,0.4478643054172218
Jump KM corr.,0.193359375,0.4299560258816557
Jump KM corr.,0.197265625,0.4268283498027425
Jump KM corr.,0.201171875,0.4212608894319633
Jump KM corr.,0.205078125,0.4090195838069903
Jump KM corr.,0.208984375,0.4020782021351859
Jump KM corr.,0.212890625,0.3429456342355133
Jump KM corr.,0.216796875,0.3293742668041005
Jump KM corr.,0.220703125,0.330048769244432
Jump KM corr.,0.224609375,0.3549103714558578
Jump KM corr.,0.228515625,0.3854484952083688
Jump KM corr.,0.232421875,0.3635043026847968
Jump KM corr.,0.236328125,0.3426812066095923
Jump KM corr.,0.240234375,0.3130177477973034
Jump KM corr.,0.244140625,0.2606115711167672
Jump KM corr.,0.248046875,0.2211648871458108
Jump KM corr.,0.251953125,0.2080811781750436
Jump KM corr.,0.255859375,0.2023007051213682
Jump KM corr.,0.259765625,0.2138563982204997
Jump KM corr.,0.263671875,0.1962683654366664
Jump KM corr.,0.267578125,0.1948430616105105
Jump KM corr.,0.271484375,0.1780981581981672
Jump KM corr.,0.275390625,0.1727998882345705
Jump KM corr.,0.279296875,0.1706408080194233
Jump KM corr.,0.283203125,0.1586685071333222
Jump KM corr.,0.287109375,0.1578414320107515
Jump KM corr.,0.291015625,0.1513305776192554
Jump KM corr.,0.294921875,0.1534710782647227
Jump KM corr.,0.298828125,0.155032368628862
Jump KM corr.,0.302734375,0.1498785288897924
Jump KM corr.,0.306640625,0.1506530027820838
Jump KM corr.,0.310546875,0.1503409272751643
Jump KM corr.,0.314453125,0.1602761220096893
Jump KM corr.,0.318359375,0.1597620046696972
Jump KM corr.,0.322265625,0.1435833727513601
Jump KM corr.,0.326171875,0.134373268914991
Jump KM corr.,0.330078125,0.135865205824956
Jump KM corr.,0.333984375,0.1503205220705696
Jump KM corr.,0.337890625,0.1539329721640696
Jump KM corr.,0.341796875,0.1501918929522309
Jump KM corr.,0.345703125,0.1439760686685899
Jump KM corr.,0.349609375,0.1440678213850551
Jump KM corr.,0.353515625,0.1567062208940839
Jump KM corr.,0.357421875,0.1599055151456509
Jump KM corr.,0.361328125,0.1593732531978156
Jump KM corr.,0.365234375,0.1477364964772348
Jump KM corr.,0.369140625,0.1409341447923107
Jump KM corr.,0.373046875,0.1405779369014609
Jump KM corr.,0.376953125,0.1397794165505768
Jump KM corr.,0.380859375,0.1522803479691021
Jump KM corr.,0.384765625,0.1550591883281402
Jump KM corr.,0.388671875,0.1643595068382569
Jump KM corr.,0.392578125,0.1513867074943962
Jump KM corr.,0.396484375,0.1550081199961485
Jump KM corr.,0.400390625,0.1454023976482763
Jump KM corr.,0.404296875,0.153599328861219
Jump KM corr.,0.408203125,0.141211460103235
Jump KM corr.,0.412109375,0.1421573889680221
Jump KM corr.,0.416015625,0.152822196817355
Jump KM corr.,0.419921875,0.1563134292206101
Jump KM corr.,0.423828125,0.1637717227848318
Jump KM corr.,0.427734375,0.1489898161926596
Jump KM corr.,0.431640625,0.1609338190937811
Jump KM corr.,0.435546875,0.1642146624951107
Jump KM corr.,0.439453125,0.1642163492495922
Jump KM corr.,0.443359375,0.1547543849265591
Jump KM corr.,0.447265625,0.1430896995151511
Jump KM corr.,0.451171875,0.1413638631184945
Jump KM corr.,0.455078125,0.1408289831836759
Jump KM corr.,0.458984375,0.1556778054795998
Jump KM corr.,0.462890625,0.1558785087233651
Jump KM corr.,0.466796875,0.1436226764341285
Jump KM corr.,0.470703125,0.1387861249956004
Jump KM corr.,0.474609375,0.1338785781682192
Jump KM corr.,0.478515625,0.1515478944158002
Jump KM corr.,0.482421875,0.1547441680511125
Jump KM corr.,0.486328125,0.152619258453439
Jump KM corr.,0.490234375,0.1603180190843183
Jump KM corr.,0.494140625,0.1476751225974814
Jump KM corr.,0.498046875,0.1551264447117052
Jump KM corr.,0.501953125,0.143290927954897
Jump KM corr.,0.505859375,0.1499942985718061
Jump KM corr.,0.509765625,0.1495284015058383
Jump KM corr.,0.513671875,0.1618753471051868
Jump KM corr.,0.517578125,0.1797076096700943
Jump KM corr.,0.521484375,0.1882404155643139
Jump KM corr.,0.525390625,0.1650435501083894
Jump KM corr.,0.529296875,0.1570264634768488
Jump KM corr.,0.533203125,0.1580665082376569
Jump KM corr.,0.537109375,0.1570848800030479
Jump KM corr.,0.541015625,0.154201172871624
Jump KM corr.,0.544921875,0.152025984340553
Jump KM corr.,0.548828125,0.1588079685787736
Jump KM corr.,0.552734375,0.1432997132679571
Jump KM corr.,0.556640625,0.1398701818567273
Jump KM corr.,0.560546875,0.1343316666377327
Jump KM corr.,0.564453125,0.132591024360551
Jump KM corr.,0.568359375,0.1385153883403763
Jump KM corr.,0.572265625,0.1377419663382989
Jump KM corr.,0.576171875,0.1503179179022401
Jump KM corr.,0.580078125,0.140064785273918
Jump KM corr.,0.583984375,0.1460208157046943
Jump KM corr.,0.587890625,0.1683384854579479
Jump KM corr.,0.591796875,0.1553886773237381
Jump KM corr.,0.595703125,0.166066450229556
Jump KM corr.,0.599609375,0.1377187910926972
Jump KM corr.,0.603515625,0.1480015001445374
Jump KM corr.,0.607421875,0.1451828226441714
Jump KM corr.,0.611328125,0.1592283920491608
Jump KM corr.,0.615234375,0.1788369950510529
Jump KM corr.,0.619140625,0.1729755739728434
Jump KM corr.,0.623046875,0.1657995742610605
Jump KM corr.,0.626953125,0.156542753420312
Jump KM corr.,0.630859375,0.1541606749622187
Jump KM corr.,0.634765625,0.1646270077084144
Jump KM corr.,0.638671875,0.1604154985256231
Jump KM corr.,0.642578125,0.1491621966712723
Jump KM corr.,0.646484375,0.1535614328949071
Jump KM corr.,0.650390625,0.1664306458996372
Jump KM corr.,0.654296875,0.200184203672819
Jump KM corr.,0.658203125,0.1927347408146575
Jump KM corr.,0.662109375,0.1643954347387352
Jump KM corr.,0.666015625,0.1556806375023471
Jump KM corr.,0.669921875,0.1514321845168716
Jump KM corr.,0.673828125,0.1716434374962014
Jump KM corr.,0.677734375,0.1824347717112948
Jump KM corr.,0.681640625,0.185643087466775
Jump KM corr.,0.685546875,0.2003791662913664
Jump KM corr.,0.689453125,0.2032589593738904
Jump KM corr.,0.693359375,0.2094047414880582
Jump KM corr.,0.697265625,0.1709558351873454
Jump KM corr.,0.701171875,0.1604266790203435
Jump KM corr.,0.705078125,0.1503018302742289
Jump KM corr.,0.708984375,0.168180324884976
Jump KM corr.,0.712890625,0.1723963711724367
Jump KM corr.,0.716796875,0.1741501625802461
Jump KM corr.,0.720703125,0.15423000233061
Jump KM corr.,0.724609375,0.1651498816868321
Jump KM corr.,0.728515625,0.1750175330234745
Jump KM corr.,0.732421875,0.1811340185997288
Jump KM corr.,0.736328125,0.1603312055174498
Jump KM corr.,0.740234375,0.1606067348702321
Jump KM corr.,0.744140625,0.1866748765455194
Jump KM corr.,0.748046875,0.2000164925581114
Jump KM corr.,0.751953125,0.1897811703311978
Jump KM corr.,0.755859375,0.1802243871291894
Jump KM corr.,0.759765625,0.1948516039952425
Jump KM corr.,0.763671875,0.2041838366859737
Jump KM corr.,0.767578125,0.1980555980153209
Jump KM corr.,0.771484375,0.1609573268539515
Jump KM corr.,0.775390625,0.1498038514175779
Jump KM corr.,0.779296875,0.161753643424748
Jump KM corr.,0.783203125,0.1867017896271654
Jump KM corr.,0.787109375,0.2183417259394315
Jump KM corr.,0.791015625,0.2075011013477473
Jump KM corr.,0.794921875,0.2051677285019319
Jump KM corr.,0.798828125,0.1955627483766056
Jump KM corr.,0.802734375,0.195678271325879
Jump KM corr.,0.806640625,0.2001482810770435
Jump KM corr.,0.810546875,0.2002978819113357
Jump KM corr.,0.814453125,0.195742754622214
Jump KM corr.,0.818359375,0.1721785536844361
Jump KM corr.,0.822265625,0.1647858053263247
Jump KM corr.,0.826171875,0.1768358169778798
Jump KM corr.,0.830078125,0.1874517828376486
Jump KM corr.,0.833984375,0.1929914146006028
Jump KM corr.,0.837890625,0.1849626496753449
Jump KM corr.,0.841796875,0.228567329788529
Jump KM corr.,0.845703125,0.2196994787509607
Jump KM corr.,0.849609375,0.2247777565711511
Jump KM corr.,0.853515625,0.1980824240912176
Jump KM corr.,0.857421875,0.1945703891760468
Jump KM corr.,0.861328125,0.2133691019691654
Jump KM corr.,0.865234375,0.2111971315742718
Jump KM corr.,0.869140625,0.2430326354286051
Jump KM corr.,0.873046875,0.2306673698607604
Jump KM corr.,0.876953125,0.2289858161210153
Jump KM corr.,0.880859375,0.2275259187020611
Jump KM corr.,0.884765625,0.2408437663079683
Jump KM corr.,0.888671875,0.2096866281130815
Jump KM corr.,0.892578125,0.1976022753424205
Jump KM corr.,0.896484375,0.1783841308386162
Jump KM corr.,0.900390625,0.1844505556014947
Jump KM corr.,0.904296875,0.189438691183898
Jump KM corr.,0.908203125,0.1882475334826225
Jump KM corr.,0.912109375,0.2274111683957418
Jump KM corr.,0.916015625,0.261581826536183
Jump KM corr.,0.919921875,0.2634608225738963
Jump KM corr.,0.923828125,0.2528549601053379
Jump KM corr.,0.927734375,0.2420639032876402
Jump KM corr.,0.931640625,0.2468175741751184
Jump KM corr.,0.935546875,0.2384059904113988
Jump KM corr.,0.939453125,0.2295356290929071
Jump KM corr.,0.943359375,0.231550021062789
Jump KM corr.,0.947265625,0.2329930077608586
Jump KM corr.,0.951171875,0.2184208628892044
Jump KM corr.,0.955078125,0.2243003335579277
Jump KM corr.,0.958984375,0.2394842963061621
Jump KM corr.,0.962890625,0.2725036858057246
Jump KM corr.,0.966796875,0.2642131336295997
Jump KM corr.,0.970703125,0.2634458334592942
Jump KM corr.,0.974609375,0.2619590026244208
Jump KM corr.,0.978515625,0.2902912544610657
Jump KM corr.,0.982421875,0.2648334782693879
Jump KM corr.,0.986328125,0.2500276506806178
Jump KM corr.,0.990234375,0.2414660949343048
Jump KM corr.,0.994140625,0.2690112033468474
Jump KM corr.,0.998046875,0.2724844453707368
Jump KM corr.,1.001953125,0.2745688072974105
Jump KM corr.,1.005859375,0.2747255312922442
Jump KM corr.,1.009765625,0.2626116488093755
Jump KM corr.,1.013671875,0.2631347950391684
Jump KM corr.,1.017578125,0.2770420847640861
Jump KM corr.,1.021484375,0.2994848062790483
Jump KM corr.,1.025390625,0.3461775201895925
Jump KM corr.,1.029296875,0.3718303493068689
Jump KM corr.,1.033203125,0.4315508680839858
Jump KM corr.,1.037109375,0.4089656761993965
Jump KM corr.,1.041015625,0.38472653693286
Jump KM corr.,1.044921875,0.348238691040613
Jump KM corr.,1.048828125,0.318921727784789
Jump KM corr.,1.052734375,0.2768780040827727
Jump KM corr.,1.056640625,0.2676169361461448
Jump KM corr.,1.060546875,0.2852003757918231
Jump KM corr.,1.064453125,0.3111950476508921
Jump KM corr.,1.068359375,0.3252996309809972
Jump KM corr.,1.072265625,0.3172493991276475
Jump KM corr.,1.076171875,0.3089838719931252
Jump KM corr.,1.080078125,0.3003714062170226
Jump KM corr.,1.083984375,0.3306951330349568
Jump KM corr.,1.087890625,0.3380961822138721
Jump KM corr.,1.091796875,0.3482790909862125
Jump KM corr.,1.095703125,0.3250282506099409
Jump KM corr.,1.099609375,0.3544503570438845
Jump KM corr.,1.103515625,0.3675387261643511
Jump KM corr.,1.107421875,0.3411871287649294
Jump KM corr.,1.111328125,0.309589930386772
Jump KM corr.,1.115234375,0.3416349298973431
Jump KM corr.,1.119140625,0.3645166668196257
Jump KM corr.,1.123046875,0.3700301737373841
Jump KM corr.,1.126953125,0.3500976671437935
Jump KM corr.,1.130859375,0.3495339670463626
Jump KM corr.,1.134765625,0.3372306526898765
Jump KM corr.,1.138671875,0.318277342218999
Jump KM corr.,1.142578125,0.3190895224677544
Jump KM corr.,1.146484375,0.3440892669449793
Jump KM corr.,1.150390625,0.3766102805546278
Jump KM corr.,1.154296875,0.4351134591116026
Jump KM corr.,1.158203125,0.3619740441146992
Jump KM corr.,1.162109375,0.3330651024957799
Jump KM corr.,1.166015625,0.3020531764452901
Jump KM corr.,1.169921875,0.3550782010312723
Jump KM corr.,1.173828125,0.332609314244249
Jump KM corr.,1.177734375,0.328021920221776
Jump KM corr.,1.181640625,0.3675355833234402
Jump KM corr.,1.185546875,0.4164945548636563
Jump KM corr.,1.189453125,0.4507069769511892
Jump KM corr.,1.193359375,0.4363813145461012
Jump KM corr.,1.197265625,0.42579043615768
Jump KM corr.,1.201171875,0.3783738343451706
Jump KM corr.,1.205078125,0.3734872667081688
Jump KM corr.,1.208984375,0.4051252919757583
Jump KM corr.,1.212890625,0.4755577094840473
Jump KM corr.,1.216796875,0.4465726441930509
Jump KM corr.,1.220703125,0.3918905253944684
Jump KM corr.,1.224609375,0.3956084474999539
Jump KM corr.,1.228515625,0.3957802367764185
Jump KM corr.,1.232421875,0.4316057825546778
Jump KM corr.,1.236328125,0.416908304699451
Jump KM corr.,1.240234375,0.4328452520687493
Jump KM corr.,1.244140625,0.4110314265914251
Jump KM corr.,1.248046875,0.393272729900255
Jump KM corr.,1.251953125,0.4089739589488781
Jump KM corr.,1.255859375,0.3923595392804864
Jump KM corr.,1.259765625,0.4271209498198819
Jump KM corr.,1.263671875,0.4222890309413337
Jump KM corr.,1.267578125,0.4198922342912953
Jump KM corr.,1.271484375,0.4026286014707307
Jump KM corr.,1.275390625,0.3638126905555673
Jump KM corr.,1.279296875,0.386837336348879
Jump KM corr.,1.283203125,0.4279286745074109
Jump KM corr.,1.287109375,0.5097077675736746
Jump KM corr.,1.291015625,0.5393953760444195
Jump KM corr.,1.294921875,0.4583817066169524
Jump KM corr.,1.298828125,0.4454317643346857
Jump KM corr.,1.302734375,0.4575412107690228
Jump KM corr.,1.306640625,0.5164714891185925
Jump KM corr.,1.310546875,0.5439518056742001
Jump KM corr.,1.314453125,0.5186940978835086
Jump KM corr.,1.318359375,0.524688998256973
Jump KM corr.,1.322265625,0.4662055307202595
Jump KM corr.,1.326171875,0.5214133301725115
Jump KM corr.,1.330078125,0.5214754697840062
Jump KM corr.,1.333984375,0.5054876429855581
Jump KM corr.,1.337890625,0.5040996612635668
Jump KM corr.,1.341796875,0.515059560697273
Jump KM corr.,1.345703125,0.5665224869051299
Jump KM corr.,1.349609375,0.5356603829482766
Jump KM corr.,1.353515625,0.4972974168911355
Jump KM corr.,1.357421875,0.4518448045771067
Jump KM corr.,1.361328125,0.4760710314474329
Jump KM corr.,1.365234375,0.4943710612183298
Jump KM corr.,1.369140625,0.5956709396534057
Jump KM corr.,1.373046875,0.6015119056677523
Jump KM corr.,1.376953125,0.6233618674996813
Jump KM corr.,1.380859375,0.631380047740393
Jump KM corr.,1.384765625,0.5273114390656368
Jump KM corr.,1.388671875,0.5148710576001565
Jump KM corr.,1.392578125,0.5107560586799132
Jump KM corr.,1.396484375,0.5711025667011873
Jump KM corr.,1.400390625,0.5555268381487486
Jump KM corr.,1.404296875,0.5135783574417372
Jump KM corr.,1.408203125,0.4994174865634584
Jump KM corr.,1.412109375,0.5067213878280218
Jump KM corr.,1.416015625,0.5524569740995929
Jump KM corr.,1.419921875,0.5346535731741359
Jump KM corr.,1.423828125,0.5265263322453702
Jump KM corr.,1.427734375,0.4938982934090921
Jump KM corr.,1.431640625,0.5973634900641358
Jump KM corr.,1.435546875,0.6378267681955355
Jump KM corr.,1.439453125,0.6290042434737896
Jump KM corr.,1.443359375,0.6297449065963101
Jump KM corr.,1.447265625,0.6310259976220629
Jump KM corr.,1.451171875,0.6194049996235435
Jump KM corr.,1.455078125,0.59715179353052
Jump KM corr.,1.458984375,0.5562141460955368
Jump KM corr.,1.462890625,0.6157551418927699
Jump KM corr.,1.466796875,0.5716665355719479
Jump KM corr.,1.470703125,0.6020871768061525
Jump KM corr.,1.474609375,0.6410568840423692
Jump KM corr.,1.478515625,0.6647678584579604
Jump KM corr.,1.482421875,0.6813562425082036
Jump KM corr.,1.486328125,0.7090048888258542
Jump KM corr.,1.490234375,0.7227001793270967
Jump KM corr.,1.494140625,0.6902064349352005
Jump KM corr.,1.498046875,0.6093914390053702
Jump KM corr.,1.501953125,0.565476168605708
Jump KM corr.,1.505859375,0.589303299963169
Jump KM corr.,1.509765625,0.6084408126481448
Jump KM corr.,1.513671875,0.6329558808482629
Jump KM corr.,1.517578125,0.6128624600903058
Jump KM corr.,1.521484375,0.6623890757923493
Jump KM corr.,1.525390625,0.6513373886944708
Jump KM corr.,1.529296875,0.6551588232065411
Jump KM corr.,1.533203125,0.5385377014511985
Jump KM corr.,1.537109375,0.5614388154396268
Jump KM corr.,1.541015625,0.5556424419268439
Jump KM corr.,1.544921875,0.631613919778991
Jump KM corr.,1.548828125,0.5720435466924447
Jump KM corr.,1.552734375,0.573382033133907
Jump KM corr.,1.556640625,0.5233120492659457
Jump KM corr.,1.560546875,0.5407880249802917
Jump KM corr.,1.564453125,0.5364533145535786
Jump KM corr.,1.568359375,0.5449986558479543
Jump KM corr.,1.572265625,0.5200520496206411
Jump KM corr.,1.576171875,0.5037989491595806
Jump KM corr.,1.580078125,0.515650387497063
Jump KM corr.,1.583984375,0.5397211350869499
Jump KM corr.,1.587890625,0.5625493204327275
Jump KM corr.,1.591796875,0.5332354346964555
Jump KM corr.,1.595703125,0.5124575904202414
Jump KM corr.,1.599609375,0.4791467629141221
Jump KM corr.,1.603515625,0.4441206007104363
Jump KM corr.,1.607421875,0.4393896421149923
Jump KM corr.,1.611328125,0.4034656973223095
Jump KM corr.,1.615234375,0.4195065756103132
Jump KM corr.,1.619140625,0.4135794342621781
Jump KM corr.,1.623046875,0.4453193219994346
Jump KM corr.,1.626953125,0.4391275836619065
Jump KM corr.,1.630859375,0.3995326013113942
Jump KM corr.,1.634765625,0.4024018938123292
Jump KM corr.,1.638671875,0.4149365501260135
Jump KM corr.,1.642578125,0.4332302060996467
Jump KM corr.,1.646484375,0.4265571287707566
Jump KM corr.,1.650390625,0.3959428730971041
Jump KM corr.,1.654296875,0.3846024771378329
Jump KM corr.,1.658203125,0.3818087512399399
Jump KM corr.,1.662109375,0.4016121347949479
Jump KM corr.,1.666015625,0.4182598993799768
Jump KM corr.,1.669921875,0.4331861866085513
Jump KM corr.,1.673828125,0.4360387368237532
Jump KM corr.,1.677734375,0.4346631165392924
Jump KM corr.,1.681640625,0.4142458503393126
Jump KM corr.,1.685546875,0.4274345486836794
Jump KM corr.,1.689453125,0.4300613190705253
Jump KM corr.,1.693359375,0.444663088881165
Jump KM corr.,1.697265625,0.4396340325185905
Jump KM corr.,1.701171875,0.4577865320505548
Jump KM corr.,1.705078125,0.4792781157195311
Jump KM corr.,1.708984375,0.4842951815756497
Jump KM corr.,1.712890625,0.4832569068549382
Jump KM corr.,1.716796875,0.4933590784640965
Jump KM corr.,1.720703125,0.4890126753661001
Jump KM corr.,1.724609375,0.5060042688964594
Jump KM corr.,1.728515625,0.5060276486688696
Jump KM corr.,1.732421875,0.5168891917667476
Jump KM corr.,1.736328125,0.5380641636825813
Jump KM corr.,1.740234375,0.5221346030648785
Jump KM corr.,1.744140625,0.5294939941446523
Jump KM corr.,1.748046875,0.5225959736976611
Jump KM corr.,1.751953125,0.5512423276693925
Jump KM corr.,1.755859375,0.5400114825308276
Jump KM corr.,1.759765625,0.5384246032028058
Jump KM corr.,1.763671875,0.4795645195974308
Jump KM corr.,1.767578125,0.5087311276631629
Jump KM corr.,1.771484375,0.497540189057333
Jump KM corr.,1.775390625,0.538237106472574
Jump KM corr.,1.779296875,0.5504335723106224
Jump KM corr.,1.783203125,0.5911079539035594
Jump KM corr.,1.787109375,0.5958501740521953
Jump KM corr.,1.791015625,0.5703220733531393
Jump KM corr.,1.794921875,0.5758561277499256
Jump KM corr.,1.798828125,0.5865091614242394
Jump KM corr.,1.802734375,0.5440930588184352
Jump KM corr.,1.806640625,0.5480244223495255
Jump KM corr.,1.810546875,0.5153933380292202
Jump KM corr.,1.814453125,0.5710371917217459
Jump KM corr.,1.818359375,0.5294907580021427
Jump KM corr.,1.822265625,0.5569397960094974
Jump KM corr.,1.826171875,0.5267930130123528
Jump KM corr.,1.830078125,0.5369035843123088
Jump KM corr.,1.833984375,0.5511625146700796
Jump KM corr.,1.837890625,0.5641251401307629
Jump KM corr.,1.841796875,0.5483707737582401
Jump KM corr.,1.845703125,0.559754177967566
Jump KM corr.,1.849609375,0.5457664300610738
Jump KM corr.,1.853515625,0.5636716613305854
Jump KM corr.,1.857421875,0.5610884479937933
Jump KM corr.,1.861328125,0.6000330274498684
Jump KM corr.,1.865234375,0.5933969360427531
Jump KM corr.,1.869140625,0.6167782141414738
Jump KM corr.,1.873046875,0.5987869536479146
Jump KM corr.,1.876953125,0.5731877976196603
Jump KM corr.,1.880859375,0.5155476668826721
Jump KM corr.,1.884765625,0.5387557861044026
Jump KM corr.,1.888671875,0.6122567109114226
Jump KM corr.,1.892578125,0.6467391450242184
Jump KM corr.,1.896484375,0.6157842019902058
Jump KM corr.,1.900390625,0.5537369508990834
Jump KM corr.,1.904296875,0.5599954166984381
Jump KM corr.,1.908203125,0.5438862461728325
Jump KM corr.,1.912109375,0.584829491316383
Jump KM corr.,1.916015625,0.5947223997858802
Jump KM corr.,1.919921875,0.625321514647864
Jump KM corr.,1.923828125,0.5562051603757115
Jump KM corr.,1.927734375,0.5568074200570847
Jump KM corr.,1.931640625,0.5330539909593346
Jump KM corr.,1.935546875,0.5312319985554754
Jump KM corr.,1.939453125,0.5494883983036553
Jump KM corr.,1.943359375,0.5756336297850956
Jump KM corr.,1.947265625,0.6202587843315098
Jump KM corr.,1.951171875,0.5898781780777047
Jump KM corr.,1.955078125,0.5833331772016439
Jump KM corr.,1.958984375,0.5706003953629727
Jump KM corr.,1.962890625,0.5797606751629582
Jump KM corr.,1.966796875,0.5630389078991981
Jump KM corr.,1.970703125,0.5943005661373874
Jump KM corr.,1.974609375,0.6007987468737673
Jump KM corr.,1.978515625,0.6197753455268612
Jump KM corr.,1.982421875,0.616688824153302
Jump KM corr.,1.986328125,0.6244240864769045
Jump KM corr.,1.990234375,0.6021737487802954
Jump KM corr.,1.994140625,0.5859671605623713
Jump KM corr.,1.998046875,0.5757811697496978
Jump KM corr.,2.001953125,0.5696393647489533
Jump KM corr.,2.005859375,0.6232427847927866
Jump KM corr.,2.009765625,0.6175747927894869
Jump KM corr.,2.013671875,0.6768588453666067
Jump KM corr.,2.017578125,0.5872393593811067
Jump KM corr.,2.021484375,0.5337274495696076
Jump KM corr.,2.025390625,0.5254740193997937
Jump KM corr.,2.029296875,0.5990391264867162
Jump KM corr.,2.033203125,0.6910400696978356
Jump KM corr.,2.037109375,0.6600749324076547
Jump KM corr.,2.041015625,0.5946938428069553
Jump KM corr.,2.044921875,0.5661858837516704
Jump KM corr.,2.048828125,0.5979824863712493
Jump KM corr.,2.052734375,0.6303682104371765
Jump KM corr.,2.056640625,0.6279548251360585
Jump KM corr.,2.060546875,0.6262645359958685
Jump KM corr.,2.064453125,0.5496777881145714
Jump KM corr.,2.068359375,0.5452106421687116
Jump KM corr.,2.072265625,0.5224570072679596
Jump KM corr.,2.076171875,0.5806480363501793
Jump KM corr.,2.080078125,0.5721082338062007
Jump KM corr.,2.083984375,0.565783417797511
Jump KM corr.,2.087890625,0.543030694907731
Jump KM corr.,2.091796875,0.5539119590481992
Jump KM corr.,2.095703125,0.5965759326682202
Jump KM corr.,2.099609375,0.6009351901879391
Jump KM corr.,2.103515625,0.6102253856357701
Jump KM corr.,2.107421875,0.5693850359816012
Jump KM corr.,2.111328125,0.6040738158799327
Jump KM corr.,2.115234375,0.6227121044603184
Jump KM corr.,2.119140625,0.6325101878875248
Jump KM corr.,2.123046875,0.6101562364078398
Jump KM corr.,2.126953125,0.600956815079297
Jump KM corr.,2.130859375,0.5889378547518629
Jump KM corr.,2.134765625,0.5691978969626382
Jump KM corr.,2.138671875,0.5445447799089573
Jump KM corr.,2.142578125,0.5418771745134208
Jump KM corr.,2.146484375,0.578611761140402
Jump KM corr.,2.150390625,0.589279611139462
Jump KM corr.,2.154296875,0.6236797214556692
Jump KM corr.,2.158203125,0.5608854166630897
Jump KM corr.,2.162109375,0.5764025891696318
Jump KM corr.,2.166015625,0.5509630076897603
Jump KM corr.,2.169921875,0.6039162234557086
Jump KM corr.,2.173828125,0.5959359398080394
Jump KM corr.,2.177734375,0.6017782893141389
Jump KM corr.,2.181640625,0.607273149811187
Jump KM corr.,2.185546875,0.5825666528022883
Jump KM corr.,2.189453125,0.6031290424429154
Jump KM corr.,2.193359375,0.6077922072248735
Jump KM corr.,2.197265625,0.6608802866356215
Jump KM corr.,2.201171875,0.6151267450559673
Jump KM corr.,2.205078125,0.6339676303395566
Jump KM corr.,2.208984375,0.6109977533977927
Jump KM corr.,2.212890625,0.5849034673133318
Jump KM corr.,2.216796875,0.5384647457498702
Jump KM corr.,2.220703125,0.5136620329151579
Jump KM corr.,2.224609375,0.5393280322159318
Jump KM corr.,2.228515625,0.5616454268697766
Jump KM corr.,2.232421875,0.5426913922935845
Jump KM corr.,2.236328125,0.5298366992081812
Jump KM corr.,2.240234375,0.5245751690554731
Jump KM corr.,2.244140625,0.5458625833695265
Jump KM corr.,2.248046875,0.6028553066666198
Jump KM corr.,2.251953125,0.603322892444722
Jump KM corr.,2.255859375,0.6330378319571398
Jump KM corr.,2.259765625,0.5707063803915301
Jump KM corr.,2.263671875,0.5629901431188402
Jump KM corr.,2.267578125,0.5559209916524857
Jump KM corr.,2.271484375,0.5629191468553715
Jump KM corr.,2.275390625,0.5383687612936942
Jump KM corr.,2.279296875,0.5488915139016054
Jump KM corr.,2.283203125,0.5814487972158788
Jump KM corr.,2.287109375,0.6352634179528838
Jump KM corr.,2.291015625,0.6189015850445715
Jump KM corr.,2.294921875,0.576105712617132
Jump KM corr.,2.298828125,0.5507922568388218
Jump KM corr.,2.302734375,0.5110684430336375
Jump KM corr.,2.306640625,0.5144931085968721
Jump KM corr.,2.310546875,0.5234101866853987
Jump KM corr.,2.314453125,0.6126354809187559
Jump KM corr.,2.318359375,0.6454689241719396
Jump KM corr.,2.322265625,0.663229851031385
Jump KM corr.,2.326171875,0.5944211645447324
Jump KM corr.,2.330078125,0.6066413077350244
Jump KM corr.,2.333984375,0.5712212270475708
Jump KM corr.,2.337890625,0.5846276949330868
Jump KM corr.,2.341796875,0.5659666162958672
Jump KM corr.,2.345703125,0.5889025695484248
Jump KM corr.,2.349609375,0.6130515902505095
Jump KM corr.,2.353515625,0.5928303965905442
Jump KM corr.,2.357421875,0.6168253430357931
Jump KM corr.,2.361328125,0.5822903704691232
Jump KM corr.,2.365234375,0.603857351422252
Jump KM corr.,2.369140625,0.5696388748096843
Jump KM corr.,2.373046875,0.5672645548531038
Jump KM corr.,2.376953125,0.600248840375213
Jump KM corr.,2.380859375,0.6130761897945113
Jump KM corr.,2.384765625,0.6390624075852515
Jump KM corr.,2.388671875,0.5650060910166654
Jump KM corr.,2.392578125,0.5754774682412233
Jump KM corr.,2.396484375,0.5930449693005023
Jump KM corr.,2.400390625,0.607265261991815
Jump KM corr.,2.404296875,0.6106107655934973
Jump KM corr.,2.408203125,0.560619524612251
Jump KM corr.,2.412109375,0.5726337354276914
Jump KM corr.,2.416015625,0.5322051978346163
Jump KM corr.,2.419921875,0.5600843249181421
Jump KM corr.,2.423828125,0.5515918048749345
Jump KM corr.,2.427734375,0.547548841348182
Jump KM corr.,2.431640625,0.5066101313126814
Jump KM corr.,2.435546875,0.5086381207841785
Jump KM corr.,2.439453125,0.5062412559144194
Jump KM corr.,2.443359375,0.55398879578496
Jump KM corr.,2.447265625,0.5635107386108911
Jump KM corr.,2.451171875,0.6109272861482882
Jump KM corr.,2.455078125,0.5536857233271806
Jump KM corr.,2.458984375,0.5235404037459661
Jump KM corr.,2.462890625,0.5112620042866635
Jump KM corr.,2.466796875,0.5685401845436944
Jump KM corr.,2.470703125,0.6457502645385872
Jump KM corr.,2.474609375,0.653859854135905
Jump KM corr.,2.478515625,0.6077654203381299
Jump KM corr.,2.482421875,0.5703881909024955
Jump KM corr.,2.486328125,0.5658387678628307
Jump KM corr.,2.490234375,0.5914894796309436
Jump KM corr.,2.494140625,0.5742109324668552
Jump KM corr.,2.498046875,0.5684786661843073
Jump KM flag,0.001953125,3.3009688815874605
Jump KM flag,0.005859375,3.3904754939874504
Jump KM flag,0.009765625,3.4976812962996195
Jump KM flag,0.013671875,3.569206501339354
Jump KM flag,0.017578125,3.6501395048701
Jump KM flag,0.021484375,3.722306532063989
Jump KM flag,0.025390625,3.78342419983135
Jump KM flag,0.029296875,3.823791955885525
Jump KM flag,0.033203125,3.80051219221211
Jump KM flag,0.037109375,3.7792036156235063
Jump KM flag,0.041015625,3.723423542360192
Jump KM flag,0.044921875,3.7311052882009537
Jump KM flag,0.048828125,3.728982200946251
Jump KM flag,0.052734375,3.758387194894586
Jump KM flag,0.056640625,3.755390996122843
Jump KM flag,0.060546875,3.511007372075965
Jump KM flag,0.064453125,3.4497000445946053
Jump KM flag,0.068359375,3.37836632236499
Jump KM flag,0.072265625,3.4480157968094556
Jump KM flag,0.076171875,3.2416610903685674
Jump KM flag,0.080078125,3.1334124406222332
Jump KM flag,0.083984375,3.0170884823787056
Jump KM flag,0.087890625,2.982239318151439
Jump KM flag,0.091796875,2.867821745605849
Jump KM flag,0.095703125,2.757918118593961
Jump KM flag,0.099609375,2.648372952077742
Jump KM flag,0.103515625,2.550972454364913
Jump KM flag,0.107421875,2.380041903599848
Jump KM flag,0.111328125,2.296078294287449
Jump KM flag,0.115234375,2.204426285794351
Jump KM flag,0.119140625,2.173420953696494
Jump KM flag,0.123046875,2.089582053010629
Jump KM flag,0.126953125,2.0089484798837836
Jump KM flag,0.130859375,1.924370080166271
Jump KM flag,0.134765625,1.8369980826011556
Jump KM flag,0.138671875,1.7586608525508196
Jump KM flag,0.142578125,1.7037874552356913
Jump KM flag,0.146484375,1.644587057347519
Jump KM flag,0.150390625,1.5863981704927934
Jump KM flag,0.154296875,1.5340918788239724
Jump KM flag,0.158203125,1.4838342559065136
Jump KM flag,0.162109375,1.4030738724826115
Jump KM flag,0.166015625,1.2419241059224484
Jump KM flag,0.169921875,1.1975193683672718
Jump KM flag,0.173828125,1.1635784532284723
Jump KM flag,0.177734375,1.2096998821307
Jump KM flag,0.181640625,1.157852619103917
Jump KM flag,0.185546875,1.0086004406071825
Jump KM flag,0.189453125,0.9548175191612064
Jump KM flag,0.193359375,0.8726713670348943
Jump KM flag,0.197265625,0.8920959035399239
Jump KM flag,0.201171875,0.8683614685915213
Jump KM flag,0.205078125,0.8615590500363562
Jump KM flag,0.208984375,0.80439421835117
Jump KM flag,0.212890625,0.6453180751197107
Jump KM flag,0.216796875,0.5387773472096875
Jump KM flag,0.220703125,0.4696410682920212
Jump KM flag,0.224609375,0.4634298845657541
Jump KM flag,0.228515625,0.4034866380142715
Jump KM flag,0.232421875,0.3279548211971124
Jump KM flag,0.236328125,0.2574406045661128
Jump KM flag,0.240234375,0.2256683167991188
Jump KM flag,0.244140625,0.1892690347030186
Jump KM flag,0.248046875,0.1774524713022875
Jump KM flag,0.251953125,0.1388970861667604
Jump KM flag,0.255859375,0.1201801526323107
Jump KM flag,0.259765625,0.1108170003126903
Jump KM flag,0.263671875,0.1127968584045761
Jump KM flag,0.267578125,0.1244869350027869
Jump KM flag,0.271484375,0.1104482175061609
Jump KM flag,0.275390625,0.1110326479363839
Jump KM flag,0.279296875,0.1021770941455852
Jump KM flag,0.283203125,0.1038252584664814
Jump KM flag,0.287109375,0.0956272600476652
Jump KM flag,0.291015625,0.0914848542759656
Jump KM flag,0.294921875,0.0880016025169013
Jump KM flag,0.298828125,0.0800049733318383
Jump KM flag,0.302734375,0.0759490303821485
Jump KM flag,0.306640625,0.0755385889386389
Jump KM flag,0.310546875,0.0815731925429615
Jump KM flag,0.314453125,0.0878410649190085
Jump KM flag,0.318359375,0.086913179789377
Jump KM flag,0.322265625,0.0869343940782417
Jump KM flag,0.326171875,0.0880588041750599
Jump KM flag,0.330078125,0.0899678283904741
Jump KM flag,0.333984375,0.097106231145621
Jump KM flag,0.337890625,0.0916106683536271
Jump KM flag,0.341796875,0.0900850328868206
Jump KM flag,0.345703125,0.0871255833928095
Jump KM flag,0.349609375,0.094390739170184
Jump KM flag,0.353515625,0.0975986404408999
Jump KM flag,0.357421875,0.0966329456465623
Jump KM flag,0.361328125,0.0870041260523945
Jump KM flag,0.365234375,0.0857782432098279
Jump KM flag,0.369140625,0.0912918467025946
Jump KM flag,0.373046875,0.0946747781473934
Jump KM flag,0.376953125,0.0931032242317071
Jump KM flag,0.380859375,0.0877570356815537
Jump KM flag,0.384765625,0.0949110363239434
Jump KM flag,0.388671875,0.0922551407867519
Jump KM flag,0.392578125,0.0936856893118929
Jump KM flag,0.396484375,0.091245202956284
Jump KM flag,0.400390625,0.0983395771055347
Jump KM flag,0.404296875,0.1021121722170134
Jump KM flag,0.408203125,0.0985115039091746
Jump KM flag,0.412109375,0.1019463160778557
Jump KM flag,0.416015625,0.1028165598854209
Jump KM flag,0.419921875,0.1059511953766005
Jump KM flag,0.423828125,0.107585506522466
Jump KM flag,0.427734375,0.1070551078261322
Jump KM flag,0.431640625,0.10717066588747
Jump KM flag,0.435546875,0.1093659497376376
Jump KM flag,0.439453125,0.1154592721840189
Jump KM flag,0.443359375,0.1183153909193041
Jump KM flag,0.447265625,0.113746497840306
Jump KM flag,0.451171875,0.1123494004607724
Jump KM flag,0.455078125,0.1141684224030154
Jump KM flag,0.458984375,0.1163722959340445
Jump KM flag,0.462890625,0.1046630090340444
Jump KM flag,0.466796875,0.1007536085829993
Jump KM flag,0.470703125,0.0940452755478598
Jump KM flag,0.474609375,0.101617582265142
Jump KM flag,0.478515625,0.1090385471291486
Jump KM flag,0.482421875,0.1203324209467171
Jump KM flag,0.486328125,0.1056483733876665
Jump KM flag,0.490234375,0.1071423630272462
Jump KM flag,0.494140625,0.1010640680965885
Jump KM flag,0.498046875,0.1120816418460731
Jump KM flag,0.501953125,0.1090671010517987
Jump KM flag,0.505859375,0.1042469156666002
Jump KM flag,0.509765625,0.0986251547372341
Jump KM flag,0.513671875,0.0956470617095103
Jump KM flag,0.517578125,0.1055820820616021
Jump KM flag,0.521484375,0.1126813134144548
Jump KM flag,0.525390625,0.1055345122836362
Jump KM flag,0.529296875,0.1034209277794659
Jump KM flag,0.533203125,0.1081306231900283
Jump KM flag,0.537109375,0.1163988866678469
Jump KM flag,0.541015625,0.1181602418788591
Jump KM flag,0.544921875,0.121350934148843
Jump KM flag,0.548828125,0.1229543049504651
Jump KM flag,0.552734375,0.1211464076470267
Jump KM flag,0.556640625,0.1172881723362813
Jump KM flag,0.560546875,0.1285129626367787
Jump KM flag,0.564453125,0.1367209507263846
Jump KM flag,0.568359375,0.1395524635825291
Jump KM flag,0.572265625,0.1276572463308616
Jump KM flag,0.576171875,0.1246095310629472
Jump KM flag,0.580078125,0.1306347003107343
Jump KM flag,0.583984375,0.138789115223157
Jump KM flag,0.587890625,0.1338673722944044
Jump KM flag,0.591796875,0.1295137351433629
Jump KM flag,0.595703125,0.1383598925944765
Jump KM flag,0.599609375,0.1601186487985735
Jump KM flag,0.603515625,0.1561046251334849
Jump KM flag,0.607421875,0.1319832875962682
Jump KM flag,0.611328125,0.130737939082668
Jump KM flag,0.615234375,0.1305438218925672
Jump KM flag,0.619140625,0.1569858710246719
Jump KM flag,0.623046875,0.1535404974664015
Jump KM flag,0.626953125,0.1445425729649267
Jump KM flag,0.630859375,0.1369940684660515
Jump KM flag,0.634765625,0.1359061289523946
Jump KM flag,0.638671875,0.144921725519297
Jump KM flag,0.642578125,0.1416035811820692
Jump KM flag,0.646484375,0.1413524514525976
Jump KM flag,0.650390625,0.1330788636869109
Jump KM flag,0.654296875,0.1230532621526772
Jump KM flag,0.658203125,0.1210333957218598
Jump KM flag,0.662109375,0.1136762927100139
Jump KM flag,0.666015625,0.1164961081065241
Jump KM flag,0.669921875,0.1126987125492531
Jump KM flag,0.673828125,0.121174938804584
Jump KM flag,0.677734375,0.1258211718740466
Jump KM flag,0.681640625,0.1256361244692509
Jump KM flag,0.685546875,0.1384697478468298
Jump KM flag,0.689453125,0.1417410120377403
Jump KM flag,0.693359375,0.1623018363934399
Jump KM flag,0.697265625,0.1536213246273152
Jump KM flag,0.701171875,0.136723793291666
Jump KM flag,0.705078125,0.131789351767445
Jump KM flag,0.708984375,0.1279375980868658
Jump KM flag,0.712890625,0.1270682685471807
Jump KM flag,0.716796875,0.1134877074448874
Jump KM flag,0.720703125,0.122646255780122
Jump KM flag,0.724609375,0.1151431929876489
Jump KM flag,0.728515625,0.1161911104094401
Jump KM flag,0.732421875,0.1041964369371051
Jump KM flag,0.736328125,0.1159807131129991
Jump KM flag,0.740234375,0.1167942369869304
Jump KM flag,0.744140625,0.1215510153219134
Jump KM flag,0.748046875,0.1271186024729335
Jump KM flag,0.751953125,0.124200412090853
Jump KM flag,0.755859375,0.1390843709692532
Jump KM flag,0.759765625,0.1094524783607743
Jump KM flag,0.763671875,0.1255652615999201
Jump KM flag,0.767578125,0.1195664088221381
Jump KM flag,0.771484375,0.1571808464552977
Jump KM flag,0.775390625,0.1284000626318636
Jump KM flag,0.779296875,0.1219402073141768
Jump KM flag,0.783203125,0.1259645349071821
Jump KM flag,0.787109375,0.1336633096534382
Jump KM flag,0.791015625,0.1372819983966091
Jump KM flag,0.794921875,0.131747354171535
Jump KM flag,0.798828125,0.1419182807026852
Jump KM flag,0.802734375,0.1480546324064422
Jump KM flag,0.806640625,0.1506888393973588
Jump KM flag,0.810546875,0.1403887817558912
Jump KM flag,0.814453125,0.1321646885168058
Jump KM flag,0.818359375,0.1299088390606462
Jump KM flag,0.822265625,0.1280639563353211
Jump KM flag,0.826171875,0.1318281083202763
Jump KM flag,0.830078125,0.1139002634900111
Jump KM flag,0.833984375,0.1200352165389036
Jump KM flag,0.837890625,0.1297044507778293
Jump KM flag,0.841796875,0.1464421215658448
Jump KM flag,0.845703125,0.1528117112522494
Jump KM flag,0.849609375,0.1401498173809564
Jump KM flag,0.853515625,0.1313223734072084
Jump KM flag,0.857421875,0.1266499212465772
Jump KM flag,0.861328125,0.1328556352523069
Jump KM flag,0.865234375,0.1469773468053265
Jump KM flag,0.869140625,0.1524661155004862
Jump KM flag,0.873046875,0.1528505008434466
Jump KM flag,0.876953125,0.1521235578262256
Jump KM flag,0.880859375,0.1514216133883228
Jump KM flag,0.884765625,0.1527914039767695
Jump KM flag,0.888671875,0.1611452424114303
Jump KM flag,0.892578125,0.151250102467879
Jump KM flag,0.896484375,0.1469003868367531
Jump KM flag,0.900390625,0.1510942998273225
Jump KM flag,0.904296875,0.1614492503005013
Jump KM flag,0.908203125,0.1876962053681982
Jump KM flag,0.912109375,0.1879322212986237
Jump KM flag,0.916015625,0.1975164493151226
Jump KM flag,0.919921875,0.1829031864614031
Jump KM flag,0.923828125,0.1866023195025902
Jump KM flag,0.927734375,0.2006680693588937
Jump KM flag,0.931640625,0.2012669564142533
Jump KM flag,0.935546875,0.1947523231219304
Jump KM flag,0.939453125,0.1963153671956453
Jump KM flag,0.943359375,0.188047018145309
Jump KM flag,0.947265625,0.1773383019193724
Jump KM flag,0.951171875,0.1558207543290703
Jump KM flag,0.955078125,0.1626844904204259
Jump KM flag,0.958984375,0.1791827418898536
Jump KM flag,0.962890625,0.1919218382197965
Jump KM flag,0.966796875,0.1976589159870006
Jump KM flag,0.970703125,0.1929580672696259
Jump KM flag,0.974609375,0.1830139197907723
Jump KM flag,0.978515625,0.1801617136406349
Jump KM flag,0.982421875,0.1856713509917065
Jump KM flag,0.986328125,0.194672377523327
Jump KM flag,0.990234375,0.1910175841450899
Jump KM flag,0.994140625,0.1948153812050917
Jump KM flag,0.998046875,0.189923503887748
Jump KM flag,1.001953125,0.1905080571283062
Jump KM flag,1.005859375,0.1906539300657199
Jump KM flag,1.009765625,0.2099754132795087
Jump KM flag,1.013671875,0.2166655534986309
Jump KM flag,1.017578125,0.2329484677414203
Jump KM flag,1.021484375,0.2278058892922588
Jump KM flag,1.025390625,0.2204230612363095
Jump KM flag,1.029296875,0.2015144707631695
Jump KM flag,1.033203125,0.2055070765089666
Jump KM flag,1.037109375,0.2003364204626578
Jump KM flag,1.041015625,0.2158904739463027
Jump KM flag,1.044921875,0.1824104986406484
Jump KM flag,1.048828125,0.1759443365479744
Jump KM flag,1.052734375,0.166179643968925
Jump KM flag,1.056640625,0.2052374245870008
Jump KM flag,1.060546875,0.2285677437773325
Jump KM flag,1.064453125,0.2264681332585887
Jump KM flag,1.068359375,0.21204929139195
Jump KM flag,1.072265625,0.2290605758355947
Jump KM flag,1.076171875,0.218056609819814
Jump KM flag,1.080078125,0.2156063730542969
Jump KM flag,1.083984375,0.1890894076622369
Jump KM flag,1.087890625,0.1685997165398063
Jump KM flag,1.091796875,0.154529939459958
Jump KM flag,1.095703125,0.1592286058114946
Jump KM flag,1.099609375,0.1872065375049088
Jump KM flag,1.103515625,0.2000474464867648
Jump KM flag,1.107421875,0.1968118476809039
Jump KM flag,1.111328125,0.1853145866847357
Jump KM flag,1.115234375,0.1849897773129696
Jump KM flag,1.119140625,0.1931444226063955
Jump KM flag,1.123046875,0.1974848309654379
Jump KM flag,1.126953125,0.1949574768166352
Jump KM flag,1.130859375,0.1929557353261932
Jump KM flag,1.134765625,0.1922099001712125
Jump KM flag,1.138671875,0.1901096139786976
Jump KM flag,1.142578125,0.1964559693039755
Jump KM flag,1.146484375,0.2166135345331232
Jump KM flag,1.150390625,0.2246919800157148
Jump KM flag,1.154296875,0.2368512394283484
Jump KM flag,1.158203125,0.2353089248509814
Jump KM flag,1.162109375,0.2769526282409585
Jump KM flag,1.166015625,0.2761950048965692
Jump KM flag,1.169921875,0.2975092291210806
Jump KM flag,1.173828125,0.2815783410103168
Jump KM flag,1.177734375,0.2891521367991764
Jump KM flag,1.181640625,0.2634013804042585
Jump KM flag,1.185546875,0.2724681325021584
Jump KM flag,1.189453125,0.2735188622209428
Jump KM flag,1.193359375,0.2908222436755577
Jump KM flag,1.197265625,0.282534476346959
Jump KM flag,1.201171875,0.2689024670145689
Jump KM flag,1.205078125,0.2534011475251456
Jump KM flag,1.208984375,0.2483919636337035
Jump KM flag,1.212890625,0.2655510253835968
Jump KM flag,1.216796875,0.2929378025452759
Jump KM flag,1.220703125,0.3079812732620555
Jump KM flag,1.224609375,0.309771222364322
Jump KM flag,1.228515625,0.327178421052082
Jump KM flag,1.232421875,0.3322992627426011
Jump KM flag,1.236328125,0.3290573373139314
Jump KM flag,1.240234375,0.287467912536217
Jump KM flag,1.244140625,0.2839103273136866
Jump KM flag,1.248046875,0.2733598186541278
Jump KM flag,1.251953125,0.2888111686661397
Jump KM flag,1.255859375,0.2990188398807426
Jump KM flag,1.259765625,0.3171098925756487
Jump KM flag,1.263671875,0.3235363375938248
Jump KM flag,1.267578125,0.3143159582291072
Jump KM flag,1.271484375,0.2978384822575729
Jump KM flag,1.275390625,0.306641144069142
Jump KM flag,1.279296875,0.3154959397275084
Jump KM flag,1.283203125,0.3348349936983584
Jump KM flag,1.287109375,0.3304587412593343
Jump KM flag,1.291015625,0.3389615229335931
Jump KM flag,1.294921875,0.3290300456440809
Jump KM flag,1.298828125,0.3290486965798024
Jump KM flag,1.302734375,0.3036584303751879
Jump KM flag,1.306640625,0.3084806579148669
Jump KM flag,1.310546875,0.3093509407883021
Jump KM flag,1.314453125,0.310456705599045
Jump KM flag,1.318359375,0.3364054076530923
Jump KM flag,1.322265625,0.3425520947029322
Jump KM flag,1.326171875,0.3578604554346142
Jump KM flag,1.330078125,0.3502524050487026
Jump KM flag,1.333984375,0.3624581017187944
Jump KM flag,1.337890625,0.3571749603611027
Jump KM flag,1.341796875,0.3673302368244441
Jump KM flag,1.345703125,0.3658972534580461
Jump KM flag,1.349609375,0.3729897844922705
Jump KM flag,1.353515625,0.3162678687625198
Jump KM flag,1.357421875,0.3170831349689423
Jump KM flag,1.361328125,0.3174890382245551
Jump KM flag,1.365234375,0.3649425105249292
Jump KM flag,1.369140625,0.3466162589013608
Jump KM flag,1.373046875,0.389159849273356
Jump KM flag,1.376953125,0.3969980001108749
Jump KM flag,1.380859375,0.4114056600461989
Jump KM flag,1.384765625,0.3409957758892805
Jump KM flag,1.388671875,0.3128800093191777
Jump KM flag,1.392578125,0.3190677452642729
Jump KM flag,1.396484375,0.3324959311801765
Jump KM flag,1.400390625,0.3314030832211106
Jump KM flag,1.404296875,0.311091447752889
Jump KM flag,1.408203125,0.2866542943455675
Jump KM flag,1.412109375,0.2728765897534081
Jump KM flag,1.416015625,0.2611599435106566
Jump KM flag,1.419921875,0.2752241779746663
Jump KM flag,1.423828125,0.3027594768464031
Jump KM flag,1.427734375,0.3017041443523969
Jump KM flag,1.431640625,0.319116513084998
Jump KM flag,1.435546875,0.287260531940166
Jump KM flag,1.439453125,0.2834702827843525
Jump KM flag,1.443359375,0.2667366391355793
Jump KM flag,1.447265625,0.2832614479597862
Jump KM flag,1.451171875,0.2812861729918596
Jump KM flag,1.455078125,0.2750969708668349
Jump KM flag,1.458984375,0.2604821059144592
Jump KM flag,1.462890625,0.2929586716667369
Jump KM flag,1.466796875,0.3168638601716749
Jump KM flag,1.470703125,0.3312816124310398
Jump KM flag,1.474609375,0.3072764696691521
Jump KM flag,1.478515625,0.3038728154563496
Jump KM flag,1.482421875,0.2956625807022804
Jump KM flag,1.486328125,0.2940801265683573
Jump KM flag,1.490234375,0.2722591774867665
Jump KM flag,1.494140625,0.2786841066283321
Jump KM flag,1.498046875,0.2885581479535538
Jump KM flag,1.501953125,0.2882801837612971
Jump KM flag,1.505859375,0.2632605766207886
Jump KM flag,1.509765625,0.2496040869615076
Jump KM flag,1.513671875,0.2710486655938557
Jump KM flag,1.517578125,0.2881694119557724
Jump KM flag,1.521484375,0.30312115341858
Jump KM flag,1.525390625,0.2830975512910306
Jump KM flag,1.529296875,0.3047566705247065
Jump KM flag,1.533203125,0.263968606855331
Jump KM flag,1.537109375,0.247858773051141
Jump KM flag,1.541015625,0.2363562530952628
Jump KM flag,1.544921875,0.242937892318617
Jump KM flag,1.548828125,0.2703765085125974
Jump KM flag,1.552734375,0.2688828788808325
Jump KM flag,1.556640625,0.2794186780032803
Jump KM flag,1.560546875,0.2510544804546585
Jump KM flag,1.564453125,0.2590497305382136
Jump KM flag,1.568359375,0.2670376629361572
Jump KM flag,1.572265625,0.2867450755075711
Jump KM flag,1.576171875,0.2774072820800835
Jump KM flag,1.580078125,0.2750689599389106
Jump KM flag,1.583984375,0.2939713347311302
Jump KM flag,1.587890625,0.2802115489661155
Jump KM flag,1.591796875,0.2917048681617922
Jump KM flag,1.595703125,0.2671651049649308
Jump KM flag,1.599609375,0.2746754189827121
Jump KM flag,1.603515625,0.2675831717001503
Jump KM flag,1.607421875,0.2721314923668818
Jump KM flag,1.611328125,0.2490142705374659
Jump KM flag,1.615234375,0.2483281029770872
Jump KM flag,1.619140625,0.2519881968782945
Jump KM flag,1.623046875,0.2824313135817352
Jump KM flag,1.626953125,0.2795482800138349
Jump KM flag,1.630859375,0.2796176084776048
Jump KM flag,1.634765625,0.2672934136720869
Jump KM flag,1.638671875,0.2488845279332396
Jump KM flag,1.642578125,0.2401951053632793
Jump KM flag,1.646484375,0.238375498832589
Jump KM flag,1.650390625,0.2793771754593786
Jump KM flag,1.654296875,0.2849497955213955
Jump KM flag,1.658203125,0.2791008118686985
Jump KM flag,1.662109375,0.2562039478154209
Jump KM flag,1.666015625,0.2487463137136905
Jump KM flag,1.669921875,0.246371591190567
Jump KM flag,1.673828125,0.2542679018957525
Jump KM flag,1.677734375,0.2616274726744644
Jump KM flag,1.681640625,0.2776543937243498
Jump KM flag,1.685546875,0.2645496241764133
Jump KM flag,1.689453125,0.276924380021713
Jump KM flag,1.693359375,0.2782583873685287
Jump KM flag,1.697265625,0.2920844743594435
Jump KM flag,1.701171875,0.2945877693961405
Jump KM flag,1.705078125,0.3023887192106178
Jump KM flag,1.708984375,0.3013043339163196
Jump KM flag,1.712890625,0.2803390207782771
Jump KM flag,1.716796875,0.2828875939735332
Jump KM flag,1.720703125,0.278348660566337
Jump KM flag,1.724609375,0.2768535109956261
Jump KM flag,1.728515625,0.2594104253873703
Jump KM flag,1.732421875,0.259042683888941
Jump KM flag,1.736328125,0.2708119292016746
Jump KM flag,1.740234375,0.3032692591387547
Jump KM flag,1.744140625,0.3085797653057865
Jump KM flag,1.748046875,0.3358934338159977
Jump KM flag,1.751953125,0.3255225623059374
Jump KM flag,1.755859375,0.3444259565586424
Jump KM flag,1.759765625,0.3103878066532466
Jump KM flag,1.763671875,0.3135868683885562
Jump KM flag,1.767578125,0.314941522003888
Jump KM flag,1.771484375,0.3213317915720146
Jump KM flag,1.775390625,0.3169018939497823
Jump KM flag,1.779296875,0.3074150481447838
Jump KM flag,1.783203125,0.3033772340001589
Jump KM flag,1.787109375,0.3043126962817489
Jump KM flag,1.791015625,0.3059144513951185
Jump KM flag,1.794921875,0.3264633111528239
Jump KM flag,1.798828125,0.3098828193033632
Jump KM flag,1.802734375,0.2999168780338656
Jump KM flag,1.806640625,0.2696874025560623
Jump KM flag,1.810546875,0.2962552148398092
Jump KM flag,1.814453125,0.3072188901793108
Jump KM flag,1.818359375,0.3566336519652651
Jump KM flag,1.822265625,0.3443718231439308
Jump KM flag,1.826171875,0.3410500959876434
Jump KM flag,1.830078125,0.3270400804715946
Jump KM flag,1.833984375,0.3238270956670717
Jump KM flag,1.837890625,0.3190812715603795
Jump KM flag,1.841796875,0.3098481078100797
Jump KM flag,1.845703125,0.2909559884411401
Jump KM flag,1.849609375,0.3008608395428068
Jump KM flag,1.853515625,0.3194027086622339
Jump KM flag,1.857421875,0.354197955941687
Jump KM flag,1.861328125,0.3729073499068114
Jump KM flag,1.865234375,0.3574640580416769
Jump KM flag,1.869140625,0.3480907765543149
Jump KM flag,1.873046875,0.3211464825018731
Jump KM flag,1.876953125,0.333474658492015
Jump KM flag,1.880859375,0.3302840096429962
Jump KM flag,1.884765625,0.3293640800213578
Jump KM flag,1.888671875,0.3333448300080733
Jump KM flag,1.892578125,0.3057347521813821
Jump KM flag,1.896484375,0.3144123301516229
Jump KM flag,1.900390625,0.3057739756981333
Jump KM flag,1.904296875,0.3093767512320004
Jump KM flag,1.908203125,0.3187656700237936
Jump KM flag,1.912109375,0.305127195403267
Jump KM flag,1.916015625,0.3298269454172487
Jump KM flag,1.919921875,0.306873110850348
Jump KM flag,1.923828125,0.305550127170898
Jump KM flag,1.927734375,0.2883000005970218
Jump KM flag,1.931640625,0.2840118859359364
Jump KM flag,1.935546875,0.2667639652390139
Jump KM flag,1.939453125,0.2879176860924785
Jump KM flag,1.943359375,0.2838497274239374
Jump KM flag,1.947265625,0.3023739498369933
Jump KM flag,1.951171875,0.2876022934890122
Jump KM flag,1.955078125,0.2812504248479782
Jump KM flag,1.958984375,0.2822831741870222
Jump KM flag,1.962890625,0.2805366082350427
Jump KM flag,1.966796875,0.2975900527051733
Jump KM flag,1.970703125,0.2971267212267883
Jump KM flag,1.974609375,0.2889898711735681
Jump KM flag,1.978515625,0.3032704729925077
Jump KM flag,1.982421875,0.3013665059754236
Jump KM flag,1.986328125,0.3117102105405781
Jump KM flag,1.990234375,0.2929924187197774
Jump KM flag,1.994140625,0.3181327721587565
Jump KM flag,1.998046875,0.3076131800600772
Jump KM flag,2.001953125,0.3072920650274494
Jump KM flag,2.005859375,0.2771746171805322
Jump KM flag,2.009765625,0.2748433824051529
Jump KM flag,2.013671875,0.2785304462798155
Jump KM flag,2.017578125,0.2894214488753728
Jump KM flag,2.021484375,0.3114108054609317
Jump KM flag,2.025390625,0.3175897314305394
Jump KM flag,2.029296875,0.316090459447234
Jump KM flag,2.033203125,0.2912615374555756
Jump KM flag,2.037109375,0.2613954455670255
Jump KM flag,2.041015625,0.2567570278082498
Jump KM flag,2.044921875,0.2596394330242249
Jump KM flag,2.048828125,0.2673285590839224
Jump KM flag,2.052734375,0.2631669288394628
Jump KM flag,2.056640625,0.2594125762605103
Jump KM flag,2.060546875,0.263342981330229
Jump KM flag,2.064453125,0.2821856498738921
Jump KM flag,2.068359375,0.2802943944979469
Jump KM flag,2.072265625,0.2618295774532466
Jump KM flag,2.076171875,0.256463391046538
Jump KM flag,2.080078125,0.263830404069675
Jump KM flag,2.083984375,0.2864383783774018
Jump KM flag,2.087890625,0.2693874197028994
Jump KM flag,2.091796875,0.2764008179806163
Jump KM flag,2.095703125,0.2846056307998612
Jump KM flag,2.099609375,0.2710279687526793
Jump KM flag,2.103515625,0.2584675254003945
Jump KM flag,2.107421875,0.2412419890052442
Jump KM flag,2.111328125,0.2242251342986315
Jump KM flag,2.115234375,0.2041808578909027
Jump KM flag,2.119140625,0.211873719832585
Jump KM flag,2.123046875,0.2275661890429114
Jump KM flag,2.126953125,0.2443262377860197
Jump KM flag,2.130859375,0.2375002911557438
Jump KM flag,2.134765625,0.24650984117206
Jump KM flag,2.138671875,0.2603425841798115
Jump KM flag,2.142578125,0.2405653989145135
Jump KM flag,2.146484375,0.2525213371121259
Jump KM flag,2.150390625,0.2469844206287285
Jump KM flag,2.154296875,0.2942114007756589
Jump KM flag,2.158203125,0.2628272985595911
Jump KM flag,2.162109375,0.2663965720264423
Jump KM flag,2.166015625,0.2152924090425339
Jump KM flag,2.169921875,0.2209430126653835
Jump KM flag,2.173828125,0.2168238942167537
Jump KM flag,2.177734375,0.224851783802338
Jump KM flag,2.181640625,0.2161824887500132
Jump KM flag,2.185546875,0.197528488896037
Jump KM flag,2.189453125,0.2071741581669779
Jump KM flag,2.193359375,0.2167795993643968
Jump KM flag,2.197265625,0.2275331836651372
Jump KM flag,2.201171875,0.2427376654269462
Jump KM flag,2.205078125,0.2392457009960508
Jump KM flag,2.208984375,0.2382919408352558
Jump KM flag,2.212890625,0.2209604689520608
Jump KM flag,2.216796875,0.2320945501010458
Jump KM flag,2.220703125,0.2219427641016563
Jump KM flag,2.224609375,0.2238500118914013
Jump KM flag,2.228515625,0.1960091880924619
Jump KM flag,2.232421875,0.198481598606675
Jump KM flag,2.236328125,0.1906868591629929
Jump KM flag,2.240234375,0.1946975595170533
Jump KM flag,2.244140625,0.1953745842002964
Jump KM flag,2.248046875,0.2043937919309929
Jump KM flag,2.251953125,0.2228468740584405
Jump KM flag,2.255859375,0.236595326111722
Jump KM flag,2.259765625,0.203292870607983
Jump KM flag,2.263671875,0.179810472629488
Jump KM flag,2.267578125,0.1823691396557303
Jump KM flag,2.271484375,0.1997375620797085
Jump KM flag,2.275390625,0.1909089696139935
Jump KM flag,2.279296875,0.1689051111766126
Jump KM flag,2.283203125,0.1554925660968877
Jump KM flag,2.287109375,0.1703488382688661
Jump KM flag,2.291015625,0.1712298773362722
Jump KM flag,2.294921875,0.182435151058334
Jump KM flag,2.298828125,0.1691289104654511
Jump KM flag,2.302734375,0.1739120762878631
Jump KM flag,2.306640625,0.154845197253115
Jump KM flag,2.310546875,0.1604667854820303
Jump KM flag,2.314453125,0.1603473159005216
Jump KM flag,2.318359375,0.1707688504779223
Jump KM flag,2.322265625,0.1704448458730942
Jump KM flag,2.326171875,0.1540117169830125
Jump KM flag,2.330078125,0.1595419143120508
Jump KM flag,2.333984375,0.1403634061403757
Jump KM flag,2.337890625,0.140891539000461
Jump KM flag,2.341796875,0.1342688117830786
Jump KM flag,2.345703125,0.152326984552931
Jump KM flag,2.349609375,0.157986779703549
Jump KM flag,2.353515625,0.1556047113226602
Jump KM flag,2.357421875,0.1361385390989677
Jump KM flag,2.361328125,0.1282437474286798
Jump KM flag,2.365234375,0.1243416567322215
Jump KM flag,2.369140625,0.130113061544999
Jump KM flag,2.373046875,0.1328373796492143
Jump KM flag,2.376953125,0.1351186597796359
Jump KM flag,2.380859375,0.1380172550736703
Jump KM flag,2.384765625,0.1244349840633725
Jump KM flag,2.388671875,0.1305488651382827
Jump KM flag,2.392578125,0.1227266044137695
Jump KM flag,2.396484375,0.1294751750534045
Jump KM flag,2.400390625,0.1178224922352981
Jump KM flag,2.404296875,0.1240117717551272
Jump KM flag,2.408203125,0.1217244556614957
Jump KM flag,2.412109375,0.1211028065383077
Jump KM flag,2.416015625,0.11382758986499
Jump KM flag,2.419921875,0.1096129196147464
Jump KM flag,2.423828125,0.1049193475206974
Jump KM flag,2.427734375,0.1022960103408739
Jump KM flag,2.431640625,0.1004865489766483
Jump KM flag,2.435546875,0.1033203405103289
Jump KM flag,2.439453125,0.1047036029442263
Jump KM flag,2.443359375,0.1092086176332926
Jump KM flag,2.447265625,0.111662575054761
Jump KM flag,2.451171875,0.1093996835589384
Jump KM flag,2.455078125,0.1067949718696133
Jump KM flag,2.458984375,0.0960015586878351
Jump KM flag,2.462890625,0.0958727032467516
Jump KM flag,2.466796875,0.0903692093042503
Jump KM flag,2.470703125,0.0945508620500943
Jump KM flag,2.474609375,0.0885561843822143
Jump KM flag,2.478515625,0.0909935870008316
Jump KM flag,2.482421875,0.0887086948982675
Jump KM flag,2.486328125,0.0913606549299023
Jump KM flag,2.490234375,0.0811043134748337
Jump KM flag,2.494140625,0.077773293298207
Jump KM flag,2.498046875,0.0719913167785997
