x,E_p,tercile_index,tercile_label
19.42477487260476,2.253991051595153,0,"(0.057, 4.5)"
36.29825386260636,2.271792027372455,0,"(0.057, 4.5)"
25.268628149013967,2.6263172213973083,0,"(0.057, 4.5)"
8.089284089300783,2.4742081660046455,0,"(0.057, 4.5)"
37.46943568983115,2.652113891069196,0,"(0.057, 4.5)"
28.38573890649714,2.6438757382057445,0,"(0.057, 4.5)"
9.341846862854435,2.5109910692572575,0,"(0.057, 4.5)"
11.787393604125828,2.5659316027545733,0,"(0.057, 4.5)"
16.634241465292874,1.7394787112723102,0,"(0.057, 4.5)"
23.999819076340646,1.7473327026981178,0,"(0.057, 4.5)"
16.634241465292874,2.4928196767541055,0,"(0.057, 4.5)"
23.999819076340646,2.5397120153769577,0,"(0.057, 4.5)"
28.215535079129044,2.668352708331951,0,"(0.057, 4.5)"
25.507868920313197,2.6265349292194293,0,"(0.057, 4.5)"
44.091941421991216,2.6392227501552195,0,"(0.057, 4.5)"
5.0248540445230905,2.3298299444096036,0,"(0.057, 4.5)"
4.815353215066716,2.3136180542020552,0,"(0.057, 4.5)"
44.98710315548815,2.654522227031227,0,"(0.057, 4.5)"
35.68334406469948,2.5277232543438783,0,"(0.057, 4.5)"
15.8982760314364,2.5155557125092183,0,"(0.057, 4.5)"
35.68334406469948,2.498235979299898,0,"(0.057, 4.5)"
15.8982760314364,2.4377940330429793,0,"(0.057, 4.5)"
20.020088958647104,2.6253117075363837,0,"(0.057, 4.5)"
9.413431669631974,2.53493791918725,0,"(0.057, 4.5)"
27.108490514336157,2.5772128903077016,0,"(0.057, 4.5)"
22.096972019318493,2.576398120707433,0,"(0.057, 4.5)"
5.900536612607539,2.2491084784572815,0,"(0.057, 4.5)"
3.3190540499053895,2.1417401327581005,0,"(0.057, 4.5)"
3.115493112523109,2.0727209769060124,0,"(0.057, 4.5)"
14.893448021681982,2.585653025550015,0,"(0.057, 4.5)"
42.28030389463529,2.676797229001087,0,"(0.057, 4.5)"
32.21611135499552,2.6429110620825016,0,"(0.057, 4.5)"
29.942146108904858,1.9991119263208956,0,"(0.057, 4.5)"
10.514261805126443,1.9197545967441427,0,"(0.057, 4.5)"
31.97513368991204,2.289592683663979,0,"(0.057, 4.5)"
33.890131551818925,2.269118348763088,0,"(0.057, 4.5)"
2.6134801547043027,2.0819789083938827,0,"(0.057, 4.5)"
30.895393271232027,2.334086736879299,0,"(0.057, 4.5)"
11.066571464389565,2.53655269675559,0,"(0.057, 4.5)"
41.09082628386095,2.640769774831128,0,"(0.057, 4.5)"
39.25655417125672,2.6414255545103167,0,"(0.057, 4.5)"
1.8089466419536624,1.822087610568268,0,"(0.057, 4.5)"
17.60953637803905,2.5174586442646096,0,"(0.057, 4.5)"
17.798757999250668,2.5178298616001373,0,"(0.057, 4.5)"
22.55134946154431,2.615431415250693,0,"(0.057, 4.5)"
43.96084788795561,2.656696654223089,0,"(0.057, 4.5)"
22.55134946154431,1.5860820726354663,0,"(0.057, 4.5)"
43.96084788795561,1.613011263768472,0,"(0.057, 4.5)"
10.484350894996895,2.4777574063463734,0,"(0.057, 4.5)"
26.21586370803416,2.581847305756874,0,"(0.057, 4.5)"
10.484350894996895,2.5178877914056192,0,"(0.057, 4.5)"
26.21586370803416,2.6232509485158455,0,"(0.057, 4.5)"
41.26762168384157,1.564952926406899,0,"(0.057, 4.5)"
8.594993461854758,1.492055681747578,0,"(0.057, 4.5)"
30.955148320086305,2.6132076360640273,0,"(0.057, 4.5)"
33.06264311852865,2.6053495680930396,0,"(0.057, 4.5)"
30.94139801561833,2.6213241433600327,0,"(0.057, 4.5)"
12.539295676862825,2.518182903657715,0,"(0.057, 4.5)"
3.675260488828645,2.203345121707194,0,"(0.057, 4.5)"
7.10693610678427,2.423027224524212,0,"(0.057, 4.5)"
6.459623632254079,2.2706787020084613,0,"(0.057, 4.5)"
19.39156206417829,2.418996884404676,0,"(0.057, 4.5)"
22.2161186628975,2.438867126350555,0,"(0.057, 4.5)"
39.82999457302503,2.4707611281710475,0,"(0.057, 4.5)"
20.491373799694703,2.5788837193976035,0,"(0.057, 4.5)"
13.02831856138073,2.5129068799109935,0,"(0.057, 4.5)"
26.319869736721746,2.351999570689467,0,"(0.057, 4.5)"
29.95591420512647,2.35761179922611,0,"(0.057, 4.5)"
44.82780554750934,2.665115999466235,0,"(0.057, 4.5)"
17.06846775803715,2.601237793678443,0,"(0.057, 4.5)"
12.044447395438327,2.5411272096329465,0,"(0.057, 4.5)"
2.8574968606233595,2.0836085399956055,0,"(0.057, 4.5)"
12.044447395438327,1.9815078043118663,0,"(0.057, 4.5)"
2.8574968606233595,1.867377036765244,0,"(0.057, 4.5)"
16.140484676556664,2.620784465462395,0,"(0.057, 4.5)"
43.04657781105489,2.6762950295176102,0,"(0.057, 4.5)"
39.54099072730169,2.541476403661983,0,"(0.057, 4.5)"
27.407251776382328,2.5216619812757775,0,"(0.057, 4.5)"
0.2469875332899391,1.3709821696855624,0,"(0.057, 4.5)"
21.201378804398704,2.059661164240167,0,"(0.057, 4.5)"
36.71212827302516,2.56158105716595,0,"(0.057, 4.5)"
39.00359934880398,2.598966939901006,0,"(0.057, 4.5)"
36.71212827302516,2.614114197652514,0,"(0.057, 4.5)"
39.00359934880398,2.619748189447212,0,"(0.057, 4.5)"
18.93033739230596,2.598730145229012,0,"(0.057, 4.5)"
31.441913996217774,2.645191610242006,0,"(0.057, 4.5)"
8.850275864312426,1.298245787353016,0,"(0.057, 4.5)"
37.59450443373062,1.3985543246429275,0,"(0.057, 4.5)"
8.850275864312426,2.4026042693814005,0,"(0.057, 4.5)"
37.59450443373062,2.5321196173009306,0,"(0.057, 4.5)"
0.4409951362293213,1.3846979549233105,0,"(0.057, 4.5)"
25.996698691044006,2.5917010974831034,0,"(0.057, 4.5)"
40.049196848040445,2.5921800020745227,0,"(0.057, 4.5)"
19.801798835443336,2.539080199553992,0,"(0.057, 4.5)"
15.593953360244631,2.5976460738899525,0,"(0.057, 4.5)"
5.567504246765748,2.3611646268570654,0,"(0.057, 4.5)"
29.30526533722878,2.4609078808498435,0,"(0.057, 4.5)"
1.448391228634864,1.851910416711802,0,"(0.057, 4.5)"
29.30526533722878,2.543332571517879,0,"(0.057, 4.5)"
1.448391228634864,1.808979123802324,0,"(0.057, 4.5)"
8.117699194373564,2.4841573250749627,0,"(0.057, 4.5)"
8.291740891383961,2.493961518569214,0,"(0.057, 4.5)"
26.51542065916583,2.18228804499674,0,"(0.057, 4.5)"
11.617754759127276,2.136478152859853,0,"(0.057, 4.5)"
20.998379709664736,2.5735564927675108,0,"(0.057, 4.5)"
28.55632351925597,2.605173671662531,0,"(0.057, 4.5)"
27.605511064222085,2.6181549824838006,0,"(0.057, 4.5)"
41.22889117118903,2.6582865927226695,0,"(0.057, 4.5)"
34.8736118433997,2.630313724952193,0,"(0.057, 4.5)"
17.990000135730956,2.612202150463837,0,"(0.057, 4.5)"
43.32602011719719,2.456817000485029,0,"(0.057, 4.5)"
5.70940440823324,2.3126848200121044,0,"(0.057, 4.5)"
13.611305934423582,2.29815165446161,0,"(0.057, 4.5)"
13.950451421225443,2.2775291857083952,0,"(0.057, 4.5)"
14.59077856023796,1.450335696119459,0,"(0.057, 4.5)"
31.661091906996447,1.45787183315304,0,"(0.057, 4.5)"
31.507188130775468,2.654827266562147,0,"(0.057, 4.5)"
15.446841177809985,2.57674297613489,0,"(0.057, 4.5)"
41.068148454185575,2.682705757930711,0,"(0.057, 4.5)"
38.52112039686181,2.671167095250487,0,"(0.057, 4.5)"
1.5291994479484858,1.8744476929990097,0,"(0.057, 4.5)"
9.99390077693388,2.4233255514527947,0,"(0.057, 4.5)"
38.28378798998892,2.1679202835304316,0,"(0.057, 4.5)"
27.62703016931191,2.191963480844888,0,"(0.057, 4.5)"
17.425122549152004,2.552571705108806,0,"(0.057, 4.5)"
42.56332690631971,2.600027043255567,0,"(0.057, 4.5)"
23.723723210673786,1.9569438037237032,0,"(0.057, 4.5)"
19.21001103310846,1.905942668125637,0,"(0.057, 4.5)"
38.755077017331494,2.389157330765927,0,"(0.057, 4.5)"
39.68241607919335,2.3471145125952355,0,"(0.057, 4.5)"
41.54012855510227,2.6670323053561416,0,"(0.057, 4.5)"
29.482782705640425,2.6357548513063858,0,"(0.057, 4.5)"
41.54012855510227,2.658398940753425,0,"(0.057, 4.5)"
29.482782705640425,2.629368268569512,0,"(0.057, 4.5)"
15.326646537147464,2.5370558367588396,0,"(0.057, 4.5)"
35.288951959414405,2.616294063688962,0,"(0.057, 4.5)"
12.854693777486684,2.530051912842087,0,"(0.057, 4.5)"
9.105840883543715,2.4741794867921363,0,"(0.057, 4.5)"
3.2656470987480133,2.180490192990036,0,"(0.057, 4.5)"
33.62735367193818,2.523219971253592,0,"(0.057, 4.5)"
34.379178549395874,2.6207040279708824,0,"(0.057, 4.5)"
4.717863740585744,2.2961916932277,0,"(0.057, 4.5)"
34.379178549395874,2.677780179640944,0,"(0.057, 4.5)"
4.717863740585744,2.304374671392382,0,"(0.057, 4.5)"
21.257809600140902,2.624222500175791,0,"(0.057, 4.5)"
20.68435073681176,2.615689884184604,0,"(0.057, 4.5)"
21.257809600140902,1.7598537518356423,0,"(0.057, 4.5)"
20.68435073681176,1.759100106772647,0,"(0.057, 4.5)"
7.097018564678729,2.417429439689636,0,"(0.057, 4.5)"
14.498772587953138,2.6017742947875,0,"(0.057, 4.5)"
7.097018564678729,2.417323568888172,0,"(0.057, 4.5)"
14.498772587953138,2.549175428257961,0,"(0.057, 4.5)"
4.268844839651138,2.242694877603431,0,"(0.057, 4.5)"
3.626635961048305,2.1618184587229017,0,"(0.057, 4.5)"
43.936321809049694,2.4452121715461477,0,"(0.057, 4.5)"
43.57790994620882,2.438024059370734,0,"(0.057, 4.5)"
28.72372127310373,2.654119883979346,0,"(0.057, 4.5)"
21.701524632796648,2.633575115793109,0,"(0.057, 4.5)"
33.17092975941487,2.5592290802187816,0,"(0.057, 4.5)"
22.600326349772516,2.5491000639284436,0,"(0.057, 4.5)"
33.17092975941487,2.2387831735793045,0,"(0.057, 4.5)"
22.600326349772516,2.2389729127074003,0,"(0.057, 4.5)"
1.440232474636287,1.710533428157504,0,"(0.057, 4.5)"
42.10014074593782,2.639728023070954,0,"(0.057, 4.5)"
1.440232474636287,1.665840425029212,0,"(0.057, 4.5)"
42.10014074593782,2.671081534650365,0,"(0.057, 4.5)"
24.72331998436712,2.5223684502345662,0,"(0.057, 4.5)"
34.900046496046706,2.5426993962317277,0,"(0.057, 4.5)"
19.267611940158535,2.2138867165083953,0,"(0.057, 4.5)"
6.680101596936583,2.143670397887201,0,"(0.057, 4.5)"
19.063684450788426,2.5746580180772796,0,"(0.057, 4.5)"
30.498034254973756,2.611435991728801,0,"(0.057, 4.5)"
9.700215020775795,2.486490627515143,0,"(0.057, 4.5)"
5.9772072654217485,2.3799669971792823,0,"(0.057, 4.5)"
40.63678106600419,2.5113436473301327,0,"(0.057, 4.5)"
23.303426981903616,2.453014906168435,0,"(0.057, 4.5)"
40.63678106600419,2.6420776652712004,0,"(0.057, 4.5)"
23.303426981903616,2.604171444599939,0,"(0.057, 4.5)"
16.27928128638305,2.441064210196334,0,"(0.057, 4.5)"
41.39992028474808,2.474143784351965,0,"(0.057, 4.5)"
11.903382818447428,2.5254564468392555,0,"(0.057, 4.5)"
2.923575517348945,2.073324497528943,0,"(0.057, 4.5)"
28.575961135933177,2.5640708258069944,0,"(0.057, 4.5)"
42.87487629479729,2.590798207160328,0,"(0.057, 4.5)"
43.73428049674258,2.1962673513286424,0,"(0.057, 4.5)"
22.401785282418135,2.191388159073102,0,"(0.057, 4.5)"
4.481687462795526,2.2974793997804275,0,"(0.057, 4.5)"
27.609014323307203,2.65651425165215,0,"(0.057, 4.5)"
35.33044128231704,2.5822969980433785,0,"(0.057, 4.5)"
10.12084058537148,2.4701253809198054,0,"(0.057, 4.5)"
20.35583379245363,1.6936190238008295,0,"(0.057, 4.5)"
15.201691032527016,1.6771772405205665,0,"(0.057, 4.5)"
26.741859531123193,2.014277087540286,0,"(0.057, 4.5)"
5.420883995853365,1.9480399254765255,0,"(0.057, 4.5)"
26.741859531123193,2.329063265345954,0,"(0.057, 4.5)"
5.420883995853365,2.213030228113442,0,"(0.057, 4.5)"
42.648928224062544,2.659223360869135,0,"(0.057, 4.5)"
37.30168402660638,2.6585129201041098,0,"(0.057, 4.5)"
29.570756647922103,2.6255828459771235,0,"(0.057, 4.5)"
15.590596495894715,2.5514744857765006,0,"(0.057, 4.5)"
13.015485683456063,2.5079059407220607,0,"(0.057, 4.5)"
32.92420749291777,2.547997959824056,0,"(0.057, 4.5)"
2.250278500607237,2.024814217444631,0,"(0.057, 4.5)"
35.992111534578726,2.393236878786069,0,"(0.057, 4.5)"
2.250278500607237,2.033189559502524,0,"(0.057, 4.5)"
35.992111534578726,2.577769640365331,0,"(0.057, 4.5)"
10.697239902289583,1.891321708669172,0,"(0.057, 4.5)"
24.394654761441053,1.916310909414404,0,"(0.057, 4.5)"
38.91261098110117,2.6375095898854464,0,"(0.057, 4.5)"
18.507047041645276,2.6119409183275604,0,"(0.057, 4.5)"
23.91324716610834,2.6142019823157376,0,"(0.057, 4.5)"
40.38274638876319,2.679488567033504,0,"(0.057, 4.5)"
22.91519404682331,2.6294671818242032,0,"(0.057, 4.5)"
26.92398580098525,2.624367919808104,0,"(0.057, 4.5)"
22.91519404682331,2.613690795449999,0,"(0.057, 4.5)"
26.92398580098525,2.6174330575443228,0,"(0.057, 4.5)"
10.13764248955995,2.49999790905549,0,"(0.057, 4.5)"
43.26359291439876,2.6831677482729885,0,"(0.057, 4.5)"
31.323837118456144,2.40926496467062,0,"(0.057, 4.5)"
39.22404419989325,2.4226757986754683,0,"(0.057, 4.5)"
14.785273824678736,2.475620442812176,0,"(0.057, 4.5)"
10.696808504592628,2.431590898219922,0,"(0.057, 4.5)"
30.59126044851728,2.643435625037347,0,"(0.057, 4.5)"
6.409831170039252,2.4392383124072357,0,"(0.057, 4.5)"
30.59126044851728,2.675809516892858,0,"(0.057, 4.5)"
6.409831170039252,2.432530601677895,0,"(0.057, 4.5)"
4.041162805538625,2.219974708828539,0,"(0.057, 4.5)"
13.24756780662574,2.5086200971394694,0,"(0.057, 4.5)"
4.041162805538625,1.6374539305593316,0,"(0.057, 4.5)"
13.24756780662574,1.6778295937587246,0,"(0.057, 4.5)"
6.831741592288018,2.403388817264654,0,"(0.057, 4.5)"
2.3757694323547183,2.022739641427215,0,"(0.057, 4.5)"
35.063134459219874,1.8302323915635053,0,"(0.057, 4.5)"
41.93200252023526,1.8134519912690723,0,"(0.057, 4.5)"
20.84976355889812,2.50607859100934,0,"(0.057, 4.5)"
7.59161688243039,2.3831707775067845,0,"(0.057, 4.5)"
7.913773044617847,2.1946799931227057,0,"(0.057, 4.5)"
29.259493811335417,2.267432699755636,0,"(0.057, 4.5)"
44.491417615069075,2.5881443827541335,0,"(0.057, 4.5)"
0.7454379540868105,1.599057622249987,0,"(0.057, 4.5)"
12.396621176414191,2.547343746111964,0,"(0.057, 4.5)"
19.169788483064625,2.6203164091150724,0,"(0.057, 4.5)"
12.396621176414191,2.530247937510518,0,"(0.057, 4.5)"
19.169788483064625,2.560231576301586,0,"(0.057, 4.5)"
32.40912626180798,2.415599650247264,0,"(0.057, 4.5)"
20.504808373795825,2.397430966415575,0,"(0.057, 4.5)"
39.90143805048429,2.6042240325409263,0,"(0.057, 4.5)"
43.74301344295964,2.591060070630757,0,"(0.057, 4.5)"
37.06773171802051,2.109939067373302,0,"(0.057, 4.5)"
33.54304181677289,2.166153494200027,0,"(0.057, 4.5)"
18.591891895886512,2.591933381935098,0,"(0.057, 4.5)"
36.891347537795085,2.653261971295845,0,"(0.057, 4.5)"
18.591891895886512,2.6131216969172972,0,"(0.057, 4.5)"
36.891347537795085,2.6494087778352795,0,"(0.057, 4.5)"
24.508201858727265,2.454377253969058,0,"(0.057, 4.5)"
38.30191334947013,2.525865322995742,0,"(0.057, 4.5)"
8.478189803846181,2.4315349903233368,0,"(0.057, 4.5)"
32.1462926204782,2.5772530606500617,0,"(0.057, 4.5)"
0.0750393186695873,1.230522207512273,0,"(0.057, 4.5)"
42.34206254612654,2.1235624864203873,0,"(0.057, 4.5)"
39.70179201057181,2.658829437925846,0,"(0.057, 4.5)"
3.4552773860748855,2.1207400286413653,0,"(0.057, 4.5)"
32.961336203524844,2.650064619236554,0,"(0.057, 4.5)"
28.10880113504827,2.640524588765581,0,"(0.057, 4.5)"
15.957144381152467,2.581618095710841,0,"(0.057, 4.5)"
21.902944238437343,2.5894138447463577,0,"(0.057, 4.5)"
28.93660894078203,2.524193113433467,0,"(0.057, 4.5)"
17.773028569854798,2.4722345558298473,0,"(0.057, 4.5)"
5.630741204600781,1.884840642733673,0,"(0.057, 4.5)"
2.1559930488467214,1.7919824472136,0,"(0.057, 4.5)"
36.23980619367212,2.5916861772194455,0,"(0.057, 4.5)"
30.657618959061804,2.596614307507307,0,"(0.057, 4.5)"
26.151522405585276,2.616972770444176,0,"(0.057, 4.5)"
6.190655268682167,2.395574053980191,0,"(0.057, 4.5)"
20.64891714076512,2.625799465250732,0,"(0.057, 4.5)"
33.982608356699345,2.661640664483113,0,"(0.057, 4.5)"
22.35360127845779,2.6436976043989104,0,"(0.057, 4.5)"
18.68729864675552,2.603378539631194,0,"(0.057, 4.5)"
27.95842447979376,2.6301545073917127,0,"(0.057, 4.5)"
24.21277686445974,2.6348239485237275,0,"(0.057, 4.5)"
34.51797649883665,1.3594895486377048,0,"(0.057, 4.5)"
0.9646049804985524,1.265802031340541,0,"(0.057, 4.5)"
6.674685996444896,2.436205800078371,0,"(0.057, 4.5)"
40.53181185456924,2.588277201348145,0,"(0.057, 4.5)"
42.96562629486434,2.199611650178561,0,"(0.057, 4.5)"
11.837690054392445,2.177074949419031,0,"(0.057, 4.5)"
42.96562629486434,2.6212818032294423,0,"(0.057, 4.5)"
11.837690054392445,2.501267872033665,0,"(0.057, 4.5)"
14.238572377339008,2.5523067285654855,0,"(0.057, 4.5)"
37.81289046495222,2.6547895815557756,0,"(0.057, 4.5)"
31.167981565929953,2.611441818593695,0,"(0.057, 4.5)"
9.296628555841746,2.5135426595680275,0,"(0.057, 4.5)"
17.06678645825014,2.399500417594362,0,"(0.057, 4.5)"
25.51411876566708,2.465420962387547,0,"(0.057, 4.5)"
17.06678645825014,2.4162833068693144,0,"(0.057, 4.5)"
25.51411876566708,2.4153758364187334,0,"(0.057, 4.5)"
39.10792596396059,2.6070219330927458,0,"(0.057, 4.5)"
22.995847080182287,2.557538526057298,0,"(0.057, 4.5)"
11.204052740335468,2.4310699458797203,0,"(0.057, 4.5)"
17.09726490438916,2.4595450172579914,0,"(0.057, 4.5)"
41.8978217148222,2.6510117431716114,0,"(0.057, 4.5)"
34.59184702266939,2.636820723328411,0,"(0.057, 4.5)"
41.8978217148222,1.880998517792851,0,"(0.057, 4.5)"
34.59184702266939,1.836975333195156,0,"(0.057, 4.5)"
14.99569224813022,2.593222513218977,0,"(0.057, 4.5)"
30.191054835403342,2.63618862129211,0,"(0.057, 4.5)"
14.99569224813022,2.59123627503773,0,"(0.057, 4.5)"
30.191054835403342,2.6659162174423057,0,"(0.057, 4.5)"
13.209600622998552,2.3107764089660385,0,"(0.057, 4.5)"
14.19177809772082,2.358949576698675,0,"(0.057, 4.5)"
30.079112972924488,1.4619569707048143,0,"(0.057, 4.5)"
31.514414638746533,1.469212061361883,0,"(0.057, 4.5)"
34.04616636149585,2.671134450409876,0,"(0.057, 4.5)"
21.39247282976285,2.641160109542352,0,"(0.057, 4.5)"
21.618932088976727,2.5628049330562424,0,"(0.057, 4.5)"
4.020608767028898,2.225391811947787,0,"(0.057, 4.5)"
21.618932088976727,2.6332471337298533,0,"(0.057, 4.5)"
4.020608767028898,2.2640150139838915,0,"(0.057, 4.5)"
25.591931858379397,2.5153578350812213,0,"(0.057, 4.5)"
16.599900408508258,2.520362225348001,0,"(0.057, 4.5)"
25.591931858379397,2.625128117661081,0,"(0.057, 4.5)"
16.599900408508258,2.6105016330769644,0,"(0.057, 4.5)"
7.466403962532059,2.4410650454782252,0,"(0.057, 4.5)"
8.708991423109548,2.4586246441248676,0,"(0.057, 4.5)"
7.466403962532059,2.2278635436559373,0,"(0.057, 4.5)"
8.708991423109548,2.2477574789989365,0,"(0.057, 4.5)"
4.632014259276912,2.338760336700256,0,"(0.057, 4.5)"
20.993965010438117,2.5287148661974186,0,"(0.057, 4.5)"
11.400534987822176,2.061642467609477,0,"(0.057, 4.5)"
44.285347496205944,2.1513884650804753,0,"(0.057, 4.5)"
33.54237255379557,2.644096368258054,0,"(0.057, 4.5)"
39.988081839401275,2.6364592991924045,0,"(0.057, 4.5)"
1.0955496498849244,1.6063801474588064,0,"(0.057, 4.5)"
24.701647074799983,2.628598518430199,0,"(0.057, 4.5)"
9.499391543539245,2.4853169334098473,0,"(0.057, 4.5)"
35.59667503242381,2.653087594232841,0,"(0.057, 4.5)"
37.30108969830908,2.3580913994094117,0,"(0.057, 4.5)"
7.387689183745533,2.2579084001674694,0,"(0.057, 4.5)"
25.08991890056059,2.4685590461488274,0,"(0.057, 4.5)"
29.09022469990887,2.4837691252514795,0,"(0.057, 4.5)"
19.70988898049109,2.5820088061602045,0,"(0.057, 4.5)"
2.6474269880913197,1.9601968516967987,0,"(0.057, 4.5)"
37.40371810104698,1.8845029346345472,0,"(0.057, 4.5)"
17.23220857391134,1.8904506868376232,0,"(0.057, 4.5)"
9.407561521232129,2.2351797292492988,0,"(0.057, 4.5)"
22.944224746571855,2.356077371288824,0,"(0.057, 4.5)"
40.188081244472414,2.6466167755382815,0,"(0.057, 4.5)"
7.0380622609052805,2.4190229621837807,0,"(0.057, 4.5)"
40.188081244472414,2.6070785604670585,0,"(0.057, 4.5)"
7.0380622609052805,2.415781779160995,0,"(0.057, 4.5)"
11.330835646437482,2.5388041974594886,0,"(0.057, 4.5)"
31.654856169456615,2.641964670536954,0,"(0.057, 4.5)"
28.457178867468613,2.149933122905433,0,"(0.057, 4.5)"
14.145653457846494,2.1455110759790847,0,"(0.057, 4.5)"
35.74940166436136,2.662569611353763,0,"(0.057, 4.5)"
27.261391631048173,2.6369634801270663,0,"(0.057, 4.5)"
19.73463450497948,2.493870003489615,0,"(0.057, 4.5)"
43.22787896217778,2.5275407664976552,0,"(0.057, 4.5)"
19.73463450497948,2.389043871838042,0,"(0.057, 4.5)"
43.22787896217778,2.397744740025199,0,"(0.057, 4.5)"
27.393942288775,2.579249429821671,0,"(0.057, 4.5)"
33.271491430187595,2.6154285289509898,0,"(0.057, 4.5)"
5.83448169217445,2.3709187431311727,0,"(0.057, 4.5)"
36.94902044911869,2.680413665305925,0,"(0.057, 4.5)"
5.83448169217445,2.3352970919298848,0,"(0.057, 4.5)"
36.94902044911869,2.512240815928799,0,"(0.057, 4.5)"
3.0056192378979176,2.066567606387449,0,"(0.057, 4.5)"
26.071396761666985,2.289151507500536,0,"(0.057, 4.5)"
30.183795004524292,2.645402361501675,0,"(0.057, 4.5)"
44.14628576831892,2.665738105828688,0,"(0.057, 4.5)"
13.115730367973448,1.457625228074698,0,"(0.057, 4.5)"
4.370576035650447,1.4340865603051547,0,"(0.057, 4.5)"
31.733835522085432,2.674514370816816,0,"(0.057, 4.5)"
0.0513514197431504,1.15046495888657,0,"(0.057, 4.5)"
31.733835522085432,2.46706628911464,0,"(0.057, 4.5)"
0.0513514197431504,1.1657734705673617,0,"(0.057, 4.5)"
2.723002966633066,2.078868386596111,0,"(0.057, 4.5)"
19.55116615081206,2.549404683240451,0,"(0.057, 4.5)"
2.723002966633066,2.022764973554722,0,"(0.057, 4.5)"
19.55116615081206,2.6380045134659027,0,"(0.057, 4.5)"
39.19084219210781,2.4756208730982157,0,"(0.057, 4.5)"
35.649655735027046,2.470640674189002,0,"(0.057, 4.5)"
23.286909117829055,2.5883557257202243,0,"(0.057, 4.5)"
12.35655862656422,2.5660236921515684,0,"(0.057, 4.5)"
22.79265282037668,2.4426933477681376,0,"(0.057, 4.5)"
10.354089052183555,2.35670344760646,0,"(0.057, 4.5)"
22.79265282037668,2.621244558041546,0,"(0.057, 4.5)"
10.354089052183555,2.5333748875662128,0,"(0.057, 4.5)"
10.374822557158769,2.096179360833363,0,"(0.057, 4.5)"
15.105715531622993,2.143916539321857,0,"(0.057, 4.5)"
1.96622519986704,1.927487374576277,0,"(0.057, 4.5)"
3.5024227283895017,2.208239866332845,0,"(0.057, 4.5)"
14.155487608956175,2.580104908646248,0,"(0.057, 4.5)"
27.968357678642494,2.6471329933854792,0,"(0.057, 4.5)"
30.655941050173716,2.6299958180172234,0,"(0.057, 4.5)"
23.860400969162587,2.5977323812499544,0,"(0.057, 4.5)"
3.7413209351710974,2.0830826114889875,0,"(0.057, 4.5)"
40.88143073972314,2.2489273095539013,0,"(0.057, 4.5)"
34.61202065255493,2.582086521344393,0,"(0.057, 4.5)"
13.595104344934226,2.498129994746603,0,"(0.057, 4.5)"
27.86540764286183,2.526132951160314,0,"(0.057, 4.5)"
34.03525156020187,2.543630122790804,0,"(0.057, 4.5)"
22.457764963014053,2.59795836244488,0,"(0.057, 4.5)"
6.056743018515408,2.380993661386209,0,"(0.057, 4.5)"
26.078220757376403,2.6202734567191928,0,"(0.057, 4.5)"
18.822590699745344,2.620240215461508,0,"(0.057, 4.5)"
36.308651112252846,2.5876141807350574,0,"(0.057, 4.5)"
40.47882905881852,2.6037459962308502,0,"(0.057, 4.5)"
8.384801558824257,2.457557829849738,0,"(0.057, 4.5)"
1.0981870157178493,1.6937071982780356,0,"(0.057, 4.5)"
44.76174242193811,2.0371146310075656,0,"(0.057, 4.5)"
28.203720391867684,2.019300710466828,0,"(0.057, 4.5)"
44.76174242193811,1.34282019501967,0,"(0.057, 4.5)"
28.203720391867684,1.2658753378926677,0,"(0.057, 4.5)"
12.329907040111722,2.5625518071263222,0,"(0.057, 4.5)"
36.444767069956285,2.666019418676824,0,"(0.057, 4.5)"
15.8553757596761,2.41343109503165,0,"(0.057, 4.5)"
9.249122187448666,2.385034235718046,0,"(0.057, 4.5)"
33.05196835938841,2.614859778444015,0,"(0.057, 4.5)"
37.95194876007736,2.6338255121225207,0,"(0.057, 4.5)"
0.1812673490028828,1.1732623725229203,0,"(0.057, 4.5)"
32.49900869410485,2.6516654291722612,0,"(0.057, 4.5)"
18.6890313542448,2.4528489679467285,0,"(0.057, 4.5)"
20.145870126225056,2.472581353534775,0,"(0.057, 4.5)"
18.6890313542448,2.596624682686042,0,"(0.057, 4.5)"
20.145870126225056,2.5940712185173584,0,"(0.057, 4.5)"
24.098184742359447,2.632974442463843,0,"(0.057, 4.5)"
21.55437845764682,2.6271878750941973,0,"(0.057, 4.5)"
24.098184742359447,2.403875354759363,0,"(0.057, 4.5)"
21.55437845764682,2.3987821808992065,0,"(0.057, 4.5)"
32.50130056501366,2.6391456898274246,0,"(0.057, 4.5)"
10.661660748766735,2.5452731507883577,0,"(0.057, 4.5)"
15.703827318595724,2.4188909759147323,0,"(0.057, 4.5)"
39.35351420501247,2.4185033700509506,0,"(0.057, 4.5)"
29.41479635429569,2.6185984022287867,0,"(0.057, 4.5)"
35.04457791135646,2.663439304109863,0,"(0.057, 4.5)"
5.0475387397222224,2.316719928867275,0,"(0.057, 4.5)"
29.612218006374317,2.5820590572195155,0,"(0.057, 4.5)"
5.0475387397222224,2.31066395289228,0,"(0.057, 4.5)"
29.612218006374317,2.6143627949288035,0,"(0.057, 4.5)"
7.832590277493001,1.6495730882221893,0,"(0.057, 4.5)"
41.89135690322146,1.7113131018019332,0,"(0.057, 4.5)"
36.1583027144894,2.2471187894134834,0,"(0.057, 4.5)"
2.4997417437378315,1.9694030398219429,0,"(0.057, 4.5)"
26.58113272204064,2.6643997682720726,0,"(0.057, 4.5)"
22.76260966518894,2.5970560567345844,0,"(0.057, 4.5)"
21.949387371633204,2.586076468561023,0,"(0.057, 4.5)"
35.43483370603062,2.6189935424585915,0,"(0.057, 4.5)"
6.725348873110488,1.8344429977185115,0,"(0.057, 4.5)"
12.198343259561808,1.8789081609740033,0,"(0.057, 4.5)"
43.56732347602956,2.6301080948460083,0,"(0.057, 4.5)"
39.46949550723657,2.6049341733132416,0,"(0.057, 4.5)"
43.56732347602956,2.7081995676800847,0,"(0.057, 4.5)"
39.46949550723657,2.6797516201009692,0,"(0.057, 4.5)"
13.501777596585454,2.6159334627440405,0,"(0.057, 4.5)"
25.25852494472638,2.67218468206891,0,"(0.057, 4.5)"
13.501777596585454,2.455846783901653,0,"(0.057, 4.5)"
25.25852494472638,2.4946819474623516,0,"(0.057, 4.5)"
14.700646908953788,2.5802242775491564,0,"(0.057, 4.5)"
20.54134129090235,2.6152061045922803,0,"(0.057, 4.5)"
31.39731685165316,2.5268633649874452,0,"(0.057, 4.5)"
26.57160731018521,2.4982777386742847,0,"(0.057, 4.5)"
40.8265047495719,2.0892848755379574,0,"(0.057, 4.5)"
4.902015591133386,1.9813066516522488,0,"(0.057, 4.5)"
37.99833102454431,2.6881978160250872,0,"(0.057, 4.5)"
16.503850224101917,2.6042638953006767,0,"(0.057, 4.5)"
37.99833102454431,2.5769337365296483,0,"(0.057, 4.5)"
16.503850224101917,2.531250639188622,0,"(0.057, 4.5)"
17.49118299549446,2.5679171011406337,0,"(0.057, 4.5)"
8.94216453661211,2.485201423264144,0,"(0.057, 4.5)"
18.05043629477732,2.456907891928847,0,"(0.057, 4.5)"
13.765753677813338,2.443891689680763,0,"(0.057, 4.5)"
38.996725912950936,2.685055148220535,0,"(0.057, 4.5)"
5.853238386800513,2.4082303028253707,0,"(0.057, 4.5)"
10.623934067785742,2.550717450375666,0,"(0.057, 4.5)"
34.23781578261405,2.651655101734452,0,"(0.057, 4.5)"
41.82558032954112,2.4104288019885822,0,"(0.057, 4.5)"
18.15433088429272,2.3730433573582355,0,"(0.057, 4.5)"
15.260591616714375,2.5693782515494807,0,"(0.057, 4.5)"
1.4618318310007454,1.7703509340517902,0,"(0.057, 4.5)"
29.67698082686402,2.5684126755463392,0,"(0.057, 4.5)"
2.958725366322324,2.1533445563583022,0,"(0.057, 4.5)"
42.54716110965237,2.590207677076911,0,"(0.057, 4.5)"
27.48058109600097,2.536895364219685,0,"(0.057, 4.5)"
3.550755931902677,2.204512547698819,0,"(0.057, 4.5)"
22.437959266593683,2.643682580519807,0,"(0.057, 4.5)"
34.13788038156927,2.210055236110305,0,"(0.057, 4.5)"
38.35949014346115,2.2490354606576664,0,"(0.057, 4.5)"
21.367332412069665,2.068622816538122,0,"(0.057, 4.5)"
31.87464544675313,2.102982590405176,0,"(0.057, 4.5)"
21.367332412069665,2.6343899330117537,0,"(0.057, 4.5)"
31.87464544675313,2.6127322801771498,0,"(0.057, 4.5)"
25.823659695405514,1.7050349957449724,0,"(0.057, 4.5)"
44.629517583549024,1.6751148950291086,0,"(0.057, 4.5)"
25.823659695405514,2.623772465890338,0,"(0.057, 4.5)"
44.629517583549024,2.651033488451344,0,"(0.057, 4.5)"
43.65121029666625,2.670352351765393,0,"(0.057, 4.5)"
9.771221616491676,2.51964159126208,0,"(0.057, 4.5)"
28.65800368431956,2.295808366879132,0,"(0.057, 4.5)"
33.052294429903846,2.3767712854796796,0,"(0.057, 4.5)"
11.832141329720615,2.4927193452223264,0,"(0.057, 4.5)"
15.554066844098273,2.5448710274657644,0,"(0.057, 4.5)"
33.236987359076736,2.6477488130790365,0,"(0.057, 4.5)"
11.434450214682148,2.536277874551754,0,"(0.057, 4.5)"
1.154778020968661,1.757425030202273,0,"(0.057, 4.5)"
8.439711599191652,2.359047632992864,0,"(0.057, 4.5)"
1.154778020968661,1.6501000153247618,0,"(0.057, 4.5)"
8.439711599191652,1.882136890369998,0,"(0.057, 4.5)"
9.607186294766144,2.4858147365744654,0,"(0.057, 4.5)"
18.629657551273706,2.5833801649367163,0,"(0.057, 4.5)"
37.90656727128662,2.632948227463193,0,"(0.057, 4.5)"
24.352648849738763,2.6085192974876974,0,"(0.057, 4.5)"
24.65328029720113,2.274414234964987,0,"(0.057, 4.5)"
25.056992644025016,2.257896024853702,0,"(0.057, 4.5)"
37.73667670437135,2.662776379675576,0,"(0.057, 4.5)"
0.5344509480521084,1.4251973622381318,0,"(0.057, 4.5)"
40.52725549112074,2.674030419463539,0,"(0.057, 4.5)"
12.13593795108609,2.5485028759828947,0,"(0.057, 4.5)"
40.52725549112074,2.3408865377306487,0,"(0.057, 4.5)"
12.13593795108609,2.33901550358322,0,"(0.057, 4.5)"
16.520581882260743,2.548273784728745,0,"(0.057, 4.5)"
7.735145428916439,2.434307038344504,0,"(0.057, 4.5)"
11.661736350879076,1.7727242553000389,0,"(0.057, 4.5)"
36.729947698069736,1.7845225281018853,0,"(0.057, 4.5)"
43.844151608413085,2.676712149111165,0,"(0.057, 4.5)"
33.756815053289756,2.644151589569746,0,"(0.057, 4.5)"
4.3718189466279,2.234105361966778,0,"(0.057, 4.5)"
16.25857139211148,2.379241581412908,0,"(0.057, 4.5)"
35.39649913315661,2.662889221819692,0,"(0.057, 4.5)"
43.925155034661294,2.6653525111197,0,"(0.057, 4.5)"
20.07037942251191,2.5778268634982826,0,"(0.057, 4.5)"
26.553291306830943,2.583369994531356,0,"(0.057, 4.5)"
27.027311221836136,2.649499839162317,0,"(0.057, 4.5)"
39.06125116120093,2.670711146793045,0,"(0.057, 4.5)"
27.027311221836136,2.6587432672310087,0,"(0.057, 4.5)"
39.06125116120093,2.67685670013072,0,"(0.057, 4.5)"
6.183976244367659,2.371768566971484,0,"(0.057, 4.5)"
31.170341840898622,2.6263814358661817,0,"(0.057, 4.5)"
6.183976244367659,2.341141992637414,0,"(0.057, 4.5)"
31.170341840898622,2.4806638195098487,0,"(0.057, 4.5)"
3.350269911903888,2.1911422622861596,0,"(0.057, 4.5)"
43.44982836768031,2.6525825994647176,0,"(0.057, 4.5)"
42.75879406100139,2.5107038174404983,0,"(0.057, 4.5)"
3.663160254387185,2.1692441342454845,0,"(0.057, 4.5)"
32.08127267775126,2.602901886814368,0,"(0.057, 4.5)"
17.449866524711254,2.5665883544785193,0,"(0.057, 4.5)"
32.08127267775126,2.54908000471328,0,"(0.057, 4.5)"
17.449866524711254,2.494516134597702,0,"(0.057, 4.5)"
2.3598013962619007,1.9245807217935125,0,"(0.057, 4.5)"
2.163432095013559,1.9165476695572217,0,"(0.057, 4.5)"
10.762959919124842,2.5341434714164692,0,"(0.057, 4.5)"
13.06394711318426,2.565325587353053,0,"(0.057, 4.5)"
23.62813029526733,2.2742576905316056,0,"(0.057, 4.5)"
6.557496445765719,2.211044118628271,0,"(0.057, 4.5)"
18.266698953462768,1.964530146270011,0,"(0.057, 4.5)"
34.94204704929143,1.9682295817502395,0,"(0.057, 4.5)"
10.02811440289952,2.147459803551169,0,"(0.057, 4.5)"
9.64665836771019,2.1328128438325153,0,"(0.057, 4.5)"
10.02811440289952,2.492352481241769,0,"(0.057, 4.5)"
9.64665836771019,2.4894755899596706,0,"(0.057, 4.5)"
1.6242751884739848,1.868091417063694,0,"(0.057, 4.5)"
19.83694123281166,2.487239627213358,0,"(0.057, 4.5)"
40.961928377812725,2.5379801494120833,0,"(0.057, 4.5)"
25.86723404438235,2.514924733188676,0,"(0.057, 4.5)"
14.500159549340609,2.585075078254145,0,"(0.057, 4.5)"
44.314900561841206,2.637003004332522,0,"(0.057, 4.5)"
30.305803231894973,2.3032336950928025,0,"(0.057, 4.5)"
40.17385001843795,2.284935292607016,0,"(0.057, 4.5)"
30.305803231894973,2.185373736948787,0,"(0.057, 4.5)"
40.17385001843795,2.199106885252597,0,"(0.057, 4.5)"
4.107223168155178,2.2128707276080672,0,"(0.057, 4.5)"
24.556814832333476,2.6313662790790064,0,"(0.057, 4.5)"
27.5214000674896,2.5542128719956403,0,"(0.057, 4.5)"
28.5969637778122,2.543677636241751,0,"(0.057, 4.5)"
22.088411883357914,2.618262023951273,0,"(0.057, 4.5)"
11.493787806201729,2.528932345787843,0,"(0.057, 4.5)"
26.411243494739757,2.57772316403373,0,"(0.057, 4.5)"
1.795288101071492,1.897959656521492,0,"(0.057, 4.5)"
35.97839317154139,2.446615397860605,0,"(0.057, 4.5)"
23.46419385382906,2.440133653556563,0,"(0.057, 4.5)"
44.42535457322374,2.6306085078880077,0,"(0.057, 4.5)"
34.34276598826982,2.6292204514150854,0,"(0.057, 4.5)"
12.682081072265284,2.4093401773532297,0,"(0.057, 4.5)"
30.316459989966827,2.486146009975658,0,"(0.057, 4.5)"
15.52168865730055,2.5625748872665906,0,"(0.057, 4.5)"
15.412023636931556,2.5421638731919765,0,"(0.057, 4.5)"
32.694243216374886,2.6459734409926,0,"(0.057, 4.5)"
31.79089078744874,2.6684246118081365,0,"(0.057, 4.5)"
0.5122325223870576,1.4533705044608536,0,"(0.057, 4.5)"
38.649199882242826,2.588682876144019,0,"(0.057, 4.5)"
37.17726248390973,1.4040468695486603,0,"(0.057, 4.5)"
22.25880262879655,1.4102316695793748,0,"(0.057, 4.5)"
37.17726248390973,2.673156329765919,0,"(0.057, 4.5)"
22.25880262879655,2.626441924072203,0,"(0.057, 4.5)"
18.350585774099457,1.504044748755759,0,"(0.057, 4.5)"
3.1077648770995436,1.4246537439175118,0,"(0.057, 4.5)"
24.44213881688193,2.63483440901126,0,"(0.057, 4.5)"
4.506670685112477,2.28933026344999,0,"(0.057, 4.5)"
24.44213881688193,2.594416040662496,0,"(0.057, 4.5)"
4.506670685112477,2.300877201561718,0,"(0.057, 4.5)"
8.763649699697272,2.444803245965062,0,"(0.057, 4.5)"
20.84627813342959,2.519736102426241,0,"(0.057, 4.5)"
0.316680260328576,1.2474859893573782,0,"(0.057, 4.5)"
8.548877613199876,2.4883100384715062,0,"(0.057, 4.5)"
39.46014294750057,2.0943119253239697,0,"(0.057, 4.5)"
37.25167739354074,2.1173663626657655,0,"(0.057, 4.5)"
32.8514702828601,1.5156928258218745,0,"(0.057, 4.5)"
16.81221614456736,1.5722948085239183,0,"(0.057, 4.5)"
29.04613970667124,2.6301423118517655,0,"(0.057, 4.5)"
28.903924777684736,2.6219670416366787,0,"(0.057, 4.5)"
5.389435082813725,2.254146877833722,0,"(0.057, 4.5)"
35.741661079367624,2.4208105177989436,0,"(0.057, 4.5)"
8.17933083367534,2.466512396967887,0,"(0.057, 4.5)"
24.864375644549728,2.621449249900934,0,"(0.057, 4.5)"
20.58319704020396,2.3604661304885024,0,"(0.057, 4.5)"
0.3977548954542726,1.4241660833073442,0,"(0.057, 4.5)"
22.287886452628303,2.0276186281881645,0,"(0.057, 4.5)"
30.008891642419623,2.053745162732112,0,"(0.057, 4.5)"
28.024141901126132,2.4581932430737172,0,"(0.057, 4.5)"
12.894741884618998,2.404828060466882,0,"(0.057, 4.5)"
34.803087843768296,2.6757826219924348,0,"(0.057, 4.5)"
34.738226268580185,2.6325139956138837,0,"(0.057, 4.5)"
13.835432799393311,2.5315075323073497,0,"(0.057, 4.5)"
41.58157618250698,2.6092390663130836,0,"(0.057, 4.5)"
13.835432799393311,2.5206093724206435,0,"(0.057, 4.5)"
41.58157618250698,2.5964773885925228,0,"(0.057, 4.5)"
41.162946266587824,2.613564991154015,0,"(0.057, 4.5)"
21.248879814334217,2.5736296723245413,0,"(0.057, 4.5)"
2.1258168113417923,1.5200040573373774,0,"(0.057, 4.5)"
27.268198839714753,1.6732602671162873,0,"(0.057, 4.5)"
38.328556563332675,2.5658809635953066,0,"(0.057, 4.5)"
11.054395248694346,2.489989061794942,0,"(0.057, 4.5)"
38.328556563332675,2.504897226396442,0,"(0.057, 4.5)"
11.054395248694346,2.4440699390755425,0,"(0.057, 4.5)"
17.132846820866693,2.611071996903928,0,"(0.057, 4.5)"
14.402700634812938,2.5829738247218788,0,"(0.057, 4.5)"
17.132846820866693,2.6312339533307463,0,"(0.057, 4.5)"
14.402700634812938,2.56994306296883,0,"(0.057, 4.5)"
17.714723611716185,2.4877659271771995,0,"(0.057, 4.5)"
7.954345778236166,2.425609591268595,0,"(0.057, 4.5)"
23.477974969428036,2.547068263215548,0,"(0.057, 4.5)"
36.34987083775923,2.559712781564744,0,"(0.057, 4.5)"
10.962411882402376,2.5259057714834956,0,"(0.057, 4.5)"
28.43838939415291,2.629446153022164,0,"(0.057, 4.5)"
42.18327340553515,2.6831382343293955,0,"(0.057, 4.5)"
0.7542511097155512,1.4004194785421982,0,"(0.057, 4.5)"
14.929637076519432,2.2615347314517766,0,"(0.057, 4.5)"
18.850744747463615,2.292993097620644,0,"(0.057, 4.5)"
14.929637076519432,2.2052981506047455,0,"(0.057, 4.5)"
18.850744747463615,2.212453757980228,0,"(0.057, 4.5)"
13.27532063983381,2.5903761422344695,0,"(0.057, 4.5)"
25.368456883262844,2.656102929151474,0,"(0.057, 4.5)"
42.208018930023535,2.525613491348575,0,"(0.057, 4.5)"
44.84666698323563,2.5080405736393887,0,"(0.057, 4.5)"
3.198571266559884,2.1422319724875267,0,"(0.057, 4.5)"
5.070973325939849,2.302648942442304,0,"(0.057, 4.5)"
33.804868444846946,2.423813734165644,0,"(0.057, 4.5)"
32.57120934673585,2.4113516294569277,0,"(0.057, 4.5)"
33.804868444846946,2.632127682896637,0,"(0.057, 4.5)"
32.57120934673585,2.6405650111468666,0,"(0.057, 4.5)"
25.48240628349595,1.9737207708762163,0,"(0.057, 4.5)"
27.964532451611017,2.009156195742973,0,"(0.057, 4.5)"
7.707704558409751,2.4226740578198416,0,"(0.057, 4.5)"
42.52770940633491,2.529099679172903,0,"(0.057, 4.5)"
7.707704558409751,2.4810870386870687,0,"(0.057, 4.5)"
42.52770940633491,2.672270843380871,0,"(0.057, 4.5)"
44.001315880473705,2.648974725740638,0,"(0.057, 4.5)"
14.845948937442156,2.569293754076274,0,"(0.057, 4.5)"
28.31062036440708,2.575751787343046,0,"(0.057, 4.5)"
38.13973201219924,2.5849687793126876,0,"(0.057, 4.5)"
11.466249897377567,2.5459542393226235,0,"(0.057, 4.5)"
10.468472738657148,2.5409009254848756,0,"(0.057, 4.5)"
33.60843040463514,1.7848288092399058,0,"(0.057, 4.5)"
6.337710517505184,1.7884216541408908,0,"(0.057, 4.5)"
0.8100952799431981,1.5003880285130091,0,"(0.057, 4.5)"
13.54718981278129,2.536979912290916,0,"(0.057, 4.5)"
9.25774507597089,2.2803274676958996,0,"(0.057, 4.5)"
1.9442459790967408,1.9601795788406815,0,"(0.057, 4.5)"
37.54273323547095,2.6747277096544297,0,"(0.057, 4.5)"
41.03956095748581,2.670088772315765,0,"(0.057, 4.5)"
19.504419594956563,2.5764275634567753,0,"(0.057, 4.5)"
23.64438090627082,2.5970949089263753,0,"(0.057, 4.5)"
25.217117380164566,2.6144156722248177,0,"(0.057, 4.5)"
26.290616619121284,2.615347848919629,0,"(0.057, 4.5)"
9.201321396930144,2.480258389007209,0,"(0.057, 4.5)"
44.01501963334158,2.645908249239076,0,"(0.057, 4.5)"
9.201321396930144,2.520103682614652,0,"(0.057, 4.5)"
44.01501963334158,2.6505591726674496,0,"(0.057, 4.5)"
0.7928070957306773,1.6274180458156056,0,"(0.057, 4.5)"
33.14022529521026,2.4238686704995915,0,"(0.057, 4.5)"
40.39989424836822,1.7626357716858705,0,"(0.057, 4.5)"
16.871078172978017,1.7490974981856315,0,"(0.057, 4.5)"
28.25179567774758,2.626679255203015,0,"(0.057, 4.5)"
7.122676994511858,2.412574973646747,0,"(0.057, 4.5)"
28.25179567774758,1.7508565892252923,0,"(0.057, 4.5)"
7.122676994511858,1.7055314470105525,0,"(0.057, 4.5)"
4.938227921770886,2.311846847482096,0,"(0.057, 4.5)"
12.575617730291562,2.5325517857404183,0,"(0.057, 4.5)"
4.938227921770886,2.286126452866394,0,"(0.057, 4.5)"
12.575617730291562,2.56914848900388,0,"(0.057, 4.5)"
25.461345326527955,2.59811587655961,0,"(0.057, 4.5)"
19.41973926210776,2.588850666731908,0,"(0.057, 4.5)"
19.945247465558353,2.487418855417682,0,"(0.057, 4.5)"
24.96716639180668,2.529497824739696,0,"(0.057, 4.5)"
21.663804733613507,2.6348181541820255,0,"(0.057, 4.5)"
6.818842403450981,2.4135628953923898,0,"(0.057, 4.5)"
27.254642360704025,2.394032552875617,0,"(0.057, 4.5)"
34.67663954822346,2.423457187956609,0,"(0.057, 4.5)"
33.81945094289258,2.536385875238919,0,"(0.057, 4.5)"
12.975497314753012,2.469792584719484,0,"(0.057, 4.5)"
42.27263602558523,2.6307569746074893,0,"(0.057, 4.5)"
2.7786931230686607,2.077109559858084,0,"(0.057, 4.5)"
13.260774646280336,2.562926023697668,0,"(0.057, 4.5)"
17.01298871645704,2.5821313941296347,0,"(0.057, 4.5)"
14.942504616966472,2.5033513193857218,0,"(0.057, 4.5)"
27.39281851975247,2.5806668770134045,0,"(0.057, 4.5)"
2.5825029952451586,1.9963024618084635,0,"(0.057, 4.5)"
4.1000857864040885,2.1502338297101873,0,"(0.057, 4.5)"
39.33674340499565,2.57316809902447,0,"(0.057, 4.5)"
31.43579706572928,2.553087867881932,0,"(0.057, 4.5)"
39.33674340499565,2.6574921067764747,0,"(0.057, 4.5)"
31.43579706572928,2.640793786527184,0,"(0.057, 4.5)"
17.776253984542567,2.6017443411137675,0,"(0.057, 4.5)"
38.9741577223409,2.653865676274705,0,"(0.057, 4.5)"
17.776253984542567,2.0445425522801837,0,"(0.057, 4.5)"
38.9741577223409,2.1006848419916215,0,"(0.057, 4.5)"
22.66990508399904,2.565114491144371,0,"(0.057, 4.5)"
11.759237170219423,2.4899897405395053,0,"(0.057, 4.5)"
38.404551087645814,2.6081697180630856,0,"(0.057, 4.5)"
36.224850613018496,2.602952888555401,0,"(0.057, 4.5)"
10.513934688037263,2.5232745733614177,0,"(0.057, 4.5)"
8.08171016070992,2.4723128951694773,0,"(0.057, 4.5)"
41.18882581652142,2.520427972332991,0,"(0.057, 4.5)"
23.941597006842496,2.509047277168154,0,"(0.057, 4.5)"
14.272490995097908,1.5769113402823387,0,"(0.057, 4.5)"
40.61077035944909,1.5443716542982802,0,"(0.057, 4.5)"
14.272490995097908,2.5533045265891796,0,"(0.057, 4.5)"
40.61077035944909,2.653053603513524,0,"(0.057, 4.5)"
13.907654550950976,2.2020719040913748,0,"(0.057, 4.5)"
4.989838784933091,2.076885608387248,0,"(0.057, 4.5)"
43.18340397370048,2.633225421456208,0,"(0.057, 4.5)"
20.277993614412846,2.629031000468064,0,"(0.057, 4.5)"
3.617030381644145,2.203078483043039,0,"(0.057, 4.5)"
25.430350375315175,2.6062242326944713,0,"(0.057, 4.5)"
34.730909964581954,2.4964175270982105,0,"(0.057, 4.5)"
9.381245675636457,2.3518312247966575,0,"(0.057, 4.5)"
22.311364994943144,2.540645170381128,0,"(0.057, 4.5)"
15.889416073029862,2.5475651252484486,0,"(0.057, 4.5)"
8.150659862253816,2.279670416480771,0,"(0.057, 4.5)"
22.168981902487577,2.3534190320078614,0,"(0.057, 4.5)"
8.150659862253816,2.2440446690490066,0,"(0.057, 4.5)"
22.168981902487577,2.288740262173854,0,"(0.057, 4.5)"
5.321719710342586,2.337323600314805,0,"(0.057, 4.5)"
10.574005509121346,2.485258838769591,0,"(0.057, 4.5)"
44.99031123891473,2.650176926673239,0,"(0.057, 4.5)"
38.036736303940415,2.64654341340704,0,"(0.057, 4.5)"
32.81971258870326,2.078032634768427,0,"(0.057, 4.5)"
30.928972296742725,2.1027345160969055,0,"(0.057, 4.5)"
32.81971258870326,2.587253843009789,0,"(0.057, 4.5)"
30.928972296742725,2.559580075498279,0,"(0.057, 4.5)"
8.795357493218036,2.4507444572049137,0,"(0.057, 4.5)"
23.728277480974796,2.6197235827840726,0,"(0.057, 4.5)"
36.61119125904516,2.6718798587047288,0,"(0.057, 4.5)"
17.851642877561975,2.6289952324358596,0,"(0.057, 4.5)"
24.37270848681219,1.9348312082955077,0,"(0.057, 4.5)"
41.10116500910372,1.866028941807986,0,"(0.057, 4.5)"
18.916057354072112,2.500454703185752,0,"(0.057, 4.5)"
1.885157555853948,1.942724247171672,0,"(0.057, 4.5)"
18.3706191631034,2.554377470024336,0,"(0.057, 4.5)"
39.68855461096391,2.596777228754135,0,"(0.057, 4.5)"
24.215586998686195,1.3358182537681904,0,"(0.057, 4.5)"
0.4835196042899042,1.2149357627894628,0,"(0.057, 4.5)"
39.94708097339608,2.686100318763966,0,"(0.057, 4.5)"
35.30340681732632,2.6699159960199372,0,"(0.057, 4.5)"
39.94708097339608,2.653799638162263,0,"(0.057, 4.5)"
35.30340681732632,2.680198346808317,0,"(0.057, 4.5)"
15.580852182675155,2.5387865158914664,0,"(0.057, 4.5)"
29.52056225952693,2.5725884393112803,0,"(0.057, 4.5)"
15.580852182675155,1.845583744180184,0,"(0.057, 4.5)"
29.52056225952693,1.8764435807957112,0,"(0.057, 4.5)"
44.44367300462909,2.380299149520901,0,"(0.057, 4.5)"
9.16138439406641,2.2673281186747065,0,"(0.057, 4.5)"
5.166141709173099,2.3292661882892114,0,"(0.057, 4.5)"
36.63508763546124,2.4978990238735537,0,"(0.057, 4.5)"
36.03446997418068,2.628393297961739,0,"(0.057, 4.5)"
20.760561148356647,2.549307472265928,0,"(0.057, 4.5)"
36.03446997418068,2.603308291795651,0,"(0.057, 4.5)"
20.760561148356647,2.6082693183899814,0,"(0.057, 4.5)"
21.0730495646596,2.6352206472009843,0,"(0.057, 4.5)"
4.770749456156046,2.326465622789583,0,"(0.057, 4.5)"
27.459530855948103,2.2852232789945215,0,"(0.057, 4.5)"
14.491198157006876,2.246973104557504,0,"(0.057, 4.5)"
6.953411650750787,2.411821005717184,0,"(0.057, 4.5)"
10.793087637471036,2.500415124932519,0,"(0.057, 4.5)"
6.953411650750787,2.4330136330276724,0,"(0.057, 4.5)"
10.793087637471036,2.5462291887436725,0,"(0.057, 4.5)"
43.33351634815335,2.3307816419015057,0,"(0.057, 4.5)"
26.82719033048489,2.3104146648835626,0,"(0.057, 4.5)"
30.293963259411974,2.516124791943334,0,"(0.057, 4.5)"
3.590335508901626,2.1913732288004653,0,"(0.057, 4.5)"
31.62452202490531,2.5427892553912974,0,"(0.057, 4.5)"
42.0226230381988,2.548588833366242,0,"(0.057, 4.5)"
1.5600049693137408,1.700848416298707,0,"(0.057, 4.5)"
22.54338980773464,2.6540837221428717,0,"(0.057, 4.5)"
1.5600049693137408,1.7746792612792577,0,"(0.057, 4.5)"
22.54338980773464,2.5933805069156204,0,"(0.057, 4.5)"
10.012501657661051,2.403625895450534,0,"(0.057, 4.5)"
34.825358053902164,2.483281732483224,0,"(0.057, 4.5)"
23.22080890168436,2.6309748043250667,0,"(0.057, 4.5)"
29.743484141351654,2.6703668534721103,0,"(0.057, 4.5)"
17.258576580742375,2.1333898145645978,0,"(0.057, 4.5)"
13.15608784230426,2.14056483042129,0,"(0.057, 4.5)"
23.60499595012516,2.5596360451405133,0,"(0.057, 4.5)"
37.563604469550775,2.5634314330468406,0,"(0.057, 4.5)"
10.836162687046455,1.9307718785858816,0,"(0.057, 4.5)"
32.83256016052328,1.927559999371363,0,"(0.057, 4.5)"
2.3829856420401483,1.9186690143753096,0,"(0.057, 4.5)"
44.40978331416845,2.6754252238133467,0,"(0.057, 4.5)"
41.61909606051631,2.6233128883638277,0,"(0.057, 4.5)"
5.512025707541034,2.347522165417545,0,"(0.057, 4.5)"
32.00801799977199,2.1392139150875327,0,"(0.057, 4.5)"
25.98372343722731,2.138946133695318,0,"(0.057, 4.5)"
15.49458587197587,2.597066087659441,0,"(0.057, 4.5)"
19.72299426062964,2.579866156862701,0,"(0.057, 4.5)"
29.88732285043225,2.4866346415878406,0,"(0.057, 4.5)"
18.409741094335917,2.503981057329543,0,"(0.057, 4.5)"
3.3240488440264016,2.1883504741392743,0,"(0.057, 4.5)"
1.3681291533634068,1.8203576334965144,0,"(0.057, 4.5)"
6.1090066087897865,2.354189776552866,0,"(0.057, 4.5)"
11.566391515312718,2.533652070992766,0,"(0.057, 4.5)"
34.370331819681454,2.6809607847793693,0,"(0.057, 4.5)"
28.526881055533888,2.649201396707824,0,"(0.057, 4.5)"
21.16239163000137,2.579965663978383,0,"(0.057, 4.5)"
36.08856875244528,2.6455966908094,0,"(0.057, 4.5)"
20.140842679003256,1.3615742253895085,0,"(0.057, 4.5)"
18.022207396104935,1.3444810655299253,0,"(0.057, 4.5)"
25.96822405685671,2.637622730967509,0,"(0.057, 4.5)"
23.55865873019211,2.6172969289640737,0,"(0.057, 4.5)"
35.36513285757974,2.6706693239142374,0,"(0.057, 4.5)"
1.681566100381315,1.7359363632180238,0,"(0.057, 4.5)"
11.693149847863245,2.3452341784244264,0,"(0.057, 4.5)"
5.721114898612723,2.2637254828784985,0,"(0.057, 4.5)"
11.693149847863245,2.517180076228906,0,"(0.057, 4.5)"
5.721114898612723,2.398211500296472,0,"(0.057, 4.5)"
33.118240129901096,2.6617873927254783,0,"(0.057, 4.5)"
10.030223332718016,2.5218349839646854,0,"(0.057, 4.5)"
40.59394597485662,2.6508830793005456,0,"(0.057, 4.5)"
31.742704146122563,2.613928481211075,0,"(0.057, 4.5)"
1.3008858693763614,1.7683554436243407,0,"(0.057, 4.5)"
15.462581228278578,2.5339082595785314,0,"(0.057, 4.5)"
37.76568919373676,2.235982198182037,0,"(0.057, 4.5)"
42.61346825435758,2.273968858343329,0,"(0.057, 4.5)"
37.76568919373676,2.444927463722329,0,"(0.057, 4.5)"
42.61346825435758,2.4158978844887065,0,"(0.057, 4.5)"
24.859413670981304,2.589246825616827,0,"(0.057, 4.5)"
43.31770487949253,2.6401294350602353,0,"(0.057, 4.5)"
24.859413670981304,2.6228565730163407,0,"(0.057, 4.5)"
43.31770487949253,2.6709340688015204,0,"(0.057, 4.5)"
9.532265136484058,1.534415124584401,0,"(0.057, 4.5)"
26.998669554479424,1.5475760944489352,0,"(0.057, 4.5)"
1.128508978150785,1.6881952670987417,0,"(0.057, 4.5)"
39.280985430581495,2.588211428839734,0,"(0.057, 4.5)"
16.308704325696453,2.4241174582960063,0,"(0.057, 4.5)"
14.758122227154674,2.4228819948099223,0,"(0.057, 4.5)"
28.58479698128067,2.622334437382644,0,"(0.057, 4.5)"
13.28386357012205,2.5791409090233213,0,"(0.057, 4.5)"
28.58479698128067,2.625799986065165,0,"(0.057, 4.5)"
13.28386357012205,2.555126319545632,0,"(0.057, 4.5)"
4.577094548568129,2.2924460184187385,0,"(0.057, 4.5)"
6.425555145135149,2.3767392723303025,0,"(0.057, 4.5)"
35.18582212226465,1.652192340756811,0,"(0.057, 4.5)"
22.854360482795165,1.647407115544952,0,"(0.057, 4.5)"
25.80047687296756,2.412574047302058,0,"(0.057, 4.5)"
2.383348551951349,2.0822532562568647,0,"(0.057, 4.5)"
34.16684506344609,2.5629429369178904,0,"(0.057, 4.5)"
7.51541115953587,2.3985216024138616,0,"(0.057, 4.5)"
6.323297355091199,2.014022679944362,0,"(0.057, 4.5)"
35.38420084509998,2.0316083213025644,0,"(0.057, 4.5)"
42.61390023813583,2.5833219763527695,0,"(0.057, 4.5)"
19.11424028389156,2.529142147292764,0,"(0.057, 4.5)"
42.61390023813583,2.0651842084131116,0,"(0.057, 4.5)"
19.11424028389156,2.048793731393611,0,"(0.057, 4.5)"
12.891400132793937,2.554894084229181,0,"(0.057, 4.5)"
0.6665744362398983,1.4301321890457293,0,"(0.057, 4.5)"
12.891400132793937,2.5748592667598467,0,"(0.057, 4.5)"
0.6665744362398983,1.4238166850118217,0,"(0.057, 4.5)"
15.29195646895096,2.476939540609671,0,"(0.057, 4.5)"
43.705238577723506,2.5322932418800264,0,"(0.057, 4.5)"
32.22179433414713,2.40654638196268,0,"(0.057, 4.5)"
4.807454178808257,2.211632562968035,0,"(0.057, 4.5)"
41.75512117561884,2.66780308860323,0,"(0.057, 4.5)"
26.685232607461515,2.632514001018607,0,"(0.057, 4.5)"
18.12094735875726,2.590526828983888,0,"(0.057, 4.5)"
33.53689859635197,2.652169185732424,0,"(0.057, 4.5)"
18.12094735875726,2.592812988450693,0,"(0.057, 4.5)"
33.53689859635197,2.5973225538361824,0,"(0.057, 4.5)"
17.472865987429397,2.5845686201509146,0,"(0.057, 4.5)"
34.12370688454248,2.657880414091466,0,"(0.057, 4.5)"
23.017320805834608,2.642381644123093,0,"(0.057, 4.5)"
5.969606042187661,2.4215824784467297,0,"(0.057, 4.5)"
38.054370569158344,2.259915578278398,0,"(0.057, 4.5)"
30.447886878671127,2.2249543427141316,0,"(0.057, 4.5)"
10.15075455149636,2.5050407809956403,0,"(0.057, 4.5)"
13.860517371911556,2.558174537814105,0,"(0.057, 4.5)"
40.84486094135791,2.5298588743565738,0,"(0.057, 4.5)"
41.318314073886725,2.528683653804397,0,"(0.057, 4.5)"
40.84486094135791,2.552124004143583,0,"(0.057, 4.5)"
41.318314073886725,2.571277814040798,0,"(0.057, 4.5)"
13.560903361579404,2.560804268226046,0,"(0.057, 4.5)"
22.39006876377389,2.5701453064154127,0,"(0.057, 4.5)"
30.429987034900115,2.5896374061396976,0,"(0.057, 4.5)"
27.53143767253496,2.604543357295241,0,"(0.057, 4.5)"
3.966503500007093,2.1793567542823387,0,"(0.057, 4.5)"
42.81787009281106,2.6909051953629586,0,"(0.057, 4.5)"
35.09955581156537,2.6723047305729963,0,"(0.057, 4.5)"
15.192803779477256,2.5923711544316,0,"(0.057, 4.5)"
21.96945801866241,1.85664528300297,0,"(0.057, 4.5)"
10.088639353262264,1.8371250979938565,0,"(0.057, 4.5)"
21.96945801866241,2.4452515272266,0,"(0.057, 4.5)"
10.088639353262264,2.4153563772070243,0,"(0.057, 4.5)"
26.64540687631816,2.2778562237418143,0,"(0.057, 4.5)"
20.056000336539004,2.2098763167765525,0,"(0.057, 4.5)"
7.817015460086987,2.4308748793124426,0,"(0.057, 4.5)"
5.472253267932683,2.353903969419384,0,"(0.057, 4.5)"
4.9832314299885185,1.9272254541332856,0,"(0.057, 4.5)"
15.670852542901413,1.9885002214609613,0,"(0.057, 4.5)"
44.637387273879725,2.660185035592428,0,"(0.057, 4.5)"
32.938646275456996,2.63498215876556,0,"(0.057, 4.5)"
29.430407676193862,2.64708395581406,0,"(0.057, 4.5)"
9.86571747143753,2.5326160715210837,0,"(0.057, 4.5)"
12.453661873470994,2.4875643983188755,0,"(0.057, 4.5)"
37.339436788205056,2.5918734551782334,0,"(0.057, 4.5)"
32.489497683104126,2.3576815351357743,0,"(0.057, 4.5)"
36.00509281666018,2.3358237488313947,0,"(0.057, 4.5)"
0.7445094757247717,1.663767571094778,0,"(0.057, 4.5)"
28.8161836352665,2.4071176318210483,0,"(0.057, 4.5)"
36.95038693952374,2.6696693007842556,0,"(0.057, 4.5)"
1.1880080769304189,1.6344608652259038,0,"(0.057, 4.5)"
24.036277602985503,2.6102181680910603,0,"(0.057, 4.5)"
24.425548697356135,2.6178755369727944,0,"(0.057, 4.5)"
18.712558541307228,2.3617213407764956,0,"(0.057, 4.5)"
23.025284017995,2.368610948357375,0,"(0.057, 4.5)"
8.646311326231809,2.414195950404826,0,"(0.057, 4.5)"
2.5854583939071745,2.1002463203808115,0,"(0.057, 4.5)"
39.58322550375014,2.630867696126337,0,"(0.057, 4.5)"
30.228808099357416,2.620080073246865,0,"(0.057, 4.5)"
15.927549703745171,2.5737947879604253,0,"(0.057, 4.5)"
34.60628496794961,2.673086131912773,0,"(0.057, 4.5)"
15.927549703745171,2.6175254790583815,0,"(0.057, 4.5)"
34.60628496794961,2.6387602307977445,0,"(0.057, 4.5)"
28.927601457340646,1.981920780738868,0,"(0.057, 4.5)"
38.73687638826668,1.9460232085700044,0,"(0.057, 4.5)"
44.78766977936029,2.635122399320486,0,"(0.057, 4.5)"
14.270577146625149,2.539510096956251,0,"(0.057, 4.5)"
36.3845969918184,2.6378259712326027,0,"(0.057, 4.5)"
4.073434702306986,2.2489029136562495,0,"(0.057, 4.5)"
36.3845969918184,1.7287425401225025,0,"(0.057, 4.5)"
4.073434702306986,1.6553603372767385,0,"(0.057, 4.5)"
20.707136698486284,2.5657259006605235,0,"(0.057, 4.5)"
21.468614083714787,2.569752079313548,0,"(0.057, 4.5)"
20.707136698486284,2.615219205858899,0,"(0.057, 4.5)"
21.468614083714787,2.628206981008497,0,"(0.057, 4.5)"
27.795929337851707,2.581822053098955,0,"(0.057, 4.5)"
8.680818913830446,2.4146460670229715,0,"(0.057, 4.5)"
27.795929337851707,2.6293181755648227,0,"(0.057, 4.5)"
8.680818913830446,2.462147698362275,0,"(0.057, 4.5)"
6.601248419238255,2.422804458361125,0,"(0.057, 4.5)"
16.592299687629566,2.577572092294407,0,"(0.057, 4.5)"
3.810755367809907,2.2087031141981925,0,"(0.057, 4.5)"
4.286754228174686,2.2431979062984886,0,"(0.057, 4.5)"
30.624231833312663,2.479043591273244,0,"(0.057, 4.5)"
20.97821943406016,2.4420483467099263,0,"(0.057, 4.5)"
14.06921807480976,2.1973953982199923,0,"(0.057, 4.5)"
26.13056011958979,2.159646400617399,0,"(0.057, 4.5)"
31.268929464276884,2.649512816565597,0,"(0.057, 4.5)"
24.64464137516916,2.6424287094655994,0,"(0.057, 4.5)"
1.898461350100115,1.819539147809154,0,"(0.057, 4.5)"
39.91050435137004,2.6347274756002164,0,"(0.057, 4.5)"
1.898461350100115,1.975830005300086,0,"(0.057, 4.5)"
39.91050435137004,2.2950045561598142,0,"(0.057, 4.5)"
10.346199560677634,2.4502605504338684,0,"(0.057, 4.5)"
29.036048265872527,2.5486670825913524,0,"(0.057, 4.5)"
38.561141962883994,2.464906803257477,0,"(0.057, 4.5)"
12.45965053588152,2.4065982482973647,0,"(0.057, 4.5)"
23.2658110702876,2.4576602752771186,0,"(0.057, 4.5)"
32.135947866970675,2.4713443069424765,0,"(0.057, 4.5)"
23.2658110702876,2.462950764069164,0,"(0.057, 4.5)"
32.135947866970675,2.5132980000402205,0,"(0.057, 4.5)"
41.94934303313494,2.7000724574200623,0,"(0.057, 4.5)"
21.824081557849425,2.644602792480887,0,"(0.057, 4.5)"
31.675048763258385,2.6268576159755326,0,"(0.057, 4.5)"
42.30848954888061,2.6403720715400825,0,"(0.057, 4.5)"
15.136228263517843,2.535714143430897,0,"(0.057, 4.5)"
3.399728684546426,2.177877661755322,0,"(0.057, 4.5)"
2.9882931258529424,1.396811056224636,0,"(0.057, 4.5)"
17.713278837595137,1.4402149180079091,0,"(0.057, 4.5)"
2.9882931258529424,2.1435207690444367,0,"(0.057, 4.5)"
17.713278837595137,2.52458956721622,0,"(0.057, 4.5)"
5.778095103707165,2.0396193414761297,0,"(0.057, 4.5)"
6.118651413777843,2.0836460226215237,0,"(0.057, 4.5)"
34.009916647244246,2.6004040777759845,0,"(0.057, 4.5)"
33.97646463392302,2.608731581257009,0,"(0.057, 4.5)"
27.41123189632781,2.655222362165211,0,"(0.057, 4.5)"
13.678616701485591,2.5358138710479867,0,"(0.057, 4.5)"
21.496068266639487,2.6511271566238976,0,"(0.057, 4.5)"
30.628161257226022,2.6557174678177127,0,"(0.057, 4.5)"
19.79620263818652,2.612346124654892,0,"(0.057, 4.5)"
0.9734709671698512,1.599523902416437,0,"(0.057, 4.5)"
25.599588843062524,2.6412248963975977,0,"(0.057, 4.5)"
40.60649510570802,2.6699978167430096,0,"(0.057, 4.5)"
7.56298990896903,2.396614941532227,0,"(0.057, 4.5)"
24.266889666812496,2.52213882684646,0,"(0.057, 4.5)"
44.14028634713031,2.135724929629132,0,"(0.057, 4.5)"
7.823079643258826,2.0736397739517023,0,"(0.057, 4.5)"
11.343665928859265,2.4169323543718786,0,"(0.057, 4.5)"
11.872699285717683,2.3864801625254555,0,"(0.057, 4.5)"
16.860958390962335,2.601293915444462,0,"(0.057, 4.5)"
32.43978245803155,2.682873438831398,0,"(0.057, 4.5)"
33.46217277059331,2.6192972993485943,0,"(0.057, 4.5)"
16.170662128087134,2.564427680915613,0,"(0.057, 4.5)"
40.252735598059374,1.5320558242559188,0,"(0.057, 4.5)"
37.871118562715125,1.521653605794988,0,"(0.057, 4.5)"
37.41826283871196,2.610161041972801,0,"(0.057, 4.5)"
25.587515986990187,2.607050161542655,0,"(0.057, 4.5)"
19.645275820046667,2.326510537590279,0,"(0.057, 4.5)"
44.715240094531325,2.3698657481636984,0,"(0.057, 4.5)"
25.15148845710792,2.3342824179178265,0,"(0.057, 4.5)"
15.11318229106255,2.3488881358444313,0,"(0.057, 4.5)"
25.15148845710792,2.5772710799693277,0,"(0.057, 4.5)"
15.11318229106255,2.5534065911584753,0,"(0.057, 4.5)"
33.555198901100084,2.5186834834187866,0,"(0.057, 4.5)"
3.538788319285959,2.2074051895950584,0,"(0.057, 4.5)"
16.75678256615065,2.573232987873809,0,"(0.057, 4.5)"
42.260981840873136,2.6599597816453473,0,"(0.057, 4.5)"
28.361749845510353,2.649748931809408,0,"(0.057, 4.5)"
40.958884983230384,2.64340292695051,0,"(0.057, 4.5)"
4.696669868752361,2.0036050043967513,0,"(0.057, 4.5)"
23.91727270735428,2.1334359442887174,0,"(0.057, 4.5)"
4.696669868752361,2.0614270701718382,0,"(0.057, 4.5)"
23.91727270735428,2.1630450036090263,0,"(0.057, 4.5)"
7.480944597627968,2.4008286587604,0,"(0.057, 4.5)"
34.11004800875671,2.5704132188162236,0,"(0.057, 4.5)"
35.80777159379795,2.5292231214037995,0,"(0.057, 4.5)"
6.06566727841273,2.3646044842211036,0,"(0.057, 4.5)"
19.879275601217525,2.611489881365656,0,"(0.057, 4.5)"
13.627354640420528,2.559973744388132,0,"(0.057, 4.5)"
21.597827259637416,2.413204450957426,0,"(0.057, 4.5)"
40.47258419515565,2.4694379894200793,0,"(0.057, 4.5)"
27.320611545816067,2.650190384585464,0,"(0.057, 4.5)"
1.0261128310579808,1.5336475694975678,0,"(0.057, 4.5)"
5.671879046177492,2.3648970448736275,0,"(0.057, 4.5)"
18.771099020401017,2.5638291267114046,0,"(0.057, 4.5)"
42.51419139937498,1.5076950768128012,0,"(0.057, 4.5)"
36.43037735079415,1.491336325674899,0,"(0.057, 4.5)"
13.150823157746348,2.537421523791133,0,"(0.057, 4.5)"
28.16600463711657,2.6246252649122828,0,"(0.057, 4.5)"
31.74836255172268,2.637090529780147,0,"(0.057, 4.5)"
32.485905004758386,2.625828100801302,0,"(0.057, 4.5)"
41.88048898843117,2.61852225000516,0,"(0.057, 4.5)"
9.193515212694184,2.461312478770036,0,"(0.057, 4.5)"
2.8237154277507215,2.000811996384456,0,"(0.057, 4.5)"
37.918262565415354,2.6831282049482015,0,"(0.057, 4.5)"
39.05154883651994,1.4639162167495452,0,"(0.057, 4.5)"
20.069766381476075,1.4293188944702209,0,"(0.057, 4.5)"
17.84188022837043,2.422878049180877,0,"(0.057, 4.5)"
5.15679534515366,2.3145654790113497,0,"(0.057, 4.5)"
17.84188022837043,2.598128925140408,0,"(0.057, 4.5)"
5.15679534515366,2.361991711183267,0,"(0.057, 4.5)"
16.997309576580303,2.579354365454126,0,"(0.057, 4.5)"
17.199894646741452,2.600194533872938,0,"(0.057, 4.5)"
10.272717064525931,2.3673552825528503,0,"(0.057, 4.5)"
41.667908678529784,2.4597397626923247,0,"(0.057, 4.5)"
41.474025576002894,2.656807009201412,0,"(0.057, 4.5)"
12.80925945765339,2.5575894273285655,0,"(0.057, 4.5)"
14.20685922536068,2.3141505864381036,0,"(0.057, 4.5)"
7.026415234757588,2.293308796087708,0,"(0.057, 4.5)"
13.9736264990177,2.598510459435363,0,"(0.057, 4.5)"
38.78437949134968,2.6897455096511376,0,"(0.057, 4.5)"
30.73062195698731,2.2359849096690376,0,"(0.057, 4.5)"
11.135069129802288,2.158106051455151,0,"(0.057, 4.5)"
42.89786370098591,1.7818153564530554,0,"(0.057, 4.5)"
31.573180131195116,1.7790030445094904,0,"(0.057, 4.5)"
34.48934939978644,2.6551468035727015,0,"(0.057, 4.5)"
43.177843946032226,2.6663934907595497,0,"(0.057, 4.5)"
34.48934939978644,2.5918159934427227,0,"(0.057, 4.5)"
43.177843946032226,2.615896359032443,0,"(0.057, 4.5)"
22.421322009386497,2.5269331992772823,0,"(0.057, 4.5)"
27.18803191892803,2.5767047227684463,0,"(0.057, 4.5)"
26.17504281084985,2.5929027014980344,0,"(0.057, 4.5)"
36.97981240688823,2.607705339884274,0,"(0.057, 4.5)"
26.17504281084985,2.448150923429455,0,"(0.057, 4.5)"
36.97981240688823,2.4420490345668946,0,"(0.057, 4.5)"
8.392223106278108,2.527282160867718,0,"(0.057, 4.5)"
33.28170222225599,2.6505725298157397,0,"(0.057, 4.5)"
8.392223106278108,2.4861138529875495,0,"(0.057, 4.5)"
33.28170222225599,2.6719950452978063,0,"(0.057, 4.5)"
29.008792178425946,2.610484696339621,0,"(0.057, 4.5)"
26.08443681932986,2.623619336799254,0,"(0.057, 4.5)"
12.183872912358494,1.9871457222571636,0,"(0.057, 4.5)"
21.118659625155853,2.0092819599570317,0,"(0.057, 4.5)"
32.88534703766927,2.6810422218896033,0,"(0.057, 4.5)"
19.61078192163259,2.6295248357931564,0,"(0.057, 4.5)"
0.1009600617457181,1.179375559817328,0,"(0.057, 4.5)"
0.1315483562648296,1.2310174936217158,0,"(0.057, 4.5)"
0.1009600617457181,1.2600493624589115,0,"(0.057, 4.5)"
0.1315483562648296,1.231866470885549,0,"(0.057, 4.5)"
8.554145144438372,2.2073639826579448,0,"(0.057, 4.5)"
12.40802954188548,2.241358159259742,0,"(0.057, 4.5)"
36.85241156178527,2.510562211697001,0,"(0.057, 4.5)"
29.170990595780317,2.498209659387813,0,"(0.057, 4.5)"
24.482316950336102,2.624798268512047,0,"(0.057, 4.5)"
7.32615596423857,2.460024135575119,0,"(0.057, 4.5)"
37.052163514960554,2.5583341508054898,0,"(0.057, 4.5)"
13.818510120594876,2.4841186083077584,0,"(0.057, 4.5)"
9.0569500236772,2.509397177532199,0,"(0.057, 4.5)"
30.57049872791395,2.6304330017987376,0,"(0.057, 4.5)"
39.837121279723945,2.428079520443083,0,"(0.057, 4.5)"
1.5407435749657454,1.8818236402010653,0,"(0.057, 4.5)"
39.837121279723945,2.2236453739526243,0,"(0.057, 4.5)"
1.5407435749657454,1.866673440917921,0,"(0.057, 4.5)"
15.822415426699449,2.6107746637903504,0,"(0.057, 4.5)"
18.209916592668744,2.6127210302408055,0,"(0.057, 4.5)"
12.384825076302516,2.4255248277542867,0,"(0.057, 4.5)"
27.494906681124125,2.4632110801136538,0,"(0.057, 4.5)"
29.51005373816006,2.564602220204698,0,"(0.057, 4.5)"
22.518157040374355,2.5508506232195813,0,"(0.057, 4.5)"
44.553281468153,2.7006638174906876,0,"(0.057, 4.5)"
42.78306117570027,2.7071856726962475,0,"(0.057, 4.5)"
5.056524956785142,2.3276608862993333,0,"(0.057, 4.5)"
3.0183406347874553,2.0949825309358863,0,"(0.057, 4.5)"
20.78784712594934,2.2511511864689693,0,"(0.057, 4.5)"
38.38899690867402,2.317328776360866,0,"(0.057, 4.5)"
20.78784712594934,2.5594365749132906,0,"(0.057, 4.5)"
38.38899690867402,2.648760310998864,0,"(0.057, 4.5)"
27.74473061542958,1.8847507924361808,0,"(0.057, 4.5)"
25.776782234106214,1.8775321499260316,0,"(0.057, 4.5)"
27.74473061542958,2.6707059078952056,0,"(0.057, 4.5)"
25.776782234106214,2.644180574172992,0,"(0.057, 4.5)"
6.887779881013557,1.926874096260187,0,"(0.057, 4.5)"
44.57528237393126,1.9783930345315577,0,"(0.057, 4.5)"
4.059523099893704,2.269322294762665,0,"(0.057, 4.5)"
32.97481892001815,2.579876811109132,0,"(0.057, 4.5)"
43.443130421312524,2.669922087717333,0,"(0.057, 4.5)"
15.542420655209574,2.6109274801774953,0,"(0.057, 4.5)"
13.466856444906444,2.5383158834941653,0,"(0.057, 4.5)"
9.736249392014,2.471715356919878,0,"(0.057, 4.5)"
31.382961460109804,2.655344508931853,0,"(0.057, 4.5)"
8.423864379571752,2.4707374911188458,0,"(0.057, 4.5)"
1.6699619837570936,1.9092568749014849,0,"(0.057, 4.5)"
11.398020489746706,2.4490499045629623,0,"(0.057, 4.5)"
38.13745274203829,2.6142727937407217,0,"(0.057, 4.5)"
40.269099657656625,2.6503843224841765,0,"(0.057, 4.5)"
22.93526862896979,2.3171075248263486,0,"(0.057, 4.5)"
18.601544152479622,2.3332589737960037,0,"(0.057, 4.5)"
17.54411928150803,2.5842929788017592,0,"(0.057, 4.5)"
24.3026146708522,2.6331993942061063,0,"(0.057, 4.5)"
23.846551323914905,2.634490864520617,0,"(0.057, 4.5)"
3.7579020960256457,2.195889824165361,0,"(0.057, 4.5)"
10.726211198512466,2.506064344619801,0,"(0.057, 4.5)"
21.482304775342342,2.5803966363424937,0,"(0.057, 4.5)"
2.3170081680640577,1.5782387960256143,0,"(0.057, 4.5)"
10.602023376664148,1.561987536678146,0,"(0.057, 4.5)"
32.29356346349232,2.669045853321838,0,"(0.057, 4.5)"
14.630038722930475,2.5890090354304043,0,"(0.057, 4.5)"
15.209048362215984,2.3109052900350853,0,"(0.057, 4.5)"
31.07474993020296,2.3554995016120603,0,"(0.057, 4.5)"
29.602128281956546,2.626180632819182,0,"(0.057, 4.5)"
29.578532314067708,2.671841606078063,0,"(0.057, 4.5)"
29.602128281956546,2.4089459327490883,0,"(0.057, 4.5)"
29.578532314067708,2.4158388814358647,0,"(0.057, 4.5)"
3.389675087854266,2.17633577173685,0,"(0.057, 4.5)"
35.03147338475101,2.563634983536283,0,"(0.057, 4.5)"
34.26072327243164,2.0482124089384404,0,"(0.057, 4.5)"
17.359933228930462,2.049966357032585,0,"(0.057, 4.5)"
26.81236130152829,2.634307813411227,0,"(0.057, 4.5)"
41.88108164221048,2.638134506806458,0,"(0.057, 4.5)"
20.382060218788684,2.597527938165212,0,"(0.057, 4.5)"
29.351516570663083,2.644579922057383,0,"(0.057, 4.5)"
35.25551886814647,2.033918476025154,0,"(0.057, 4.5)"
35.50817181686871,2.0306193737224536,0,"(0.057, 4.5)"
7.33072622618638,1.7008734295597516,0,"(0.057, 4.5)"
7.474766882136464,1.6934779053516011,0,"(0.057, 4.5)"
43.70801555649378,2.574733035280179,0,"(0.057, 4.5)"
25.316854685731233,2.565791969653953,0,"(0.057, 4.5)"
43.70801555649378,2.586366711139885,0,"(0.057, 4.5)"
25.316854685731233,2.5544911968684074,0,"(0.057, 4.5)"
11.978347095567734,2.5561922717028795,0,"(0.057, 4.5)"
39.551149944216014,2.67866066217256,0,"(0.057, 4.5)"
16.20607316000387,2.582980046690418,0,"(0.057, 4.5)"
4.936922844313085,2.332466590770292,0,"(0.057, 4.5)"
33.403780318889766,2.4742377032006613,0,"(0.057, 4.5)"
43.670092161512,2.475933890734549,0,"(0.057, 4.5)"
37.875643361499534,2.666678227212308,0,"(0.057, 4.5)"
8.974413994839416,2.513243209087189,0,"(0.057, 4.5)"
19.040505563467743,2.586872962004039,0,"(0.057, 4.5)"
16.512774986354636,2.529758299937696,0,"(0.057, 4.5)"
19.040505563467743,2.479208936281215,0,"(0.057, 4.5)"
16.512774986354636,2.4588235218310657,0,"(0.057, 4.5)"
24.79378449674696,2.094564835875482,0,"(0.057, 4.5)"
9.674765738239511,2.103152451382773,0,"(0.057, 4.5)"
9.81746230046265,2.215760341005277,0,"(0.057, 4.5)"
15.809816353349015,2.2267403008027573,0,"(0.057, 4.5)"
9.81746230046265,2.523361133267088,0,"(0.057, 4.5)"
15.809816353349015,2.579661953084326,0,"(0.057, 4.5)"
40.514304015459494,2.5946260184579795,0,"(0.057, 4.5)"
44.37325709513389,2.575723814419508,0,"(0.057, 4.5)"
33.20233915382996,2.57011846645065,0,"(0.057, 4.5)"
19.85279448069632,2.5705287340376763,0,"(0.057, 4.5)"
16.418315635900946,2.586204444157223,0,"(0.057, 4.5)"
25.94890455673449,2.627175758315545,0,"(0.057, 4.5)"
28.69475123276934,2.432349633102714,0,"(0.057, 4.5)"
24.613713865168396,2.388425918540023,0,"(0.057, 4.5)"
4.3355367467273025,2.3023544096454507,0,"(0.057, 4.5)"
40.25131950005889,2.5878750570178615,0,"(0.057, 4.5)"
7.126027118926868,2.352744214977782,0,"(0.057, 4.5)"
28.651205015694725,2.4811331352849706,0,"(0.057, 4.5)"
20.23147081602365,2.595831855253059,0,"(0.057, 4.5)"
8.17779249586165,2.481868592475821,0,"(0.057, 4.5)"
21.234668640652675,2.6081733700914707,0,"(0.057, 4.5)"
23.43469311688095,2.598061505705066,0,"(0.057, 4.5)"
26.97049541254528,2.6188986480756293,0,"(0.057, 4.5)"
18.062846315046773,2.592070271299217,0,"(0.057, 4.5)"
6.037759929057211,2.3742315133268783,0,"(0.057, 4.5)"
1.7232412110548467,1.7443959255303931,0,"(0.057, 4.5)"
42.855455360747875,2.6759019855059045,0,"(0.057, 4.5)"
30.278814397519454,2.6657624787601084,0,"(0.057, 4.5)"
12.781448560534049,2.4500254436592073,0,"(0.057, 4.5)"
34.32843437488191,2.5190855721782577,0,"(0.057, 4.5)"
12.781448560534049,1.3606255003784025,0,"(0.057, 4.5)"
34.32843437488191,1.4141105208146905,0,"(0.057, 4.5)"
32.11218570317141,2.6696176153851106,0,"(0.057, 4.5)"
38.61558384988457,2.664208105621519,0,"(0.057, 4.5)"
41.513900705426934,2.453314919743026,0,"(0.057, 4.5)"
15.333117921231317,2.420991740254155,0,"(0.057, 4.5)"
2.4770284561440348,2.085718186086594,0,"(0.057, 4.5)"
31.7778452038765,2.6185513521222465,0,"(0.057, 4.5)"
38.68011667532846,1.9482663352594445,0,"(0.057, 4.5)"
3.0550024060532452,1.8314411995265016,0,"(0.057, 4.5)"
38.68011667532846,2.6397912059939457,0,"(0.057, 4.5)"
3.0550024060532452,2.093571190507794,0,"(0.057, 4.5)"
17.363254593499008,1.8401599063565808,0,"(0.057, 4.5)"
0.5255214971490205,1.4557209343999316,0,"(0.057, 4.5)"
23.126934627816084,2.1815675081261543,0,"(0.057, 4.5)"
39.56594812017865,2.202167535601323,0,"(0.057, 4.5)"
38.29558551344089,2.6516853814434316,0,"(0.057, 4.5)"
19.30172978369519,2.636572228697347,0,"(0.057, 4.5)"
41.13006095201708,2.662443827678471,0,"(0.057, 4.5)"
7.723558183060959,2.464509412389172,0,"(0.057, 4.5)"
14.578934485185894,2.5090083157341714,0,"(0.057, 4.5)"
12.10103538655676,2.476481214367161,0,"(0.057, 4.5)"
14.578934485185894,2.5099876819365265,0,"(0.057, 4.5)"
12.10103538655676,2.505719110331866,0,"(0.057, 4.5)"
43.26175132137723,2.623692087271489,0,"(0.057, 4.5)"
36.67161326841451,2.6440456487648025,0,"(0.057, 4.5)"
4.252046451950446,2.1597333233199203,0,"(0.057, 4.5)"
9.03330147592351,2.2607464053728097,0,"(0.057, 4.5)"
34.85799516304396,2.642125744198137,0,"(0.057, 4.5)"
26.47995788464323,2.613058867130752,0,"(0.057, 4.5)"
34.85799516304396,2.3741049415036275,0,"(0.057, 4.5)"
26.47995788464323,2.376290669749346,0,"(0.057, 4.5)"
26.535447433823723,2.536756446606471,0,"(0.057, 4.5)"
31.180621790559965,2.534764599935969,0,"(0.057, 4.5)"
8.05857878783718,2.4681277149801786,0,"(0.057, 4.5)"
39.09210289926269,2.5806424542743773,0,"(0.057, 4.5)"
5.268768772296608,2.343220106166793,0,"(0.057, 4.5)"
26.79204450035468,2.630220331497009,0,"(0.057, 4.5)"
44.35184164270758,2.500457480393609,0,"(0.057, 4.5)"
21.815268067317085,2.442939761979032,0,"(0.057, 4.5)"
29.364438323630026,2.297336780790498,0,"(0.057, 4.5)"
43.48350937133655,2.298060518122071,0,"(0.057, 4.5)"
32.55513204834424,2.6077709302005707,0,"(0.057, 4.5)"
2.2436459441669285,1.951774113609012,0,"(0.057, 4.5)"
32.55513204834424,2.6864106322376267,0,"(0.057, 4.5)"
2.2436459441669285,1.8504537891152573,0,"(0.057, 4.5)"
0.4593067858368158,1.3065550980355929,0,"(0.057, 4.5)"
17.50950858546421,2.598876757429511,0,"(0.057, 4.5)"
0.4593067858368158,1.47304115458756,0,"(0.057, 4.5)"
17.50950858546421,2.446627098407403,0,"(0.057, 4.5)"
8.906361960526556,2.4920648170952022,0,"(0.057, 4.5)"
6.629565439419821,2.378687135820181,0,"(0.057, 4.5)"
18.451458988944072,1.376219534053878,0,"(0.057, 4.5)"
29.86744900112972,1.3409967985746027,0,"(0.057, 4.5)"
18.998095883615317,2.611401632346389,0,"(0.057, 4.5)"
11.706263165688144,2.5511712114668197,0,"(0.057, 4.5)"
24.301462979242206,2.5530761155351405,0,"(0.057, 4.5)"
28.469240294955675,2.539651262247729,0,"(0.057, 4.5)"
36.68346408340149,2.4714793685320813,0,"(0.057, 4.5)"
8.030443494720386,2.3644622510254676,0,"(0.057, 4.5)"
8.7122886327561,2.47135585961994,0,"(0.057, 4.5)"
36.36015128977597,2.664696428245074,0,"(0.057, 4.5)"
39.47326606125571,2.6510252084550547,0,"(0.057, 4.5)"
18.906357750482854,2.5897550344825686,0,"(0.057, 4.5)"
16.169113031495364,2.069349280295695,0,"(0.057, 4.5)"
0.8331780917942525,1.618776581285112,0,"(0.057, 4.5)"
12.012696315627547,2.475248916305989,0,"(0.057, 4.5)"
44.884376709721984,2.581359626721078,0,"(0.057, 4.5)"
5.4258889208082115,2.358178993201406,0,"(0.057, 4.5)"
20.417048644227908,2.588860374136493,0,"(0.057, 4.5)"
36.45023135705851,2.359032482828336,0,"(0.057, 4.5)"
37.68162432997487,2.352232362559508,0,"(0.057, 4.5)"
36.45023135705851,2.664803487870706,0,"(0.057, 4.5)"
37.68162432997487,2.669626947962926,0,"(0.057, 4.5)"
20.42193400859833,2.2163773555764332,0,"(0.057, 4.5)"
32.57746023866348,2.203626166240611,0,"(0.057, 4.5)"
6.5356167332269255,2.3426866567811433,0,"(0.057, 4.5)"
27.88974203132093,2.489375860114808,0,"(0.057, 4.5)"
6.5356167332269255,2.401864244320171,0,"(0.057, 4.5)"
27.88974203132093,2.634483341428824,0,"(0.057, 4.5)"
3.701143973879516,2.1359481652018832,0,"(0.057, 4.5)"
38.08285424574278,2.3184552440742436,0,"(0.057, 4.5)"
43.11009679958224,2.6313480804006435,0,"(0.057, 4.5)"
10.433570676483216,2.5063738865523493,0,"(0.057, 4.5)"
31.027368815755473,1.5886618952698623,0,"(0.057, 4.5)"
13.510830250149594,1.5755372662454972,0,"(0.057, 4.5)"
31.027368815755473,1.9383080229572955,0,"(0.057, 4.5)"
13.510830250149594,1.9100755807501997,0,"(0.057, 4.5)"
2.0084181133657695,1.8016208147340964,0,"(0.057, 4.5)"
6.321921403659508,2.456222877985339,0,"(0.057, 4.5)"
38.49516733558848,2.699326776961032,0,"(0.057, 4.5)"
23.594361965497956,2.635059831142908,0,"(0.057, 4.5)"
22.57483210642822,2.5470193461116635,0,"(0.057, 4.5)"
1.936773191392422,1.9255311415202288,0,"(0.057, 4.5)"
17.213143558660523,2.557847711207627,0,"(0.057, 4.5)"
40.966228037653494,2.620464778047344,0,"(0.057, 4.5)"
23.50736619289965,2.608152906508198,0,"(0.057, 4.5)"
20.774230741057547,2.6161248453914556,0,"(0.057, 4.5)"
11.081160744233058,2.4916560627181776,0,"(0.057, 4.5)"
4.455195081140846,2.2385154464557235,0,"(0.057, 4.5)"
11.081160744233058,2.3587967830597942,0,"(0.057, 4.5)"
4.455195081140846,2.2214963566086285,0,"(0.057, 4.5)"
2.6780879566911606,2.059309036296232,0,"(0.057, 4.5)"
16.73202389669605,2.6032955526969257,0,"(0.057, 4.5)"
42.01531246942468,2.337668455362036,0,"(0.057, 4.5)"
33.18772764476016,2.329302055769072,0,"(0.057, 4.5)"
29.955020263697953,2.626170230790288,0,"(0.057, 4.5)"
35.728616333054376,2.6521339012600595,0,"(0.057, 4.5)"
29.955020263697953,2.600653230772465,0,"(0.057, 4.5)"
35.728616333054376,2.6025796874348788,0,"(0.057, 4.5)"
5.887711688643321,2.374308681550708,0,"(0.057, 4.5)"
39.768165382463486,2.670526123783459,0,"(0.057, 4.5)"
27.1700114261359,1.6585825765291395,0,"(0.057, 4.5)"
24.833588375430555,1.6434411469080903,0,"(0.057, 4.5)"
21.73728044796735,2.3943668591125293,0,"(0.057, 4.5)"
19.47271803901531,2.387741605480622,0,"(0.057, 4.5)"
25.35837398250587,2.503910503917328,0,"(0.057, 4.5)"
6.767227353993803,2.359600491196343,0,"(0.057, 4.5)"
35.62691896231845,2.614225147355046,0,"(0.057, 4.5)"
30.05893134721555,2.605468466198848,0,"(0.057, 4.5)"
44.07465717289597,2.6777719120939976,0,"(0.057, 4.5)"
41.66324753211811,2.6754911084220097,0,"(0.057, 4.5)"
44.07465717289597,2.511243290871994,0,"(0.057, 4.5)"
41.66324753211811,2.5342906382380206,0,"(0.057, 4.5)"
11.628863092837856,2.5362016978437856,0,"(0.057, 4.5)"
23.215581349562857,2.5918659063931826,0,"(0.057, 4.5)"
16.57541552274488,2.079732790099172,0,"(0.057, 4.5)"
21.26053152913228,2.0755120255623103,0,"(0.057, 4.5)"
40.31871014162898,2.672197226055066,0,"(0.057, 4.5)"
4.240525223966688,2.270176487602984,0,"(0.057, 4.5)"
0.862849378399551,1.5324982236240832,0,"(0.057, 4.5)"
42.96270267018117,1.8080965240508668,0,"(0.057, 4.5)"
37.528217090200634,2.64878745762898,0,"(0.057, 4.5)"
14.411694554658608,2.515624123557535,0,"(0.057, 4.5)"
19.40371801820584,2.611293944537493,0,"(0.057, 4.5)"
11.086704487213868,2.539211986874196,0,"(0.057, 4.5)"
19.40371801820584,2.541530773788221,0,"(0.057, 4.5)"
11.086704487213868,2.5011619453314378,0,"(0.057, 4.5)"
25.268628149013967,2.6545577789680856,1,"(4.5, 9)"
8.089284089300783,2.461231649842283,1,"(4.5, 9)"
0.8948801027145238,1.340901035334741,1,"(4.5, 9)"
0.8946752254385502,1.3780241201162435,1,"(4.5, 9)"
40.29760673562996,2.66979870016959,1,"(4.5, 9)"
40.69231846453622,2.6735908009673985,1,"(4.5, 9)"
40.29760673562996,2.6867690254273846,1,"(4.5, 9)"
40.69231846453622,2.688599688684394,1,"(4.5, 9)"
11.572481862828138,2.5986242200013723,1,"(4.5, 9)"
20.289682838413867,2.634395458612288,1,"(4.5, 9)"
7.605246286699549,2.523261135584904,1,"(4.5, 9)"
32.70513557912782,2.675786941875697,1,"(4.5, 9)"
25.38663260387257,2.657059077043646,1,"(4.5, 9)"
37.787007147353144,2.6994369318004243,1,"(4.5, 9)"
20.020088958647104,2.647765016952161,1,"(4.5, 9)"
9.413431669631974,2.5348069400850393,1,"(4.5, 9)"
21.809827809548008,2.6568400011930584,1,"(4.5, 9)"
27.83096456606873,2.675925049465288,1,"(4.5, 9)"
21.809827809548008,2.6648698652044893,1,"(4.5, 9)"
27.83096456606873,2.6927156032725352,1,"(4.5, 9)"
27.108490514336157,2.6275025528476608,1,"(4.5, 9)"
22.096972019318493,2.643706272099869,1,"(4.5, 9)"
5.900536612607539,2.39741446602772,1,"(4.5, 9)"
3.3190540499053895,2.1171657223030684,1,"(4.5, 9)"
29.942146108904858,2.679383999708042,1,"(4.5, 9)"
10.514261805126443,2.585556802507991,1,"(4.5, 9)"
13.357371477084236,2.5955776170853806,1,"(4.5, 9)"
37.99895624769851,2.689385906941133,1,"(4.5, 9)"
13.357371477084236,2.6122129017833684,1,"(4.5, 9)"
37.99895624769851,2.683330168376084,1,"(4.5, 9)"
31.97513368991204,2.6785893110361414,1,"(4.5, 9)"
33.890131551818925,2.69419744262642,1,"(4.5, 9)"
42.09094655374065,2.70762032506335,1,"(4.5, 9)"
13.408124066051098,2.635893371578243,1,"(4.5, 9)"
42.09094655374065,2.707499624439098,1,"(4.5, 9)"
13.408124066051098,2.6060061307703406,1,"(4.5, 9)"
2.6134801547043027,1.942369302710404,1,"(4.5, 9)"
30.895393271232027,2.696624988257209,1,"(4.5, 9)"
23.57202590494417,2.6587243608655795,1,"(4.5, 9)"
23.69735625041649,2.663055077063498,1,"(4.5, 9)"
17.22569084754214,2.629886251270474,1,"(4.5, 9)"
4.558275017654523,2.267099222480348,1,"(4.5, 9)"
2.0319399419706317,1.7781449775104616,1,"(4.5, 9)"
37.11123929559253,2.661916737620604,1,"(4.5, 9)"
30.955148320086305,2.680633966680064,1,"(4.5, 9)"
33.06264311852865,2.684828449381754,1,"(4.5, 9)"
14.440601633116604,2.604400506734545,1,"(4.5, 9)"
16.859366845339537,2.631434153145654,1,"(4.5, 9)"
14.440601633116604,2.6163920343168625,1,"(4.5, 9)"
16.859366845339537,2.6291560328192554,1,"(4.5, 9)"
30.94139801561833,2.6697834401801073,1,"(4.5, 9)"
12.539295676862825,2.562060754791498,1,"(4.5, 9)"
43.125045096082616,2.702943390968912,1,"(4.5, 9)"
35.78778898455202,2.677762330953885,1,"(4.5, 9)"
3.675260488828645,2.167079623309938,1,"(4.5, 9)"
7.10693610678427,2.484173311789634,1,"(4.5, 9)"
6.459623632254079,2.451191242244342,1,"(4.5, 9)"
19.39156206417829,2.6505648988813792,1,"(4.5, 9)"
34.721891931677234,2.646422757734819,1,"(4.5, 9)"
24.917024206509815,2.661944261574107,1,"(4.5, 9)"
34.721891931677234,2.6945215324180185,1,"(4.5, 9)"
24.917024206509815,2.6811653271069664,1,"(4.5, 9)"
28.1070513474755,2.6798665420651773,1,"(4.5, 9)"
0.2628144912421703,1.21642022247542,1,"(4.5, 9)"
26.319869736721746,2.6842370817312524,1,"(4.5, 9)"
29.95591420512647,2.6842501873388667,1,"(4.5, 9)"
36.41851678173989,2.687144837331327,1,"(4.5, 9)"
6.894988346053288,2.4778932909796194,1,"(4.5, 9)"
36.41851678173989,2.661790430321511,1,"(4.5, 9)"
6.894988346053288,2.4416109288258587,1,"(4.5, 9)"
8.274927600473166,2.5102814141367498,1,"(4.5, 9)"
34.68695750944316,2.6853071563273185,1,"(4.5, 9)"
5.484354172181338,2.3956466874469844,1,"(4.5, 9)"
23.109733685990797,2.666146657204941,1,"(4.5, 9)"
44.82780554750934,2.6810562380583036,1,"(4.5, 9)"
17.06846775803715,2.6007839888643978,1,"(4.5, 9)"
29.148081138404088,2.642363525581492,1,"(4.5, 9)"
41.535795907257125,2.6976787539812115,1,"(4.5, 9)"
16.140484676556664,2.6314694400911023,1,"(4.5, 9)"
43.04657781105489,2.693849658381272,1,"(4.5, 9)"
32.7668516559992,2.683543945396026,1,"(4.5, 9)"
4.1597658587154,2.24216575797457,1,"(4.5, 9)"
0.2469875332899391,1.1845942709338324,1,"(4.5, 9)"
21.201378804398704,2.673289804341757,1,"(4.5, 9)"
18.93033739230596,2.6380509086481405,1,"(4.5, 9)"
31.441913996217774,2.651635972438828,1,"(4.5, 9)"
18.422172799613328,2.619085287827231,1,"(4.5, 9)"
15.761651229579003,2.6661036354195216,1,"(4.5, 9)"
24.164247867930683,2.6571102782348976,1,"(4.5, 9)"
32.84287761938758,2.6684063510643377,1,"(4.5, 9)"
24.164247867930683,2.666292061518848,1,"(4.5, 9)"
32.84287761938758,2.653461735210667,1,"(4.5, 9)"
37.258615382062274,2.697599373282064,1,"(4.5, 9)"
9.604993973951789,2.549292101769973,1,"(4.5, 9)"
32.61116623450071,2.684404942987799,1,"(4.5, 9)"
44.44334107330069,2.698597122309071,1,"(4.5, 9)"
44.32084116558544,2.708456251526462,1,"(4.5, 9)"
24.521663057664412,2.6618135594418546,1,"(4.5, 9)"
5.288844777783379,2.3418318458503604,1,"(4.5, 9)"
18.46942066429183,2.6256250923277022,1,"(4.5, 9)"
5.288844777783379,2.3758589738742377,1,"(4.5, 9)"
18.46942066429183,2.6472169774970573,1,"(4.5, 9)"
8.117699194373564,2.52412522251724,1,"(4.5, 9)"
8.291740891383961,2.530812900015302,1,"(4.5, 9)"
35.87318601110019,2.6709648128658494,1,"(4.5, 9)"
36.09468518057838,2.68924948532548,1,"(4.5, 9)"
20.998379709664736,2.651757603807369,1,"(4.5, 9)"
28.55632351925597,2.6607073554144804,1,"(4.5, 9)"
22.015102113736795,2.645582689238614,1,"(4.5, 9)"
1.6726848755963148,1.6668020123660316,1,"(4.5, 9)"
34.8736118433997,2.70095838811017,1,"(4.5, 9)"
17.990000135730956,2.6455397401105754,1,"(4.5, 9)"
7.010462897270918,2.430125405743437,1,"(4.5, 9)"
23.504487822065133,2.6291389341839757,1,"(4.5, 9)"
4.17675924403593,2.258173815456693,1,"(4.5, 9)"
34.37928149038926,2.686103957755062,1,"(4.5, 9)"
4.17675924403593,2.2891884640909845,1,"(4.5, 9)"
34.37928149038926,2.6851142413585145,1,"(4.5, 9)"
43.32602011719719,2.6924610627987735,1,"(4.5, 9)"
5.70940440823324,2.3815452611065915,1,"(4.5, 9)"
13.611305934423582,2.6109704017459134,1,"(4.5, 9)"
13.950451421225443,2.596849214746398,1,"(4.5, 9)"
31.507188130775468,2.655120033002298,1,"(4.5, 9)"
15.446841177809985,2.626032200419502,1,"(4.5, 9)"
38.28378798998892,2.6886497842210493,1,"(4.5, 9)"
27.62703016931191,2.645676846823968,1,"(4.5, 9)"
23.05404842752032,2.662073984697444,1,"(4.5, 9)"
3.149778240406886,2.0650281819073317,1,"(4.5, 9)"
23.05404842752032,2.675868306573453,1,"(4.5, 9)"
3.149778240406886,2.0022269065996925,1,"(4.5, 9)"
17.425122549152004,2.6288411150610647,1,"(4.5, 9)"
42.56332690631971,2.686015036691176,1,"(4.5, 9)"
18.16031016940251,2.637073376790574,1,"(4.5, 9)"
25.097634828276934,2.6565749174073168,1,"(4.5, 9)"
38.755077017331494,2.676112095830905,1,"(4.5, 9)"
39.68241607919335,2.6926995582970337,1,"(4.5, 9)"
10.86557517689653,2.570712979287264,1,"(4.5, 9)"
0.4115102234762162,1.243975985546428,1,"(4.5, 9)"
10.86557517689653,2.581777966982522,1,"(4.5, 9)"
0.4115102234762162,1.198903685271152,1,"(4.5, 9)"
15.326646537147464,2.609464477383818,1,"(4.5, 9)"
35.288951959414405,2.677111209332526,1,"(4.5, 9)"
12.854693777486684,2.60558617122117,1,"(4.5, 9)"
9.105840883543715,2.538016557325478,1,"(4.5, 9)"
29.742692806012933,2.680881221369258,1,"(4.5, 9)"
36.60150911230594,2.666456232900258,1,"(4.5, 9)"
29.742692806012933,2.7019858754971797,1,"(4.5, 9)"
36.60150911230594,2.6803498481762715,1,"(4.5, 9)"
42.83227789676748,2.6904910137270623,1,"(4.5, 9)"
16.293715882627296,2.6170498617518154,1,"(4.5, 9)"
26.95829232083634,2.6819576937643306,1,"(4.5, 9)"
26.429315730137752,2.6616133862086073,1,"(4.5, 9)"
20.175752778863536,2.6644176714680587,1,"(4.5, 9)"
39.18384693507105,2.704198757807633,1,"(4.5, 9)"
25.933185186563065,2.6498723497860786,1,"(4.5, 9)"
10.821243234118448,2.5608811479095412,1,"(4.5, 9)"
25.933185186563065,2.6606393704991773,1,"(4.5, 9)"
10.821243234118448,2.5573493705435624,1,"(4.5, 9)"
43.936321809049694,2.6711246784646585,1,"(4.5, 9)"
43.57790994620882,2.7062683006829436,1,"(4.5, 9)"
28.72372127310373,2.69409095019537,1,"(4.5, 9)"
21.701524632796648,2.656504298594453,1,"(4.5, 9)"
11.766426671342924,2.5978404852687165,1,"(4.5, 9)"
26.90873759831302,2.673478782380744,1,"(4.5, 9)"
16.438712144130843,2.6548799518333537,1,"(4.5, 9)"
17.57967821522616,2.643882415362718,1,"(4.5, 9)"
9.848832511156798,2.5557552412919695,1,"(4.5, 9)"
29.79759141779505,2.6773657205862187,1,"(4.5, 9)"
9.848832511156798,2.5613489529527307,1,"(4.5, 9)"
29.79759141779505,2.678151551801338,1,"(4.5, 9)"
37.66492348294705,2.688646937857866,1,"(4.5, 9)"
13.188272999040784,2.5685664082998194,1,"(4.5, 9)"
19.063684450788426,2.6551904130887776,1,"(4.5, 9)"
30.498034254973756,2.676233339081049,1,"(4.5, 9)"
24.938391725858676,2.6383280120055277,1,"(4.5, 9)"
13.888689043931665,2.5787898926086763,1,"(4.5, 9)"
37.80239404197782,2.6852021719887427,1,"(4.5, 9)"
34.19716823990457,2.6909969426525286,1,"(4.5, 9)"
33.34150486928411,2.6900401322701444,1,"(4.5, 9)"
1.5912891935091469,1.5945436395955743,1,"(4.5, 9)"
33.34150486928411,2.681550211144123,1,"(4.5, 9)"
1.5912891935091469,1.6455196054379002,1,"(4.5, 9)"
16.27928128638305,2.6502996789809816,1,"(4.5, 9)"
41.39992028474808,2.6965147801568903,1,"(4.5, 9)"
4.481687462795526,2.316101975225599,1,"(4.5, 9)"
27.609014323307203,2.6941993605349563,1,"(4.5, 9)"
7.266736321337522,2.50546383285408,1,"(4.5, 9)"
38.48347107861191,2.693818921517133,1,"(4.5, 9)"
35.33044128231704,2.6823326967963395,1,"(4.5, 9)"
10.12084058537148,2.5217639957300024,1,"(4.5, 9)"
20.35583379245363,2.6211438400996325,1,"(4.5, 9)"
15.201691032527016,2.6231844854489452,1,"(4.5, 9)"
21.463098137732597,2.6685255852478513,1,"(4.5, 9)"
44.50520911267959,2.7059433278732974,1,"(4.5, 9)"
34.240325508313255,2.692091417219463,1,"(4.5, 9)"
25.72899881671183,2.686412548198413,1,"(4.5, 9)"
6.250031415978447,2.407331331294688,1,"(4.5, 9)"
19.984060615673663,2.6519282161382582,1,"(4.5, 9)"
6.250031415978447,2.440843515507991,1,"(4.5, 9)"
19.984060615673663,2.632361698846265,1,"(4.5, 9)"
3.4601437028031796,2.141346270346206,1,"(4.5, 9)"
9.806031873216854,2.5357699540807492,1,"(4.5, 9)"
15.19105143826455,2.6227296288488295,1,"(4.5, 9)"
11.306351221166551,2.5925880961892545,1,"(4.5, 9)"
32.32257059440017,2.6757022208929224,1,"(4.5, 9)"
28.782631904399025,2.6743641767781536,1,"(4.5, 9)"
32.32257059440017,2.660207548412282,1,"(4.5, 9)"
28.782631904399025,2.6525448691691937,1,"(4.5, 9)"
41.74078738535754,2.700642017032075,1,"(4.5, 9)"
8.30990526713431,2.5812000525797414,1,"(4.5, 9)"
38.91261098110117,2.702279769595186,1,"(4.5, 9)"
18.507047041645276,2.649162519731743,1,"(4.5, 9)"
23.91324716610834,2.6649718595380603,1,"(4.5, 9)"
40.38274638876319,2.7064671669969904,1,"(4.5, 9)"
17.981590204034003,2.621171580934175,1,"(4.5, 9)"
1.1118673253338784,1.510941215852233,1,"(4.5, 9)"
10.13764248955995,2.531398044799236,1,"(4.5, 9)"
43.26359291439876,2.6820819444270754,1,"(4.5, 9)"
1.6899900143034758,1.6665439696517266,1,"(4.5, 9)"
30.960705333622176,2.6750826146592828,1,"(4.5, 9)"
1.6899900143034758,1.7087613420081436,1,"(4.5, 9)"
30.960705333622176,2.6642076154639613,1,"(4.5, 9)"
40.89621095648035,2.702261905603342,1,"(4.5, 9)"
14.746427812147887,2.605770828200363,1,"(4.5, 9)"
14.785273824678736,2.6244676008814194,1,"(4.5, 9)"
10.696808504592628,2.568292950818144,1,"(4.5, 9)"
43.47241786653176,2.7021942750313213,1,"(4.5, 9)"
29.64840061431751,2.68222276866588,1,"(4.5, 9)"
35.063134459219874,2.6937006318174914,1,"(4.5, 9)"
41.93200252023526,2.702022212322583,1,"(4.5, 9)"
27.76304368837737,2.67404374779239,1,"(4.5, 9)"
17.28977431608364,2.64556914949397,1,"(4.5, 9)"
27.76304368837737,2.6602954121989444,1,"(4.5, 9)"
17.28977431608364,2.5951334240843367,1,"(4.5, 9)"
21.84676549951546,2.6330519587181263,1,"(4.5, 9)"
22.804278077790517,2.6550355773722707,1,"(4.5, 9)"
20.84976355889812,2.653421219847746,1,"(4.5, 9)"
7.59161688243039,2.469519090782601,1,"(4.5, 9)"
26.652892557810993,2.6915270282330916,1,"(4.5, 9)"
35.394545096252116,2.6699397961858917,1,"(4.5, 9)"
26.652892557810993,2.6856357698172992,1,"(4.5, 9)"
35.394545096252116,2.6913461297831827,1,"(4.5, 9)"
36.08825909220614,2.666749694111622,1,"(4.5, 9)"
12.320951843494552,2.584230698613118,1,"(4.5, 9)"
44.491417615069075,2.6835010732653752,1,"(4.5, 9)"
0.7454379540868105,1.3251780231809411,1,"(4.5, 9)"
15.806797323003414,2.5896804619132303,1,"(4.5, 9)"
26.699692154023797,2.654269225779088,1,"(4.5, 9)"
39.90143805048429,2.688145146597111,1,"(4.5, 9)"
43.74301344295964,2.7001367745511433,1,"(4.5, 9)"
0.5779526229482145,1.2701005059012436,1,"(4.5, 9)"
4.8672034087125216,2.299360152704225,1,"(4.5, 9)"
0.5779526229482145,1.207391952605254,1,"(4.5, 9)"
4.8672034087125216,2.3376964335766974,1,"(4.5, 9)"
9.030358217516916,2.5460902951809605,1,"(4.5, 9)"
16.46183150233701,2.6560626309746556,1,"(4.5, 9)"
9.030358217516916,2.524456820677682,1,"(4.5, 9)"
16.46183150233701,2.650861454612049,1,"(4.5, 9)"
37.06773171802051,2.673111634637721,1,"(4.5, 9)"
33.54304181677289,2.6852297488346877,1,"(4.5, 9)"
24.508201858727265,2.6660683763557973,1,"(4.5, 9)"
38.30191334947013,2.6784822235430426,1,"(4.5, 9)"
36.91742618791759,2.700075387976055,1,"(4.5, 9)"
15.05410584062338,2.6272570603653707,1,"(4.5, 9)"
36.91742618791759,2.67458809514242,1,"(4.5, 9)"
15.05410584062338,2.648170269700832,1,"(4.5, 9)"
8.478189803846181,2.510248570870643,1,"(4.5, 9)"
32.1462926204782,2.6684295707593324,1,"(4.5, 9)"
39.70179201057181,2.689269397162633,1,"(4.5, 9)"
3.4552773860748855,2.114625032666078,1,"(4.5, 9)"
12.24511560299434,2.622227487711366,1,"(4.5, 9)"
23.814267705520617,2.6478848580973513,1,"(4.5, 9)"
12.24511560299434,2.608166643539919,1,"(4.5, 9)"
23.814267705520617,2.668742177950708,1,"(4.5, 9)"
28.93660894078203,2.662953522616721,1,"(4.5, 9)"
17.773028569854798,2.6247611122093093,1,"(4.5, 9)"
5.630741204600781,2.348164606689285,1,"(4.5, 9)"
2.1559930488467214,1.874845604803148,1,"(4.5, 9)"
8.464439499378205,2.5262644058567,1,"(4.5, 9)"
13.730050107603894,2.6010285395397745,1,"(4.5, 9)"
6.674685996444896,2.4680837604973216,1,"(4.5, 9)"
40.53181185456924,2.700495525417568,1,"(4.5, 9)"
3.8458262213971466,2.228239963731218,1,"(4.5, 9)"
28.249495308659977,2.652910896083387,1,"(4.5, 9)"
30.74827451631427,2.688983153494778,1,"(4.5, 9)"
36.49226406104863,2.7005813940877945,1,"(4.5, 9)"
13.944960886053742,2.58916723416786,1,"(4.5, 9)"
7.8113843909930445,2.489963726342891,1,"(4.5, 9)"
13.944960886053742,2.5928057266676316,1,"(4.5, 9)"
7.8113843909930445,2.4857650426154776,1,"(4.5, 9)"
41.404589887475595,2.6988631720153156,1,"(4.5, 9)"
32.35824038120918,2.687784156710172,1,"(4.5, 9)"
41.404589887475595,2.69898889739467,1,"(4.5, 9)"
32.35824038120918,2.6856984757616393,1,"(4.5, 9)"
1.8841704274993392,1.7591506296570816,1,"(4.5, 9)"
16.15493731573224,2.59831727964836,1,"(4.5, 9)"
10.29345651404001,2.5721091332454997,1,"(4.5, 9)"
5.262567906593904,2.381375953272424,1,"(4.5, 9)"
38.61401377995499,2.698381098095182,1,"(4.5, 9)"
44.665156852267685,2.693449782561548,1,"(4.5, 9)"
38.61401377995499,2.6785521227998133,1,"(4.5, 9)"
44.665156852267685,2.701955579353673,1,"(4.5, 9)"
22.72105784090236,2.672354235511933,1,"(4.5, 9)"
20.19714290420525,2.632918151079211,1,"(4.5, 9)"
17.824597402615474,2.629788162922357,1,"(4.5, 9)"
41.7953710203059,2.6688661648029224,1,"(4.5, 9)"
17.824597402615474,2.608268921817258,1,"(4.5, 9)"
41.7953710203059,2.66805923538438,1,"(4.5, 9)"
23.36810913248919,2.6539128555471243,1,"(4.5, 9)"
2.5135181706864387,1.8949289244602017,1,"(4.5, 9)"
11.204052740335468,2.5861032594683424,1,"(4.5, 9)"
17.09726490438916,2.658806435384384,1,"(4.5, 9)"
2.7954580622725187,2.009985094488033,1,"(4.5, 9)"
6.898664959613234,2.4648976805891047,1,"(4.5, 9)"
30.079112972924488,2.6712060111421145,1,"(4.5, 9)"
31.514414638746533,2.675991253842425,1,"(4.5, 9)"
42.49313580086455,2.712253747832977,1,"(4.5, 9)"
11.218645787844435,2.5907009197416317,1,"(4.5, 9)"
42.49313580086455,2.6663335401956476,1,"(4.5, 9)"
11.218645787844435,2.5397163571614865,1,"(4.5, 9)"
2.91346251713112,1.9667039592286184,1,"(4.5, 9)"
38.70332415504381,2.690060358843704,1,"(4.5, 9)"
34.04616636149585,2.6944923000064613,1,"(4.5, 9)"
21.39247282976285,2.654902773321451,1,"(4.5, 9)"
35.83333332021721,2.668529511765553,1,"(4.5, 9)"
37.08259369311854,2.70227239350702,1,"(4.5, 9)"
4.632014259276912,2.3155370294042465,1,"(4.5, 9)"
20.993965010438117,2.631003752700113,1,"(4.5, 9)"
44.28642730913125,2.692220891864914,1,"(4.5, 9)"
26.21216716771014,2.6552495689869167,1,"(4.5, 9)"
28.37633770201355,2.650129024777524,1,"(4.5, 9)"
4.323071592953056,2.25953656401218,1,"(4.5, 9)"
16.780629837326707,2.64687103155773,1,"(4.5, 9)"
0.1904225249309092,1.1654332999323054,1,"(4.5, 9)"
33.54237255379557,2.663459519215832,1,"(4.5, 9)"
39.988081839401275,2.6777777175788806,1,"(4.5, 9)"
1.0955496498849244,1.4390106104023666,1,"(4.5, 9)"
24.701647074799983,2.6711099770576663,1,"(4.5, 9)"
25.08991890056059,2.665561266996668,1,"(4.5, 9)"
29.09022469990887,2.6783428923607233,1,"(4.5, 9)"
19.61428811112419,2.6372331606392865,1,"(4.5, 9)"
12.491852605249736,2.565699522903496,1,"(4.5, 9)"
19.61428811112419,2.6521456487180273,1,"(4.5, 9)"
12.491852605249736,2.599127962379063,1,"(4.5, 9)"
19.70988898049109,2.6661641435221473,1,"(4.5, 9)"
2.6474269880913197,1.9747187166671256,1,"(4.5, 9)"
24.98351663663052,2.6549391549942207,1,"(4.5, 9)"
41.742725891107696,2.706853519218601,1,"(4.5, 9)"
9.407561521232129,2.5589234971702512,1,"(4.5, 9)"
22.944224746571855,2.6390993336998294,1,"(4.5, 9)"
1.0044083568267526,1.3814792188047216,1,"(4.5, 9)"
34.54468753067776,2.6987987564675056,1,"(4.5, 9)"
33.43665366065688,2.7000656751948986,1,"(4.5, 9)"
30.14492081822828,2.6960909498093706,1,"(4.5, 9)"
16.875542312348262,2.601723750541434,1,"(4.5, 9)"
12.844231179775672,2.583468155400805,1,"(4.5, 9)"
16.875542312348262,2.6100287682516554,1,"(4.5, 9)"
12.844231179775672,2.5444984458340523,1,"(4.5, 9)"
44.201812617387624,2.702225604924105,1,"(4.5, 9)"
38.842730833636594,2.689674297196156,1,"(4.5, 9)"
44.201812617387624,2.6810879383983006,1,"(4.5, 9)"
38.842730833636594,2.6561031208944343,1,"(4.5, 9)"
4.70548478262499,2.2958008197896,1,"(4.5, 9)"
11.171498352382333,2.5276540077353857,1,"(4.5, 9)"
35.74940166436136,2.682095858612891,1,"(4.5, 9)"
27.261391631048173,2.651212299935787,1,"(4.5, 9)"
25.672089653043077,2.6480192786839005,1,"(4.5, 9)"
3.9679730151314287,2.2653562521056876,1,"(4.5, 9)"
27.393942288775,2.6629496377667454,1,"(4.5, 9)"
33.271491430187595,2.679422909014322,1,"(4.5, 9)"
3.0056192378979176,2.0780321421257297,1,"(4.5, 9)"
26.071396761666985,2.677863438968577,1,"(4.5, 9)"
42.39016964784823,2.684390209192254,1,"(4.5, 9)"
21.039748718449847,2.6298294810042013,1,"(4.5, 9)"
42.39016964784823,2.704845961078503,1,"(4.5, 9)"
21.039748718449847,2.636927634389513,1,"(4.5, 9)"
15.066433809511365,2.6119878432387913,1,"(4.5, 9)"
40.03557422556914,2.679622499882474,1,"(4.5, 9)"
11.13229173240252,2.5714956855015947,1,"(4.5, 9)"
7.254103883216158,2.470695812563467,1,"(4.5, 9)"
23.286909117829055,2.643796311995563,1,"(4.5, 9)"
12.35655862656422,2.589392511103501,1,"(4.5, 9)"
17.894645211193712,2.6290265490020506,1,"(4.5, 9)"
29.141484667826447,2.658310874379958,1,"(4.5, 9)"
38.54344611726701,2.700017068756084,1,"(4.5, 9)"
32.01133480127901,2.6863246563970975,1,"(4.5, 9)"
38.54344611726701,2.7068519888073785,1,"(4.5, 9)"
32.01133480127901,2.6853932235275177,1,"(4.5, 9)"
10.374822557158769,2.5530581213334935,1,"(4.5, 9)"
15.105715531622993,2.609348058830711,1,"(4.5, 9)"
1.96622519986704,1.770300126774785,1,"(4.5, 9)"
3.5024227283895017,2.164598057538832,1,"(4.5, 9)"
41.33333918889984,2.673186440058123,1,"(4.5, 9)"
42.20265260222368,2.6921811192322567,1,"(4.5, 9)"
41.33333918889984,2.684120458817787,1,"(4.5, 9)"
42.20265260222368,2.6823864705298615,1,"(4.5, 9)"
31.240259916195647,2.667030218182135,1,"(4.5, 9)"
21.949065445549788,2.639951310828663,1,"(4.5, 9)"
14.04843617626466,2.631617202266509,1,"(4.5, 9)"
17.632594490749764,2.649257080233314,1,"(4.5, 9)"
30.655941050173716,2.688164503970497,1,"(4.5, 9)"
23.860400969162587,2.665592344042441,1,"(4.5, 9)"
3.7413209351710974,2.167713998830311,1,"(4.5, 9)"
40.88143073972314,2.6913887949884323,1,"(4.5, 9)"
6.569491980969906,2.4294103152789663,1,"(4.5, 9)"
30.70923802736215,2.649625138150646,1,"(4.5, 9)"
22.457764963014053,2.666343031466193,1,"(4.5, 9)"
6.056743018515408,2.429844976401906,1,"(4.5, 9)"
20.733014825079593,2.645550452760644,1,"(4.5, 9)"
24.161513463780285,2.627098663695867,1,"(4.5, 9)"
8.384801558824257,2.571724316203614,1,"(4.5, 9)"
1.0981870157178493,1.3889080106921683,1,"(4.5, 9)"
5.5504091763403265,2.3440028651169227,1,"(4.5, 9)"
11.978467744588851,2.615291200005334,1,"(4.5, 9)"
28.862629280239343,2.6842291821544646,1,"(4.5, 9)"
7.9504547426477075,2.512975914985967,1,"(4.5, 9)"
12.329907040111722,2.5703100684041904,1,"(4.5, 9)"
36.444767069956285,2.685911142700461,1,"(4.5, 9)"
33.05196835938841,2.6999929480816127,1,"(4.5, 9)"
37.95194876007736,2.6962150573306993,1,"(4.5, 9)"
39.6067027901765,2.6700468994644586,1,"(4.5, 9)"
16.10915034241043,2.599397843427509,1,"(4.5, 9)"
8.585111921885984,2.538061081763735,1,"(4.5, 9)"
44.79872951018624,2.6985638688649636,1,"(4.5, 9)"
36.821659290092065,2.6931481395038004,1,"(4.5, 9)"
5.20957305431366,2.3567070001624275,1,"(4.5, 9)"
36.821659290092065,2.6834756653559064,1,"(4.5, 9)"
5.20957305431366,2.355711721651549,1,"(4.5, 9)"
18.48822780377232,2.6318058821277734,1,"(4.5, 9)"
27.046935316780583,2.691267400465548,1,"(4.5, 9)"
36.973163523897526,2.6891938025058573,1,"(4.5, 9)"
43.38757460308261,2.694275605291573,1,"(4.5, 9)"
9.13573550898582,2.5195968651135447,1,"(4.5, 9)"
3.809394612628967,2.1878544308263193,1,"(4.5, 9)"
9.13573550898582,2.482517183237208,1,"(4.5, 9)"
3.809394612628967,2.219534123362544,1,"(4.5, 9)"
0.6826361616142095,1.2826032948166206,1,"(4.5, 9)"
14.710257260734217,2.6585603495989183,1,"(4.5, 9)"
0.6826361616142095,1.322212947137268,1,"(4.5, 9)"
14.710257260734217,2.599999358125855,1,"(4.5, 9)"
39.80754786869511,2.6912810649280874,1,"(4.5, 9)"
31.089140486624096,2.6514019818907375,1,"(4.5, 9)"
29.41479635429569,2.657133205880099,1,"(4.5, 9)"
35.04457791135646,2.6654414354731917,1,"(4.5, 9)"
44.562139249686155,2.697864416232064,1,"(4.5, 9)"
13.37599358232692,2.605659620592972,1,"(4.5, 9)"
36.1583027144894,2.6788040991822344,1,"(4.5, 9)"
2.4997417437378315,1.9455087449937525,1,"(4.5, 9)"
26.58113272204064,2.658604154916564,1,"(4.5, 9)"
22.76260966518894,2.667729048114971,1,"(4.5, 9)"
20.932659525377677,2.6216159063046907,1,"(4.5, 9)"
17.412711775349454,2.6363974193451445,1,"(4.5, 9)"
21.949387371633204,2.6578893343930576,1,"(4.5, 9)"
35.43483370603062,2.6948452370737908,1,"(4.5, 9)"
27.67122856928036,2.664336040589632,1,"(4.5, 9)"
7.46729962034151,2.4679675838095965,1,"(4.5, 9)"
35.158723439509046,2.697499503556371,1,"(4.5, 9)"
29.301503155799587,2.6680973238553136,1,"(4.5, 9)"
30.50012836530805,2.6951501973523286,1,"(4.5, 9)"
19.041694261925297,2.6594999418194325,1,"(4.5, 9)"
40.8265047495719,2.685899337825556,1,"(4.5, 9)"
4.902015591133386,2.3013396814303615,1,"(4.5, 9)"
1.7708457480650397,1.6943421751566925,1,"(4.5, 9)"
43.61321992096491,2.7033233392481595,1,"(4.5, 9)"
1.7708457480650397,1.655848616601131,1,"(4.5, 9)"
43.61321992096491,2.6928565775234654,1,"(4.5, 9)"
10.21780982897617,2.6004390820195065,1,"(4.5, 9)"
33.420445289369674,2.712464468099006,1,"(4.5, 9)"
17.49118299549446,2.6425495395046767,1,"(4.5, 9)"
8.94216453661211,2.5118397118287983,1,"(4.5, 9)"
18.05043629477732,2.6353386317793883,1,"(4.5, 9)"
13.765753677813338,2.605429040027098,1,"(4.5, 9)"
23.83358896388673,2.643411002058952,1,"(4.5, 9)"
30.53970593288541,2.672771815022979,1,"(4.5, 9)"
23.83358896388673,2.6611900312569214,1,"(4.5, 9)"
30.53970593288541,2.6780728908064755,1,"(4.5, 9)"
41.82558032954112,2.7034581325257374,1,"(4.5, 9)"
18.15433088429272,2.6359171526094936,1,"(4.5, 9)"
32.242234714748335,2.68215543904014,1,"(4.5, 9)"
41.43508219025098,2.7056598413146875,1,"(4.5, 9)"
15.260591616714375,2.6298612260226695,1,"(4.5, 9)"
1.4618318310007454,1.5800412951011984,1,"(4.5, 9)"
12.92041404549964,2.5920639806688204,1,"(4.5, 9)"
42.74540955498814,2.691667642709793,1,"(4.5, 9)"
6.341337397880852,2.4435928979881956,1,"(4.5, 9)"
10.161478750780226,2.5834093698360667,1,"(4.5, 9)"
6.341337397880852,2.449087169477779,1,"(4.5, 9)"
10.161478750780226,2.57194514247801,1,"(4.5, 9)"
34.13788038156927,2.6781267098667447,1,"(4.5, 9)"
38.35949014346115,2.695436074642651,1,"(4.5, 9)"
35.24805445303209,2.679761501694585,1,"(4.5, 9)"
19.942042647441852,2.6815313020115292,1,"(4.5, 9)"
7.338319411734119,2.4708316412302347,1,"(4.5, 9)"
25.85159994903952,2.6490355518282698,1,"(4.5, 9)"
7.338319411734119,2.4765045592538493,1,"(4.5, 9)"
25.85159994903952,2.6622198447609864,1,"(4.5, 9)"
4.553958947537467,2.314523989828534,1,"(4.5, 9)"
37.43148098136298,2.683711062063191,1,"(4.5, 9)"
11.832141329720615,2.582111583199191,1,"(4.5, 9)"
15.554066844098273,2.660900635081812,1,"(4.5, 9)"
16.37265161406249,2.613329019616613,1,"(4.5, 9)"
28.74611162990332,2.68681593930675,1,"(4.5, 9)"
33.236987359076736,2.69107021854784,1,"(4.5, 9)"
11.434450214682148,2.573248091495532,1,"(4.5, 9)"
40.74027092452161,2.6924586571867497,1,"(4.5, 9)"
35.95731333438307,2.7022097128585667,1,"(4.5, 9)"
37.90656727128662,2.6936326324685944,1,"(4.5, 9)"
24.352648849738763,2.662152873415742,1,"(4.5, 9)"
24.833191179763528,2.6712475919827052,1,"(4.5, 9)"
1.2361878527328374,1.4633040714152774,1,"(4.5, 9)"
24.833191179763528,2.6275694985114444,1,"(4.5, 9)"
1.2361878527328374,1.5552099657737335,1,"(4.5, 9)"
19.157743507716805,2.6244890970763004,1,"(4.5, 9)"
40.34245987213217,2.675545267617746,1,"(4.5, 9)"
19.348798642400656,2.6338069644238957,1,"(4.5, 9)"
19.33397455327213,2.6430307484704576,1,"(4.5, 9)"
37.73667670437135,2.6798697943341665,1,"(4.5, 9)"
0.5344509480521084,1.2568677359938143,1,"(4.5, 9)"
9.765929930331186,2.515697711432262,1,"(4.5, 9)"
39.64073904282414,2.688847774316226,1,"(4.5, 9)"
1.356646523019299,1.527234431674172,1,"(4.5, 9)"
29.44762615859509,2.6722529666894523,1,"(4.5, 9)"
16.520581882260743,2.6060192217846665,1,"(4.5, 9)"
7.735145428916439,2.4470947049150293,1,"(4.5, 9)"
11.661736350879076,2.579688318299691,1,"(4.5, 9)"
36.729947698069736,2.685195206802876,1,"(4.5, 9)"
28.81760467309505,2.670503416729517,1,"(4.5, 9)"
9.069661540910603,2.4956819773376653,1,"(4.5, 9)"
28.81760467309505,2.6945532650743313,1,"(4.5, 9)"
9.069661540910603,2.5235344717593047,1,"(4.5, 9)"
35.39649913315661,2.6652009594738364,1,"(4.5, 9)"
43.925155034661294,2.6743806156877468,1,"(4.5, 9)"
26.02775731580332,2.6769701293677244,1,"(4.5, 9)"
20.64371792986058,2.676465443962862,1,"(4.5, 9)"
26.02775731580332,2.6841105682618975,1,"(4.5, 9)"
20.64371792986058,2.676200063397702,1,"(4.5, 9)"
20.07037942251191,2.638221414941724,1,"(4.5, 9)"
26.553291306830943,2.661226505161259,1,"(4.5, 9)"
34.30638846643269,2.6974524226090804,1,"(4.5, 9)"
14.539073840342464,2.6459581697899774,1,"(4.5, 9)"
29.812405794719236,2.6848438408332034,1,"(4.5, 9)"
26.778935285098857,2.6679265721916035,1,"(4.5, 9)"
29.812405794719236,2.6909669997910974,1,"(4.5, 9)"
26.778935285098857,2.6829730932626936,1,"(4.5, 9)"
12.773844825522977,2.5894113026781964,1,"(4.5, 9)"
21.73634024797939,2.647058470764206,1,"(4.5, 9)"
2.3598013962619007,1.8575590021072452,1,"(4.5, 9)"
2.163432095013559,1.8091330209004168,1,"(4.5, 9)"
10.762959919124842,2.595395456578715,1,"(4.5, 9)"
13.06394711318426,2.618302459501799,1,"(4.5, 9)"
38.84689875077456,2.6952124810605853,1,"(4.5, 9)"
29.83788329288364,2.6559701740808954,1,"(4.5, 9)"
18.266698953462768,2.6315475454786625,1,"(4.5, 9)"
34.94204704929143,2.6845877715405835,1,"(4.5, 9)"
17.333820502366873,2.628041155179621,1,"(4.5, 9)"
32.718901289161295,2.68657165839124,1,"(4.5, 9)"
23.156497489381582,2.650573526279446,1,"(4.5, 9)"
15.802279431605712,2.615218546329619,1,"(4.5, 9)"
23.156497489381582,2.656419123938853,1,"(4.5, 9)"
15.802279431605712,2.617217743672344,1,"(4.5, 9)"
40.961928377812725,2.6805367442500403,1,"(4.5, 9)"
25.86723404438235,2.695577049685326,1,"(4.5, 9)"
31.60894846338779,2.65201954256662,1,"(4.5, 9)"
5.603680156636983,2.375004067725002,1,"(4.5, 9)"
13.68529873993248,2.624623914340724,1,"(4.5, 9)"
1.3199600944761187,1.4955301841126236,1,"(4.5, 9)"
43.40636009941809,2.6982259195454463,1,"(4.5, 9)"
18.3399680741597,2.6400582577094567,1,"(4.5, 9)"
4.107223168155178,2.205201409416948,1,"(4.5, 9)"
24.556814832333476,2.658028913899972,1,"(4.5, 9)"
6.9416101921815425,2.4937639318656397,1,"(4.5, 9)"
36.13635895163752,2.6989848444647246,1,"(4.5, 9)"
6.9416101921815425,2.4053492600022137,1,"(4.5, 9)"
36.13635895163752,2.695373276289992,1,"(4.5, 9)"
34.95326343127526,2.6845313477049766,1,"(4.5, 9)"
8.168798073660584,2.4819176131535956,1,"(4.5, 9)"
21.09140450055711,2.6415992099818526,1,"(4.5, 9)"
41.18688718518242,2.7092757356481294,1,"(4.5, 9)"
35.97839317154139,2.6988760365710225,1,"(4.5, 9)"
23.46419385382906,2.6722585086769755,1,"(4.5, 9)"
8.02364675179124,2.466078203715338,1,"(4.5, 9)"
18.1143227562774,2.62149741893334,1,"(4.5, 9)"
8.02364675179124,2.478551372754855,1,"(4.5, 9)"
18.1143227562774,2.6556364139753006,1,"(4.5, 9)"
5.195470347534865,2.3720908063550503,1,"(4.5, 9)"
5.837493270915002,2.414320722294202,1,"(4.5, 9)"
44.42535457322374,2.690643098461108,1,"(4.5, 9)"
34.34276598826982,2.693029213908647,1,"(4.5, 9)"
12.682081072265284,2.6108857195539343,1,"(4.5, 9)"
30.316459989966827,2.656763701702213,1,"(4.5, 9)"
32.694243216374886,2.6925469936324036,1,"(4.5, 9)"
31.79089078744874,2.6897149545028745,1,"(4.5, 9)"
39.96715019708499,2.685727855665051,1,"(4.5, 9)"
9.95737321828492,2.546530057153488,1,"(4.5, 9)"
24.24663076209836,2.677194723866376,1,"(4.5, 9)"
42.68591807526536,2.665507976837101,1,"(4.5, 9)"
24.24663076209836,2.66149991565136,1,"(4.5, 9)"
42.68591807526536,2.693354964271835,1,"(4.5, 9)"
18.350585774099457,2.633256286538746,1,"(4.5, 9)"
3.1077648770995436,2.0741297343234195,1,"(4.5, 9)"
18.857548816408965,2.6761023628800475,1,"(4.5, 9)"
44.09580034869723,2.7048883324109254,1,"(4.5, 9)"
8.763649699697272,2.4955920702529,1,"(4.5, 9)"
20.84627813342959,2.632182540347954,1,"(4.5, 9)"
32.8514702828601,2.6890641405911007,1,"(4.5, 9)"
16.81221614456736,2.6374495823414463,1,"(4.5, 9)"
16.06701808832586,2.6195612797954735,1,"(4.5, 9)"
33.20205842088908,2.6751474744037034,1,"(4.5, 9)"
16.06701808832586,2.643550665184677,1,"(4.5, 9)"
33.20205842088908,2.687823839327198,1,"(4.5, 9)"
29.04613970667124,2.676326435024806,1,"(4.5, 9)"
28.903924777684736,2.661437549918969,1,"(4.5, 9)"
44.93351782630198,2.7153947849914255,1,"(4.5, 9)"
7.247364827431738,2.514622867883484,1,"(4.5, 9)"
44.93351782630198,2.7099401754531987,1,"(4.5, 9)"
7.247364827431738,2.494813539654857,1,"(4.5, 9)"
5.389435082813725,2.335460552591193,1,"(4.5, 9)"
35.741661079367624,2.6867640213360096,1,"(4.5, 9)"
8.17933083367534,2.5140871065080437,1,"(4.5, 9)"
24.864375644549728,2.6856786954500658,1,"(4.5, 9)"
36.52492314823903,2.698039248799973,1,"(4.5, 9)"
19.525479672802614,2.648978514385243,1,"(4.5, 9)"
26.217234552185985,2.6474526074155516,1,"(4.5, 9)"
39.77838086318225,2.706105445452062,1,"(4.5, 9)"
28.024141901126132,2.6850254477464066,1,"(4.5, 9)"
12.894741884618998,2.6036017763247767,1,"(4.5, 9)"
34.803087843768296,2.6681828843645836,1,"(4.5, 9)"
34.738226268580185,2.6972423277221753,1,"(4.5, 9)"
6.389571721106768,2.4197373264770734,1,"(4.5, 9)"
6.759690934605897,2.4552788636377114,1,"(4.5, 9)"
3.604525541793555,2.21877934067765,1,"(4.5, 9)"
16.929402764840052,2.637155932063646,1,"(4.5, 9)"
43.20692973742261,2.6731747199482485,1,"(4.5, 9)"
23.15722531862557,2.6447045110428755,1,"(4.5, 9)"
43.20692973742261,2.6969156570536272,1,"(4.5, 9)"
23.15722531862557,2.6445137120723747,1,"(4.5, 9)"
30.857800174923614,2.698641369565024,1,"(4.5, 9)"
2.716713811969385,2.00907048643561,1,"(4.5, 9)"
14.348440977232531,2.636536710094298,1,"(4.5, 9)"
4.205558190494775,2.289784936723355,1,"(4.5, 9)"
14.348440977232531,2.596977930777912,1,"(4.5, 9)"
4.205558190494775,2.2485494461534405,1,"(4.5, 9)"
31.058110537985343,2.682247394399651,1,"(4.5, 9)"
42.90580413970165,2.6666884586878363,1,"(4.5, 9)"
10.578910800255835,2.575135009170131,1,"(4.5, 9)"
38.86831399388611,2.6837102896267333,1,"(4.5, 9)"
39.349575110757726,2.6707039039026745,1,"(4.5, 9)"
11.653479428263385,2.5655349285930784,1,"(4.5, 9)"
2.5099982501473277,1.9066135527827412,1,"(4.5, 9)"
40.73844712325372,2.6911629665413357,1,"(4.5, 9)"
42.18327340553515,2.699431744069299,1,"(4.5, 9)"
0.7542511097155512,1.4052996890277618,1,"(4.5, 9)"
31.881776507198815,2.696445520976359,1,"(4.5, 9)"
24.04698392678984,2.67086574800906,1,"(4.5, 9)"
13.27532063983381,2.6139058379063123,1,"(4.5, 9)"
25.368456883262844,2.6837633835001187,1,"(4.5, 9)"
30.01340074259788,2.670705233277106,1,"(4.5, 9)"
20.336835632333536,2.6250659979685307,1,"(4.5, 9)"
3.198571266559884,2.139364903647532,1,"(4.5, 9)"
5.070973325939849,2.3500207850480392,1,"(4.5, 9)"
27.17905139522627,2.6790890338240194,1,"(4.5, 9)"
9.465036588255318,2.561574265586827,1,"(4.5, 9)"
21.72845498463139,2.6195517457609436,1,"(4.5, 9)"
37.652059458987786,2.6905101724393075,1,"(4.5, 9)"
21.72845498463139,2.652740825460518,1,"(4.5, 9)"
37.652059458987786,2.689502072763867,1,"(4.5, 9)"
19.913173622405157,2.6303380236407925,1,"(4.5, 9)"
22.04398729787208,2.6565234142572747,1,"(4.5, 9)"
19.913173622405157,2.6650246385538976,1,"(4.5, 9)"
22.04398729787208,2.644252158997123,1,"(4.5, 9)"
25.48240628349595,2.664365861335986,1,"(4.5, 9)"
27.964532451611017,2.6543189869704245,1,"(4.5, 9)"
4.91712845088914,2.3008562751299526,1,"(4.5, 9)"
32.35516772442497,2.68395194774761,1,"(4.5, 9)"
11.466249897377567,2.602497716277551,1,"(4.5, 9)"
10.468472738657148,2.599932484886694,1,"(4.5, 9)"
33.60843040463514,2.7003945253368644,1,"(4.5, 9)"
6.337710517505184,2.4241314733731683,1,"(4.5, 9)"
40.3715930105187,2.6905371300756364,1,"(4.5, 9)"
30.847906243521724,2.692564355880601,1,"(4.5, 9)"
0.8100952799431981,1.36210141133204,1,"(4.5, 9)"
13.54718981278129,2.5894919290373775,1,"(4.5, 9)"
37.54273323547095,2.6929047150432033,1,"(4.5, 9)"
41.03956095748581,2.6988919302949075,1,"(4.5, 9)"
25.199790012231094,2.6511251845500525,1,"(4.5, 9)"
17.932337941322476,2.6161484930588195,1,"(4.5, 9)"
25.217117380164566,2.6715723307157733,1,"(4.5, 9)"
26.290616619121284,2.6406995784113114,1,"(4.5, 9)"
40.39989424836822,2.6997877741946272,1,"(4.5, 9)"
16.871078172978017,2.65880034302538,1,"(4.5, 9)"
33.664812890533355,2.679387364262358,1,"(4.5, 9)"
37.16824030657299,2.7046020822600303,1,"(4.5, 9)"
33.664812890533355,2.6660494212540056,1,"(4.5, 9)"
37.16824030657299,2.677352040771479,1,"(4.5, 9)"
16.64717133967206,2.5993245215635943,1,"(4.5, 9)"
8.630029485467823,2.5028839306192756,1,"(4.5, 9)"
11.536007093358789,2.604414923237927,1,"(4.5, 9)"
35.86940072132275,2.706398600408415,1,"(4.5, 9)"
7.7664873821195215,2.505656703513746,1,"(4.5, 9)"
0.2704105234704912,1.1945694530341997,1,"(4.5, 9)"
7.7664873821195215,2.4929854490597054,1,"(4.5, 9)"
0.2704105234704912,1.2116114395551347,1,"(4.5, 9)"
35.52223140480928,2.679655109614427,1,"(4.5, 9)"
39.90346145429648,2.7046442778132755,1,"(4.5, 9)"
19.945247465558353,2.636846542569798,1,"(4.5, 9)"
24.96716639180668,2.681341884099518,1,"(4.5, 9)"
33.81945094289258,2.6913459954061834,1,"(4.5, 9)"
12.975497314753012,2.624499922091916,1,"(4.5, 9)"
5.95741655593738,2.3991145981937763,1,"(4.5, 9)"
29.925015078205615,2.676834275998444,1,"(4.5, 9)"
5.95741655593738,2.3862101291091533,1,"(4.5, 9)"
29.925015078205615,2.6734393361490576,1,"(4.5, 9)"
3.122946475818753,2.0871465326490255,1,"(4.5, 9)"
41.522820151085035,2.70069233850229,1,"(4.5, 9)"
42.27263602558523,2.685569878366262,1,"(4.5, 9)"
2.7786931230686607,1.9954303126774504,1,"(4.5, 9)"
13.260774646280336,2.585643047273158,1,"(4.5, 9)"
17.01298871645704,2.657150690434554,1,"(4.5, 9)"
14.942504616966472,2.6308754462256125,1,"(4.5, 9)"
27.39281851975247,2.6568172443735647,1,"(4.5, 9)"
31.857971098972488,2.669832949493366,1,"(4.5, 9)"
21.12111756638624,2.646295642677513,1,"(4.5, 9)"
31.857971098972488,2.681591304705284,1,"(4.5, 9)"
21.12111756638624,2.6794014288618913,1,"(4.5, 9)"
42.121709207445384,2.702955037852277,1,"(4.5, 9)"
43.00881985845045,2.6897687243038253,1,"(4.5, 9)"
23.40543706887402,2.6550993813616115,1,"(4.5, 9)"
10.951753366086631,2.565040519991055,1,"(4.5, 9)"
17.106920719332994,2.625987417252955,1,"(4.5, 9)"
28.335661692498256,2.6651292618638727,1,"(4.5, 9)"
2.1108645797241476,1.794494497982988,1,"(4.5, 9)"
18.95384611780755,2.6475291240280607,1,"(4.5, 9)"
2.1108645797241476,1.7898580450594603,1,"(4.5, 9)"
18.95384611780755,2.659855067076812,1,"(4.5, 9)"
41.18882581652142,2.671690042339777,1,"(4.5, 9)"
23.941597006842496,2.6674868286424,1,"(4.5, 9)"
13.907654550950976,2.6133094677337265,1,"(4.5, 9)"
4.989838784933091,2.3454952798514417,1,"(4.5, 9)"
30.79659666800872,2.641008762064046,1,"(4.5, 9)"
44.93016711580567,2.711405096887244,1,"(4.5, 9)"
30.79659666800872,2.655767653782193,1,"(4.5, 9)"
44.93016711580567,2.6826582375500867,1,"(4.5, 9)"
34.730909964581954,2.694550442292837,1,"(4.5, 9)"
9.381245675636457,2.5071164092299463,1,"(4.5, 9)"
28.011590509675447,2.6825581796972897,1,"(4.5, 9)"
32.63044629972428,2.6754234456017087,1,"(4.5, 9)"
22.311364994943144,2.6460736844995445,1,"(4.5, 9)"
15.889416073029862,2.6475116635298623,1,"(4.5, 9)"
20.526455537648875,2.6568935402383667,1,"(4.5, 9)"
42.42188317659311,2.675546919861512,1,"(4.5, 9)"
26.285002504521984,2.6590675390396226,1,"(4.5, 9)"
3.370481427758932,2.115133213662941,1,"(4.5, 9)"
26.285002504521984,2.640082719892893,1,"(4.5, 9)"
3.370481427758932,2.125586020067115,1,"(4.5, 9)"
36.54257034910843,2.686035083274423,1,"(4.5, 9)"
27.837102260580288,2.6691908172349144,1,"(4.5, 9)"
29.074761447263885,2.6865762605340993,1,"(4.5, 9)"
14.973774230992424,2.6394345949270717,1,"(4.5, 9)"
29.074761447263885,2.658962770768226,1,"(4.5, 9)"
14.973774230992424,2.611431555402176,1,"(4.5, 9)"
12.117895522108302,2.5472155020886724,1,"(4.5, 9)"
32.23056537564844,2.664640433645917,1,"(4.5, 9)"
16.08775217938237,2.6301054775323154,1,"(4.5, 9)"
13.463666739314796,2.593346743944683,1,"(4.5, 9)"
39.40168698970229,2.6886816496499257,1,"(4.5, 9)"
6.2757914053276185,2.413166298705049,1,"(4.5, 9)"
0.3861625004559755,1.2420193897027725,1,"(4.5, 9)"
33.90312807201408,2.699672145314537,1,"(4.5, 9)"
0.3861625004559755,1.2719655499887843,1,"(4.5, 9)"
33.90312807201408,2.6709694174007064,1,"(4.5, 9)"
18.916057354072112,2.646051240757395,1,"(4.5, 9)"
1.885157555853948,1.7179336016846445,1,"(4.5, 9)"
24.215586998686195,2.6534432677335347,1,"(4.5, 9)"
0.4835196042899042,1.2183958406950897,1,"(4.5, 9)"
37.1181327837985,2.7083326496797033,1,"(4.5, 9)"
25.12709805602208,2.691805717709649,1,"(4.5, 9)"
37.1181327837985,2.688660048507306,1,"(4.5, 9)"
25.12709805602208,2.6286938064833656,1,"(4.5, 9)"
8.99097263342701,2.5242773697535448,1,"(4.5, 9)"
19.261439248221,2.620005538175456,1,"(4.5, 9)"
32.624138976540415,2.687682745292837,1,"(4.5, 9)"
12.066230488289149,2.6083021018523085,1,"(4.5, 9)"
12.626037425082178,2.6040176360131113,1,"(4.5, 9)"
16.372584089124576,2.6181990590985347,1,"(4.5, 9)"
12.626037425082178,2.563404626150332,1,"(4.5, 9)"
16.372584089124576,2.592343345267104,1,"(4.5, 9)"
29.26883343541995,2.6685249018408235,1,"(4.5, 9)"
33.64035102939233,2.678548613064233,1,"(4.5, 9)"
5.166141709173099,2.3626730233196813,1,"(4.5, 9)"
36.63508763546124,2.686249422964956,1,"(4.5, 9)"
26.440536298416557,2.646858070489494,1,"(4.5, 9)"
43.83312566098757,2.6910285584881137,1,"(4.5, 9)"
21.0730495646596,2.6390756553626735,1,"(4.5, 9)"
4.770749456156046,2.2950253561808336,1,"(4.5, 9)"
22.161296827765185,2.6449131572774034,1,"(4.5, 9)"
31.221253257896755,2.6666957430695257,1,"(4.5, 9)"
22.161296827765185,2.671823806209134,1,"(4.5, 9)"
31.221253257896755,2.661096785787395,1,"(4.5, 9)"
27.459530855948103,2.653631054078939,1,"(4.5, 9)"
14.491198157006876,2.5714000693087065,1,"(4.5, 9)"
4.169134242646396,2.2578034025550147,1,"(4.5, 9)"
21.68580534635112,2.655536995048658,1,"(4.5, 9)"
30.293963259411974,2.67750572444028,1,"(4.5, 9)"
3.590335508901626,2.158136455797226,1,"(4.5, 9)"
13.708074068417774,2.606517954001899,1,"(4.5, 9)"
43.51968737435527,2.708941007037982,1,"(4.5, 9)"
31.62452202490531,2.7047847343400786,1,"(4.5, 9)"
42.0226230381988,2.683517381378581,1,"(4.5, 9)"
10.012501657661051,2.57816747031827,1,"(4.5, 9)"
34.825358053902164,2.6853472919797645,1,"(4.5, 9)"
38.2034274530597,2.6892174063063665,1,"(4.5, 9)"
6.6712411361746495,2.4199003333957454,1,"(4.5, 9)"
38.2034274530597,2.7006402922321575,1,"(4.5, 9)"
6.6712411361746495,2.47808470103562,1,"(4.5, 9)"
18.278908659517768,2.653665654611794,1,"(4.5, 9)"
9.552173229679466,2.5498778697776094,1,"(4.5, 9)"
23.60499595012516,2.6637584790529876,1,"(4.5, 9)"
37.563604469550775,2.684954114543108,1,"(4.5, 9)"
10.836162687046455,2.529794873383627,1,"(4.5, 9)"
32.83256016052328,2.6823555468790903,1,"(4.5, 9)"
15.49458587197587,2.627394998258891,1,"(4.5, 9)"
19.72299426062964,2.638283420809115,1,"(4.5, 9)"
29.88732285043225,2.6505743339353502,1,"(4.5, 9)"
18.409741094335917,2.6227193663225172,1,"(4.5, 9)"
42.774090657243505,2.6902612180809027,1,"(4.5, 9)"
40.123229297762734,2.6912265687070556,1,"(4.5, 9)"
42.774090657243505,2.67627050946558,1,"(4.5, 9)"
40.123229297762734,2.6796667275745394,1,"(4.5, 9)"
3.3240488440264016,2.1044120466164324,1,"(4.5, 9)"
1.3681291533634068,1.5452548177197716,1,"(4.5, 9)"
27.053581520542505,2.680496924651851,1,"(4.5, 9)"
8.219795142253862,2.490548285559886,1,"(4.5, 9)"
25.96822405685671,2.6630135465157148,1,"(4.5, 9)"
23.55865873019211,2.6425026503428333,1,"(4.5, 9)"
35.36513285757974,2.7029014489004526,1,"(4.5, 9)"
1.681566100381315,1.6595210233257136,1,"(4.5, 9)"
7.221114999707789,2.4738640763743263,1,"(4.5, 9)"
41.30364458463155,2.696334615093804,1,"(4.5, 9)"
4.431307663396001,2.3249504739950235,1,"(4.5, 9)"
30.40826832726598,2.6821382873942463,1,"(4.5, 9)"
43.77364447955042,2.6966720176371775,1,"(4.5, 9)"
13.985487947193906,2.581604164628473,1,"(4.5, 9)"
43.77364447955042,2.68828008831638,1,"(4.5, 9)"
13.985487947193906,2.5979265575678134,1,"(4.5, 9)"
28.797212267434222,2.697653427992969,1,"(4.5, 9)"
34.45686416942626,2.703045980942484,1,"(4.5, 9)"
16.491615944495425,2.6141999449879862,1,"(4.5, 9)"
38.57940660039894,2.69724609059521,1,"(4.5, 9)"
9.74793836483732,2.57060974424884,1,"(4.5, 9)"
3.177955940691754,2.086102240716262,1,"(4.5, 9)"
24.708997078472752,2.657426586183395,1,"(4.5, 9)"
22.306703848531473,2.6474102001514535,1,"(4.5, 9)"
19.28206361648627,2.6332351371676177,1,"(4.5, 9)"
27.70049755293876,2.6674425540021485,1,"(4.5, 9)"
19.28206361648627,2.6144216755740843,1,"(4.5, 9)"
27.70049755293876,2.6683314124151036,1,"(4.5, 9)"
37.97055843202397,2.689002283527315,1,"(4.5, 9)"
21.60490264235996,2.665692086805158,1,"(4.5, 9)"
37.97055843202397,2.683188142771979,1,"(4.5, 9)"
21.60490264235996,2.6554857233406945,1,"(4.5, 9)"
9.532265136484058,2.540220599157027,1,"(4.5, 9)"
26.998669554479424,2.636618556544524,1,"(4.5, 9)"
1.128508978150785,1.481061159220295,1,"(4.5, 9)"
39.280985430581495,2.694118865158494,1,"(4.5, 9)"
40.75551887601614,2.69452385757815,1,"(4.5, 9)"
10.731818238273265,2.579985534200055,1,"(4.5, 9)"
40.75551887601614,2.6837174456466486,1,"(4.5, 9)"
10.731818238273265,2.5742005547381184,1,"(4.5, 9)"
33.31195305953734,2.676915250204667,1,"(4.5, 9)"
31.03821835271083,2.661995883116142,1,"(4.5, 9)"
4.577094548568129,2.294521800895822,1,"(4.5, 9)"
6.425555145135149,2.43913346633673,1,"(4.5, 9)"
7.411569987144322,2.471468624717084,1,"(4.5, 9)"
17.317925224080685,2.615860321196542,1,"(4.5, 9)"
25.80047687296756,2.657677406502662,1,"(4.5, 9)"
2.383348551951349,1.9123038074884664,1,"(4.5, 9)"
20.297442931542175,2.651112543040218,1,"(4.5, 9)"
42.005400243913755,2.698590580442474,1,"(4.5, 9)"
20.297442931542175,2.653738294771668,1,"(4.5, 9)"
42.005400243913755,2.695684938720303,1,"(4.5, 9)"
21.300645863451063,2.644990881963365,1,"(4.5, 9)"
12.26806143927388,2.590670847963376,1,"(4.5, 9)"
21.300645863451063,2.6594127051704364,1,"(4.5, 9)"
12.26806143927388,2.5704847709769627,1,"(4.5, 9)"
26.904525976255535,2.658062005890862,1,"(4.5, 9)"
29.228577771782877,2.6741291878861895,1,"(4.5, 9)"
6.323297355091199,2.461701786167016,1,"(4.5, 9)"
35.38420084509998,2.6903371939066902,1,"(4.5, 9)"
3.4950432532001288,2.137901170457501,1,"(4.5, 9)"
25.188430249644444,2.6740788416554744,1,"(4.5, 9)"
32.22179433414713,2.675386646653422,1,"(4.5, 9)"
4.807454178808257,2.327697495817501,1,"(4.5, 9)"
41.75512117561884,2.693167777495161,1,"(4.5, 9)"
26.685232607461515,2.68862501919534,1,"(4.5, 9)"
2.2358162748161705,1.8106799658294852,1,"(4.5, 9)"
20.42448735549115,2.6343707850986537,1,"(4.5, 9)"
10.644325217558071,2.575613854647207,1,"(4.5, 9)"
8.850430966541172,2.54580275956371,1,"(4.5, 9)"
38.96531116007827,2.64944707005125,1,"(4.5, 9)"
36.86188899870031,2.665092860565987,1,"(4.5, 9)"
38.96531116007827,2.700306147299532,1,"(4.5, 9)"
36.86188899870031,2.699184976315834,1,"(4.5, 9)"
10.15075455149636,2.584150969944232,1,"(4.5, 9)"
13.860517371911556,2.6115425637664034,1,"(4.5, 9)"
31.464330266183246,2.676659984047012,1,"(4.5, 9)"
18.24643552755006,2.6420281975958715,1,"(4.5, 9)"
14.644566171197225,2.6007229629058397,1,"(4.5, 9)"
23.245134750101716,2.6514092722263825,1,"(4.5, 9)"
14.644566171197225,2.581748950077651,1,"(4.5, 9)"
23.245134750101716,2.6470032935452714,1,"(4.5, 9)"
43.54729134291411,2.6926261851377298,1,"(4.5, 9)"
2.888545019645244,2.0324475373873043,1,"(4.5, 9)"
6.795449010375887,2.4759541247972865,1,"(4.5, 9)"
31.92284280499444,2.6904107141809335,1,"(4.5, 9)"
35.09955581156537,2.6882006953568345,1,"(4.5, 9)"
15.192803779477256,2.6125854503784174,1,"(4.5, 9)"
27.64022273370065,2.660127117013319,1,"(4.5, 9)"
38.42929414222017,2.686868683406358,1,"(4.5, 9)"
26.64540687631816,2.657942811437326,1,"(4.5, 9)"
20.056000336539004,2.664756660467836,1,"(4.5, 9)"
36.18488790630363,2.694168126789871,1,"(4.5, 9)"
44.53464554813691,2.7127995376971725,1,"(4.5, 9)"
36.18488790630363,2.6983123024908404,1,"(4.5, 9)"
44.53464554813691,2.700092244948534,1,"(4.5, 9)"
7.817015460086987,2.491740963763896,1,"(4.5, 9)"
5.472253267932683,2.383835067406178,1,"(4.5, 9)"
44.637387273879725,2.6704513192366237,1,"(4.5, 9)"
32.938646275456996,2.675019050615136,1,"(4.5, 9)"
15.726640407461677,2.619342115278275,1,"(4.5, 9)"
8.388703813683243,2.5202379451664623,1,"(4.5, 9)"
15.726640407461677,2.631387355155113,1,"(4.5, 9)"
8.388703813683243,2.5416798888220473,1,"(4.5, 9)"
32.489497683104126,2.671215877001317,1,"(4.5, 9)"
36.00509281666018,2.683698819228555,1,"(4.5, 9)"
0.7445094757247717,1.4101630475819191,1,"(4.5, 9)"
28.8161836352665,2.6652784351036267,1,"(4.5, 9)"
9.14757422558032,2.544315454136979,1,"(4.5, 9)"
40.39306987589225,2.67760581164481,1,"(4.5, 9)"
24.036277602985503,2.677705876871536,1,"(4.5, 9)"
24.425548697356135,2.644279817368305,1,"(4.5, 9)"
18.561075490154327,2.616239638169207,1,"(4.5, 9)"
18.559873814182357,2.6102777479977224,1,"(4.5, 9)"
18.712558541307228,2.6585272162026334,1,"(4.5, 9)"
23.025284017995,2.6747631329692547,1,"(4.5, 9)"
24.587008610414344,2.659270348060109,1,"(4.5, 9)"
17.148633339209486,2.6485797600332788,1,"(4.5, 9)"
24.587008610414344,2.649547774295659,1,"(4.5, 9)"
17.148633339209486,2.6443490205290403,1,"(4.5, 9)"
36.74943343596533,2.6853526601399245,1,"(4.5, 9)"
41.80149263944477,2.676668406547156,1,"(4.5, 9)"
39.58322550375014,2.689459922545507,1,"(4.5, 9)"
30.228808099357416,2.682181161881402,1,"(4.5, 9)"
12.25390858068131,2.555670469260751,1,"(4.5, 9)"
11.274129518074917,2.5717855276507415,1,"(4.5, 9)"
44.78766977936029,2.7230541867215328,1,"(4.5, 9)"
14.270577146625149,2.6372995944695523,1,"(4.5, 9)"
5.535505422018469,2.381062146034048,1,"(4.5, 9)"
31.52739508356899,2.680988097009756,1,"(4.5, 9)"
5.535505422018469,2.4003170604221284,1,"(4.5, 9)"
31.52739508356899,2.6778957323297257,1,"(4.5, 9)"
8.319777471665294,2.518062619535212,1,"(4.5, 9)"
43.12485252651386,2.700562025147006,1,"(4.5, 9)"
6.601248419238255,2.4119695359807296,1,"(4.5, 9)"
16.592299687629566,2.643649991440804,1,"(4.5, 9)"
3.810755367809907,2.2344481590887093,1,"(4.5, 9)"
4.286754228174686,2.2576624814483415,1,"(4.5, 9)"
43.00048297760077,2.7050775783523044,1,"(4.5, 9)"
44.22705576675944,2.7197147944189948,1,"(4.5, 9)"
14.06921807480976,2.6242154774058735,1,"(4.5, 9)"
26.13056011958979,2.677757826053402,1,"(4.5, 9)"
14.137838984746487,2.6223561169947174,1,"(4.5, 9)"
19.656917278422046,2.657479896092478,1,"(4.5, 9)"
31.268929464276884,2.6759378285636504,1,"(4.5, 9)"
24.64464137516916,2.6694337478213206,1,"(4.5, 9)"
41.390084794024006,2.7140238713571634,1,"(4.5, 9)"
0.1787065086420625,1.1546172630350844,1,"(4.5, 9)"
22.860372127965096,2.6629986947811606,1,"(4.5, 9)"
35.52192680998705,2.659515261158919,1,"(4.5, 9)"
22.860372127965096,2.6215337291060448,1,"(4.5, 9)"
35.52192680998705,2.684991261513314,1,"(4.5, 9)"
16.92760060671717,2.619562857993484,1,"(4.5, 9)"
7.3788024330511695,2.5005766606678748,1,"(4.5, 9)"
17.92668129396625,2.647541050179105,1,"(4.5, 9)"
14.977900954987856,2.6376997570691767,1,"(4.5, 9)"
39.12108089355752,2.688989954558763,1,"(4.5, 9)"
10.24856699863449,2.5509891784229466,1,"(4.5, 9)"
11.191112316492946,2.594870022214097,1,"(4.5, 9)"
38.27099814717658,2.692807035228017,1,"(4.5, 9)"
11.191112316492946,2.576741415323054,1,"(4.5, 9)"
38.27099814717658,2.679872361915236,1,"(4.5, 9)"
2.744065179489553,1.9639274021300133,1,"(4.5, 9)"
28.095798586588355,2.66088464349231,1,"(4.5, 9)"
13.04837007704191,2.6417376276090763,1,"(4.5, 9)"
40.81981597119011,2.700009861648822,1,"(4.5, 9)"
30.24021474844776,2.679353144844012,1,"(4.5, 9)"
2.0756728678010403,1.8475399797773495,1,"(4.5, 9)"
30.24021474844776,2.681770341142986,1,"(4.5, 9)"
2.0756728678010403,1.812823466149699,1,"(4.5, 9)"
34.009916647244246,2.6905242056083525,1,"(4.5, 9)"
33.97646463392302,2.681487247106185,1,"(4.5, 9)"
35.736532868025826,2.6827413139039265,1,"(4.5, 9)"
18.719478612486274,2.637124894331707,1,"(4.5, 9)"
44.14028634713031,2.700006682898934,1,"(4.5, 9)"
7.823079643258826,2.4969000630184977,1,"(4.5, 9)"
28.43333553140983,2.661345789513907,1,"(4.5, 9)"
28.306437376607217,2.6721662018541408,1,"(4.5, 9)"
28.43333553140983,2.668565365341749,1,"(4.5, 9)"
28.306437376607217,2.6732881671002704,1,"(4.5, 9)"
11.343665928859265,2.58445995630825,1,"(4.5, 9)"
11.872699285717683,2.5584950566154925,1,"(4.5, 9)"
40.252735598059374,2.692127897730507,1,"(4.5, 9)"
37.871118562715125,2.694014194523689,1,"(4.5, 9)"
0.9288214939180762,1.4365059585377378,1,"(4.5, 9)"
9.332923816982658,2.5145713637577636,1,"(4.5, 9)"
0.9288214939180762,1.4064790292748548,1,"(4.5, 9)"
9.332923816982658,2.5407107108434417,1,"(4.5, 9)"
9.382003897381948,2.5513076022845627,1,"(4.5, 9)"
20.204722861060876,2.6410812988636216,1,"(4.5, 9)"
9.382003897381948,2.5537286982054184,1,"(4.5, 9)"
20.204722861060876,2.6418351544642147,1,"(4.5, 9)"
37.41826283871196,2.6962988701422175,1,"(4.5, 9)"
25.587515986990187,2.6637294482310643,1,"(4.5, 9)"
19.645275820046667,2.6367911339615837,1,"(4.5, 9)"
44.715240094531325,2.691549103466917,1,"(4.5, 9)"
37.32488974807784,2.7076463105671684,1,"(4.5, 9)"
38.21800463451073,2.685541049033775,1,"(4.5, 9)"
9.486518644634636,2.541225695357406,1,"(4.5, 9)"
10.382138316938654,2.5573052189697267,1,"(4.5, 9)"
9.486518644634636,2.546703503458814,1,"(4.5, 9)"
10.382138316938654,2.5615285951448143,1,"(4.5, 9)"
1.0340246355161071,1.3975385088822128,1,"(4.5, 9)"
21.964848531130706,2.669999669180077,1,"(4.5, 9)"
1.0340246355161071,1.474984969355907,1,"(4.5, 9)"
21.964848531130706,2.6396735900920905,1,"(4.5, 9)"
40.15867913663387,2.6840944814471843,1,"(4.5, 9)"
28.050012952880937,2.6437529214281095,1,"(4.5, 9)"
16.75678256615065,2.642896730512764,1,"(4.5, 9)"
42.260981840873136,2.698659093932433,1,"(4.5, 9)"
11.426050162641332,2.5977101198731667,1,"(4.5, 9)"
2.0281772163230927,1.7582811774347082,1,"(4.5, 9)"
28.361749845510353,2.6867570835817776,1,"(4.5, 9)"
40.958884983230384,2.6995540320379026,1,"(4.5, 9)"
44.21084170211107,2.7045193293643757,1,"(4.5, 9)"
17.667502581188458,2.6385678450197703,1,"(4.5, 9)"
25.527320121275263,2.6283723883874335,1,"(4.5, 9)"
30.76345197060146,2.6795970364543433,1,"(4.5, 9)"
27.320611545816067,2.6846791316961074,1,"(4.5, 9)"
1.0261128310579808,1.3906349737862225,1,"(4.5, 9)"
34.10499640661292,2.6765005597214517,1,"(4.5, 9)"
24.131942564528437,2.6491303183258386,1,"(4.5, 9)"
42.51419139937498,2.696766822455551,1,"(4.5, 9)"
36.43037735079415,2.6794251662049273,1,"(4.5, 9)"
30.14891672050581,2.68677305755555,1,"(4.5, 9)"
11.91883120974526,2.607061685389642,1,"(4.5, 9)"
13.150823157746348,2.582597244581936,1,"(4.5, 9)"
28.16600463711657,2.6510365991460563,1,"(4.5, 9)"
15.052121285628528,2.5907734051276803,1,"(4.5, 9)"
16.030217332066968,2.624866355880847,1,"(4.5, 9)"
2.8237154277507215,2.004152615500676,1,"(4.5, 9)"
37.918262565415354,2.690300958027496,1,"(4.5, 9)"
11.271456317557025,2.5757133732168613,1,"(4.5, 9)"
25.639124338375407,2.6804669298943287,1,"(4.5, 9)"
11.271456317557025,2.5774249954916915,1,"(4.5, 9)"
25.639124338375407,2.6732939516469907,1,"(4.5, 9)"
39.05154883651994,2.694100922132566,1,"(4.5, 9)"
20.069766381476075,2.6596654986328994,1,"(4.5, 9)"
16.997309576580303,2.6535121896789104,1,"(4.5, 9)"
17.199894646741452,2.621211521105388,1,"(4.5, 9)"
22.779519157158212,2.646897502020164,1,"(4.5, 9)"
22.8899886996951,2.6456000917634994,1,"(4.5, 9)"
38.64576611565426,2.693725106992201,1,"(4.5, 9)"
2.638437756896019,1.988638051630137,1,"(4.5, 9)"
41.474025576002894,2.692709567175271,1,"(4.5, 9)"
12.80925945765339,2.571508922526306,1,"(4.5, 9)"
31.188759529357775,2.6986630223400816,1,"(4.5, 9)"
34.46721252314747,2.6847794643539,1,"(4.5, 9)"
31.188759529357775,2.690662800988881,1,"(4.5, 9)"
34.46721252314747,2.689106977602866,1,"(4.5, 9)"
14.20685922536068,2.593305189590916,1,"(4.5, 9)"
7.026415234757588,2.4359439572549815,1,"(4.5, 9)"
42.89786370098591,2.6858181205227587,1,"(4.5, 9)"
31.573180131195116,2.68531842384177,1,"(4.5, 9)"
3.9025730824097993,2.191789532451172,1,"(4.5, 9)"
14.1298054009676,2.5984297514945633,1,"(4.5, 9)"
3.9025730824097993,2.230792135356821,1,"(4.5, 9)"
14.1298054009676,2.6261993273709763,1,"(4.5, 9)"
6.692377739492804,2.450119905690277,1,"(4.5, 9)"
3.939860118692741,2.2407571697047537,1,"(4.5, 9)"
22.421322009386497,2.6313258647334705,1,"(4.5, 9)"
27.18803191892803,2.6747474865536223,1,"(4.5, 9)"
20.63640694245696,2.643642222277407,1,"(4.5, 9)"
8.814738448150457,2.5612255107019406,1,"(4.5, 9)"
5.607257303828374,2.415693022970152,1,"(4.5, 9)"
44.17990699168295,2.697162127037755,1,"(4.5, 9)"
5.607257303828374,2.36822226463802,1,"(4.5, 9)"
44.17990699168295,2.6893120890498694,1,"(4.5, 9)"
44.70476585892029,2.69327191569154,1,"(4.5, 9)"
4.426162246381864,2.256922575683657,1,"(4.5, 9)"
32.88534703766927,2.6769366506530057,1,"(4.5, 9)"
19.61078192163259,2.6211087815028544,1,"(4.5, 9)"
36.85241156178527,2.6896068474658525,1,"(4.5, 9)"
29.170990595780317,2.671830025729108,1,"(4.5, 9)"
24.482316950336102,2.6872981817813697,1,"(4.5, 9)"
7.32615596423857,2.4906506291811663,1,"(4.5, 9)"
18.806440601684155,2.642130071154402,1,"(4.5, 9)"
35.65583696700632,2.6938988131230355,1,"(4.5, 9)"
18.65615675658919,2.6448948978497633,1,"(4.5, 9)"
5.9293208651710305,2.460174927897924,1,"(4.5, 9)"
18.65615675658919,2.615655854733856,1,"(4.5, 9)"
5.9293208651710305,2.3827291509975668,1,"(4.5, 9)"
23.93004161869176,2.64279241081641,1,"(4.5, 9)"
34.24802607232705,2.6707449794955034,1,"(4.5, 9)"
0.6531911861151458,1.3017743528860293,1,"(4.5, 9)"
41.44812174555845,2.701180260417273,1,"(4.5, 9)"
32.38258368647657,2.6855739338215576,1,"(4.5, 9)"
23.373232404002923,2.6765225071932637,1,"(4.5, 9)"
15.822415426699449,2.587985612808104,1,"(4.5, 9)"
18.209916592668744,2.6150664081794956,1,"(4.5, 9)"
29.51005373816006,2.674066222471606,1,"(4.5, 9)"
22.518157040374355,2.661704231886351,1,"(4.5, 9)"
7.891003074590117,2.542860084045306,1,"(4.5, 9)"
15.315403572190554,2.6101623297790963,1,"(4.5, 9)"
36.100104423146696,2.6827966507199545,1,"(4.5, 9)"
31.880826176377017,2.695462675638135,1,"(4.5, 9)"
36.100104423146696,2.670975316133713,1,"(4.5, 9)"
31.880826176377017,2.690980896468924,1,"(4.5, 9)"
34.996077925851566,2.674386872305581,1,"(4.5, 9)"
5.348273672396317,2.4188041141002143,1,"(4.5, 9)"
34.996077925851566,2.683988087000045,1,"(4.5, 9)"
5.348273672396317,2.372675875499179,1,"(4.5, 9)"
6.887779881013557,2.44622229835217,1,"(4.5, 9)"
44.57528237393126,2.6937271482635823,1,"(4.5, 9)"
43.443130421312524,2.7024608940851755,1,"(4.5, 9)"
15.542420655209574,2.6413193184788817,1,"(4.5, 9)"
30.535178287420425,2.678356053919398,1,"(4.5, 9)"
37.374587976792824,2.6686911075720325,1,"(4.5, 9)"
14.715131070930513,2.612402320261037,1,"(4.5, 9)"
35.87563679376617,2.6914537381426777,1,"(4.5, 9)"
31.382961460109804,2.6871194105058778,1,"(4.5, 9)"
8.423864379571752,2.50824351258704,1,"(4.5, 9)"
1.6699619837570936,1.6831519229017182,1,"(4.5, 9)"
11.398020489746706,2.563371275739652,1,"(4.5, 9)"
10.078473605727778,2.5232808037745587,1,"(4.5, 9)"
1.2286569592542949,1.5672607938539278,1,"(4.5, 9)"
17.54411928150803,2.648981728446566,1,"(4.5, 9)"
24.3026146708522,2.6613180572772137,1,"(4.5, 9)"
23.846551323914905,2.630671018960649,1,"(4.5, 9)"
3.7579020960256457,2.169182099408397,1,"(4.5, 9)"
38.89457755265757,2.7037329663568945,1,"(4.5, 9)"
27.04068961585872,2.642967430045847,1,"(4.5, 9)"
38.89457755265757,2.694934763372423,1,"(4.5, 9)"
27.04068961585872,2.65127676308952,1,"(4.5, 9)"
10.726211198512466,2.525812305099264,1,"(4.5, 9)"
21.482304775342342,2.639695302882582,1,"(4.5, 9)"
2.3170081680640577,1.887825540303302,1,"(4.5, 9)"
10.602023376664148,2.5563311934079223,1,"(4.5, 9)"
41.68506524562836,2.6943427718006085,1,"(4.5, 9)"
39.31579895261675,2.6887763400755738,1,"(4.5, 9)"
41.68506524562836,2.7131882266719054,1,"(4.5, 9)"
39.31579895261675,2.716357450289419,1,"(4.5, 9)"
12.99505208465271,2.621389146163788,1,"(4.5, 9)"
13.320385770313443,2.6401070083177784,1,"(4.5, 9)"
3.389675087854266,2.0798438461806494,1,"(4.5, 9)"
35.03147338475101,2.650563965777784,1,"(4.5, 9)"
6.218623277451843,2.400822119502014,1,"(4.5, 9)"
22.731753238476816,2.659305851620178,1,"(4.5, 9)"
26.81236130152829,2.677901461687081,1,"(4.5, 9)"
41.88108164221048,2.7099360939145987,1,"(4.5, 9)"
21.403604062506933,2.6454898216661973,1,"(4.5, 9)"
2.4236385013442487,1.9196511391841635,1,"(4.5, 9)"
20.382060218788684,2.650340160302325,1,"(4.5, 9)"
29.351516570663083,2.6848417120550834,1,"(4.5, 9)"
25.727008945122364,2.6556392166052567,1,"(4.5, 9)"
12.226391687057914,2.6070422116194765,1,"(4.5, 9)"
7.33072622618638,2.4812623039175365,1,"(4.5, 9)"
7.474766882136464,2.4937659658856792,1,"(4.5, 9)"
4.496939516859129,2.349638454591866,1,"(4.5, 9)"
19.07805901556276,2.669871717248601,1,"(4.5, 9)"
11.978347095567734,2.574166364132014,1,"(4.5, 9)"
39.551149944216014,2.66129211689547,1,"(4.5, 9)"
40.65992076960392,2.675908616061625,1,"(4.5, 9)"
20.552923848107454,2.6642081273342133,1,"(4.5, 9)"
40.65992076960392,2.68610680805869,1,"(4.5, 9)"
20.552923848107454,2.649953281524781,1,"(4.5, 9)"
1.2349140050355347,1.5147025807609176,1,"(4.5, 9)"
26.649060716433453,2.667674626071295,1,"(4.5, 9)"
9.637981434119869,2.5452854757357373,1,"(4.5, 9)"
36.82125409860164,2.6896956171710564,1,"(4.5, 9)"
37.875643361499534,2.6896963466166466,1,"(4.5, 9)"
8.974413994839416,2.529252280325014,1,"(4.5, 9)"
24.95055755954236,2.6775967543090307,1,"(4.5, 9)"
33.49524090066552,2.6935950477446795,1,"(4.5, 9)"
19.20807993710041,2.662147318351581,1,"(4.5, 9)"
37.52158976662904,2.693135649222987,1,"(4.5, 9)"
19.20807993710041,2.656355478720288,1,"(4.5, 9)"
37.52158976662904,2.6885683855773292,1,"(4.5, 9)"
24.79378449674696,2.6532073780496694,1,"(4.5, 9)"
9.674765738239511,2.543701160779792,1,"(4.5, 9)"
1.3697267691139132,1.615491262231216,1,"(4.5, 9)"
5.640103853307664,2.3765548627215085,1,"(4.5, 9)"
16.418315635900946,2.6210304314860733,1,"(4.5, 9)"
25.94890455673449,2.666057592487681,1,"(4.5, 9)"
28.69475123276934,2.657496444014082,1,"(4.5, 9)"
24.613713865168396,2.683202410301892,1,"(4.5, 9)"
43.880562578747046,2.672135481849464,1,"(4.5, 9)"
1.3316123116295786,1.4988739693677913,1,"(4.5, 9)"
4.3355367467273025,2.2538616110918315,1,"(4.5, 9)"
40.25131950005889,2.7143564012058605,1,"(4.5, 9)"
7.126027118926868,2.512926300640995,1,"(4.5, 9)"
28.651205015694725,2.682474794606152,1,"(4.5, 9)"
35.47136222752742,2.6656061866638745,1,"(4.5, 9)"
11.526096207462253,2.5670813104177954,1,"(4.5, 9)"
35.47136222752742,2.703459635124571,1,"(4.5, 9)"
11.526096207462253,2.59352805937922,1,"(4.5, 9)"
25.866451416537167,2.6548433358026045,1,"(4.5, 9)"
36.211170638306065,2.666090165739624,1,"(4.5, 9)"
26.97049541254528,2.676879688108597,1,"(4.5, 9)"
18.062846315046773,2.6584334831518723,1,"(4.5, 9)"
34.45239061089232,2.681418904167074,1,"(4.5, 9)"
41.18070042729378,2.6868395480737055,1,"(4.5, 9)"
3.253479841724038,2.106195277685131,1,"(4.5, 9)"
14.020641061477365,2.628305523815673,1,"(4.5, 9)"
42.855455360747875,2.710221484102495,1,"(4.5, 9)"
30.278814397519454,2.6715622699284163,1,"(4.5, 9)"
29.804930495237933,2.685503137726984,1,"(4.5, 9)"
5.757301525399089,2.4310489461234197,1,"(4.5, 9)"
15.401573053887116,2.5962342862740404,1,"(4.5, 9)"
9.90178148164414,2.5510795900470353,1,"(4.5, 9)"
2.4770284561440348,1.940902396837176,1,"(4.5, 9)"
31.7778452038765,2.700683749939563,1,"(4.5, 9)"
23.708469900721685,2.685059221550695,1,"(4.5, 9)"
27.741127094579863,2.6754986328221952,1,"(4.5, 9)"
18.186573853762823,2.6041861892603344,1,"(4.5, 9)"
22.182726178690793,2.622378049733369,1,"(4.5, 9)"
18.186573853762823,2.6606886378698724,1,"(4.5, 9)"
22.182726178690793,2.640121721519423,1,"(4.5, 9)"
23.126934627816084,2.6757730283224093,1,"(4.5, 9)"
39.56594812017865,2.6867806633615756,1,"(4.5, 9)"
38.29558551344089,2.693141568255811,1,"(4.5, 9)"
19.30172978369519,2.641945919977014,1,"(4.5, 9)"
9.90953684425913,2.5480757236561704,1,"(4.5, 9)"
25.002773509779946,2.6347227998480625,1,"(4.5, 9)"
41.13006095201708,2.695388377749331,1,"(4.5, 9)"
7.723558183060959,2.472063598039745,1,"(4.5, 9)"
31.52995935669169,2.676300678294756,1,"(4.5, 9)"
29.390749229397628,2.674786384311452,1,"(4.5, 9)"
13.62687539337203,2.5982398773071784,1,"(4.5, 9)"
33.67516530496068,2.6957160168438143,1,"(4.5, 9)"
13.62687539337203,2.603587156085249,1,"(4.5, 9)"
33.67516530496068,2.699893721411231,1,"(4.5, 9)"
30.36401240760461,2.673471719956899,1,"(4.5, 9)"
16.2427831155248,2.6229745080638733,1,"(4.5, 9)"
7.037006895942613,2.5194358155130465,1,"(4.5, 9)"
20.636245979415257,2.6818804309026967,1,"(4.5, 9)"
27.53026839848608,2.6833074020706538,1,"(4.5, 9)"
4.648155021900311,2.3331809564907457,1,"(4.5, 9)"
22.079414781928065,2.640422051984597,1,"(4.5, 9)"
43.87513693114742,2.67723239272482,1,"(4.5, 9)"
22.079414781928065,2.6229109959102277,1,"(4.5, 9)"
43.87513693114742,2.66944565184212,1,"(4.5, 9)"
26.535447433823723,2.681169997610103,1,"(4.5, 9)"
31.180621790559965,2.677506677313748,1,"(4.5, 9)"
8.05857878783718,2.494754650309019,1,"(4.5, 9)"
39.09210289926269,2.688322251735581,1,"(4.5, 9)"
29.364438323630026,2.6725534470998125,1,"(4.5, 9)"
43.48350937133655,2.6944880512260663,1,"(4.5, 9)"
12.519639179995284,2.6077007966985875,1,"(4.5, 9)"
3.718772755051032,2.185703361354234,1,"(4.5, 9)"
12.519639179995284,2.6237227131200127,1,"(4.5, 9)"
3.718772755051032,2.225532183124171,1,"(4.5, 9)"
40.01986142788083,2.6812133791017736,1,"(4.5, 9)"
22.672840472171085,2.636455404386969,1,"(4.5, 9)"
8.906361960526556,2.5586654684368844,1,"(4.5, 9)"
6.629565439419821,2.447949608318598,1,"(4.5, 9)"
37.19160732598975,2.663643289932799,1,"(4.5, 9)"
34.94829743886366,2.6871386184612933,1,"(4.5, 9)"
24.14588631768711,2.681045797375924,1,"(4.5, 9)"
13.11544431843795,2.612134523000603,1,"(4.5, 9)"
8.7122886327561,2.534242104581307,1,"(4.5, 9)"
36.36015128977597,2.7003461889732776,1,"(4.5, 9)"
0.3037716523278504,1.145435045377112,1,"(4.5, 9)"
24.08066409318708,2.6793734672787326,1,"(4.5, 9)"
39.47326606125571,2.683201199410275,1,"(4.5, 9)"
18.906357750482854,2.614040319027912,1,"(4.5, 9)"
16.169113031495364,2.6192474194213387,1,"(4.5, 9)"
0.8331780917942525,1.335187472246776,1,"(4.5, 9)"
12.012696315627547,2.605162486464343,1,"(4.5, 9)"
44.884376709721984,2.6827978469324183,1,"(4.5, 9)"
29.168821843806658,2.6730800342673886,1,"(4.5, 9)"
5.130615889048204,2.343811051717624,1,"(4.5, 9)"
44.8972784940619,2.6943435880376563,1,"(4.5, 9)"
25.382852630689744,2.660738212582307,1,"(4.5, 9)"
26.37836881335825,2.683840448085622,1,"(4.5, 9)"
16.02298529818654,2.622400218450056,1,"(4.5, 9)"
26.37836881335825,2.672608034683361,1,"(4.5, 9)"
16.02298529818654,2.6274470938873096,1,"(4.5, 9)"
20.42193400859833,2.648994510590264,1,"(4.5, 9)"
32.57746023866348,2.666883991638512,1,"(4.5, 9)"
22.231027775676925,2.64767856069758,1,"(4.5, 9)"
3.235532399779186,2.087125798288924,1,"(4.5, 9)"
28.08112934851088,2.6591730653326544,1,"(4.5, 9)"
42.473489434830846,2.673039692287148,1,"(4.5, 9)"
28.08112934851088,2.6775906126611018,1,"(4.5, 9)"
42.473489434830846,2.686732951352082,1,"(4.5, 9)"
43.11009679958224,2.6764483078630223,1,"(4.5, 9)"
10.433570676483216,2.575966965384922,1,"(4.5, 9)"
30.86544677759521,2.6805427609929664,1,"(4.5, 9)"
32.277719509182496,2.672163942030803,1,"(4.5, 9)"
30.86544677759521,2.6679435793229382,1,"(4.5, 9)"
32.277719509182496,2.680681253798305,1,"(4.5, 9)"
13.828000367572532,2.5987767526231975,1,"(4.5, 9)"
14.83436085432768,2.588274306810811,1,"(4.5, 9)"
14.379396870313212,2.6190795966602285,1,"(4.5, 9)"
30.789570976607504,2.6808469542044477,1,"(4.5, 9)"
41.28013045880944,2.7021116498917372,1,"(4.5, 9)"
33.76270261667669,2.6801234138355436,1,"(4.5, 9)"
2.0084181133657695,1.758305368369906,1,"(4.5, 9)"
6.321921403659508,2.4121392437469957,1,"(4.5, 9)"
10.41217159247026,2.541069254768416,1,"(4.5, 9)"
17.90429470483214,2.6321070827036115,1,"(4.5, 9)"
17.213143558660523,2.6310208482488235,1,"(4.5, 9)"
40.966228037653494,2.701865232855983,1,"(4.5, 9)"
23.50736619289965,2.639314001351415,1,"(4.5, 9)"
20.774230741057547,2.6315391014931104,1,"(4.5, 9)"
39.231040419777855,2.7189905752655763,1,"(4.5, 9)"
44.06629910939373,2.6998646676851634,1,"(4.5, 9)"
31.96059431070462,2.690675167093183,1,"(4.5, 9)"
8.489257153728978,2.5474761638155723,1,"(4.5, 9)"
31.96059431070462,2.659134936233859,1,"(4.5, 9)"
8.489257153728978,2.5093058192233717,1,"(4.5, 9)"
14.850690837483857,2.5904374665787064,1,"(4.5, 9)"
37.21403129873797,2.692269503610715,1,"(4.5, 9)"
13.333572683203966,2.6318658302077957,1,"(4.5, 9)"
7.168458609376103,2.482372575902771,1,"(4.5, 9)"
42.35279934615828,2.688664152486974,1,"(4.5, 9)"
12.623108023311945,2.5998924550808864,1,"(4.5, 9)"
3.0539196208585055,2.065313934666133,1,"(4.5, 9)"
28.87030824297108,2.6660387582608935,1,"(4.5, 9)"
3.0539196208585055,2.057649973786273,1,"(4.5, 9)"
28.87030824297108,2.671427689897404,1,"(4.5, 9)"
5.887711688643321,2.420057603273672,1,"(4.5, 9)"
39.768165382463486,2.7051623621286014,1,"(4.5, 9)"
33.90030801626854,2.689328444697186,1,"(4.5, 9)"
0.3216779429931193,1.2344526931301298,1,"(4.5, 9)"
21.73728044796735,2.644672263463546,1,"(4.5, 9)"
19.47271803901531,2.653136316892346,1,"(4.5, 9)"
20.037420429149645,2.6459983846314303,1,"(4.5, 9)"
34.81158129204996,2.6785884167348235,1,"(4.5, 9)"
35.62691896231845,2.703753712172382,1,"(4.5, 9)"
30.05893134721555,2.686406330551032,1,"(4.5, 9)"
7.672601219173521,2.470952344581163,1,"(4.5, 9)"
12.922850092407318,2.604401171025626,1,"(4.5, 9)"
4.84365838803351,2.334420501559013,1,"(4.5, 9)"
2.732566557498649,1.9894314382855784,1,"(4.5, 9)"
11.628863092837856,2.5651492404144873,1,"(4.5, 9)"
23.215581349562857,2.6468008151344793,1,"(4.5, 9)"
16.57541552274488,2.6490552471905517,1,"(4.5, 9)"
21.26053152913228,2.6362074075985578,1,"(4.5, 9)"
33.74771287585609,2.669071046262205,1,"(4.5, 9)"
27.345669158594685,2.642066724731035,1,"(4.5, 9)"
33.74771287585609,2.7008089812797578,1,"(4.5, 9)"
27.345669158594685,2.6689143419027963,1,"(4.5, 9)"
37.528217090200634,2.6626862968095613,1,"(4.5, 9)"
14.411694554658608,2.614469262787383,1,"(4.5, 9)"
25.300706094736235,2.668733582405388,1,"(4.5, 9)"
38.92255472941324,2.6973628588028684,1,"(4.5, 9)"
19.42477487260476,2.6298796828319384,2,"(9, 13)"
36.29825386260636,2.6394376498862093,2,"(9, 13)"
37.46943568983115,2.6988912734872095,2,"(9, 13)"
28.38573890649714,2.671581797273893,2,"(9, 13)"
9.341846862854435,2.5688396054900795,2,"(9, 13)"
11.787393604125828,2.5627444140346483,2,"(9, 13)"
0.8948801027145238,1.3586769287701916,2,"(9, 13)"
0.8946752254385502,1.3467294514143255,2,"(9, 13)"
33.677956935763355,2.6424703549094786,2,"(9, 13)"
18.99014740721323,2.586683018319638,2,"(9, 13)"
33.677956935763355,2.673240319232565,2,"(9, 13)"
18.99014740721323,2.655824786622985,2,"(9, 13)"
11.572481862828138,2.5932618500390716,2,"(9, 13)"
20.289682838413867,2.654792912945078,2,"(9, 13)"
28.215535079129044,2.6456429635003396,2,"(9, 13)"
25.507868920313197,2.6218083152918945,2,"(9, 13)"
44.091941421991216,2.6877344574671813,2,"(9, 13)"
5.0248540445230905,2.3897573205449785,2,"(9, 13)"
4.815353215066716,2.371577934317853,2,"(9, 13)"
44.98710315548815,2.689431495515935,2,"(9, 13)"
7.605246286699549,2.541612889229271,2,"(9, 13)"
32.70513557912782,2.64379609622109,2,"(9, 13)"
25.38663260387257,2.635558733548774,2,"(9, 13)"
37.787007147353144,2.657709257083821,2,"(9, 13)"
33.87645932175219,2.656605873962564,2,"(9, 13)"
42.39241944649257,2.6680667820409867,2,"(9, 13)"
33.87645932175219,2.64650414464154,2,"(9, 13)"
42.39241944649257,2.621156748434112,2,"(9, 13)"
3.115493112523109,2.131152654427267,2,"(9, 13)"
14.893448021681982,2.6091514903103015,2,"(9, 13)"
42.28030389463529,2.6729719478048692,2,"(9, 13)"
32.21611135499552,2.6752744703036297,2,"(9, 13)"
14.825127855176108,2.588090426207865,2,"(9, 13)"
6.19692269647494,2.5242540771365323,2,"(9, 13)"
14.825127855176108,2.56612501575566,2,"(9, 13)"
6.19692269647494,2.4943453419990713,2,"(9, 13)"
11.066571464389565,2.5531348398834988,2,"(9, 13)"
41.09082628386095,2.683919184348326,2,"(9, 13)"
39.25655417125672,2.6875137850049895,2,"(9, 13)"
1.8089466419536624,1.6912848274545855,2,"(9, 13)"
23.57202590494417,2.635963321012698,2,"(9, 13)"
23.69735625041649,2.6233279990007015,2,"(9, 13)"
17.60953637803905,2.612471925094874,2,"(9, 13)"
17.798757999250668,2.617013632468026,2,"(9, 13)"
17.22569084754214,2.661931975938441,2,"(9, 13)"
4.558275017654523,2.310120605843346,2,"(9, 13)"
38.43392070983536,2.63767455500926,2,"(9, 13)"
20.898914638860152,2.615426877845693,2,"(9, 13)"
38.43392070983536,2.673448615761992,2,"(9, 13)"
20.898914638860152,2.653281335286561,2,"(9, 13)"
2.0319399419706317,1.9825149061378464,2,"(9, 13)"
37.11123929559253,2.659535913438737,2,"(9, 13)"
41.26762168384157,2.6544235914173773,2,"(9, 13)"
8.594993461854758,2.5695789218283616,2,"(9, 13)"
13.762981638871135,2.5977213786009465,2,"(9, 13)"
28.951084855757657,2.640042794570429,2,"(9, 13)"
13.762981638871135,2.541287389044582,2,"(9, 13)"
28.951084855757657,2.6619484106859086,2,"(9, 13)"
43.125045096082616,2.7009086718995348,2,"(9, 13)"
35.78778898455202,2.680101963102144,2,"(9, 13)"
28.1070513474755,2.641978198465043,2,"(9, 13)"
0.2628144912421703,1.124343217693044,2,"(9, 13)"
22.2161186628975,2.642111704319424,2,"(9, 13)"
39.82999457302503,2.673340294691352,2,"(9, 13)"
20.491373799694703,2.6182875031314157,2,"(9, 13)"
13.02831856138073,2.5731149039635026,2,"(9, 13)"
8.274927600473166,2.539631784861344,2,"(9, 13)"
34.68695750944316,2.674503137518597,2,"(9, 13)"
5.484354172181338,2.4458146011910227,2,"(9, 13)"
23.109733685990797,2.6604281414261317,2,"(9, 13)"
29.148081138404088,2.6731608734017276,2,"(9, 13)"
41.535795907257125,2.6774819824091325,2,"(9, 13)"
32.7668516559992,2.6266056625579934,2,"(9, 13)"
4.1597658587154,2.3370812264630323,2,"(9, 13)"
39.54099072730169,2.622365768550483,2,"(9, 13)"
27.407251776382328,2.652747519267038,2,"(9, 13)"
8.694634650088847,2.5379156459109637,2,"(9, 13)"
11.003117112256588,2.5545242516120017,2,"(9, 13)"
8.694634650088847,2.5492186835315116,2,"(9, 13)"
11.003117112256588,2.581016421359778,2,"(9, 13)"
24.358213942823937,2.6906688715668063,2,"(9, 13)"
14.34971114099026,2.623167544565361,2,"(9, 13)"
24.358213942823937,2.674174944589818,2,"(9, 13)"
14.34971114099026,2.5885797997347155,2,"(9, 13)"
18.422172799613328,2.6236589098668723,2,"(9, 13)"
15.761651229579003,2.6248010981275383,2,"(9, 13)"
37.258615382062274,2.6246339953361626,2,"(9, 13)"
9.604993973951789,2.5561921228436955,2,"(9, 13)"
0.4409951362293213,1.1449862923348686,2,"(9, 13)"
25.996698691044006,2.6381005578584755,2,"(9, 13)"
40.049196848040445,2.705373400965459,2,"(9, 13)"
19.801798835443336,2.6612792660604647,2,"(9, 13)"
32.61116623450071,2.658972201847478,2,"(9, 13)"
44.44334107330069,2.706601641130848,2,"(9, 13)"
15.593953360244631,2.61381268118337,2,"(9, 13)"
5.567504246765748,2.480544139272626,2,"(9, 13)"
12.58973395880312,2.594125754988964,2,"(9, 13)"
40.13766205203719,2.6804760599761175,2,"(9, 13)"
12.58973395880312,2.6068326649663356,2,"(9, 13)"
40.13766205203719,2.696605520247042,2,"(9, 13)"
44.32084116558544,2.661555068459562,2,"(9, 13)"
24.521663057664412,2.6431259587119436,2,"(9, 13)"
35.87318601110019,2.6933618770655654,2,"(9, 13)"
36.09468518057838,2.6690863271401084,2,"(9, 13)"
26.51542065916583,2.6510151818377543,2,"(9, 13)"
11.617754759127276,2.540814607989478,2,"(9, 13)"
22.015102113736795,2.659078329015771,2,"(9, 13)"
1.6726848755963148,1.6912068978196124,2,"(9, 13)"
27.605511064222085,2.607918855483756,2,"(9, 13)"
41.22889117118903,2.681887431449189,2,"(9, 13)"
7.010462897270918,2.489937776319824,2,"(9, 13)"
23.504487822065133,2.667788634803342,2,"(9, 13)"
30.390602957876403,2.6562957860088448,2,"(9, 13)"
30.351268153544517,2.67581607260061,2,"(9, 13)"
30.390602957876403,2.6468682023999808,2,"(9, 13)"
30.351268153544517,2.6718661164992485,2,"(9, 13)"
14.59077856023796,2.6261110908442893,2,"(9, 13)"
31.661091906996447,2.6789381469335556,2,"(9, 13)"
41.068148454185575,2.6806774696324163,2,"(9, 13)"
38.52112039686181,2.6898328418937663,2,"(9, 13)"
1.5291994479484858,1.6117994866915029,2,"(9, 13)"
9.99390077693388,2.5878505930984907,2,"(9, 13)"
9.932355291582644,2.553663553087647,2,"(9, 13)"
22.299108653562147,2.6379689757795295,2,"(9, 13)"
9.932355291582644,2.544623110137844,2,"(9, 13)"
22.299108653562147,2.636183677964725,2,"(9, 13)"
18.16031016940251,2.613319759045592,2,"(9, 13)"
25.097634828276934,2.6440976879617684,2,"(9, 13)"
23.723723210673786,2.638139576408906,2,"(9, 13)"
19.21001103310846,2.6314440712804825,2,"(9, 13)"
2.461738641699776,1.9402253721144676,2,"(9, 13)"
12.006485947035255,2.603953482895576,2,"(9, 13)"
2.461738641699776,1.9967482163990424,2,"(9, 13)"
12.006485947035255,2.6016737750952292,2,"(9, 13)"
32.1761715054512,2.670791826621452,2,"(9, 13)"
7.606718899682164,2.512381355525184,2,"(9, 13)"
32.1761715054512,2.63062593616606,2,"(9, 13)"
7.606718899682164,2.562013550206496,2,"(9, 13)"
42.83227789676748,2.6856876165012507,2,"(9, 13)"
16.293715882627296,2.6045025434525693,2,"(9, 13)"
3.2656470987480133,2.2930808725567395,2,"(9, 13)"
33.62735367193818,2.6435892256725553,2,"(9, 13)"
6.100031443545595,2.465611996259879,2,"(9, 13)"
43.80220493278466,2.6927529853907917,2,"(9, 13)"
6.100031443545595,2.464884571881763,2,"(9, 13)"
43.80220493278466,2.696748083126071,2,"(9, 13)"
26.95829232083634,2.69297065507867,2,"(9, 13)"
26.429315730137752,2.6760326076192964,2,"(9, 13)"
20.175752778863536,2.6555382628161115,2,"(9, 13)"
39.18384693507105,2.638936239741838,2,"(9, 13)"
35.489357728138565,2.6699624218411095,2,"(9, 13)"
31.294655670225623,2.6691338279846235,2,"(9, 13)"
35.489357728138565,2.685474071583732,2,"(9, 13)"
31.294655670225623,2.6932142370680583,2,"(9, 13)"
4.268844839651138,2.392839923883822,2,"(9, 13)"
3.626635961048305,2.292268932401974,2,"(9, 13)"
11.766426671342924,2.585203903112512,2,"(9, 13)"
26.90873759831302,2.625882473852606,2,"(9, 13)"
16.438712144130843,2.6286226832063546,2,"(9, 13)"
17.57967821522616,2.58721034602643,2,"(9, 13)"
40.4548138753511,2.704851139426536,2,"(9, 13)"
2.2915257300715894,1.937255607681064,2,"(9, 13)"
40.4548138753511,2.6802116799063143,2,"(9, 13)"
2.2915257300715894,1.925847662666224,2,"(9, 13)"
37.66492348294705,2.6453272441238576,2,"(9, 13)"
13.188272999040784,2.6079718836695025,2,"(9, 13)"
24.72331998436712,2.5424154900212925,2,"(9, 13)"
34.900046496046706,2.6396222095770474,2,"(9, 13)"
19.267611940158535,2.6583837888686173,2,"(9, 13)"
6.680101596936583,2.4766061590452653,2,"(9, 13)"
24.938391725858676,2.662853073889972,2,"(9, 13)"
13.888689043931665,2.6051439245026637,2,"(9, 13)"
37.80239404197782,2.6596175886623383,2,"(9, 13)"
34.19716823990457,2.656138215295485,2,"(9, 13)"
9.700215020775795,2.576406677645811,2,"(9, 13)"
5.9772072654217485,2.5473295070437763,2,"(9, 13)"
1.2471183526329697,1.5292954506722949,2,"(9, 13)"
18.28275205506943,2.601966022710534,2,"(9, 13)"
1.2471183526329697,1.5149446169496512,2,"(9, 13)"
18.28275205506943,2.6498114272490167,2,"(9, 13)"
11.903382818447428,2.5587787777813893,2,"(9, 13)"
2.923575517348945,2.1517606762228394,2,"(9, 13)"
28.575961135933177,2.655559645624668,2,"(9, 13)"
42.87487629479729,2.687266800840818,2,"(9, 13)"
43.73428049674258,2.6919511967182195,2,"(9, 13)"
22.401785282418135,2.6634029573676203,2,"(9, 13)"
7.266736321337522,2.513920097306921,2,"(9, 13)"
38.48347107861191,2.6948058614507655,2,"(9, 13)"
25.742300182906913,2.590868178814973,2,"(9, 13)"
31.997590190172197,2.6389608297347897,2,"(9, 13)"
25.742300182906913,2.640665355859038,2,"(9, 13)"
31.997590190172197,2.663260072286782,2,"(9, 13)"
21.463098137732597,2.641290039377989,2,"(9, 13)"
44.50520911267959,2.639286051160335,2,"(9, 13)"
34.240325508313255,2.665649344116672,2,"(9, 13)"
25.72899881671183,2.6516983162424324,2,"(9, 13)"
3.4601437028031796,2.1837965516077467,2,"(9, 13)"
9.806031873216854,2.5592110351156356,2,"(9, 13)"
42.648928224062544,2.656403407645882,2,"(9, 13)"
37.30168402660638,2.6610966720234175,2,"(9, 13)"
29.570756647922103,2.65567050612213,2,"(9, 13)"
15.590596495894715,2.5921885384106655,2,"(9, 13)"
13.015485683456063,2.6271700873450334,2,"(9, 13)"
32.92420749291777,2.6823598499068195,2,"(9, 13)"
15.19105143826455,2.625605444311403,2,"(9, 13)"
11.306351221166551,2.5661231360699928,2,"(9, 13)"
41.74078738535754,2.684083371143104,2,"(9, 13)"
8.30990526713431,2.5483283244385966,2,"(9, 13)"
10.697239902289583,2.5622895703788147,2,"(9, 13)"
24.394654761441053,2.651640257790066,2,"(9, 13)"
17.981590204034003,2.649359332676499,2,"(9, 13)"
1.1118673253338784,1.458212756698523,2,"(9, 13)"
17.575121181970463,2.629511424928822,2,"(9, 13)"
21.596037492947655,2.6533826116932056,2,"(9, 13)"
17.575121181970463,2.6086473463854833,2,"(9, 13)"
21.596037492947655,2.6732949633973484,2,"(9, 13)"
38.067353860661385,2.6916357111373284,2,"(9, 13)"
3.850028173113242,2.247534395913215,2,"(9, 13)"
38.067353860661385,2.620327637517959,2,"(9, 13)"
3.850028173113242,2.4063591808512848,2,"(9, 13)"
40.89621095648035,2.670816452296345,2,"(9, 13)"
14.746427812147887,2.590763773352224,2,"(9, 13)"
31.323837118456144,2.6613599093659195,2,"(9, 13)"
39.22404419989325,2.6833884317647683,2,"(9, 13)"
13.399844453716652,2.6376541493837458,2,"(9, 13)"
35.079735044483094,2.686317925717334,2,"(9, 13)"
13.399844453716652,2.6041229448891996,2,"(9, 13)"
35.079735044483094,2.6872717832490944,2,"(9, 13)"
43.47241786653176,2.663502562124738,2,"(9, 13)"
29.64840061431751,2.66937425178159,2,"(9, 13)"
6.831741592288018,2.5414504694638183,2,"(9, 13)"
2.3757694323547183,2.1069646615224618,2,"(9, 13)"
21.84676549951546,2.613403297571674,2,"(9, 13)"
22.804278077790517,2.625303699813485,2,"(9, 13)"
36.08825909220614,2.6378447428479035,2,"(9, 13)"
12.320951843494552,2.5723236669177023,2,"(9, 13)"
7.913773044617847,2.499137677173914,2,"(9, 13)"
29.259493811335417,2.6464654732048394,2,"(9, 13)"
5.129415259649977,2.442823352244304,2,"(9, 13)"
39.43469270211644,2.6546354816335413,2,"(9, 13)"
5.129415259649977,2.48779275553626,2,"(9, 13)"
39.43469270211644,2.6857369974563574,2,"(9, 13)"
29.487233867496258,2.659077983081791,2,"(9, 13)"
25.22200408414938,2.659331814193377,2,"(9, 13)"
29.487233867496258,2.657282180005837,2,"(9, 13)"
25.22200408414938,2.666240191428171,2,"(9, 13)"
15.806797323003414,2.5890729716787564,2,"(9, 13)"
26.699692154023797,2.657149679909097,2,"(9, 13)"
32.40912626180798,2.6460875481020443,2,"(9, 13)"
20.504808373795825,2.6360950799621716,2,"(9, 13)"
24.00533276172355,2.6545567280858116,2,"(9, 13)"
8.90186387030408,2.5616049415264595,2,"(9, 13)"
24.00533276172355,2.660173264113685,2,"(9, 13)"
8.90186387030408,2.538200021898302,2,"(9, 13)"
18.79149372852408,2.61052000776153,2,"(9, 13)"
10.301457905210556,2.5658694372254627,2,"(9, 13)"
18.79149372852408,2.619595359449162,2,"(9, 13)"
10.301457905210556,2.564516375085418,2,"(9, 13)"
0.0750393186695873,1.1525348350025897,2,"(9, 13)"
42.34206254612654,2.701174160026965,2,"(9, 13)"
32.961336203524844,2.6612781285190645,2,"(9, 13)"
28.10880113504827,2.6517231940870545,2,"(9, 13)"
15.957144381152467,2.6000468935572867,2,"(9, 13)"
21.902944238437343,2.641541461691081,2,"(9, 13)"
44.69221982592717,2.667365856283197,2,"(9, 13)"
40.834276020107794,2.663458611640771,2,"(9, 13)"
44.69221982592717,2.68845938024166,2,"(9, 13)"
40.834276020107794,2.672358312579331,2,"(9, 13)"
8.464439499378205,2.5351869316332887,2,"(9, 13)"
13.730050107603894,2.606473683902214,2,"(9, 13)"
36.23980619367212,2.6257688852310386,2,"(9, 13)"
30.657618959061804,2.656559945179465,2,"(9, 13)"
26.151522405585276,2.6379446020359096,2,"(9, 13)"
6.190655268682167,2.4450787310905704,2,"(9, 13)"
20.64891714076512,2.6622255227333693,2,"(9, 13)"
33.982608356699345,2.6793539284773034,2,"(9, 13)"
22.35360127845779,2.6607677139295425,2,"(9, 13)"
18.68729864675552,2.6261083556831117,2,"(9, 13)"
27.95842447979376,2.667230192826892,2,"(9, 13)"
24.21277686445974,2.6588353369483344,2,"(9, 13)"
34.51797649883665,2.662050316769513,2,"(9, 13)"
0.9646049804985524,1.3422024118064309,2,"(9, 13)"
3.8458262213971466,2.3912528880436303,2,"(9, 13)"
28.249495308659977,2.648930375318085,2,"(9, 13)"
30.74827451631427,2.670315323824299,2,"(9, 13)"
36.49226406104863,2.641148048377856,2,"(9, 13)"
14.238572377339008,2.6115073437654615,2,"(9, 13)"
37.81289046495222,2.681462433175971,2,"(9, 13)"
31.167981565929953,2.7016159689802577,2,"(9, 13)"
9.296628555841746,2.561859839610392,2,"(9, 13)"
1.8841704274993392,1.9196054294848932,2,"(9, 13)"
16.15493731573224,2.589777423469276,2,"(9, 13)"
10.29345651404001,2.562692875356423,2,"(9, 13)"
5.262567906593904,2.4069058799033436,2,"(9, 13)"
22.72105784090236,2.644442170364373,2,"(9, 13)"
20.19714290420525,2.595032043292808,2,"(9, 13)"
23.36810913248919,2.6016495484562516,2,"(9, 13)"
2.5135181706864387,2.1064805899275703,2,"(9, 13)"
39.10792596396059,2.647615741217172,2,"(9, 13)"
22.995847080182287,2.657188698297055,2,"(9, 13)"
2.7954580622725187,2.102984759400646,2,"(9, 13)"
6.898664959613234,2.5307762019818787,2,"(9, 13)"
31.815713549079376,2.7001208455634247,2,"(9, 13)"
12.703801705595108,2.592744050504774,2,"(9, 13)"
31.815713549079376,2.660301800134703,2,"(9, 13)"
12.703801705595108,2.5936496538959872,2,"(9, 13)"
13.209600622998552,2.5861971602629445,2,"(9, 13)"
14.19177809772082,2.550801761827001,2,"(9, 13)"
2.91346251713112,2.1278400127288295,2,"(9, 13)"
38.70332415504381,2.664507261316722,2,"(9, 13)"
5.741630883701146,2.401341638864011,2,"(9, 13)"
27.126438584225255,2.6789988162090923,2,"(9, 13)"
5.741630883701146,2.4662154469942585,2,"(9, 13)"
27.126438584225255,2.565429412183323,2,"(9, 13)"
27.288582244841383,2.6655276126867093,2,"(9, 13)"
43.09395808824338,2.6891797328135754,2,"(9, 13)"
27.288582244841383,2.671895502269825,2,"(9, 13)"
43.09395808824338,2.685634046270621,2,"(9, 13)"
19.80364545201883,2.622261562710969,2,"(9, 13)"
33.40677603157237,2.6643938975064874,2,"(9, 13)"
19.80364545201883,2.6272297662119315,2,"(9, 13)"
33.40677603157237,2.6766691826365605,2,"(9, 13)"
35.83333332021721,2.6805820817011967,2,"(9, 13)"
37.08259369311854,2.6971890865755364,2,"(9, 13)"
44.28642730913125,2.7169418682319666,2,"(9, 13)"
26.21216716771014,2.6759053784954534,2,"(9, 13)"
28.37633770201355,2.661168522605855,2,"(9, 13)"
4.323071592953056,2.409280517442009,2,"(9, 13)"
11.400534987822176,2.5945890029457304,2,"(9, 13)"
44.285347496205944,2.6756383185995123,2,"(9, 13)"
16.780629837326707,2.628637008440454,2,"(9, 13)"
0.1904225249309092,1.1588827387652554,2,"(9, 13)"
40.08613587762229,2.647841237811155,2,"(9, 13)"
19.691948613384746,2.6184742714047817,2,"(9, 13)"
40.08613587762229,2.6564942764576434,2,"(9, 13)"
19.691948613384746,2.617138799432974,2,"(9, 13)"
9.499391543539245,2.533512417059425,2,"(9, 13)"
35.59667503242381,2.639733590756544,2,"(9, 13)"
37.30108969830908,2.6731134353065973,2,"(9, 13)"
7.387689183745533,2.4918237748471106,2,"(9, 13)"
24.98351663663052,2.6781291688014464,2,"(9, 13)"
41.742725891107696,2.696373595320249,2,"(9, 13)"
37.40371810104698,2.6894555658054973,2,"(9, 13)"
17.23220857391134,2.6157205538391888,2,"(9, 13)"
1.0044083568267526,1.4065229221383804,2,"(9, 13)"
34.54468753067776,2.6831201778127016,2,"(9, 13)"
33.43665366065688,2.6470044834681103,2,"(9, 13)"
30.14492081822828,2.6570052027372477,2,"(9, 13)"
11.330835646437482,2.600440737985301,2,"(9, 13)"
31.654856169456615,2.6541855603454696,2,"(9, 13)"
28.457178867468613,2.665519315004639,2,"(9, 13)"
14.145653457846494,2.6234566911102792,2,"(9, 13)"
4.70548478262499,2.4691139919570766,2,"(9, 13)"
11.171498352382333,2.5656448811236516,2,"(9, 13)"
7.539185756631196,2.504837115913419,2,"(9, 13)"
21.34086255268194,2.6284023374782675,2,"(9, 13)"
7.539185756631196,2.5017598349271712,2,"(9, 13)"
21.34086255268194,2.640806055690194,2,"(9, 13)"
25.672089653043077,2.631052483821461,2,"(9, 13)"
3.9679730151314287,2.3280576797137047,2,"(9, 13)"
21.524368081148715,2.6257484096464996,2,"(9, 13)"
16.651172432955356,2.617858034159917,2,"(9, 13)"
21.524368081148715,2.649694644666436,2,"(9, 13)"
16.651172432955356,2.591737912017569,2,"(9, 13)"
33.94252253104933,2.6787560934770807,2,"(9, 13)"
8.761981503013523,2.5726928597291185,2,"(9, 13)"
33.94252253104933,2.685185261089993,2,"(9, 13)"
8.761981503013523,2.5577405108038995,2,"(9, 13)"
30.183795004524292,2.6290347796937628,2,"(9, 13)"
44.14628576831892,2.6809245213708683,2,"(9, 13)"
13.115730367973448,2.601812836991402,2,"(9, 13)"
4.370576035650447,2.312617923317719,2,"(9, 13)"
15.066433809511365,2.625043007579711,2,"(9, 13)"
40.03557422556914,2.7052988601692847,2,"(9, 13)"
41.98141562039964,2.680840724579102,2,"(9, 13)"
24.74742140551098,2.658452489310923,2,"(9, 13)"
41.98141562039964,2.658067125850198,2,"(9, 13)"
24.74742140551098,2.6309853163687467,2,"(9, 13)"
11.13229173240252,2.585696795992191,2,"(9, 13)"
7.254103883216158,2.511289431525989,2,"(9, 13)"
39.19084219210781,2.668365333524591,2,"(9, 13)"
35.649655735027046,2.6189243035489773,2,"(9, 13)"
17.894645211193712,2.6454138712583175,2,"(9, 13)"
29.141484667826447,2.656532080453614,2,"(9, 13)"
16.98439008421265,2.617521494352163,2,"(9, 13)"
38.167991722002625,2.6523281129238105,2,"(9, 13)"
16.98439008421265,2.6118820024352063,2,"(9, 13)"
38.167991722002625,2.6912426518776065,2,"(9, 13)"
31.240259916195647,2.6739293068471848,2,"(9, 13)"
21.949065445549788,2.6486996843069877,2,"(9, 13)"
14.155487608956175,2.59013535912586,2,"(9, 13)"
27.968357678642494,2.613935518894559,2,"(9, 13)"
14.04843617626466,2.6319112446293187,2,"(9, 13)"
17.632594490749764,2.639996862800892,2,"(9, 13)"
43.05898741269484,2.644532455693378,2,"(9, 13)"
2.016595161473379,2.0034324605462883,2,"(9, 13)"
43.05898741269484,2.6627842198792337,2,"(9, 13)"
2.016595161473379,1.9723793760271784,2,"(9, 13)"
6.569491980969906,2.482699252400931,2,"(9, 13)"
30.70923802736215,2.639339987997684,2,"(9, 13)"
34.61202065255493,2.671321473319273,2,"(9, 13)"
13.595104344934226,2.56171725653922,2,"(9, 13)"
27.86540764286183,2.682715330382502,2,"(9, 13)"
34.03525156020187,2.6887256079235327,2,"(9, 13)"
20.733014825079593,2.6672742764069377,2,"(9, 13)"
24.161513463780285,2.666345190352764,2,"(9, 13)"
26.078220757376403,2.6075207275423655,2,"(9, 13)"
18.822590699745344,2.6211239834561484,2,"(9, 13)"
36.308651112252846,2.6819065554284953,2,"(9, 13)"
40.47882905881852,2.6901088204642836,2,"(9, 13)"
5.5504091763403265,2.4780791638506487,2,"(9, 13)"
11.978467744588851,2.5177622882455983,2,"(9, 13)"
28.862629280239343,2.6549071565338065,2,"(9, 13)"
7.9504547426477075,2.546099255862693,2,"(9, 13)"
15.8553757596761,2.6209233262835054,2,"(9, 13)"
9.249122187448666,2.5714844769424476,2,"(9, 13)"
39.6067027901765,2.685188170438959,2,"(9, 13)"
16.10915034241043,2.623891792396322,2,"(9, 13)"
0.1812673490028828,1.1451574535114095,2,"(9, 13)"
32.49900869410485,2.6579225678634324,2,"(9, 13)"
8.585111921885984,2.485245341413154,2,"(9, 13)"
44.79872951018624,2.6288126172911186,2,"(9, 13)"
24.599512026924643,2.6221984779560885,2,"(9, 13)"
25.649398762127387,2.6420699752632686,2,"(9, 13)"
24.599512026924643,2.6585264021015353,2,"(9, 13)"
25.649398762127387,2.6630310495368854,2,"(9, 13)"
18.48822780377232,2.623233978215288,2,"(9, 13)"
27.046935316780583,2.65171456270326,2,"(9, 13)"
36.973163523897526,2.6677769262514817,2,"(9, 13)"
43.38757460308261,2.691754830522763,2,"(9, 13)"
39.80754786869511,2.5819173724303677,2,"(9, 13)"
31.089140486624096,2.5903888501442633,2,"(9, 13)"
32.50130056501366,2.6799011448108305,2,"(9, 13)"
10.661660748766735,2.5773000226882687,2,"(9, 13)"
15.703827318595724,2.6413023611362227,2,"(9, 13)"
39.35351420501247,2.7117956235991327,2,"(9, 13)"
12.480211230600254,2.6227414203425363,2,"(9, 13)"
6.5392891186289495,2.465032954692828,2,"(9, 13)"
12.480211230600254,2.533277919138309,2,"(9, 13)"
6.5392891186289495,2.477001627791126,2,"(9, 13)"
44.562139249686155,2.6695007747569823,2,"(9, 13)"
13.37599358232692,2.591856311396242,2,"(9, 13)"
7.832590277493001,2.5366263205410298,2,"(9, 13)"
41.89135690322146,2.654383365823951,2,"(9, 13)"
20.932659525377677,2.632394355502873,2,"(9, 13)"
17.412711775349454,2.631952989768911,2,"(9, 13)"
27.67122856928036,2.663238103225596,2,"(9, 13)"
7.46729962034151,2.5138644438738034,2,"(9, 13)"
35.158723439509046,2.6161315260663116,2,"(9, 13)"
29.301503155799587,2.666580733926117,2,"(9, 13)"
6.725348873110488,2.565681369739518,2,"(9, 13)"
12.198343259561808,2.568361082769815,2,"(9, 13)"
3.9354584807064383,2.276865276811481,2,"(9, 13)"
0.6156323755625637,1.2148287322070892,2,"(9, 13)"
3.9354584807064383,2.3063112251720104,2,"(9, 13)"
0.6156323755625637,1.2019464582746422,2,"(9, 13)"
30.50012836530805,2.6834812436358058,2,"(9, 13)"
19.041694261925297,2.6365803514368555,2,"(9, 13)"
14.700646908953788,2.5877222768674213,2,"(9, 13)"
20.54134129090235,2.6248916349590696,2,"(9, 13)"
31.39731685165316,2.6671048998696123,2,"(9, 13)"
26.57160731018521,2.6578635579097836,2,"(9, 13)"
10.21780982897617,2.5875242886639005,2,"(9, 13)"
33.420445289369674,2.694087894629007,2,"(9, 13)"
22.98799074413255,2.6467311584412525,2,"(9, 13)"
36.76703965300694,2.6920612906720427,2,"(9, 13)"
22.98799074413255,2.646554229440728,2,"(9, 13)"
36.76703965300694,2.6474495764643375,2,"(9, 13)"
38.996725912950936,2.6988876608813968,2,"(9, 13)"
5.853238386800513,2.474626008596374,2,"(9, 13)"
10.623934067785742,2.5648072105158572,2,"(9, 13)"
34.23781578261405,2.6657515305404305,2,"(9, 13)"
2.1762789133004845,1.9859087151297388,2,"(9, 13)"
23.339610343379903,2.6310226773289207,2,"(9, 13)"
2.1762789133004845,1.986711389923811,2,"(9, 13)"
23.339610343379903,2.6398290818628887,2,"(9, 13)"
32.242234714748335,2.6762380963721992,2,"(9, 13)"
41.43508219025098,2.697052200898355,2,"(9, 13)"
12.92041404549964,2.5926083891556297,2,"(9, 13)"
42.74540955498814,2.691082867538933,2,"(9, 13)"
29.67698082686402,2.6541300052216243,2,"(9, 13)"
2.958725366322324,2.2092135232510812,2,"(9, 13)"
42.54716110965237,2.698485444762634,2,"(9, 13)"
27.48058109600097,2.66625058580651,2,"(9, 13)"
3.550755931902677,2.2049851997507197,2,"(9, 13)"
22.437959266593683,2.6590015283867134,2,"(9, 13)"
26.84876138749533,2.595627204099581,2,"(9, 13)"
15.243350653909149,2.593802848743894,2,"(9, 13)"
26.84876138749533,2.6600924804251416,2,"(9, 13)"
15.243350653909149,2.608808187367593,2,"(9, 13)"
20.285281032975764,2.6407328133813235,2,"(9, 13)"
5.380588101921603,2.5101006914233555,2,"(9, 13)"
20.285281032975764,2.6489420038297697,2,"(9, 13)"
5.380588101921603,2.3752972056005595,2,"(9, 13)"
35.24805445303209,2.639249643542682,2,"(9, 13)"
19.942042647441852,2.5974074778337375,2,"(9, 13)"
4.553958947537467,2.356237521961424,2,"(9, 13)"
37.43148098136298,2.689236973700905,2,"(9, 13)"
43.65121029666625,2.6798366177494297,2,"(9, 13)"
9.771221616491676,2.519902604218824,2,"(9, 13)"
28.65800368431956,2.652427938922291,2,"(9, 13)"
33.052294429903846,2.6394545852395352,2,"(9, 13)"
16.37265161406249,2.621671949398921,2,"(9, 13)"
28.74611162990332,2.652912357417781,2,"(9, 13)"
40.74027092452161,2.683295197413155,2,"(9, 13)"
35.95731333438307,2.6748472913683865,2,"(9, 13)"
9.607186294766144,2.5955102196528146,2,"(9, 13)"
18.629657551273706,2.6319633748036324,2,"(9, 13)"
19.157743507716805,2.6294922436340724,2,"(9, 13)"
40.34245987213217,2.6665022014632744,2,"(9, 13)"
19.348798642400656,2.618349206146817,2,"(9, 13)"
19.33397455327213,2.642503505328007,2,"(9, 13)"
24.65328029720113,2.6090458427164744,2,"(9, 13)"
25.056992644025016,2.6258247664307257,2,"(9, 13)"
9.765929930331186,2.5337499183981356,2,"(9, 13)"
39.64073904282414,2.711051718601474,2,"(9, 13)"
1.356646523019299,1.5483017519768338,2,"(9, 13)"
29.44762615859509,2.677592983060998,2,"(9, 13)"
33.10020134299993,2.661385276480694,2,"(9, 13)"
35.25276323948056,2.645543079958778,2,"(9, 13)"
33.10020134299993,2.667388713283982,2,"(9, 13)"
35.25276323948056,2.6549391934450366,2,"(9, 13)"
43.844151608413085,2.6610740204939254,2,"(9, 13)"
33.756815053289756,2.671326039384237,2,"(9, 13)"
4.3718189466279,2.3413961229275215,2,"(9, 13)"
16.25857139211148,2.6334718385683695,2,"(9, 13)"
7.200676042446867,2.5154250890425898,2,"(9, 13)"
4.676198760746047,2.392239546323185,2,"(9, 13)"
7.200676042446867,2.508560625844206,2,"(9, 13)"
4.676198760746047,2.395080300051024,2,"(9, 13)"
21.177638325607408,2.672653498084777,2,"(9, 13)"
10.863255843892697,2.598184365600732,2,"(9, 13)"
21.177638325607408,2.615675494876593,2,"(9, 13)"
10.863255843892697,2.576608270272996,2,"(9, 13)"
34.30638846643269,2.6683016151612327,2,"(9, 13)"
14.539073840342464,2.6005636798563025,2,"(9, 13)"
3.350269911903888,2.2485375461780235,2,"(9, 13)"
43.44982836768031,2.6853239646669183,2,"(9, 13)"
42.75879406100139,2.685428582784149,2,"(9, 13)"
3.663160254387185,2.2122975812923253,2,"(9, 13)"
12.773844825522977,2.634741802544746,2,"(9, 13)"
21.73634024797939,2.5940004059877335,2,"(9, 13)"
15.432357643777506,2.6031719219145835,2,"(9, 13)"
22.635129908425736,2.6284018151010056,2,"(9, 13)"
15.432357643777506,2.6646279874506194,2,"(9, 13)"
22.635129908425736,2.6595322166507573,2,"(9, 13)"
41.63125653574243,2.6932416973051363,2,"(9, 13)"
42.136655661975965,2.6971493343560486,2,"(9, 13)"
41.63125653574243,2.6575062509778813,2,"(9, 13)"
42.136655661975965,2.680535443654968,2,"(9, 13)"
38.84689875077456,2.6839758327277146,2,"(9, 13)"
29.83788329288364,2.65701291371242,2,"(9, 13)"
23.62813029526733,2.61672463596788,2,"(9, 13)"
6.557496445765719,2.511848619072586,2,"(9, 13)"
17.333820502366873,2.593664500968188,2,"(9, 13)"
32.718901289161295,2.65582864058251,2,"(9, 13)"
38.176879519270734,2.6562859802845504,2,"(9, 13)"
37.471549559477715,2.648051033494784,2,"(9, 13)"
38.176879519270734,2.671544443672327,2,"(9, 13)"
37.471549559477715,2.6829290277056033,2,"(9, 13)"
1.6242751884739848,1.7134485692700925,2,"(9, 13)"
19.83694123281166,2.641085623925292,2,"(9, 13)"
31.60894846338779,2.68608604239505,2,"(9, 13)"
5.603680156636983,2.419335384640625,2,"(9, 13)"
14.500159549340609,2.567434161485939,2,"(9, 13)"
44.314900561841206,2.678581386597239,2,"(9, 13)"
13.68529873993248,2.6326094467701036,2,"(9, 13)"
1.3199600944761187,1.5955801333652306,2,"(9, 13)"
43.40636009941809,2.6650653445082493,2,"(9, 13)"
18.3399680741597,2.6165194866767836,2,"(9, 13)"
34.95326343127526,2.6655731122508817,2,"(9, 13)"
8.168798073660584,2.539106366240946,2,"(9, 13)"
27.5214000674896,2.6680344274293493,2,"(9, 13)"
28.5969637778122,2.666234873305056,2,"(9, 13)"
22.088411883357914,2.664489253421241,2,"(9, 13)"
11.493787806201729,2.5886932455097624,2,"(9, 13)"
21.09140450055711,2.6358150995323055,2,"(9, 13)"
41.18688718518242,2.6989182499655953,2,"(9, 13)"
26.411243494739757,2.6269503276881125,2,"(9, 13)"
1.795288101071492,1.7445537085608689,2,"(9, 13)"
5.195470347534865,2.3874586949246024,2,"(9, 13)"
5.837493270915002,2.423835104178983,2,"(9, 13)"
29.201782260509212,2.671743149213874,2,"(9, 13)"
14.080262358207255,2.5961315196597616,2,"(9, 13)"
29.201782260509212,2.647754670308073,2,"(9, 13)"
14.080262358207255,2.432580266097527,2,"(9, 13)"
15.52168865730055,2.62276047149294,2,"(9, 13)"
15.412023636931556,2.6194605208582735,2,"(9, 13)"
39.96715019708499,2.6493130982751776,2,"(9, 13)"
9.95737321828492,2.5466632834602105,2,"(9, 13)"
0.5122325223870576,1.170575193915308,2,"(9, 13)"
38.649199882242826,2.6574574429350837,2,"(9, 13)"
8.920835238136352,2.549900224942935,2,"(9, 13)"
27.75134341255762,2.619931738944509,2,"(9, 13)"
8.920835238136352,2.5699983497668573,2,"(9, 13)"
27.75134341255762,2.655273012066117,2,"(9, 13)"
18.857548816408965,2.642165903335809,2,"(9, 13)"
44.09580034869723,2.6998885086630207,2,"(9, 13)"
36.631974580930546,2.658690815715167,2,"(9, 13)"
26.349790693959225,2.6273638025935324,2,"(9, 13)"
36.631974580930546,2.665846316902025,2,"(9, 13)"
26.349790693959225,2.622220003024555,2,"(9, 13)"
0.316680260328576,1.178560574260187,2,"(9, 13)"
8.548877613199876,2.537520750391556,2,"(9, 13)"
39.46014294750057,2.6842266750861845,2,"(9, 13)"
37.25167739354074,2.6830431217177404,2,"(9, 13)"
12.135592623613777,2.59098522692554,2,"(9, 13)"
12.67869892269373,2.5902975560976627,2,"(9, 13)"
12.135592623613777,2.5785144802264264,2,"(9, 13)"
12.67869892269373,2.5904659906337772,2,"(9, 13)"
36.52492314823903,2.687227830250508,2,"(9, 13)"
19.525479672802614,2.643085222870275,2,"(9, 13)"
26.217234552185985,2.6160513015768907,2,"(9, 13)"
39.77838086318225,2.6448707379838567,2,"(9, 13)"
20.58319704020396,2.625189563961736,2,"(9, 13)"
0.3977548954542726,1.144725349507692,2,"(9, 13)"
22.287886452628303,2.5848234320456416,2,"(9, 13)"
30.008891642419623,2.6447613102451237,2,"(9, 13)"
6.389571721106768,2.4507534273310614,2,"(9, 13)"
6.759690934605897,2.4925940159032156,2,"(9, 13)"
3.604525541793555,2.271363186128088,2,"(9, 13)"
16.929402764840052,2.6297453358386043,2,"(9, 13)"
30.857800174923614,2.6703596001845185,2,"(9, 13)"
2.716713811969385,2.057863457841757,2,"(9, 13)"
31.058110537985343,2.647349440136275,2,"(9, 13)"
42.90580413970165,2.6518399593367534,2,"(9, 13)"
41.162946266587824,2.6403372062210937,2,"(9, 13)"
21.248879814334217,2.622758491724031,2,"(9, 13)"
2.1258168113417923,1.8698866285333475,2,"(9, 13)"
27.268198839714753,2.6723424149624617,2,"(9, 13)"
10.578910800255835,2.5715318448183413,2,"(9, 13)"
38.86831399388611,2.652430780250127,2,"(9, 13)"
22.65500007378869,2.6544170783069507,2,"(9, 13)"
31.308346696756782,2.6843920694971253,2,"(9, 13)"
22.65500007378869,2.656461212544615,2,"(9, 13)"
31.308346696756782,2.6549784771815728,2,"(9, 13)"
17.714723611716185,2.6069899996612333,2,"(9, 13)"
7.954345778236166,2.512753309961228,2,"(9, 13)"
23.477974969428036,2.668383867355619,2,"(9, 13)"
36.34987083775923,2.6798492285126296,2,"(9, 13)"
39.349575110757726,2.689825681742035,2,"(9, 13)"
11.653479428263385,2.597423230867238,2,"(9, 13)"
10.962411882402376,2.569338878357564,2,"(9, 13)"
28.43838939415291,2.623676929865248,2,"(9, 13)"
2.5099982501473277,2.000058282011645,2,"(9, 13)"
40.73844712325372,2.6893858227585388,2,"(9, 13)"
31.881776507198815,2.67269825131872,2,"(9, 13)"
24.04698392678984,2.6234530459701553,2,"(9, 13)"
30.01340074259788,2.658067985604918,2,"(9, 13)"
20.336835632333536,2.611739754329557,2,"(9, 13)"
42.208018930023535,2.6689199717710492,2,"(9, 13)"
44.84666698323563,2.709641144535379,2,"(9, 13)"
5.982937089214102,2.486901411445197,2,"(9, 13)"
15.950917141791434,2.608438406794292,2,"(9, 13)"
5.982937089214102,2.450288345629573,2,"(9, 13)"
15.950917141791434,2.6481441584980474,2,"(9, 13)"
27.17905139522627,2.5968018729736833,2,"(9, 13)"
9.465036588255318,2.502431079390299,2,"(9, 13)"
35.59202979393304,2.6850945055947855,2,"(9, 13)"
3.2677766670007258,2.2332750760938778,2,"(9, 13)"
35.59202979393304,2.6733732600162576,2,"(9, 13)"
3.2677766670007258,2.1520270531378305,2,"(9, 13)"
4.91712845088914,2.394154817955024,2,"(9, 13)"
32.35516772442497,2.6602888971282814,2,"(9, 13)"
44.001315880473705,2.6666159424082823,2,"(9, 13)"
14.845948937442156,2.5839357984181612,2,"(9, 13)"
28.31062036440708,2.691827103030155,2,"(9, 13)"
38.13973201219924,2.7095530656421323,2,"(9, 13)"
16.714569558436054,2.4578269106375132,2,"(9, 13)"
33.84435186265036,2.6527939467214416,2,"(9, 13)"
16.714569558436054,2.602117898189268,2,"(9, 13)"
33.84435186265036,2.6035539213928565,2,"(9, 13)"
40.3715930105187,2.6950110285379045,2,"(9, 13)"
30.847906243521724,2.67018217705459,2,"(9, 13)"
9.25774507597089,2.5476406113038466,2,"(9, 13)"
1.9442459790967408,1.7082712308977774,2,"(9, 13)"
25.199790012231094,2.6384609994337036,2,"(9, 13)"
17.932337941322476,2.5853533587060906,2,"(9, 13)"
19.504419594956563,2.6034341836638193,2,"(9, 13)"
23.64438090627082,2.6264518670867494,2,"(9, 13)"
19.476156871020795,2.650889336472982,2,"(9, 13)"
20.907796700904147,2.655641164891216,2,"(9, 13)"
19.476156871020795,2.5364742853465865,2,"(9, 13)"
20.907796700904147,2.650439021514274,2,"(9, 13)"
37.61008959128522,2.703647576005622,2,"(9, 13)"
4.590481775673107,2.3863434394140723,2,"(9, 13)"
37.61008959128522,2.6914547253785157,2,"(9, 13)"
4.590481775673107,2.3072456719145165,2,"(9, 13)"
0.7928070957306773,1.2979893727277083,2,"(9, 13)"
33.14022529521026,2.614158509816489,2,"(9, 13)"
16.64717133967206,2.615077556526443,2,"(9, 13)"
8.630029485467823,2.5459859910961486,2,"(9, 13)"
11.536007093358789,2.5782229919643487,2,"(9, 13)"
35.86940072132275,2.6683005460833313,2,"(9, 13)"
43.969281221041456,2.693121711329419,2,"(9, 13)"
29.009371896553787,2.6760269590501378,2,"(9, 13)"
43.969281221041456,2.6811856960332676,2,"(9, 13)"
29.009371896553787,2.6856216299372777,2,"(9, 13)"
35.52223140480928,2.597636449896963,2,"(9, 13)"
39.90346145429648,2.669223035020859,2,"(9, 13)"
25.461345326527955,2.6553017242302586,2,"(9, 13)"
19.41973926210776,2.5989401728196517,2,"(9, 13)"
21.663804733613507,2.6147065509311025,2,"(9, 13)"
6.818842403450981,2.521330230651925,2,"(9, 13)"
27.254642360704025,2.6553801761914624,2,"(9, 13)"
34.67663954822346,2.665690790843847,2,"(9, 13)"
3.122946475818753,2.15999017850914,2,"(9, 13)"
41.522820151085035,2.681894162816754,2,"(9, 13)"
30.038957110559572,2.6790045231810513,2,"(9, 13)"
23.076176764117555,2.688628014285663,2,"(9, 13)"
30.038957110559572,2.629699476227136,2,"(9, 13)"
23.076176764117555,2.587746296527244,2,"(9, 13)"
42.121709207445384,2.661657193040394,2,"(9, 13)"
43.00881985845045,2.6913282562498826,2,"(9, 13)"
2.5825029952451586,2.0442605969398153,2,"(9, 13)"
4.1000857864040885,2.313161904363156,2,"(9, 13)"
10.986253795120868,2.557494944380476,2,"(9, 13)"
14.277766229119154,2.594475668992978,2,"(9, 13)"
10.986253795120868,2.5839499136928885,2,"(9, 13)"
14.277766229119154,2.6334811756604672,2,"(9, 13)"
23.40543706887402,2.658889173068573,2,"(9, 13)"
10.951753366086631,2.603147622598374,2,"(9, 13)"
17.106920719332994,2.616845973040431,2,"(9, 13)"
28.335661692498256,2.6312727516426917,2,"(9, 13)"
22.66990508399904,2.6341245545495866,2,"(9, 13)"
11.759237170219423,2.5660687784115974,2,"(9, 13)"
38.404551087645814,2.6904673011602056,2,"(9, 13)"
36.224850613018496,2.6692741025519733,2,"(9, 13)"
10.513934688037263,2.575224302321814,2,"(9, 13)"
8.08171016070992,2.5375504030912226,2,"(9, 13)"
31.12313052257523,2.57260726784493,2,"(9, 13)"
0.8789564413484187,1.3709352729147368,2,"(9, 13)"
31.12313052257523,2.6432234205491216,2,"(9, 13)"
0.8789564413484187,1.3562844180973597,2,"(9, 13)"
43.18340397370048,2.6783378949839665,2,"(9, 13)"
20.277993614412846,2.634013244848164,2,"(9, 13)"
3.617030381644145,2.2335300278433508,2,"(9, 13)"
25.430350375315175,2.6568534473449996,2,"(9, 13)"
6.450819770200178,2.507481029884863,2,"(9, 13)"
37.732900373265146,2.661829893676922,2,"(9, 13)"
6.450819770200178,2.5493079923044935,2,"(9, 13)"
37.732900373265146,2.6600441978909606,2,"(9, 13)"
28.011590509675447,2.675405564625234,2,"(9, 13)"
32.63044629972428,2.6809570244668066,2,"(9, 13)"
20.526455537648875,2.632177151639013,2,"(9, 13)"
42.42188317659311,2.674953960335154,2,"(9, 13)"
36.54257034910843,2.6715394919690567,2,"(9, 13)"
27.837102260580288,2.6609125269178433,2,"(9, 13)"
5.321719710342586,2.4171660360248888,2,"(9, 13)"
10.574005509121346,2.610006976105631,2,"(9, 13)"
44.99031123891473,2.699860910246267,2,"(9, 13)"
38.036736303940415,2.682088133461201,2,"(9, 13)"
12.117895522108302,2.5568544130962505,2,"(9, 13)"
32.23056537564844,2.6622409070327446,2,"(9, 13)"
16.08775217938237,2.6382773666586994,2,"(9, 13)"
13.463666739314796,2.581747480853145,2,"(9, 13)"
39.40168698970229,2.6883570347330927,2,"(9, 13)"
6.2757914053276185,2.430218045616373,2,"(9, 13)"
8.795357493218036,2.5578668903933193,2,"(9, 13)"
23.728277480974796,2.66440187077612,2,"(9, 13)"
36.61119125904516,2.685108685837308,2,"(9, 13)"
17.851642877561975,2.6179289020977983,2,"(9, 13)"
24.37270848681219,2.668478958666947,2,"(9, 13)"
41.10116500910372,2.6882753106868,2,"(9, 13)"
18.3706191631034,2.613803918207263,2,"(9, 13)"
39.68855461096391,2.6305843117508942,2,"(9, 13)"
8.99097263342701,2.54715247351147,2,"(9, 13)"
19.261439248221,2.6346034224033543,2,"(9, 13)"
0.5432397813070566,1.2120396665337505,2,"(9, 13)"
7.68704460663721,2.517021436497369,2,"(9, 13)"
0.5432397813070566,1.161551702465191,2,"(9, 13)"
7.68704460663721,2.544894339576112,2,"(9, 13)"
32.624138976540415,2.6593926591008414,2,"(9, 13)"
12.066230488289149,2.5543324608642703,2,"(9, 13)"
29.26883343541995,2.6542961624318036,2,"(9, 13)"
33.64035102939233,2.688407846133168,2,"(9, 13)"
44.44367300462909,2.6711013073186045,2,"(9, 13)"
9.16138439406641,2.5642936535420136,2,"(9, 13)"
7.956629402143881,2.511674172102582,2,"(9, 13)"
26.43965529263951,2.6678114983190304,2,"(9, 13)"
7.956629402143881,2.5035519345515396,2,"(9, 13)"
26.43965529263951,2.654897058943575,2,"(9, 13)"
26.440536298416557,2.654435950913043,2,"(9, 13)"
43.83312566098757,2.6604867166654533,2,"(9, 13)"
34.93044891906902,2.682849138881765,2,"(9, 13)"
39.13376921871677,2.6690950956809054,2,"(9, 13)"
34.93044891906902,2.687952868031521,2,"(9, 13)"
39.13376921871677,2.6639233425770388,2,"(9, 13)"
4.169134242646396,2.397617140050333,2,"(9, 13)"
21.68580534635112,2.5803842543519355,2,"(9, 13)"
43.33351634815335,2.677014238109503,2,"(9, 13)"
26.82719033048489,2.6108674066401965,2,"(9, 13)"
13.708074068417774,2.603695643129491,2,"(9, 13)"
43.51968737435527,2.6905784851348153,2,"(9, 13)"
14.473573101637887,2.6066476665195624,2,"(9, 13)"
2.2798360037151726,1.9955201457321643,2,"(9, 13)"
14.473573101637887,2.572206154446365,2,"(9, 13)"
2.2798360037151726,2.028821865234552,2,"(9, 13)"
41.03721416238695,2.693080101538181,2,"(9, 13)"
17.544663792895154,2.634443515087586,2,"(9, 13)"
41.03721416238695,2.683850221553306,2,"(9, 13)"
17.544663792895154,2.6272285168661513,2,"(9, 13)"
23.22080890168436,2.6259321478188027,2,"(9, 13)"
29.743484141351654,2.6445703254465807,2,"(9, 13)"
17.258576580742375,2.596132977679317,2,"(9, 13)"
13.15608784230426,2.603820845799739,2,"(9, 13)"
18.278908659517768,2.6523486715169344,2,"(9, 13)"
9.552173229679466,2.547839015664623,2,"(9, 13)"
38.784617942711336,2.6352683212205315,2,"(9, 13)"
15.685504449717705,2.573648548152758,2,"(9, 13)"
38.784617942711336,2.665158443866971,2,"(9, 13)"
15.685504449717705,2.596823717911394,2,"(9, 13)"
2.3829856420401483,2.02109333984702,2,"(9, 13)"
44.40978331416845,2.664354324748831,2,"(9, 13)"
41.61909606051631,2.661776517694052,2,"(9, 13)"
5.512025707541034,2.442320772666977,2,"(9, 13)"
32.00801799977199,2.6739054841718684,2,"(9, 13)"
25.98372343722731,2.6694912223009255,2,"(9, 13)"
12.70984956221655,2.5976284957875664,2,"(9, 13)"
24.483904267800973,2.629360102265709,2,"(9, 13)"
12.70984956221655,2.6127163257447448,2,"(9, 13)"
24.483904267800973,2.6324559145828097,2,"(9, 13)"
6.1090066087897865,2.445277720935184,2,"(9, 13)"
11.566391515312718,2.6176802412074296,2,"(9, 13)"
34.370331819681454,2.676302627754799,2,"(9, 13)"
28.526881055533888,2.6724090581228146,2,"(9, 13)"
27.053581520542505,2.6371395317908464,2,"(9, 13)"
8.219795142253862,2.530119841676284,2,"(9, 13)"
21.16239163000137,2.5833641741463143,2,"(9, 13)"
36.08856875244528,2.647599554548499,2,"(9, 13)"
20.140842679003256,2.6286070160131736,2,"(9, 13)"
18.022207396104935,2.6360832490134363,2,"(9, 13)"
7.221114999707789,2.4692104063932137,2,"(9, 13)"
41.30364458463155,2.6877810514044267,2,"(9, 13)"
4.431307663396001,2.3967515492449905,2,"(9, 13)"
30.40826832726598,2.643847802292523,2,"(9, 13)"
28.797212267434222,2.61047808469007,2,"(9, 13)"
34.45686416942626,2.6477244830648594,2,"(9, 13)"
16.491615944495425,2.643898369695766,2,"(9, 13)"
38.57940660039894,2.7002168506664193,2,"(9, 13)"
33.118240129901096,2.670662993402589,2,"(9, 13)"
10.030223332718016,2.5910589132459796,2,"(9, 13)"
40.59394597485662,2.649624844562328,2,"(9, 13)"
31.742704146122563,2.6520896000784013,2,"(9, 13)"
1.3008858693763614,1.4530313729760358,2,"(9, 13)"
15.462581228278578,2.6223877059269767,2,"(9, 13)"
9.74793836483732,2.5946831868209697,2,"(9, 13)"
3.177955940691754,2.2939878886829455,2,"(9, 13)"
24.708997078472752,2.667106092033708,2,"(9, 13)"
22.306703848531473,2.636321297759598,2,"(9, 13)"
19.142448334814983,2.6345509927858366,2,"(9, 13)"
3.8822086411993952,2.312625624630215,2,"(9, 13)"
19.142448334814983,2.6312988019924135,2,"(9, 13)"
3.8822086411993952,2.289609394373835,2,"(9, 13)"
33.31195305953734,2.6324866377287437,2,"(9, 13)"
31.03821835271083,2.6663995118562873,2,"(9, 13)"
16.308704325696453,2.618020198666867,2,"(9, 13)"
14.758122227154674,2.5820663687391017,2,"(9, 13)"
11.894418202666568,2.622904515653561,2,"(9, 13)"
29.70662787482143,2.6666666882516803,2,"(9, 13)"
11.894418202666568,2.6126866895858085,2,"(9, 13)"
29.70662787482143,2.672850946315221,2,"(9, 13)"
43.63900184649974,2.694187979247989,2,"(9, 13)"
35.161277623660865,2.6623502227894353,2,"(9, 13)"
43.63900184649974,2.6766541208216115,2,"(9, 13)"
35.161277623660865,2.6272569632214644,2,"(9, 13)"
7.411569987144322,2.5648977796954777,2,"(9, 13)"
17.317925224080685,2.5728289324059332,2,"(9, 13)"
35.18582212226465,2.686955214800973,2,"(9, 13)"
22.854360482795165,2.665855854245903,2,"(9, 13)"
26.904525976255535,2.619457965671782,2,"(9, 13)"
29.228577771782877,2.642719564519453,2,"(9, 13)"
34.16684506344609,2.660478036964594,2,"(9, 13)"
7.51541115953587,2.5335912385875,2,"(9, 13)"
3.4950432532001288,2.268724886370839,2,"(9, 13)"
25.188430249644444,2.648424693573815,2,"(9, 13)"
29.694970969017596,2.671713006831865,2,"(9, 13)"
39.421690656011926,2.6882731648614935,2,"(9, 13)"
29.694970969017596,2.661015151236555,2,"(9, 13)"
39.421690656011926,2.6506509680249493,2,"(9, 13)"
15.29195646895096,2.595617227629051,2,"(9, 13)"
43.705238577723506,2.6786826419511867,2,"(9, 13)"
2.2358162748161705,1.983802170216077,2,"(9, 13)"
20.42448735549115,2.6448910076595773,2,"(9, 13)"
10.644325217558071,2.5706474847057703,2,"(9, 13)"
8.850430966541172,2.563093955225285,2,"(9, 13)"
23.7741041822359,2.652059428863683,2,"(9, 13)"
16.38982681017369,2.6260075518653947,2,"(9, 13)"
23.7741041822359,2.658745701035073,2,"(9, 13)"
16.38982681017369,2.6470929846091056,2,"(9, 13)"
17.472865987429397,2.642247873238562,2,"(9, 13)"
34.12370688454248,2.665382306590835,2,"(9, 13)"
23.017320805834608,2.650305751370495,2,"(9, 13)"
5.969606042187661,2.4275191554366624,2,"(9, 13)"
38.054370569158344,2.6655179363800303,2,"(9, 13)"
30.447886878671127,2.677542007177382,2,"(9, 13)"
1.7415542002767326,1.786779307124978,2,"(9, 13)"
1.575543114775792,1.7126693456451194,2,"(9, 13)"
1.7415542002767326,1.6695253289355396,2,"(9, 13)"
1.575543114775792,1.6124654542487786,2,"(9, 13)"
31.464330266183246,2.6907833082842476,2,"(9, 13)"
18.24643552755006,2.653131034800852,2,"(9, 13)"
13.560903361579404,2.573759359586743,2,"(9, 13)"
22.39006876377389,2.640627052587762,2,"(9, 13)"
30.429987034900115,2.669629466079976,2,"(9, 13)"
27.53143767253496,2.6662802822748333,2,"(9, 13)"
43.54729134291411,2.704164789421003,2,"(9, 13)"
2.888545019645244,2.067885689699202,2,"(9, 13)"
3.966503500007093,2.368686450086852,2,"(9, 13)"
42.81787009281106,2.6803316931039527,2,"(9, 13)"
6.795449010375887,2.494595789650564,2,"(9, 13)"
31.92284280499444,2.670467319558721,2,"(9, 13)"
27.64022273370065,2.626163164724612,2,"(9, 13)"
38.42929414222017,2.6313243927766594,2,"(9, 13)"
20.857377675920727,2.5781685477440943,2,"(9, 13)"
25.73512127310969,2.622167417960614,2,"(9, 13)"
20.857377675920727,2.610365715249131,2,"(9, 13)"
25.73512127310969,2.590235357348519,2,"(9, 13)"
4.9832314299885185,2.360780547060738,2,"(9, 13)"
15.670852542901413,2.610660153542528,2,"(9, 13)"
29.430407676193862,2.6678039466159573,2,"(9, 13)"
9.86571747143753,2.566589983268842,2,"(9, 13)"
12.453661873470994,2.5974508785699726,2,"(9, 13)"
37.339436788205056,2.687516439643067,2,"(9, 13)"
39.73466702685691,2.677354251888599,2,"(9, 13)"
11.361835788656029,2.574928223920457,2,"(9, 13)"
39.73466702685691,2.668057543996778,2,"(9, 13)"
11.361835788656029,2.5812991179481655,2,"(9, 13)"
9.14757422558032,2.547119227433751,2,"(9, 13)"
40.39306987589225,2.6673852743854964,2,"(9, 13)"
36.95038693952374,2.6167341903783763,2,"(9, 13)"
1.1880080769304189,1.5518147978510275,2,"(9, 13)"
18.561075490154327,2.638582288784619,2,"(9, 13)"
18.559873814182357,2.67637442787852,2,"(9, 13)"
36.74943343596533,2.652649918727925,2,"(9, 13)"
41.80149263944477,2.6619293522995977,2,"(9, 13)"
8.646311326231809,2.5643522523139657,2,"(9, 13)"
2.5854583939071745,2.053109747518674,2,"(9, 13)"
0.1938199963420629,1.192052142070731,2,"(9, 13)"
12.763486466556788,2.600614849487333,2,"(9, 13)"
0.1938199963420629,1.0994183581795214,2,"(9, 13)"
12.763486466556788,2.620210704821982,2,"(9, 13)"
32.990716375177726,2.7059547615986745,2,"(9, 13)"
6.978921508975327,2.4862433142078117,2,"(9, 13)"
32.990716375177726,2.655643019481556,2,"(9, 13)"
6.978921508975327,2.518236999561266,2,"(9, 13)"
12.25390858068131,2.567155217490445,2,"(9, 13)"
11.274129518074917,2.5894151252411035,2,"(9, 13)"
28.927601457340646,2.64629711261857,2,"(9, 13)"
38.73687638826668,2.6655060767935748,2,"(9, 13)"
8.319777471665294,2.5385983123742464,2,"(9, 13)"
43.12485252651386,2.6914352439704614,2,"(9, 13)"
26.09317441233434,2.650463641516417,2,"(9, 13)"
27.13676123409532,2.6644347894559335,2,"(9, 13)"
26.09317441233434,2.624115041670822,2,"(9, 13)"
27.13676123409532,2.6571897332300427,2,"(9, 13)"
22.516224855929615,2.6241589848164293,2,"(9, 13)"
37.03244681917131,2.6832933732096573,2,"(9, 13)"
22.516224855929615,2.6307747077030004,2,"(9, 13)"
37.03244681917131,2.6971227728207237,2,"(9, 13)"
34.59128530560993,2.6760645211731116,2,"(9, 13)"
33.33331383895129,2.6857696511393763,2,"(9, 13)"
34.59128530560993,2.6325997852241554,2,"(9, 13)"
33.33331383895129,2.6540238415586326,2,"(9, 13)"
43.00048297760077,2.6776263968334524,2,"(9, 13)"
44.22705576675944,2.674397696733682,2,"(9, 13)"
30.624231833312663,2.6538682524500627,2,"(9, 13)"
20.97821943406016,2.603548594085255,2,"(9, 13)"
14.137838984746487,2.6020087709667385,2,"(9, 13)"
19.656917278422046,2.637624242749904,2,"(9, 13)"
41.390084794024006,2.694701666092272,2,"(9, 13)"
0.1787065086420625,1.1287207447763985,2,"(9, 13)"
10.346199560677634,2.5539551500690973,2,"(9, 13)"
29.036048265872527,2.63127466994338,2,"(9, 13)"
38.561141962883994,2.716697154047454,2,"(9, 13)"
12.45965053588152,2.613376524332408,2,"(9, 13)"
16.92760060671717,2.616950568819984,2,"(9, 13)"
7.3788024330511695,2.5117703344894067,2,"(9, 13)"
17.92668129396625,2.6405726727705754,2,"(9, 13)"
14.977900954987856,2.6099291324930274,2,"(9, 13)"
39.12108089355752,2.664079821147744,2,"(9, 13)"
10.24856699863449,2.576221388056741,2,"(9, 13)"
2.744065179489553,2.042475678907935,2,"(9, 13)"
28.095798586588355,2.6670513940747744,2,"(9, 13)"
41.94934303313494,2.626669156447655,2,"(9, 13)"
21.824081557849425,2.6048477202282987,2,"(9, 13)"
31.675048763258385,2.6791143918407725,2,"(9, 13)"
42.30848954888061,2.6733539914639266,2,"(9, 13)"
15.136228263517843,2.6407923595657854,2,"(9, 13)"
3.399728684546426,2.1964553574899655,2,"(9, 13)"
13.04837007704191,2.595216267194211,2,"(9, 13)"
40.81981597119011,2.6791910062415765,2,"(9, 13)"
42.41843362767249,2.6106972794243957,2,"(9, 13)"
23.77649367754348,2.6008691814083376,2,"(9, 13)"
42.41843362767249,2.7104280163081205,2,"(9, 13)"
23.77649367754348,2.6596122859398625,2,"(9, 13)"
5.778095103707165,2.47899567330649,2,"(9, 13)"
6.118651413777843,2.474734638046369,2,"(9, 13)"
27.41123189632781,2.6563095317455416,2,"(9, 13)"
13.678616701485591,2.6290666852188367,2,"(9, 13)"
21.496068266639487,2.6183247993970324,2,"(9, 13)"
30.628161257226022,2.657126496085941,2,"(9, 13)"
19.79620263818652,2.655926815379161,2,"(9, 13)"
0.9734709671698512,1.4010953339621466,2,"(9, 13)"
25.599588843062524,2.6678207665930875,2,"(9, 13)"
40.60649510570802,2.69707611490926,2,"(9, 13)"
35.736532868025826,2.6610993971143686,2,"(9, 13)"
18.719478612486274,2.6181704870261897,2,"(9, 13)"
7.56298990896903,2.582053706795709,2,"(9, 13)"
24.266889666812496,2.5640891917040087,2,"(9, 13)"
4.77802678574808,2.4879126368911213,2,"(9, 13)"
36.56977657778189,2.6455339398121835,2,"(9, 13)"
4.77802678574808,2.3688345350421107,2,"(9, 13)"
36.56977657778189,2.6627810931847584,2,"(9, 13)"
16.860958390962335,2.631849637953945,2,"(9, 13)"
32.43978245803155,2.6746480906376595,2,"(9, 13)"
33.46217277059331,2.692012036925094,2,"(9, 13)"
16.170662128087134,2.6312857525133873,2,"(9, 13)"
25.059145362488927,2.6269760490402856,2,"(9, 13)"
5.2907183122355494,2.4259015040122036,2,"(9, 13)"
25.059145362488927,2.6451141375561393,2,"(9, 13)"
5.2907183122355494,2.4233753929411397,2,"(9, 13)"
19.54178872448393,2.6526101326200853,2,"(9, 13)"
32.08467374937609,2.6483366046693964,2,"(9, 13)"
19.54178872448393,2.6656866201327323,2,"(9, 13)"
32.08467374937609,2.7007024952821097,2,"(9, 13)"
37.32488974807784,2.6362590988614074,2,"(9, 13)"
38.21800463451073,2.6376272528047537,2,"(9, 13)"
40.15867913663387,2.659306655564309,2,"(9, 13)"
28.050012952880937,2.665370815704422,2,"(9, 13)"
33.555198901100084,2.659990706750249,2,"(9, 13)"
3.538788319285959,2.1621078687687723,2,"(9, 13)"
11.426050162641332,2.565637270021623,2,"(9, 13)"
2.0281772163230927,1.8269608599238112,2,"(9, 13)"
44.21084170211107,2.648159995733634,2,"(9, 13)"
17.667502581188458,2.635715093543138,2,"(9, 13)"
7.480944597627968,2.519357612585948,2,"(9, 13)"
34.11004800875671,2.655528831240277,2,"(9, 13)"
35.80777159379795,2.696307016329772,2,"(9, 13)"
6.06566727841273,2.441444815612935,2,"(9, 13)"
25.527320121275263,2.66409344009597,2,"(9, 13)"
30.76345197060146,2.656438342463515,2,"(9, 13)"
19.879275601217525,2.622199980550008,2,"(9, 13)"
13.627354640420528,2.6067450058031265,2,"(9, 13)"
21.597827259637416,2.6834017170809332,2,"(9, 13)"
40.47258419515565,2.6955271007992994,2,"(9, 13)"
34.10499640661292,2.665953112327575,2,"(9, 13)"
24.131942564528437,2.633515378813061,2,"(9, 13)"
5.671879046177492,2.4510200273834655,2,"(9, 13)"
18.771099020401017,2.624991876831023,2,"(9, 13)"
2.881383315520361,2.2407343114170613,2,"(9, 13)"
7.870235702488571,2.5107908106577947,2,"(9, 13)"
2.881383315520361,2.2763978830809344,2,"(9, 13)"
7.870235702488571,2.5492819183117774,2,"(9, 13)"
30.14891672050581,2.6914004914723217,2,"(9, 13)"
11.91883120974526,2.6151535286795755,2,"(9, 13)"
15.052121285628528,2.6178903213919753,2,"(9, 13)"
16.030217332066968,2.596693327385236,2,"(9, 13)"
31.74836255172268,2.632293443177579,2,"(9, 13)"
32.485905004758386,2.6726106687456315,2,"(9, 13)"
41.88048898843117,2.689332219744904,2,"(9, 13)"
9.193515212694184,2.5534518013261516,2,"(9, 13)"
23.33980253618211,2.6622024550614736,2,"(9, 13)"
44.76787258111872,2.6604209694468133,2,"(9, 13)"
23.33980253618211,2.6481413255910966,2,"(9, 13)"
44.76787258111872,2.695869350485304,2,"(9, 13)"
22.779519157158212,2.664705963672823,2,"(9, 13)"
22.8899886996951,2.658453695504248,2,"(9, 13)"
38.64576611565426,2.680658689291955,2,"(9, 13)"
2.638437756896019,2.1394781887196324,2,"(9, 13)"
10.272717064525931,2.4956800362293308,2,"(9, 13)"
41.667908678529784,2.6608562044466586,2,"(9, 13)"
1.8256672482937577,1.770790353491964,2,"(9, 13)"
30.088026976399128,2.675884007809882,2,"(9, 13)"
1.8256672482937577,1.8022994559000016,2,"(9, 13)"
30.088026976399128,2.654766783858226,2,"(9, 13)"
13.9736264990177,2.549511689767609,2,"(9, 13)"
38.78437949134968,2.643112915518819,2,"(9, 13)"
30.73062195698731,2.672124814788721,2,"(9, 13)"
11.135069129802288,2.594629458376408,2,"(9, 13)"
6.692377739492804,2.477881144072784,2,"(9, 13)"
3.939860118692741,2.2700342634234394,2,"(9, 13)"
27.901636425638575,2.652415628843709,2,"(9, 13)"
21.333330821944404,2.647046378578324,2,"(9, 13)"
27.901636425638575,2.6555575379700644,2,"(9, 13)"
21.333330821944404,2.6239536249869766,2,"(9, 13)"
20.63640694245696,2.641428230836422,2,"(9, 13)"
8.814738448150457,2.5333623878764,2,"(9, 13)"
36.30101505904459,2.677780299481058,2,"(9, 13)"
16.727254074066877,2.6288824103338677,2,"(9, 13)"
36.30101505904459,2.6715852032697733,2,"(9, 13)"
16.727254074066877,2.6255224940847706,2,"(9, 13)"
44.70476585892029,2.673315529679056,2,"(9, 13)"
4.426162246381864,2.4282785778945457,2,"(9, 13)"
29.008792178425946,2.6512160037150805,2,"(9, 13)"
26.08443681932986,2.610713393322682,2,"(9, 13)"
12.183872912358494,2.612172048739976,2,"(9, 13)"
21.118659625155853,2.6585824531944406,2,"(9, 13)"
16.022125851828605,2.639426942363197,2,"(9, 13)"
24.785072188964115,2.685569983474718,2,"(9, 13)"
16.022125851828605,2.6120224481333816,2,"(9, 13)"
24.785072188964115,2.649937341019978,2,"(9, 13)"
39.686881641903895,2.6790578539131493,2,"(9, 13)"
40.049900313047694,2.698763336162777,2,"(9, 13)"
39.686881641903895,2.6895142324303127,2,"(9, 13)"
40.049900313047694,2.6900660539022905,2,"(9, 13)"
8.554145144438372,2.5648773614899265,2,"(9, 13)"
12.40802954188548,2.599586969273158,2,"(9, 13)"
18.806440601684155,2.633096778139923,2,"(9, 13)"
35.65583696700632,2.677126809377994,2,"(9, 13)"
23.93004161869176,2.653257287039292,2,"(9, 13)"
34.24802607232705,2.6379691355026824,2,"(9, 13)"
37.052163514960554,2.6888836930929325,2,"(9, 13)"
13.818510120594876,2.5923373084058596,2,"(9, 13)"
9.0569500236772,2.561396338774917,2,"(9, 13)"
30.57049872791395,2.6831354698324654,2,"(9, 13)"
0.6531911861151458,1.2657685707768418,2,"(9, 13)"
41.44812174555845,2.6729593917648207,2,"(9, 13)"
32.38258368647657,2.6580896571296178,2,"(9, 13)"
23.373232404002923,2.64712457824462,2,"(9, 13)"
12.384825076302516,2.5790880180740556,2,"(9, 13)"
27.494906681124125,2.646171483160223,2,"(9, 13)"
44.553281468153,2.6868729928697253,2,"(9, 13)"
42.78306117570027,2.6748200582773136,2,"(9, 13)"
5.056524956785142,2.405629235822983,2,"(9, 13)"
3.0183406347874553,2.185483607249377,2,"(9, 13)"
7.891003074590117,2.569861076419901,2,"(9, 13)"
15.315403572190554,2.604051554721115,2,"(9, 13)"
26.725730950618164,2.633909597045331,2,"(9, 13)"
10.21294916374609,2.5501255478220863,2,"(9, 13)"
26.725730950618164,2.655695856163773,2,"(9, 13)"
10.21294916374609,2.5826833770916244,2,"(9, 13)"
21.876099496334792,2.621818886146856,2,"(9, 13)"
19.933054253505546,2.583076997766275,2,"(9, 13)"
21.876099496334792,2.655987401517145,2,"(9, 13)"
19.933054253505546,2.637704371383006,2,"(9, 13)"
4.059523099893704,2.276581455472253,2,"(9, 13)"
32.97481892001815,2.695755342564322,2,"(9, 13)"
30.535178287420425,2.6633108024625645,2,"(9, 13)"
37.374587976792824,2.6627854926730055,2,"(9, 13)"
13.466856444906444,2.607462070647458,2,"(9, 13)"
9.736249392014,2.5499784313860254,2,"(9, 13)"
14.715131070930513,2.609846725688909,2,"(9, 13)"
35.87563679376617,2.697509225410519,2,"(9, 13)"
40.92726007835008,2.661032596244084,2,"(9, 13)"
28.6877611248754,2.641820850610311,2,"(9, 13)"
40.92726007835008,2.6641061646999864,2,"(9, 13)"
28.6877611248754,2.6547722654333734,2,"(9, 13)"
10.078473605727778,2.5893603822160274,2,"(9, 13)"
1.2286569592542949,1.4785190937232373,2,"(9, 13)"
38.13745274203829,2.6661209022025276,2,"(9, 13)"
40.269099657656625,2.6609895519805753,2,"(9, 13)"
22.93526862896979,2.653560076318113,2,"(9, 13)"
18.601544152479622,2.6470121450997097,2,"(9, 13)"
18.037345499219377,2.657731133012769,2,"(9, 13)"
43.35800420618616,2.6835657059633165,2,"(9, 13)"
18.037345499219377,2.60205535927076,2,"(9, 13)"
43.35800420618616,2.678772646971195,2,"(9, 13)"
32.29356346349232,2.6067301443388,2,"(9, 13)"
14.630038722930475,2.6104925866332858,2,"(9, 13)"
15.209048362215984,2.6315047598871506,2,"(9, 13)"
31.07474993020296,2.6712814289568496,2,"(9, 13)"
12.99505208465271,2.6109956851132994,2,"(9, 13)"
13.320385770313443,2.610761679676056,2,"(9, 13)"
42.7084561245516,2.6686812739840637,2,"(9, 13)"
6.460356610640884,2.4843367098573403,2,"(9, 13)"
42.7084561245516,2.689547954551595,2,"(9, 13)"
6.460356610640884,2.4796640922832047,2,"(9, 13)"
6.218623277451843,2.496609033918174,2,"(9, 13)"
22.731753238476816,2.6338221407032028,2,"(9, 13)"
34.26072327243164,2.622207415235081,2,"(9, 13)"
17.359933228930462,2.625950691727142,2,"(9, 13)"
21.403604062506933,2.645257778417272,2,"(9, 13)"
2.4236385013442487,1.9582678142638297,2,"(9, 13)"
25.727008945122364,2.640698051281449,2,"(9, 13)"
12.226391687057914,2.5918623329111448,2,"(9, 13)"
35.25551886814647,2.623502626492446,2,"(9, 13)"
35.50817181686871,2.661266325795695,2,"(9, 13)"
4.496939516859129,2.345054366866061,2,"(9, 13)"
19.07805901556276,2.6326193623035445,2,"(9, 13)"
28.512012424226853,2.669891312005896,2,"(9, 13)"
0.6314159634988756,1.2441804185764105,2,"(9, 13)"
28.512012424226853,2.6375402239580437,2,"(9, 13)"
0.6314159634988756,1.2511990861306908,2,"(9, 13)"
16.20607316000387,2.5773137026448487,2,"(9, 13)"
4.936922844313085,2.4298570432443487,2,"(9, 13)"
33.403780318889766,2.6665018113124828,2,"(9, 13)"
43.670092161512,2.6914078965240287,2,"(9, 13)"
1.2349140050355347,1.5099534709927749,2,"(9, 13)"
26.649060716433453,2.584728452033818,2,"(9, 13)"
9.637981434119869,2.564827315987948,2,"(9, 13)"
36.82125409860164,2.679973907738206,2,"(9, 13)"
24.95055755954236,2.6472655329211334,2,"(9, 13)"
33.49524090066552,2.65935500423225,2,"(9, 13)"
37.6853585050907,2.6367044907971495,2,"(9, 13)"
32.79225547537207,2.6478119695467144,2,"(9, 13)"
37.6853585050907,2.6614666653618704,2,"(9, 13)"
32.79225547537207,2.6786383797547653,2,"(9, 13)"
1.3697267691139132,1.598045733825215,2,"(9, 13)"
5.640103853307664,2.4590427676865785,2,"(9, 13)"
40.514304015459494,2.670679085190911,2,"(9, 13)"
44.37325709513389,2.658089847113013,2,"(9, 13)"
33.20233915382996,2.6779750173622645,2,"(9, 13)"
19.85279448069632,2.6482525731689006,2,"(9, 13)"
11.784461355675012,2.5952586200140386,2,"(9, 13)"
18.374934270372616,2.610167670784716,2,"(9, 13)"
11.784461355675012,2.5955258741571994,2,"(9, 13)"
18.374934270372616,2.625238736596754,2,"(9, 13)"
43.880562578747046,2.6975630453835797,2,"(9, 13)"
1.3316123116295786,1.502976000244039,2,"(9, 13)"
25.866451416537167,2.681243245873206,2,"(9, 13)"
36.211170638306065,2.6700254740185843,2,"(9, 13)"
20.23147081602365,2.599786351242978,2,"(9, 13)"
8.17779249586165,2.5423182430606706,2,"(9, 13)"
21.234668640652675,2.635516741829436,2,"(9, 13)"
23.43469311688095,2.6528101577600336,2,"(9, 13)"
34.45239061089232,2.7055297992138048,2,"(9, 13)"
41.18070042729378,2.694784117529855,2,"(9, 13)"
6.037759929057211,2.491319254771687,2,"(9, 13)"
1.7232412110548467,1.7999263203121636,2,"(9, 13)"
3.253479841724038,2.1716548757972456,2,"(9, 13)"
14.020641061477365,2.6073917244027935,2,"(9, 13)"
29.804930495237933,2.668532236543176,2,"(9, 13)"
5.757301525399089,2.476699334743228,2,"(9, 13)"
15.401573053887116,2.6222481232585886,2,"(9, 13)"
9.90178148164414,2.588697111171781,2,"(9, 13)"
32.11218570317141,2.6301196163619083,2,"(9, 13)"
38.61558384988457,2.669461398959159,2,"(9, 13)"
41.513900705426934,2.6731667926052443,2,"(9, 13)"
15.333117921231317,2.6165020469982037,2,"(9, 13)"
10.929527823720129,2.545273130293587,2,"(9, 13)"
42.65513130850159,2.6326878076353455,2,"(9, 13)"
10.929527823720129,2.5825369858596567,2,"(9, 13)"
42.65513130850159,2.700964679921084,2,"(9, 13)"
23.708469900721685,2.6367183658422593,2,"(9, 13)"
27.741127094579863,2.6084543628010564,2,"(9, 13)"
17.363254593499008,2.640453836132492,2,"(9, 13)"
0.5255214971490205,1.1805883644178723,2,"(9, 13)"
9.90953684425913,2.5635992208726304,2,"(9, 13)"
25.002773509779946,2.6829692737716493,2,"(9, 13)"
1.4563571200240404,1.5485200884266233,2,"(9, 13)"
35.17531452188268,2.693730380347949,2,"(9, 13)"
1.4563571200240404,1.6754672440096368,2,"(9, 13)"
35.17531452188268,2.63467394121113,2,"(9, 13)"
31.52995935669169,2.6444916379926258,2,"(9, 13)"
29.390749229397628,2.6398653609884457,2,"(9, 13)"
30.36401240760461,2.642468925853503,2,"(9, 13)"
16.2427831155248,2.65001769337394,2,"(9, 13)"
43.26175132137723,2.6668032702362057,2,"(9, 13)"
36.67161326841451,2.632222075244681,2,"(9, 13)"
4.252046451950446,2.332780297670847,2,"(9, 13)"
9.03330147592351,2.5615186386750497,2,"(9, 13)"
7.037006895942613,2.4942491945883805,2,"(9, 13)"
20.636245979415257,2.650083900438275,2,"(9, 13)"
27.53026839848608,2.662702323966255,2,"(9, 13)"
4.648155021900311,2.363207899276916,2,"(9, 13)"
20.967329331906516,2.6400883943594757,2,"(9, 13)"
14.615172394085675,2.6372606170706847,2,"(9, 13)"
20.967329331906516,2.6770639177418967,2,"(9, 13)"
14.615172394085675,2.607980431819126,2,"(9, 13)"
35.94333269996569,2.6846932151839087,2,"(9, 13)"
10.91603907896206,2.5566589362049728,2,"(9, 13)"
35.94333269996569,2.650792780423468,2,"(9, 13)"
10.91603907896206,2.607352790333177,2,"(9, 13)"
5.268768772296608,2.4566924497114915,2,"(9, 13)"
26.79204450035468,2.631714797342298,2,"(9, 13)"
44.35184164270758,2.691737767183775,2,"(9, 13)"
21.815268067317085,2.6468515348470336,2,"(9, 13)"
15.661013996182012,2.5997753315070207,2,"(9, 13)"
42.15105090704746,2.6733005918438795,2,"(9, 13)"
15.661013996182012,2.6136357445569747,2,"(9, 13)"
42.15105090704746,2.649691149129224,2,"(9, 13)"
40.01986142788083,2.673541904378621,2,"(9, 13)"
22.672840472171085,2.6651422819302337,2,"(9, 13)"
37.19160732598975,2.6835638797916346,2,"(9, 13)"
34.94829743886366,2.652595347952704,2,"(9, 13)"
24.14588631768711,2.630473957687336,2,"(9, 13)"
13.11544431843795,2.556688809423051,2,"(9, 13)"
18.451458988944072,2.6367259465765893,2,"(9, 13)"
29.86744900112972,2.690013913096934,2,"(9, 13)"
18.998095883615317,2.6224055415712337,2,"(9, 13)"
11.706263165688144,2.5836420761364627,2,"(9, 13)"
24.301462979242206,2.6200286858287374,2,"(9, 13)"
28.469240294955675,2.6669392002442,2,"(9, 13)"
36.68346408340149,2.694445769625061,2,"(9, 13)"
8.030443494720386,2.519201649749967,2,"(9, 13)"
0.3037716523278504,1.134223051755451,2,"(9, 13)"
24.08066409318708,2.685301213335901,2,"(9, 13)"
32.749161168839784,2.635503968617814,2,"(9, 13)"
40.75155684086494,2.6466405281269547,2,"(9, 13)"
32.749161168839784,2.6268369137245897,2,"(9, 13)"
40.75155684086494,2.6679392394578696,2,"(9, 13)"
29.168821843806658,2.6838436311851956,2,"(9, 13)"
5.130615889048204,2.367491247552981,2,"(9, 13)"
44.8972784940619,2.6717133211441393,2,"(9, 13)"
25.382852630689744,2.649657536906945,2,"(9, 13)"
5.4258889208082115,2.4983160377161844,2,"(9, 13)"
20.417048644227908,2.618354288930455,2,"(9, 13)"
8.254151060385631,2.5414881222406747,2,"(9, 13)"
9.516534295864403,2.5325339828275615,2,"(9, 13)"
8.254151060385631,2.5176954544304806,2,"(9, 13)"
9.516534295864403,2.5569258070718455,2,"(9, 13)"
22.231027775676925,2.6412508703128275,2,"(9, 13)"
3.235532399779186,2.332001172381098,2,"(9, 13)"
34.656914396118374,2.611343806456772,2,"(9, 13)"
22.03505700971,2.626517337210703,2,"(9, 13)"
34.656914396118374,2.6971753462368264,2,"(9, 13)"
22.03505700971,2.658175506599161,2,"(9, 13)"
3.701143973879516,2.2466157672046827,2,"(9, 13)"
38.08285424574278,2.6851501989225532,2,"(9, 13)"
13.828000367572532,2.6049610351382992,2,"(9, 13)"
14.83436085432768,2.5949720690988785,2,"(9, 13)"
14.379396870313212,2.5879716460361593,2,"(9, 13)"
30.789570976607504,2.6175110580616536,2,"(9, 13)"
41.28013045880944,2.680245136305464,2,"(9, 13)"
33.76270261667669,2.669726992352918,2,"(9, 13)"
10.41217159247026,2.5848204034717397,2,"(9, 13)"
17.90429470483214,2.619601995294493,2,"(9, 13)"
38.49516733558848,2.6573170758199525,2,"(9, 13)"
23.594361965497956,2.601324491404864,2,"(9, 13)"
22.57483210642822,2.6540790103955625,2,"(9, 13)"
1.936773191392422,1.8317444278189083,2,"(9, 13)"
17.68511788249016,2.617321782228896,2,"(9, 13)"
26.343604773329577,2.6535351576251545,2,"(9, 13)"
17.68511788249016,2.6020988079772995,2,"(9, 13)"
26.343604773329577,2.64510530795292,2,"(9, 13)"
39.231040419777855,2.661329708157297,2,"(9, 13)"
44.06629910939373,2.6713773287149434,2,"(9, 13)"
2.6780879566911606,2.178791121720069,2,"(9, 13)"
16.73202389669605,2.6352176908635507,2,"(9, 13)"
42.01531246942468,2.6896397695027416,2,"(9, 13)"
33.18772764476016,2.667469658411413,2,"(9, 13)"
14.850690837483857,2.560380305122004,2,"(9, 13)"
37.21403129873797,2.6196092477948003,2,"(9, 13)"
13.333572683203966,2.5756068253170925,2,"(9, 13)"
7.168458609376103,2.498157754687511,2,"(9, 13)"
42.35279934615828,2.678132486938719,2,"(9, 13)"
12.623108023311945,2.6233433418024372,2,"(9, 13)"
33.90030801626854,2.670262892310124,2,"(9, 13)"
0.3216779429931193,1.1318104846462425,2,"(9, 13)"
27.1700114261359,2.6350292346152293,2,"(9, 13)"
24.833588375430555,2.6554404307664647,2,"(9, 13)"
20.037420429149645,2.6513088052715643,2,"(9, 13)"
34.81158129204996,2.6557286655530103,2,"(9, 13)"
25.35837398250587,2.661113932378962,2,"(9, 13)"
6.767227353993803,2.4937278160091134,2,"(9, 13)"
7.672601219173521,2.493454057163931,2,"(9, 13)"
12.922850092407318,2.5895403394164354,2,"(9, 13)"
4.84365838803351,2.3656086377543297,2,"(9, 13)"
2.732566557498649,1.982131348515754,2,"(9, 13)"
28.14813560447656,2.652730257499149,2,"(9, 13)"
16.965827298769728,2.626433074916897,2,"(9, 13)"
28.14813560447656,2.6287163176546096,2,"(9, 13)"
16.965827298769728,2.634903885559516,2,"(9, 13)"
40.31871014162898,2.6135526221342653,2,"(9, 13)"
4.240525223966688,2.4670600563802307,2,"(9, 13)"
0.862849378399551,1.3405328174242592,2,"(9, 13)"
42.96270267018117,2.695468855795036,2,"(9, 13)"
9.272047050390396,2.5606705526978035,2,"(9, 13)"
31.383159220684323,2.676245370667554,2,"(9, 13)"
9.272047050390396,2.5515311215736647,2,"(9, 13)"
31.383159220684323,2.654943676924746,2,"(9, 13)"
25.300706094736235,2.6618716140521905,2,"(9, 13)"
38.92255472941324,2.680151783224594,2,"(9, 13)"
