series,x,y
passive_hist,-2.9850000000000003,0.0
passive_hist,-2.955,0.0
passive_hist,-2.9250000000000007,0.0
passive_hist,-2.8950000000000005,0.0
passive_hist,-2.865000000000001,0.0
passive_hist,-2.835000000000001,0.0
passive_hist,-2.8050000000000015,0.0
passive_hist,-2.7750000000000012,0.0
passive_hist,-2.745000000000002,0.0
passive_hist,-2.7150000000000016,0.0
passive_hist,-2.6850000000000023,0.0
passive_hist,-2.655000000000002,0.0
passive_hist,-2.6250000000000027,0.0
passive_hist,-2.5950000000000024,0.0
passive_hist,-2.565000000000003,4.166562502604129e-05
passive_hist,-2.535000000000003,0.0003333250002083
passive_hist,-2.505000000000003,0.0012187195320117
passive_hist,-2.475000000000003,0.0403844070564905
passive_hist,-2.445000000000004,0.8334687466146734
passive_hist,-2.4150000000000036,1.2007095655942013
passive_hist,-2.385000000000004,0.8840716482088006
passive_hist,-2.355000000000004,0.6851807871469924
passive_hist,-2.3250000000000046,0.5410906394006851
passive_hist,-2.2950000000000044,0.4386348674616496
passive_hist,-2.265000000000005,0.3576160595985124
passive_hist,-2.2350000000000048,0.2908260626817682
passive_hist,-2.2050000000000054,0.2400148329625108
passive_hist,-2.175000000000005,0.1964950876228107
passive_hist,-2.145000000000006,0.1637459063523422
passive_hist,-2.1150000000000055,0.1357674391473555
passive_hist,-2.085000000000006,0.1187366149179611
passive_hist,-2.055000000000006,0.1014557969384105
passive_hist,-2.0250000000000066,0.0892061031807544
passive_hist,-1.9950000000000063,0.0775605609859758
passive_hist,-1.9650000000000067,0.0694253476996412
passive_hist,-1.935000000000007,0.0627796805079877
passive_hist,-1.9050000000000071,0.0563631742539773
passive_hist,-1.875000000000007,0.0517799555011128
passive_hist,-1.8450000000000075,0.0512695515945438
passive_hist,-1.8150000000000075,0.0475821437797391
passive_hist,-1.785000000000008,0.0456238594035152
passive_hist,-1.755000000000008,0.0450405406531506
passive_hist,-1.7250000000000083,0.0443634742464774
passive_hist,-1.6950000000000085,0.0457384398723368
passive_hist,-1.6650000000000087,0.0456759414347977
passive_hist,-1.635000000000009,0.0496133429997586
passive_hist,-1.605000000000009,0.0483737906552339
passive_hist,-1.5750000000000093,0.0496237594060151
passive_hist,-1.5450000000000097,0.0495820937809891
passive_hist,-1.5150000000000097,0.0520716148762951
passive_hist,-1.48500000000001,0.0541653125338536
passive_hist,-1.45500000000001,0.0551757039407351
passive_hist,-1.4250000000000105,0.0559777672224864
passive_hist,-1.3950000000000105,0.0589568594118484
passive_hist,-1.3650000000000106,0.0619776172262364
passive_hist,-1.3350000000000108,0.0652900344158066
passive_hist,-1.305000000000011,0.0640088164462559
passive_hist,-1.2750000000000112,0.069133688324459
passive_hist,-1.2450000000000114,0.0736960742648105
passive_hist,-1.2150000000000116,0.0781022141113143
passive_hist,-1.1850000000000118,0.0825396031765877
passive_hist,-1.155000000000012,0.0875186453671997
passive_hist,-1.1250000000000122,0.0945913852153702
passive_hist,-1.0950000000000124,0.100424572719016
passive_hist,-1.0650000000000126,0.1103409914752138
passive_hist,-1.0350000000000128,0.1213615492946017
passive_hist,-1.005000000000013,0.1388715282117956
passive_hist,-0.9750000000000132,0.1589751922868605
passive_hist,-0.9450000000000134,0.1885994516803758
passive_hist,-0.9150000000000136,0.234650383740408
passive_hist,-0.8850000000000138,0.2872949009608112
passive_hist,-0.855000000000014,0.315398365040876
passive_hist,-0.8250000000000142,0.3139817337899906
passive_hist,-0.7950000000000144,0.3051277884719568
passive_hist,-0.7650000000000146,0.2865553361165989
passive_hist,-0.7350000000000148,0.2743160587651993
passive_hist,-0.705000000000015,0.2628163462580119
passive_hist,-0.6750000000000151,0.2556081931285068
passive_hist,-0.6450000000000153,0.2496083431247568
passive_hist,-0.6150000000000155,0.2486292009366448
passive_hist,-0.5850000000000157,0.2446293009341449
passive_hist,-0.5550000000000159,0.2445459696840928
passive_hist,-0.5250000000000161,0.2402856595251801
passive_hist,-0.4950000000000163,0.2390356907743988
passive_hist,-0.4650000000000165,0.2365774188978624
passive_hist,-0.4350000000000167,0.2375461446797178
passive_hist,-0.4050000000000169,0.2342858095214301
passive_hist,-0.3750000000000171,0.2423481079639691
passive_hist,-0.3450000000000173,0.2422335274951475
passive_hist,-0.3150000000000175,0.2389002774930642
passive_hist,-0.2850000000000177,0.2449938751531227
passive_hist,-0.2550000000000179,0.2405981517128754
passive_hist,-0.225000000000018,0.2426606001516644
passive_hist,-0.1950000000000182,0.2405356532753363
passive_hist,-0.1650000000000184,0.2418689532761696
passive_hist,-0.1350000000000186,0.2409106439005707
passive_hist,-0.1050000000000188,0.23718157046074
passive_hist,-0.075000000000019,0.2368378290542751
passive_hist,-0.0450000000000192,0.2379107188986957
passive_hist,-0.0150000000000194,0.2364940876478103
passive_hist,0.0149999999999803,0.2335983267085004
passive_hist,0.0449999999999801,0.2314004649883767
passive_hist,0.0749999999999799,0.231119222019451
passive_hist,0.1049999999999797,0.2345358032715864
passive_hist,0.1349999999999795,0.2333587493646007
passive_hist,0.1649999999999793,0.2360878478038064
passive_hist,0.1949999999999792,0.239202353274503
passive_hist,0.224999999999979,0.2363274251477062
passive_hist,0.2549999999999788,0.235671191553546
passive_hist,0.2849999999999786,0.2384732048365473
passive_hist,0.3149999999999784,0.2410877228069314
passive_hist,0.3449999999999782,0.2385669524928559
passive_hist,0.374999999999978,0.2349941251468728
passive_hist,0.4049999999999778,0.2339629009274783
passive_hist,0.4349999999999776,0.2349003774905642
passive_hist,0.4649999999999774,0.2339837337399913
passive_hist,0.4949999999999772,0.2340149829587609
passive_hist,0.524999999999977,0.2350670399906684
passive_hist,0.5549999999999768,0.2361086806163194
passive_hist,0.5849999999999766,0.2391919368682465
passive_hist,0.6149999999999765,0.2443688907777321
passive_hist,0.6449999999999763,0.2512958009383115
passive_hist,0.6749999999999761,0.2579623009424781
passive_hist,0.7049999999999759,0.2630975892269377
passive_hist,0.7349999999999757,0.2771597376732266
passive_hist,0.7649999999999755,0.2890552736181614
passive_hist,0.7949999999999753,0.2988466954992811
passive_hist,0.8249999999999751,0.3086172845678878
passive_hist,0.8549999999999749,0.3058986025349386
passive_hist,0.8849999999999747,0.2784201228302644
passive_hist,0.9149999999999744,0.2291713540494835
passive_hist,0.9449999999999744,0.185255785272036
passive_hist,0.974999999999974,0.1572773180670493
passive_hist,1.004999999999974,0.1350278743031433
passive_hist,1.0349999999999735,0.1196949242935601
passive_hist,1.0649999999999735,0.1099139188186969
passive_hist,1.094999999999973,0.0989871086556175
passive_hist,1.1249999999999731,0.0914456305259041
passive_hist,1.154999999999973,0.084810379740507
passive_hist,1.1849999999999727,0.0802271609876425
passive_hist,1.2149999999999723,0.0737169070773235
passive_hist,1.2449999999999724,0.0701024141063144
passive_hist,1.2749999999999722,0.0689461930118418
passive_hist,1.304999999999972,0.0667170820729486
passive_hist,1.3349999999999718,0.0629046773830658
passive_hist,1.3649999999999716,0.0604880711315554
passive_hist,1.3949999999999714,0.0581027140988145
passive_hist,1.4249999999999712,0.0559152687849474
passive_hist,1.454999999999971,0.0542694765964187
passive_hist,1.4849999999999708,0.052540353157838
passive_hist,1.5149999999999706,0.0501966617501232
passive_hist,1.5449999999999704,0.0500924976875581
passive_hist,1.5749999999999702,0.0480925476863081
passive_hist,1.60499999999997,0.0483008758114383
passive_hist,1.6349999999999698,0.0466655000291662
passive_hist,1.6649999999999696,0.0441655625276037
passive_hist,1.6949999999999694,0.0446759664341727
passive_hist,1.7249999999999692,0.0437384898710868
passive_hist,1.754999999999969,0.0443113922151949
passive_hist,1.7849999999999688,0.0463946734664969
passive_hist,1.8149999999999689,0.0450822062781766
passive_hist,1.8449999999999684,0.0472279859670177
passive_hist,1.874999999999968,0.0511133055006961
passive_hist,1.904999999999968,0.0546132180028836
passive_hist,1.934999999999968,0.0614255476946413
passive_hist,1.9649999999999677,0.0664254226977663
passive_hist,1.9949999999999677,0.0772689016107935
passive_hist,2.0249999999999675,0.0876748914610473
passive_hist,2.054999999999967,0.1002474938126553
passive_hist,2.084999999999967,0.1158616867911643
passive_hist,2.1149999999999665,0.1388923610243086
passive_hist,2.1449999999999667,0.1641729790088592
passive_hist,2.174999999999966,0.1993179337183249
passive_hist,2.2049999999999663,0.2402960759314366
passive_hist,2.2349999999999657,0.2890761064306744
passive_hist,2.264999999999966,0.3554286142846452
passive_hist,2.2949999999999653,0.43549952917844
passive_hist,2.3249999999999655,0.5386844495554314
passive_hist,2.354999999999965,0.6804829879253063
passive_hist,2.384999999999965,0.8875298950859619
passive_hist,2.4149999999999645,1.188699449180445
passive_hist,2.4449999999999648,0.8316250427072711
passive_hist,2.474999999999964,0.0412073031507548
passive_hist,2.5049999999999644,0.0011145554694466
passive_hist,2.5349999999999637,0.0002708265626692
passive_hist,2.564999999999964,3.1249218769530966e-05
passive_hist,2.5949999999999633,0.0
passive_hist,2.6249999999999636,0.0
passive_hist,2.654999999999963,0.0
passive_hist,2.684999999999963,0.0
passive_hist,2.7149999999999626,0.0
passive_hist,2.744999999999963,0.0
passive_hist,2.774999999999962,0.0
passive_hist,2.8049999999999624,0.0
passive_hist,2.8349999999999618,0.0
passive_hist,2.864999999999962,0.0
passive_hist,2.8949999999999614,0.0
passive_hist,2.9249999999999616,0.0
passive_hist,2.954999999999961,0.0
passive_hist,2.9849999999999612,0.0
passive_kde,-3.0,0.0
passive_kde,-2.997,0.0
passive_kde,-2.994,0.0
passive_kde,-2.991,0.0
passive_kde,-2.988,0.0
passive_kde,-2.985,0.0
passive_kde,-2.982,0.0
passive_kde,-2.979,0.0
passive_kde,-2.976,0.0
passive_kde,-2.973,0.0
passive_kde,-2.97,0.0
passive_kde,-2.967,0.0
passive_kde,-2.964,0.0
passive_kde,-2.961,0.0
passive_kde,-2.958,0.0
passive_kde,-2.955,0.0
passive_kde,-2.952,0.0
passive_kde,-2.949,0.0
passive_kde,-2.946,0.0
passive_kde,-2.943,0.0
passive_kde,-2.94,0.0
passive_kde,-2.937,0.0
passive_kde,-2.934,0.0
passive_kde,-2.931,0.0
passive_kde,-2.928,0.0
passive_kde,-2.925,0.0
passive_kde,-2.922,0.0
passive_kde,-2.919,0.0
passive_kde,-2.916,0.0
passive_kde,-2.913,0.0
passive_kde,-2.91,0.0
passive_kde,-2.907,1.5e-323
passive_kde,-2.904,5.207976e-318
passive_kde,-2.901,1.52627288535e-312
passive_kde,-2.898,4.0025862074799274e-307
passive_kde,-2.895,9.392782522497402e-302
passive_kde,-2.892,1.9723905188130327e-296
passive_kde,-2.889,3.7062662288928305e-291
passive_kde,-2.886,6.231970450311622e-286
passive_kde,-2.883,9.376898721602116e-281
passive_kde,-2.88,1.2625196086541885e-275
passive_kde,-2.877,1.5211151983070538e-270
passive_kde,-2.874,1.6399520351050023e-265
passive_kde,-2.871,1.5821412489257263e-260
passive_kde,-2.868,1.3658544678512837e-255
passive_kde,-2.865,1.0551365533686288e-250
passive_kde,-2.862,7.293869295544401e-246
passive_kde,-2.859,4.511826091174497e-241
passive_kde,-2.856,2.4974211942265693e-236
passive_kde,-2.853,1.2370188042944824e-231
passive_kde,-2.85,5.482843842790111e-227
passive_kde,-2.847,2.1746056853552724e-222
passive_kde,-2.844,7.717919211827866e-218
passive_kde,-2.841,2.4511224301897647e-213
passive_kde,-2.838,6.965861688886101e-209
passive_kde,-2.835,1.7714535000391732e-204
passive_kde,-2.832,4.0311571907801564e-200
passive_kde,-2.829,8.208707425058502e-196
passive_kde,-2.826,1.4957702363721336e-191
passive_kde,-2.823,2.4389340918408603e-187
passive_kde,-2.82,3.558609292716267e-183
passive_kde,-2.817,4.6462825812546814e-179
passive_kde,-2.814,5.428451943084003e-175
passive_kde,-2.811,5.6753342217955105e-171
passive_kde,-2.808,5.3094795709557974e-167
passive_kde,-2.805,4.4448543336891825e-163
passive_kde,-2.802,3.3297235568291727e-159
passive_kde,-2.799,2.232049858286618e-155
passive_kde,-2.796,1.33888930125996e-151
passive_kde,-2.793,7.186716581647712e-148
passive_kde,-2.79,3.451925644407063e-144
passive_kde,-2.787,1.4836703361763941e-140
passive_kde,-2.784,5.70635074604292e-137
passive_kde,-2.781,1.963923553552221e-133
passive_kde,-2.778,6.048333957545338e-130
passive_kde,-2.775,1.666832709875613e-126
passive_kde,-2.772,4.110487524246527e-123
passive_kde,-2.769,9.070677429143024e-120
passive_kde,-2.766,1.7911467947525096e-116
passive_kde,-2.763,3.164956220981167e-113
passive_kde,-2.76,5.004368756246331e-110
passive_kde,-2.757,7.08069637483711e-107
passive_kde,-2.754,8.964946701816942e-104
passive_kde,-2.751,1.0156978318654828e-100
passive_kde,-2.748,1.0297372279306928e-97
passive_kde,-2.745,9.341860546923952e-95
passive_kde,-2.742,7.58377476213808e-92
passive_kde,-2.739,5.509124100784353e-89
passive_kde,-2.736,3.581168642830224e-86
passive_kde,-2.733,2.083109425945518e-83
passive_kde,-2.73,1.084287610784286e-80
passive_kde,-2.727,5.050356273320901e-78
passive_kde,-2.724,2.1049639245428171e-75
passive_kde,-2.721,7.850773224179595e-73
passive_kde,-2.718,2.6201452058140897e-70
passive_kde,-2.715,7.824984072140905e-68
passive_kde,-2.7119999999999997,2.0911576115295168e-65
passive_kde,-2.709,5.000751919259859e-63
passive_kde,-2.706,1.0701117608050995e-60
passive_kde,-2.703,2.049124303716869e-58
passive_kde,-2.7,3.5111783006049005e-56
passive_kde,-2.697,5.383726220866118e-54
passive_kde,-2.694,7.386839572913191e-52
passive_kde,-2.691,9.06943286942314e-50
passive_kde,-2.688,9.964317104791863e-48
passive_kde,-2.685,9.796278591061288e-46
passive_kde,-2.682,8.618291612678094e-44
passive_kde,-2.679,6.784659918480709e-42
passive_kde,-2.676,4.77949807721298e-40
passive_kde,-2.673,3.012897804364491e-38
passive_kde,-2.67,1.699554762915849e-36
passive_kde,-2.667,8.578977476067412e-35
passive_kde,-2.664,3.87513377008914e-33
passive_kde,-2.661,1.5663550218910012e-31
passive_kde,-2.658,5.665626997821079e-30
passive_kde,-2.655,1.833844400846965e-28
passive_kde,-2.652,5.311740420353871e-27
passive_kde,-2.649,1.3768132416406452e-25
passive_kde,-2.646,3.1936117747920655e-24
passive_kde,-2.643,6.629252532105346e-23
passive_kde,-2.64,1.2314892190527285e-21
passive_kde,-2.637,2.047344081078803e-20
passive_kde,-2.634,3.0462025793996627e-19
passive_kde,-2.631,4.056503624968591e-18
passive_kde,-2.628,4.834956383497076e-17
passive_kde,-2.625,5.158339389507379e-16
passive_kde,-2.622,4.92653577239066e-15
passive_kde,-2.619,4.212470752345457e-14
passive_kde,-2.616,3.2252251303456563e-13
passive_kde,-2.613,2.2115445900301507e-12
passive_kde,-2.61,1.3584880917350726e-11
passive_kde,-2.607,7.47806601919882e-11
passive_kde,-2.604,3.6905843219805805e-10
passive_kde,-2.601,1.6339584418905712e-09
passive_kde,-2.598,6.495141674993409e-09
passive_kde,-2.595,2.3207521606061392e-08
passive_kde,-2.592,7.464981883218047e-08
passive_kde,-2.589,2.1661852927800042e-07
passive_kde,-2.586,5.686647523868315e-07
passive_kde,-2.583,1.355668470191532e-06
passive_kde,-2.58,2.94947951576047e-06
passive_kde,-2.577,5.893647910440067e-06
passive_kde,-2.574,1.08999960667592e-05
passive_kde,-2.571,1.882404204839264e-05
passive_kde,-2.568,3.0638747182022736e-05
passive_kde,-2.565,4.740796938339892e-05
passive_kde,-2.562,7.0212846741179e-05
passive_kde,-2.559,9.994507432989428e-05
passive_kde,-2.556,0.0001368986960649
passive_kde,-2.553,0.0001801874634071
passive_kde,-2.55,0.0002271779839861
passive_kde,-2.547,0.0002733104596629
passive_kde,-2.544,0.0003127442451297
passive_kde,-2.541,0.0003400220465595
passive_kde,-2.538,0.0003523578911299
passive_kde,-2.535,0.0003515527530472
passive_kde,-2.532,0.0003444675691568
passive_kde,-2.529,0.0003416576841385
passive_kde,-2.526,0.0003547697294831
passive_kde,-2.523,0.0003938695078548
passive_kde,-2.52,0.0004656306509193
passive_kde,-2.517,0.0005726262981666
passive_kde,-2.514,0.0007135603966419
passive_kde,-2.511,0.0008845332116956
passive_kde,-2.508,0.001082043498878
passive_kde,-2.505,0.0013087516842354
passive_kde,-2.502,0.0015827745310989
passive_kde,-2.499,0.0019507830634856
passive_kde,-2.496,0.0025050964028534
passive_kde,-2.493,0.003405754281655
passive_kde,-2.49,0.0049097924173813
passive_kde,-2.487,0.0074098171357482
passive_kde,-2.484,0.0114799490321699
passive_kde,-2.481,0.0179191758686235
passive_kde,-2.478,0.0277763480880847
passive_kde,-2.475,0.0423486391540951
passive_kde,-2.472,0.0631702546787829
passive_kde,-2.469,0.092030439879227
passive_kde,-2.466,0.1310367018141721
passive_kde,-2.463,0.1826464943224983
passive_kde,-2.46,0.2494820802778295
passive_kde,-2.457,0.3337481716045638
passive_kde,-2.4539999999999997,0.4362752967580581
passive_kde,-2.451,0.5555113287390093
passive_kde,-2.448,0.6869296485826313
passive_kde,-2.445,0.8231755152519609
passive_kde,-2.442,0.9549762624487692
passive_kde,-2.439,1.0726366294514258
passive_kde,-2.436,1.1678489167666686
passive_kde,-2.433,1.235408773707513
passive_kde,-2.4299999999999997,1.2742573497384977
passive_kde,-2.427,1.2873507947658167
passive_kde,-2.424,1.280344384404448
passive_kde,-2.4210000000000003,1.259686071477517
passive_kde,-2.418,1.2309666985357348
passive_kde,-2.415,1.1981011191634896
passive_kde,-2.412,1.1633807848397846
passive_kde,-2.409,1.1280319372630483
passive_kde,-2.406,1.0928209028471303
passive_kde,-2.403,1.0584077107420815
passive_kde,-2.4,1.0253937473777834
passive_kde,-2.397,0.9941945182874312
passive_kde,-2.394,0.964924572115735
passive_kde,-2.391,0.9374149055859288
passive_kde,-2.388,0.9113595105537032
passive_kde,-2.385,0.8864928032990045
passive_kde,-2.382,0.8626884264857251
passive_kde,-2.379,0.8399356688238415
passive_kde,-2.376,0.8182360490983311
passive_kde,-2.373,0.7975077292874023
passive_kde,-2.37,0.7775651916539962
passive_kde,-2.367,0.7581805597162545
passive_kde,-2.364,0.739179112965173
passive_kde,-2.361,0.7205079528120082
passive_kde,-2.358,0.7022417431203427
passive_kde,-2.355,0.6845284831858344
passive_kde,-2.352,0.6675084750679942
passive_kde,-2.349,0.6512503800940065
passive_kde,-2.346,0.6357365841559852
passive_kde,-2.343,0.6208992426870916
passive_kde,-2.34,0.6066740772036202
passive_kde,-2.3369999999999997,0.5930266636610357
passive_kde,-2.334,0.5799300777650128
passive_kde,-2.331,0.5673178750719085
passive_kde,-2.328,0.5550644401031797
passive_kde,-2.325,0.5430270363660422
passive_kde,-2.322,0.5311296541157787
passive_kde,-2.319,0.519422961394489
passive_kde,-2.316,0.5080616583822701
passive_kde,-2.3129999999999997,0.4972015062099515
passive_kde,-2.31,0.4868843244102218
passive_kde,-2.307,0.4769933219769282
passive_kde,-2.304,0.4673109045672322
passive_kde,-2.301,0.4576388190757317
passive_kde,-2.298,0.4479021563224704
passive_kde,-2.295,0.4381770646799874
passive_kde,-2.292,0.4286357859604245
passive_kde,-2.289,0.4194512754678154
passive_kde,-2.286,0.4107183528911687
passive_kde,-2.283,0.4024271627525916
passive_kde,-2.28,0.3944884228670624
passive_kde,-2.277,0.3867842096160603
passive_kde,-2.274,0.3792151300365901
passive_kde,-2.271,0.371727908802247
passive_kde,-2.268,0.3643213673861467
passive_kde,-2.265,0.3570346027414736
passive_kde,-2.262,0.3499217484652902
passive_kde,-2.259,0.3430203501259458
passive_kde,-2.256,0.336326085243414
passive_kde,-2.253,0.3297877326114263
passive_kde,-2.25,0.3233266315819306
passive_kde,-2.247,0.3168697818510587
passive_kde,-2.244,0.310378478453324
passive_kde,-2.241,0.303860606715259
passive_kde,-2.238,0.2973660997415668
passive_kde,-2.235,0.2909712369295054
passive_kde,-2.232,0.2847584215828172
passive_kde,-2.229,0.2787989004964097
passive_kde,-2.226,0.2731450642975681
passive_kde,-2.223,0.2678315166702834
passive_kde,-2.22,0.2628743230041422
passive_kde,-2.217,0.2582582720788012
passive_kde,-2.214,0.2539165892737097
passive_kde,-2.211,0.2497231747825436
passive_kde,-2.208,0.2455166370508636
passive_kde,-2.205,0.2411550638020849
passive_kde,-2.202,0.2365755914038038
passive_kde,-2.199,0.2318233630407644
passive_kde,-2.1959999999999997,0.2270292118984322
passive_kde,-2.193,0.2223453601588853
passive_kde,-2.19,0.2178733408097473
passive_kde,-2.187,0.2136216067926774
passive_kde,-2.184,0.2095111645995083
passive_kde,-2.181,0.2054208365322205
passive_kde,-2.178,0.2012468220279755
passive_kde,-2.175,0.1969507149191347
passive_kde,-2.1719999999999997,0.1925801295854298
passive_kde,-2.169,0.1882574547634709
passive_kde,-2.166,0.1841412682080301
passive_kde,-2.1630000000000003,0.1803727969211518
passive_kde,-2.16,0.1770263474248581
passive_kde,-2.157,0.1740835657296266
passive_kde,-2.154,0.1714425842598328
passive_kde,-2.151,0.1689569076012912
passive_kde,-2.148,0.1664847393278231
passive_kde,-2.145,0.1639269060996507
passive_kde,-2.142,0.1612416635839144
passive_kde,-2.139,0.1584387550060175
passive_kde,-2.136,0.1555626481124353
passive_kde,-2.133,0.1526730840249845
passive_kde,-2.13,0.1498259541375238
passive_kde,-2.127,0.1470562857005707
passive_kde,-2.124,0.1443684915882604
passive_kde,-2.121,0.141741189065457
passive_kde,-2.118,0.139148857384581
passive_kde,-2.115,0.1365908647957843
passive_kde,-2.112,0.1341083410072426
passive_kde,-2.109,0.1317718889962407
passive_kde,-2.106,0.1296415787356264
passive_kde,-2.103,0.1277239934221258
passive_kde,-2.1,0.1259593838682535
passive_kde,-2.097,0.1242538171912071
passive_kde,-2.094,0.1225374757266474
passive_kde,-2.091,0.1208079389157606
passive_kde,-2.088,0.1191260355397047
passive_kde,-2.085,0.1175658886104091
passive_kde,-2.082,0.1161537671664168
passive_kde,-2.0789999999999997,0.1148377895131581
passive_kde,-2.076,0.1135083601498966
passive_kde,-2.073,0.1120548847495197
passive_kde,-2.07,0.1104222284975287
passive_kde,-2.067,0.1086342412737048
passive_kde,-2.064,0.1067757020345894
passive_kde,-2.061,0.1049492817595656
passive_kde,-2.058,0.103234126392282
passive_kde,-2.0549999999999997,0.1016649468316585
passive_kde,-2.052,0.1002348605055327
passive_kde,-2.049,0.0989129820043024
passive_kde,-2.046,0.0976637389191516
passive_kde,-2.043,0.0964579135911899
passive_kde,-2.04,0.0952725355916403
passive_kde,-2.037,0.0940846426313758
passive_kde,-2.034,0.0928681486956141
passive_kde,-2.031,0.0916000662899173
passive_kde,-2.028,0.0902736412889368
passive_kde,-2.025,0.0889084876328145
passive_kde,-2.022,0.0875482120108494
passive_kde,-2.019,0.0862444202223757
passive_kde,-2.016,0.0850356218019291
passive_kde,-2.013,0.0839327613909578
passive_kde,-2.01,0.0829180494843932
passive_kde,-2.007,0.0819553516632805
passive_kde,-2.004,0.0810051462452164
passive_kde,-2.001,0.0800374533350116
passive_kde,-1.998,0.079039773592587
passive_kde,-1.995,0.0780201110071982
passive_kde,-1.992,0.077005647175655
passive_kde,-1.989,0.0760363716418747
passive_kde,-1.986,0.0751524723043877
passive_kde,-1.983,0.0743767611885519
passive_kde,-1.98,0.073698285562643
passive_kde,-1.977,0.0730666322541966
passive_kde,-1.974,0.0724041183137889
passive_kde,-1.971,0.0716348128260609
passive_kde,-1.968,0.0707193832370064
passive_kde,-1.965,0.0696787859057755
passive_kde,-1.962,0.0685920073078033
passive_kde,-1.959,0.0675644934988914
passive_kde,-1.956,0.0666806157244836
passive_kde,-1.953,0.0659656231882137
passive_kde,-1.95,0.0653793278418894
passive_kde,-1.947,0.0648441063502062
passive_kde,-1.944,0.0642870781094519
passive_kde,-1.941,0.0636688444523965
passive_kde,-1.938,0.0629849623832483
passive_kde,-1.935,0.0622486405331559
passive_kde,-1.932,0.0614748698893082
passive_kde,-1.929,0.0606796291965389
passive_kde,-1.926,0.0598912916718603
passive_kde,-1.923,0.0591591012484937
passive_kde,-1.92,0.0585441081914334
passive_kde,-1.917,0.0580906627101858
passive_kde,-1.914,0.0577934976876411
passive_kde,-1.911,0.0575844263791498
passive_kde,-1.908,0.0573542842307484
passive_kde,-1.905,0.0570027042082567
passive_kde,-1.902,0.0564871928030745
passive_kde,-1.899,0.0558413720969738
passive_kde,-1.896,0.0551523783030576
passive_kde,-1.893,0.0545135749684074
passive_kde,-1.89,0.0539816377280128
passive_kde,-1.887,0.0535597289869537
passive_kde,-1.884,0.0532094605273022
passive_kde,-1.881,0.0528783509185631
passive_kde,-1.878,0.0525257147204206
passive_kde,-1.875,0.0521368212699792
passive_kde,-1.872,0.051724241805853
passive_kde,-1.869,0.051320018513526
passive_kde,-1.866,0.050963142390361
passive_kde,-1.863,0.0506873203339198
passive_kde,-1.86,0.050513886174767
passive_kde,-1.857,0.0504510594747962
passive_kde,-1.854,0.050495123259563
passive_kde,-1.851,0.050628001909718
passive_kde,-1.848,0.0508118275075143
passive_kde,-1.845,0.0509878756521856
passive_kde,-1.842,0.051086332963884
passive_kde,-1.839,0.0510450153994533
passive_kde,-1.836,0.0508280018956886
passive_kde,-1.833,0.0504357384697365
passive_kde,-1.83,0.049904288316709
passive_kde,-1.827,0.0492963725354537
passive_kde,-1.824,0.0486875920792034
passive_kde,-1.821,0.0481500377896159
passive_kde,-1.818,0.0477355584865455
passive_kde,-1.815,0.0474626799017993
passive_kde,-1.812,0.0473124711590547
passive_kde,-1.809,0.0472369600622502
passive_kde,-1.806,0.0471781899870788
passive_kde,-1.803,0.0470895734246117
passive_kde,-1.8,0.0469491534487675
passive_kde,-1.797,0.0467592942070158
passive_kde,-1.794,0.046535629740886
passive_kde,-1.791,0.0462936248988483
passive_kde,-1.788,0.0460409403449183
passive_kde,-1.785,0.0457792775199281
passive_kde,-1.782,0.0455131269308321
passive_kde,-1.779,0.0452577896044616
passive_kde,-1.776,0.045038893395802
passive_kde,-1.773,0.0448819952505916
passive_kde,-1.77,0.0447993689616102
passive_kde,-1.767,0.0447838837990733
passive_kde,-1.764,0.044813961272204
passive_kde,-1.761,0.0448646182448044
passive_kde,-1.758,0.0449159530913107
passive_kde,-1.755,0.044954547796972
passive_kde,-1.752,0.044970073149924
passive_kde,-1.749,0.0449524602907993
passive_kde,-1.746,0.0448928166768334
passive_kde,-1.743,0.0447874167383892
passive_kde,-1.74,0.0446423876594875
passive_kde,-1.737,0.0444770947757336
passive_kde,-1.734,0.0443242039901965
passive_kde,-1.731,0.0442237041913882
passive_kde,-1.728,0.0442099627486154
passive_kde,-1.725,0.0442966442950077
passive_kde,-1.722,0.044469308652632
passive_kde,-1.719,0.0446927238822198
passive_kde,-1.716,0.044929342851038
passive_kde,-1.713,0.0451561928519733
passive_kde,-1.71,0.0453688227255236
passive_kde,-1.707,0.0455718416504825
passive_kde,-1.704,0.0457656424251078
passive_kde,-1.701,0.0459396559625651
passive_kde,-1.698,0.0460753390074055
passive_kde,-1.695,0.0461549544221862
passive_kde,-1.692,0.0461702400716457
passive_kde,-1.689,0.0461269173418015
passive_kde,-1.686,0.0460431989262809
passive_kde,-1.683,0.0459424867763813
passive_kde,-1.68,0.0458435462024682
passive_kde,-1.677,0.0457542973524522
passive_kde,-1.674,0.0456742784755205
passive_kde,-1.671,0.0456049170011051
passive_kde,-1.668,0.0455606262852003
passive_kde,-1.665,0.0455730386241262
passive_kde,-1.662,0.045685521280645
passive_kde,-1.659,0.0459402719414989
passive_kde,-1.656,0.0463618892345018
passive_kde,-1.653,0.0469412815110199
passive_kde,-1.65,0.0476257390655538
passive_kde,-1.647,0.0483232791681169
passive_kde,-1.644,0.0489257717259729
passive_kde,-1.641,0.0493442279562162
passive_kde,-1.638,0.0495391447714399
passive_kde,-1.635,0.0495295020547714
passive_kde,-1.632,0.0493768837037081
passive_kde,-1.629,0.0491559400433909
passive_kde,-1.626,0.0489279254803154
passive_kde,-1.623,0.0487283421627443
passive_kde,-1.62,0.0485693698032064
passive_kde,-1.617,0.0484503216811714
passive_kde,-1.614,0.0483678932750053
passive_kde,-1.611,0.0483211038536451
passive_kde,-1.608,0.0483105694521201
passive_kde,-1.605,0.0483354410653929
passive_kde,-1.602,0.0483922389249727
passive_kde,-1.599,0.0484773910986738
passive_kde,-1.596,0.0485911228336699
passive_kde,-1.593,0.0487380048203173
passive_kde,-1.59,0.0489217065313496
passive_kde,-1.587,0.0491368885106346
passive_kde,-1.584,0.0493647311466264
passive_kde,-1.581,0.0495767524636869
passive_kde,-1.578,0.0497457533769581
passive_kde,-1.575,0.0498576310988566
passive_kde,-1.572,0.0499168951395187
passive_kde,-1.569,0.0499421918267864
passive_kde,-1.566,0.0499539622484187
passive_kde,-1.563,0.0499616401929849
passive_kde,-1.56,0.0499591956993861
passive_kde,-1.557,0.0499329569924169
passive_kde,-1.554,0.0498764075659
passive_kde,-1.551,0.0498003847927263
passive_kde,-1.548,0.049730742418062
passive_kde,-1.545,0.0496969243118259
passive_kde,-1.542,0.0497226453477361
passive_kde,-1.539,0.0498253355508386
passive_kde,-1.536,0.0500192296067281
passive_kde,-1.533,0.0503119085005765
passive_kde,-1.53,0.0506921994023401
passive_kde,-1.527,0.0511196828359981
passive_kde,-1.524,0.0515287461623856
passive_kde,-1.521,0.0518500376582121
passive_kde,-1.518,0.0520391657541799
passive_kde,-1.515,0.0520974298178745
passive_kde,-1.512,0.0520740916668615
passive_kde,-1.509,0.0520488758503843
passive_kde,-1.506,0.0521018610446604
passive_kde,-1.503,0.0522832774143281
passive_kde,-1.5,0.0525962534014729
passive_kde,-1.497,0.052999935547143
passive_kde,-1.494,0.0534302902522578
passive_kde,-1.491,0.0538269025000501
passive_kde,-1.488,0.0541522582776566
passive_kde,-1.485,0.0543964343439426
passive_kde,-1.482,0.0545694018013359
passive_kde,-1.479,0.0546883159326228
passive_kde,-1.476,0.0547665106840031
passive_kde,-1.473,0.0548082824141093
passive_kde,-1.47,0.0548116444918714
passive_kde,-1.467,0.0547781029220291
passive_kde,-1.464,0.0547229909278239
passive_kde,-1.461,0.0546770201286422
passive_kde,-1.458,0.0546752474800165
passive_kde,-1.455,0.0547404473090049
passive_kde,-1.452,0.0548731006206462
passive_kde,-1.449,0.0550541157267266
passive_kde,-1.446,0.0552556035572267
passive_kde,-1.443,0.0554506040108078
passive_kde,-1.44,0.0556174585182088
passive_kde,-1.437,0.0557414715561649
passive_kde,-1.434,0.055817991541762
passive_kde,-1.431,0.0558568261646668
passive_kde,-1.428,0.0558835117966812
passive_kde,-1.425,0.055933074456188
passive_kde,-1.422,0.0560367682699956
passive_kde,-1.419,0.056208367356717
passive_kde,-1.416,0.0564390189616379
passive_kde,-1.413,0.0567052164172793
passive_kde,-1.41,0.0569852292900961
passive_kde,-1.407,0.0572728109299064
passive_kde,-1.404,0.0575794129996289
passive_kde,-1.401,0.0579252940999729
passive_kde,-1.398,0.0583270575297236
passive_kde,-1.395,0.0587885786351085
passive_kde,-1.392,0.0592970234180502
passive_kde,-1.389,0.0598226823988624
passive_kde,-1.386,0.0603229427521226
passive_kde,-1.383,0.0607525373370005
passive_kde,-1.38,0.0610793921510422
passive_kde,-1.377,0.0612992818813094
passive_kde,-1.374,0.0614399358267056
passive_kde,-1.371,0.0615507246153289
passive_kde,-1.368,0.0616836677168615
passive_kde,-1.365,0.0618764600474326
passive_kde,-1.362,0.0621446515727979
passive_kde,-1.359,0.0624829060167637
passive_kde,-1.356,0.0628713712431723
passive_kde,-1.353,0.063283760916348
passive_kde,-1.35,0.0636949634229053
passive_kde,-1.347,0.0640857286003156
passive_kde,-1.344,0.064442213672529
passive_kde,-1.341,0.0647509286489739
passive_kde,-1.338,0.0649933543329251
passive_kde,-1.335,0.0651457202147701
passive_kde,-1.332,0.0651866179910466
passive_kde,-1.329,0.0651099257507724
passive_kde,-1.326,0.0649358840509762
passive_kde,-1.323,0.0647118640409873
passive_kde,-1.32,0.0644985676953511
passive_kde,-1.317,0.0643467968871683
passive_kde,-1.314,0.0642788590256033
passive_kde,-1.311,0.0642882320723821
passive_kde,-1.308,0.064358386414903
passive_kde,-1.305,0.0644861990330094
passive_kde,-1.302,0.0646915989760221
passive_kde,-1.299,0.0650066561935629
passive_kde,-1.296,0.0654529327086876
passive_kde,-1.293,0.0660221974411204
passive_kde,-1.29,0.0666707917501565
passive_kde,-1.287,0.0673297421674916
passive_kde,-1.284,0.0679268034872891
passive_kde,-1.281,0.0684125084936344
passive_kde,-1.278,0.0687793434664115
passive_kde,-1.275,0.0690643177723413
passive_kde,-1.272,0.0693326254234035
passive_kde,-1.269,0.0696502032401214
passive_kde,-1.266,0.0700586267667889
passive_kde,-1.263,0.070563047696377
passive_kde,-1.26,0.0711355732865778
passive_kde,-1.257,0.0717290911823896
passive_kde,-1.254,0.0722942582645609
passive_kde,-1.251,0.0727941784121889
passive_kde,-1.248,0.0732134939192264
passive_kde,-1.245,0.0735596780005552
passive_kde,-1.242,0.0738561607771529
passive_kde,-1.239,0.0741310044374364
passive_kde,-1.236,0.0744083625062055
passive_kde,-1.233,0.07470812659381
passive_kde,-1.23,0.0750517090814934
passive_kde,-1.227,0.075465351595726
passive_kde,-1.224,0.0759738004007697
passive_kde,-1.221,0.0765861426451253
passive_kde,-1.218,0.0772836242334404
passive_kde,-1.215,0.078018679640576
passive_kde,-1.212,0.0787262831490059
passive_kde,-1.209,0.0793413656369357
passive_kde,-1.206,0.0798156423732364
passive_kde,-1.203,0.0801315015949846
passive_kde,-1.2,0.0803125292061726
passive_kde,-1.197,0.0804270368213535
passive_kde,-1.194,0.0805776856242794
passive_kde,-1.191,0.0808735977047831
passive_kde,-1.188,0.081391407485792
passive_kde,-1.185,0.0821416335399176
passive_kde,-1.182,0.0830585406697207
passive_kde,-1.179,0.0840220671476492
passive_kde,-1.176,0.0849035399541408
passive_kde,-1.173,0.0856131512216474
passive_kde,-1.17,0.0861266022198341
passive_kde,-1.167,0.086481658278253
passive_kde,-1.164,0.0867521799497773
passive_kde,-1.161,0.087015761181423
passive_kde,-1.158,0.0873289846901176
passive_kde,-1.155,0.0877173212391948
passive_kde,-1.152,0.0881798905610064
passive_kde,-1.149,0.0887034576293176
passive_kde,-1.146,0.0892762768840691
passive_kde,-1.143,0.0898940646625629
passive_kde,-1.14,0.0905575815851353
passive_kde,-1.137,0.0912676660192124
passive_kde,-1.134,0.092022781000174
passive_kde,-1.131,0.0928182258453586
passive_kde,-1.128,0.0936432160160595
passive_kde,-1.125,0.0944759638002189
passive_kde,-1.122,0.0952825617959161
passive_kde,-1.119,0.0960251213191497
passive_kde,-1.116,0.0966771763508842
passive_kde,-1.113,0.0972368070266105
passive_kde,-1.11,0.0977280017104964
passive_kde,-1.107,0.0981892935875
passive_kde,-1.104,0.0986587012712677
passive_kde,-1.101,0.099166604717625
passive_kde,-1.098,0.0997403375968523
passive_kde,-1.095,0.1004122373028675
passive_kde,-1.092,0.1012178435331744
passive_kde,-1.089,0.1021789454811649
passive_kde,-1.086,0.1032813956525524
passive_kde,-1.083,0.1044663405594097
passive_kde,-1.08,0.1056465822494369
passive_kde,-1.077,0.1067416390079937
passive_kde,-1.074,0.1077105886805765
passive_kde,-1.071,0.1085631009769898
passive_kde,-1.068,0.1093447811890546
passive_kde,-1.065,0.1101098366723813
passive_kde,-1.062,0.1108993614131185
passive_kde,-1.059,0.1117353870490582
passive_kde,-1.056,0.1126279298498966
passive_kde,-1.053,0.1135847935272241
passive_kde,-1.05,0.1146157505306408
passive_kde,-1.047,0.1157303640964343
passive_kde,-1.044,0.1169351542085571
passive_kde,-1.041,0.1182356498716262
passive_kde,-1.038,0.1196421315229588
passive_kde,-1.035,0.1211709462124848
passive_kde,-1.032,0.1228343160149463
passive_kde,-1.029,0.1246219752522404
passive_kde,-1.026,0.1264889406534476
passive_kde,-1.023,0.128363796156677
passive_kde,-1.02,0.1301788146730395
passive_kde,-1.017,0.1319067117090815
passive_kde,-1.014,0.1335813591695822
passive_kde,-1.011,0.1352866651525995
passive_kde,-1.008,0.1371150959484604
passive_kde,-1.005,0.139115698650987
passive_kde,-1.002,0.1412604153717296
passive_kde,-0.999,0.1434496432403023
passive_kde,-0.996,0.145555725180999
passive_kde,-0.993,0.1474804474743448
passive_kde,-0.9899999999999998,0.1491961140477819
passive_kde,-0.987,0.1507533868671204
passive_kde,-0.984,0.1522603861441882
passive_kde,-0.981,0.1538497792767556
passive_kde,-0.9779999999999998,0.1556479167759264
passive_kde,-0.975,0.1577505294706564
passive_kde,-0.972,0.1602046871714137
passive_kde,-0.969,0.1629996730694595
passive_kde,-0.9659999999999996,0.1660725348228773
passive_kde,-0.963,0.1693293304727793
passive_kde,-0.96,0.1726734202446404
passive_kde,-0.957,0.1760287434150177
passive_kde,-0.9539999999999996,0.179353221856368
passive_kde,-0.951,0.1826457443648421
passive_kde,-0.948,0.1859488079470864
passive_kde,-0.9449999999999998,0.189341149439575
passive_kde,-0.9420000000000002,0.1929139753139143
passive_kde,-0.939,0.1967358378589952
passive_kde,-0.936,0.2008242575204682
passive_kde,-0.9329999999999998,0.2051426921201161
passive_kde,-0.9300000000000002,0.2096266480294831
passive_kde,-0.927,0.2142231256744204
passive_kde,-0.924,0.2189176810203757
passive_kde,-0.9209999999999998,0.2237312218878784
passive_kde,-0.918,0.2286900411208691
passive_kde,-0.915,0.2337925549498199
passive_kde,-0.912,0.2389990565764416
passive_kde,-0.9089999999999998,0.2442530519054047
passive_kde,-0.906,0.2495176975615224
passive_kde,-0.903,0.2547984853600452
passive_kde,-0.8999999999999999,0.2601334469914498
passive_kde,-0.8969999999999998,0.2655562683552063
passive_kde,-0.8940000000000001,0.2710568926926672
passive_kde,-0.891,0.2765649630878589
passive_kde,-0.8879999999999999,0.2819648557123276
passive_kde,-0.8849999999999998,0.287129852802711
passive_kde,-0.8820000000000001,0.2919523155619666
passive_kde,-0.879,0.2963540743885705
passive_kde,-0.8759999999999999,0.3002802501376767
passive_kde,-0.8729999999999998,0.3036933905213607
passive_kde,-0.8700000000000001,0.30658035938884
passive_kde,-0.867,0.3089667428251921
passive_kde,-0.8639999999999999,0.3109211798992153
passive_kde,-0.8609999999999998,0.3125379259531125
passive_kde,-0.8580000000000001,0.3139041768979786
passive_kde,-0.855,0.3150716728687213
passive_kde,-0.8519999999999999,0.3160490243503713
passive_kde,-0.8489999999999998,0.3168167683719579
passive_kde,-0.8460000000000001,0.3173537358869757
passive_kde,-0.843,0.3176584828817665
passive_kde,-0.8399999999999999,0.3177531396651289
passive_kde,-0.8369999999999997,0.3176665770980385
passive_kde,-0.8340000000000001,0.3174069858229616
passive_kde,-0.831,0.3169448765298153
passive_kde,-0.8279999999999998,0.3162258429198442
passive_kde,-0.8249999999999997,0.3152131487067499
passive_kde,-0.8220000000000001,0.3139343688118456
passive_kde,-0.819,0.3124964948458751
passive_kde,-0.8159999999999998,0.3110530014220873
passive_kde,-0.8130000000000002,0.3097413962816414
passive_kde,-0.81,0.3086314067701853
passive_kde,-0.8069999999999999,0.3077141153723274
passive_kde,-0.8039999999999998,0.3069307664441513
passive_kde,-0.8010000000000002,0.3062133100193008
passive_kde,-0.798,0.3055064212534574
passive_kde,-0.7949999999999999,0.3047610409490749
passive_kde,-0.7919999999999998,0.3039144300646465
passive_kde,-0.7890000000000001,0.3028820366972114
passive_kde,-0.786,0.3015753773621124
passive_kde,-0.7829999999999999,0.2999377972654226
passive_kde,-0.7799999999999998,0.2979749411619592
passive_kde,-0.7770000000000001,0.2957603134511508
passive_kde,-0.774,0.2934135763188307
passive_kde,-0.7709999999999999,0.2910654034477631
passive_kde,-0.7679999999999998,0.2888267865190894
passive_kde,-0.7650000000000001,0.2867729916069481
passive_kde,-0.762,0.2849410159815968
passive_kde,-0.7589999999999999,0.283332703313386
passive_kde,-0.7559999999999998,0.2819173214550198
passive_kde,-0.7530000000000001,0.2806351560539338
passive_kde,-0.75,0.2794100530150258
passive_kde,-0.7469999999999999,0.2781755156861702
passive_kde,-0.7439999999999998,0.2769053128810502
passive_kde,-0.7410000000000001,0.2756274775028689
passive_kde,-0.738,0.2744054531037558
passive_kde,-0.7349999999999999,0.273293244602482
passive_kde,-0.7319999999999998,0.2722942420944891
passive_kde,-0.7290000000000001,0.2713541375363191
passive_kde,-0.726,0.2703940864074449
passive_kde,-0.7229999999999999,0.2693603354817284
passive_kde,-0.7199999999999998,0.2682548893111356
passive_kde,-0.7170000000000001,0.2671269247002332
passive_kde,-0.714,0.2660341801039527
passive_kde,-0.7109999999999999,0.2650046293027532
passive_kde,-0.7079999999999997,0.2640256669530127
passive_kde,-0.7050000000000001,0.2630645762040773
passive_kde,-0.702,0.2621004540041308
passive_kde,-0.6989999999999998,0.2611428007567785
passive_kde,-0.6959999999999997,0.2602264738724374
passive_kde,-0.6930000000000001,0.259391290866424
passive_kde,-0.69,0.2586621874485159
passive_kde,-0.6869999999999998,0.2580401123265589
passive_kde,-0.6840000000000002,0.257503082827212
passive_kde,-0.681,0.2570107494108395
passive_kde,-0.6779999999999999,0.2565085698314568
passive_kde,-0.6749999999999998,0.2559353488494015
passive_kde,-0.6720000000000002,0.2552410453659635
passive_kde,-0.669,0.254414011645894
passive_kde,-0.6659999999999999,0.2535030673021967
passive_kde,-0.6629999999999998,0.252613746400376
passive_kde,-0.6600000000000001,0.2518694175647605
passive_kde,-0.657,0.2513517728725707
passive_kde,-0.6539999999999999,0.2510539880973126
passive_kde,-0.6509999999999998,0.2508775042940461
passive_kde,-0.6480000000000001,0.2506787632829187
passive_kde,-0.645,0.2503415490842139
passive_kde,-0.6419999999999999,0.2498351563905635
passive_kde,-0.6389999999999998,0.2492281638704934
passive_kde,-0.6360000000000001,0.248653781368014
passive_kde,-0.633,0.248247566907072
passive_kde,-0.6299999999999999,0.248088403387763
passive_kde,-0.6269999999999998,0.2481677446445082
passive_kde,-0.6240000000000001,0.2483974858070501
passive_kde,-0.621,0.248650545256114
passive_kde,-0.6179999999999999,0.2488142847872302
passive_kde,-0.6149999999999998,0.2488298735231258
passive_kde,-0.6120000000000001,0.2486974072891583
passive_kde,-0.609,0.2484479392475021
passive_kde,-0.6059999999999999,0.2481067503132459
passive_kde,-0.6029999999999998,0.2476778371230024
passive_kde,-0.6000000000000001,0.2471605493810172
passive_kde,-0.597,0.2465802711537907
passive_kde,-0.5939999999999999,0.2460012408651303
passive_kde,-0.5909999999999997,0.2455045148449847
passive_kde,-0.5880000000000001,0.2451460990057913
passive_kde,-0.585,0.2449306319942255
passive_kde,-0.5819999999999999,0.2448239604340117
passive_kde,-0.5789999999999997,0.2447925296456807
passive_kde,-0.5760000000000001,0.2448320847842895
passive_kde,-0.573,0.2449581934666191
passive_kde,-0.5699999999999998,0.2451672280925121
passive_kde,-0.5670000000000002,0.245403704437863
passive_kde,-0.5640000000000001,0.2455637411780241
passive_kde,-0.5609999999999999,0.2455339715306224
passive_kde,-0.5579999999999998,0.2452398932604863
passive_kde,-0.5550000000000002,0.2446760198680311
passive_kde,-0.552,0.2439064171747659
passive_kde,-0.5489999999999999,0.2430411187965882
passive_kde,-0.5459999999999998,0.2422017987603371
passive_kde,-0.5430000000000001,0.2414900965078711
passive_kde,-0.54,0.2409678683773002
passive_kde,-0.5369999999999999,0.2406520779144579
passive_kde,-0.5339999999999998,0.2405203607992186
passive_kde,-0.5310000000000001,0.2405207617544944
passive_kde,-0.528,0.2405826536222656
passive_kde,-0.5249999999999999,0.2406311603932483
passive_kde,-0.5219999999999998,0.2406072464938523
passive_kde,-0.5190000000000001,0.2404879978392611
passive_kde,-0.516,0.2402941660476219
passive_kde,-0.5129999999999999,0.2400755332753189
passive_kde,-0.5099999999999998,0.2398800318671357
passive_kde,-0.5070000000000001,0.239726629069143
passive_kde,-0.504,0.2395998586787204
passive_kde,-0.5009999999999999,0.2394660516580949
passive_kde,-0.4979999999999998,0.2392948727888384
passive_kde,-0.4950000000000001,0.2390703463162091
passive_kde,-0.492,0.2387902632950991
passive_kde,-0.4889999999999999,0.238464196114377
passive_kde,-0.4859999999999997,0.2381165127089695
passive_kde,-0.4830000000000001,0.2377885540943018
passive_kde,-0.48,0.2375295494724957
passive_kde,-0.4769999999999998,0.23737498418712
passive_kde,-0.4739999999999997,0.2373242296044961
passive_kde,-0.4710000000000001,0.2373330977386225
passive_kde,-0.4679999999999999,0.2373286160515663
passive_kde,-0.4649999999999998,0.2372399318259665
passive_kde,-0.4619999999999997,0.2370294966124634
passive_kde,-0.4590000000000001,0.2367076795152795
passive_kde,-0.4559999999999999,0.2363233096628455
passive_kde,-0.4529999999999998,0.2359386231817601
passive_kde,-0.4499999999999997,0.2356085238581536
passive_kde,-0.447,0.2353789578883488
passive_kde,-0.4439999999999999,0.2352987236741734
passive_kde,-0.4409999999999998,0.2354219300914038
passive_kde,-0.4380000000000001,0.2357842285477366
passive_kde,-0.435,0.236362635579574
passive_kde,-0.4319999999999999,0.2370509668367459
passive_kde,-0.4289999999999998,0.237677602381069
passive_kde,-0.4260000000000001,0.2380627898897328
passive_kde,-0.423,0.2380847251509453
passive_kde,-0.4199999999999999,0.2377197937334902
passive_kde,-0.4169999999999998,0.2370425767858135
passive_kde,-0.4140000000000001,0.2361962721588184
passive_kde,-0.411,0.2353545149718988
passive_kde,-0.4079999999999999,0.234687854314763
passive_kde,-0.4049999999999998,0.2343357886335492
passive_kde,-0.4020000000000001,0.2343828210842191
passive_kde,-0.399,0.2348439666994282
passive_kde,-0.3959999999999999,0.2356681105207319
passive_kde,-0.3929999999999998,0.2367586776631796
passive_kde,-0.3900000000000001,0.2379989447951916
passive_kde,-0.387,0.2392684754800305
passive_kde,-0.3839999999999999,0.240449542986667
passive_kde,-0.3809999999999998,0.2414347957001012
passive_kde,-0.3780000000000001,0.2421461960299215
passive_kde,-0.375,0.2425605755799923
passive_kde,-0.3719999999999999,0.242722834428506
passive_kde,-0.3689999999999998,0.2427290221842849
passive_kde,-0.3660000000000001,0.2426809711373428
passive_kde,-0.363,0.2426377556387291
passive_kde,-0.3599999999999999,0.2425963445686128
passive_kde,-0.3569999999999997,0.2425151634847545
passive_kde,-0.3540000000000001,0.2423623693562268
passive_kde,-0.351,0.2421510561133236
passive_kde,-0.3479999999999998,0.2419336309007415
passive_kde,-0.3449999999999997,0.2417604703789953
passive_kde,-0.3420000000000001,0.2416371902573025
passive_kde,-0.3389999999999999,0.2415160086370057
passive_kde,-0.3359999999999998,0.24132859316346
passive_kde,-0.3329999999999997,0.2410341853506112
passive_kde,-0.33,0.2406459976161569
passive_kde,-0.3269999999999999,0.2402192341170349
passive_kde,-0.3239999999999998,0.2398169628641532
passive_kde,-0.3209999999999997,0.2394862813886093
passive_kde,-0.318,0.2392628445084307
passive_kde,-0.3149999999999999,0.239191112890513
passive_kde,-0.3119999999999998,0.2393305286159568
passive_kde,-0.3090000000000001,0.2397313604312101
passive_kde,-0.306,0.2403951662570111
passive_kde,-0.3029999999999999,0.2412530618309226
passive_kde,-0.2999999999999998,0.2421827371273258
passive_kde,-0.2970000000000001,0.2430546394302029
passive_kde,-0.294,0.2437768080839724
passive_kde,-0.2909999999999999,0.2443124995595192
passive_kde,-0.2879999999999998,0.2446671435666296
passive_kde,-0.2850000000000001,0.2448612376655881
passive_kde,-0.282,0.2449099216642097
passive_kde,-0.2789999999999999,0.2448192048477711
passive_kde,-0.2759999999999998,0.244594076920861
passive_kde,-0.2730000000000001,0.244246291420203
passive_kde,-0.27,0.2437936218624243
passive_kde,-0.2669999999999999,0.2432528206678863
passive_kde,-0.2639999999999998,0.2426357088745261
passive_kde,-0.2610000000000001,0.2419557362156367
passive_kde,-0.258,0.2412432165839782
passive_kde,-0.2549999999999999,0.240558879330641
passive_kde,-0.2519999999999998,0.2399936563483284
passive_kde,-0.2490000000000001,0.2396487808266686
passive_kde,-0.246,0.2396008695526235
passive_kde,-0.2429999999999998,0.2398663404635587
passive_kde,-0.2399999999999997,0.2403830284153131
passive_kde,-0.2370000000000001,0.2410210902868725
passive_kde,-0.2339999999999999,0.2416217457139882
passive_kde,-0.2309999999999998,0.2420479551286116
passive_kde,-0.2279999999999997,0.242224588782768
passive_kde,-0.2250000000000001,0.242151612179311
passive_kde,-0.2219999999999999,0.2418889083573557
passive_kde,-0.2189999999999998,0.2415259168655288
passive_kde,-0.2159999999999997,0.2411537556492716
passive_kde,-0.213,0.2408495503906036
passive_kde,-0.2099999999999999,0.240669854740254
passive_kde,-0.2069999999999998,0.2406442860893642
passive_kde,-0.2039999999999997,0.2407670952040311
passive_kde,-0.201,0.2409953360344135
passive_kde,-0.1979999999999999,0.2412634578912815
passive_kde,-0.1949999999999998,0.2415109935511215
passive_kde,-0.1919999999999997,0.2417049863799512
passive_kde,-0.189,0.2418396476432999
passive_kde,-0.1859999999999999,0.2419154354135687
passive_kde,-0.1829999999999998,0.241920030324219
passive_kde,-0.1800000000000001,0.2418323542414622
passive_kde,-0.177,0.2416468086019327
passive_kde,-0.1739999999999999,0.2413926916687025
passive_kde,-0.1709999999999998,0.2411276534104362
passive_kde,-0.1680000000000001,0.2409101619731847
passive_kde,-0.165,0.2407757458804589
passive_kde,-0.1619999999999999,0.2407350351267247
passive_kde,-0.1589999999999998,0.2407885280790274
passive_kde,-0.1560000000000001,0.24093906330528
passive_kde,-0.153,0.2411890659210903
passive_kde,-0.1499999999999999,0.2415249561222566
passive_kde,-0.1469999999999998,0.2419011426980844
passive_kde,-0.1440000000000001,0.2422367882787317
passive_kde,-0.141,0.2424326736504095
passive_kde,-0.1379999999999999,0.2424049379812159
passive_kde,-0.1349999999999998,0.2421206402437731
passive_kde,-0.1320000000000001,0.2416151844267747
passive_kde,-0.129,0.2409801632380843
passive_kde,-0.1259999999999999,0.2403275222043051
passive_kde,-0.1229999999999997,0.2397487258685721
passive_kde,-0.1200000000000001,0.2392868662853005
passive_kde,-0.1169999999999999,0.238929475719687
passive_kde,-0.1139999999999998,0.2386209851034504
passive_kde,-0.1109999999999997,0.2382907705015012
passive_kde,-0.1080000000000001,0.2378901940928414
passive_kde,-0.1049999999999999,0.2374250504801695
passive_kde,-0.1019999999999998,0.2369642063693482
passive_kde,-0.0989999999999997,0.2366126805868202
passive_kde,-0.096,0.2364591383469353
passive_kde,-0.0929999999999999,0.2365276158766096
passive_kde,-0.0899999999999998,0.2367625981371912
passive_kde,-0.0869999999999997,0.2370548275607762
passive_kde,-0.084,0.2372908589041392
passive_kde,-0.0809999999999999,0.2373998980698652
passive_kde,-0.0779999999999998,0.2373780680552196
passive_kde,-0.0749999999999997,0.2372830657517245
passive_kde,-0.072,0.2372037405022145
passive_kde,-0.0689999999999999,0.237217796380536
passive_kde,-0.0659999999999998,0.2373554226401928
passive_kde,-0.0629999999999997,0.237584499101095
passive_kde,-0.06,0.2378235559835106
passive_kde,-0.0569999999999999,0.2379758829348368
passive_kde,-0.0539999999999998,0.2379686308469531
passive_kde,-0.0510000000000001,0.2377795892404884
passive_kde,-0.048,0.2374418158562687
passive_kde,-0.0449999999999999,0.2370271963563774
passive_kde,-0.0419999999999998,0.2366179169069241
passive_kde,-0.0390000000000001,0.2362777601410694
passive_kde,-0.036,0.2360348378858871
passive_kde,-0.0329999999999999,0.2358835823516948
passive_kde,-0.0299999999999998,0.2358041521952965
passive_kde,-0.0270000000000001,0.2357851830076864
passive_kde,-0.024,0.2358320673702506
passive_kde,-0.0209999999999999,0.2359544400458733
passive_kde,-0.0179999999999997,0.2361442638038518
passive_kde,-0.0150000000000001,0.2363627795183806
passive_kde,-0.012,0.2365451022788098
passive_kde,-0.0089999999999998,0.236617425597011
passive_kde,-0.0059999999999997,0.2365174045087786
passive_kde,-0.0030000000000001,0.2362128198517501
passive_kde,0.0,0.235716507223509
passive_kde,0.0030000000000001,0.2350924007645736
passive_kde,0.0060000000000002,0.2344453404920502
passive_kde,0.0089999999999998,0.2338929077601917
passive_kde,0.012,0.2335277243722339
passive_kde,0.0150000000000001,0.2333846905980161
passive_kde,0.0180000000000002,0.2334261098566715
passive_kde,0.0209999999999999,0.2335516233818511
passive_kde,0.024,0.2336319972269356
passive_kde,0.0270000000000001,0.2335562075475606
passive_kde,0.0300000000000002,0.2332728951018771
passive_kde,0.0329999999999999,0.2328072192516678
passive_kde,0.036,0.2322459501878886
passive_kde,0.0390000000000001,0.2317005857253218
passive_kde,0.0420000000000002,0.2312681729905648
passive_kde,0.0449999999999999,0.2310059977969671
passive_kde,0.048,0.2309242589032408
passive_kde,0.0510000000000001,0.2309911244928565
passive_kde,0.0540000000000002,0.2311439266330448
passive_kde,0.0569999999999999,0.2313056043468866
passive_kde,0.06,0.2314077837254545
passive_kde,0.0630000000000001,0.2314163033639621
passive_kde,0.0660000000000002,0.2313472324193048
passive_kde,0.0689999999999999,0.2312618654547392
passive_kde,0.072,0.2312407007882151
passive_kde,0.0750000000000001,0.2313499361710116
passive_kde,0.0779999999999998,0.2316175909073579
passive_kde,0.0809999999999999,0.2320276718289546
passive_kde,0.084,0.2325289796005688
passive_kde,0.0870000000000001,0.2330503656749908
passive_kde,0.0899999999999998,0.2335173515729183
passive_kde,0.0929999999999999,0.2338687932647093
passive_kde,0.096,0.2340714974648407
passive_kde,0.0990000000000002,0.2341279548700872
passive_kde,0.1019999999999998,0.2340730874431813
passive_kde,0.1049999999999999,0.2339607776371967
passive_kde,0.1080000000000001,0.2338457634904577
passive_kde,0.1110000000000002,0.2337679781563691
passive_kde,0.1139999999999998,0.2337448662393332
passive_kde,0.1169999999999999,0.2337737492428004
passive_kde,0.1200000000000001,0.2338412256362822
passive_kde,0.1230000000000002,0.2339318886496218
passive_kde,0.1259999999999999,0.2340292654277684
passive_kde,0.129,0.2341102462451233
passive_kde,0.1320000000000001,0.2341438634851453
passive_kde,0.1350000000000002,0.2341044400760447
passive_kde,0.1379999999999999,0.2339947122399105
passive_kde,0.141,0.2338593509513539
passive_kde,0.1440000000000001,0.2337709944318594
passive_kde,0.1470000000000002,0.2337921558476624
passive_kde,0.1499999999999999,0.2339391875927151
passive_kde,0.153,0.2341766560828229
passive_kde,0.1560000000000001,0.2344478906942861
passive_kde,0.1590000000000002,0.234719110554882
passive_kde,0.1619999999999999,0.2350047510349297
passive_kde,0.165,0.235357321101578
passive_kde,0.1680000000000001,0.2358309511424304
passive_kde,0.1710000000000002,0.2364429370647593
passive_kde,0.1739999999999999,0.2371547625550643
passive_kde,0.177,0.2378809525419994
passive_kde,0.1800000000000001,0.2385206053871654
passive_kde,0.1830000000000002,0.2389965367360098
passive_kde,0.1859999999999999,0.239282329151846
passive_kde,0.189,0.2394021908755229
passive_kde,0.1920000000000001,0.2394040377821958
passive_kde,0.1950000000000002,0.2393245049274044
passive_kde,0.1979999999999999,0.2391707129979843
passive_kde,0.201,0.2389300068344364
passive_kde,0.2040000000000001,0.2385959200407848
passive_kde,0.2069999999999998,0.2381870078830972
passive_kde,0.2099999999999999,0.2377451332895089
passive_kde,0.213,0.2373194916708026
passive_kde,0.2160000000000002,0.2369512900934707
passive_kde,0.2189999999999998,0.2366654705774018
passive_kde,0.2219999999999999,0.2364646655556455
passive_kde,0.2250000000000001,0.2363222164759865
passive_kde,0.2280000000000002,0.2361822399920027
passive_kde,0.2309999999999998,0.2359780976106848
passive_kde,0.2339999999999999,0.2356675295740434
passive_kde,0.2370000000000001,0.2352646354668442
passive_kde,0.2400000000000002,0.2348448963958327
passive_kde,0.2429999999999998,0.234515641258976
passive_kde,0.246,0.2343680144632664
passive_kde,0.2490000000000001,0.2344385386649778
passive_kde,0.2520000000000002,0.2347000737393475
passive_kde,0.2549999999999999,0.2350813391598814
passive_kde,0.258,0.2354982137492619
passive_kde,0.2610000000000001,0.2358798128007869
passive_kde,0.2640000000000002,0.2361834783030108
passive_kde,0.2669999999999999,0.2364015142413369
passive_kde,0.27,0.2365615575228426
passive_kde,0.2730000000000001,0.2367182555286844
passive_kde,0.2760000000000002,0.2369355995849915
passive_kde,0.2789999999999999,0.2372656562672747
passive_kde,0.282,0.2377317408181389
passive_kde,0.2850000000000001,0.2383194795964847
passive_kde,0.2880000000000002,0.2389750598542044
passive_kde,0.2909999999999999,0.2396125305580521
passive_kde,0.294,0.240135999289323
passive_kde,0.2970000000000001,0.2404769663158864
passive_kde,0.3000000000000002,0.2406313100925246
passive_kde,0.3029999999999999,0.240669997592392
passive_kde,0.306,0.240708559606993
passive_kde,0.3090000000000001,0.240849116642232
passive_kde,0.3120000000000003,0.241131103065998
passive_kde,0.3149999999999999,0.2415211178938189
passive_kde,0.318,0.2419420848975312
passive_kde,0.3210000000000002,0.2423134293880238
passive_kde,0.3240000000000003,0.2425712452842273
passive_kde,0.3269999999999999,0.2426606559247467
passive_kde,0.33,0.2425200670596275
passive_kde,0.3330000000000002,0.2420851127778678
passive_kde,0.3359999999999998,0.2413221066711143
passive_kde,0.3389999999999999,0.2402713752095317
passive_kde,0.3420000000000001,0.2390646885291763
passive_kde,0.3450000000000002,0.2378936403793868
passive_kde,0.3479999999999998,0.2369396275999809
passive_kde,0.351,0.2363045874101185
passive_kde,0.3540000000000001,0.2359817363813509
passive_kde,0.3570000000000002,0.2358779991030851
passive_kde,0.3599999999999999,0.2358677562016234
passive_kde,0.363,0.2358446229151673
passive_kde,0.3660000000000001,0.2357489249635904
passive_kde,0.3690000000000002,0.2355695769652707
passive_kde,0.3719999999999999,0.2353329440249423
passive_kde,0.375,0.2350905182881953
passive_kde,0.3780000000000001,0.2349068990440322
passive_kde,0.3810000000000002,0.2348414472854019
passive_kde,0.3839999999999999,0.2349203678496666
passive_kde,0.387,0.2351094472877221
passive_kde,0.3900000000000001,0.2353085744514803
passive_kde,0.3930000000000002,0.2353835817223919
passive_kde,0.3959999999999999,0.2352276000697404
passive_kde,0.399,0.234819196183256
passive_kde,0.4020000000000001,0.2342402063127765
passive_kde,0.4050000000000002,0.2336401855862975
passive_kde,0.4079999999999999,0.233169744567112
passive_kde,0.411,0.2329230296182526
passive_kde,0.4140000000000001,0.232916885779293
passive_kde,0.4170000000000002,0.2331057175051323
passive_kde,0.4199999999999999,0.2334128590034597
passive_kde,0.423,0.233761189961939
passive_kde,0.4260000000000001,0.2340956696586915
passive_kde,0.4290000000000002,0.2343945559194092
passive_kde,0.4319999999999999,0.2346657489202007
passive_kde,0.435,0.2349292627464886
passive_kde,0.4380000000000001,0.23519590834277
passive_kde,0.4410000000000003,0.2354549205247604
passive_kde,0.4439999999999999,0.2356745056709912
passive_kde,0.447,0.2358091145998169
passive_kde,0.4500000000000002,0.2358078129542666
passive_kde,0.4530000000000003,0.2356264777423708
passive_kde,0.4559999999999999,0.2352479035610389
passive_kde,0.4590000000000001,0.234702576999757
passive_kde,0.4620000000000002,0.2340723712967773
passive_kde,0.4649999999999998,0.2334661673651356
passive_kde,0.4679999999999999,0.2329776254692833
passive_kde,0.4710000000000001,0.2326504489830521
passive_kde,0.4740000000000002,0.232470924828314
passive_kde,0.4769999999999998,0.2323883775698301
passive_kde,0.48,0.2323493609842923
passive_kde,0.4830000000000001,0.232329029752913
passive_kde,0.4860000000000002,0.232347461106791
passive_kde,0.4889999999999999,0.2324634666407709
passive_kde,0.492,0.2327452474839995
passive_kde,0.4950000000000001,0.2332284320483522
passive_kde,0.4980000000000002,0.233882145069222
passive_kde,0.5009999999999999,0.2346037695880244
passive_kde,0.504,0.2352503358301001
passive_kde,0.5070000000000001,0.2356949550203809
passive_kde,0.5100000000000002,0.2358804791706809
passive_kde,0.5129999999999999,0.2358401153094646
passive_kde,0.516,0.2356719805750651
passive_kde,0.5190000000000001,0.235484057391767
passive_kde,0.5220000000000002,0.2353459424841386
passive_kde,0.5249999999999999,0.2352757918958928
passive_kde,0.528,0.2352608488397935
passive_kde,0.5310000000000001,0.235285262469922
passive_kde,0.5340000000000003,0.2353409558201678
passive_kde,0.5369999999999999,0.2354200223844541
passive_kde,0.54,0.2355055612856422
passive_kde,0.5430000000000001,0.2355753592301142
passive_kde,0.5460000000000003,0.2356161457290539
passive_kde,0.5489999999999999,0.2356345128281821
passive_kde,0.552,0.2356543852779703
passive_kde,0.5550000000000002,0.235703599523094
passive_kde,0.5580000000000003,0.235800542051119
passive_kde,0.5609999999999999,0.2359499365369231
passive_kde,0.5640000000000001,0.2361487948394634
passive_kde,0.5670000000000002,0.2363964834713975
passive_kde,0.5700000000000003,0.2367009573628697
passive_kde,0.573,0.2370765224566106
passive_kde,0.5760000000000001,0.237534359663173
passive_kde,0.5790000000000002,0.2380716840022195
passive_kde,0.5820000000000003,0.2386660206504974
passive_kde,0.585,0.2392777782393915
passive_kde,0.5880000000000001,0.2398597987518074
passive_kde,0.5910000000000002,0.2403697798753028
passive_kde,0.5939999999999999,0.2407815710007661
passive_kde,0.597,0.2410934732684581
passive_kde,0.6000000000000001,0.2413335891342425
passive_kde,0.6030000000000002,0.2415615626745586
passive_kde,0.6059999999999999,0.2418624855573057
passive_kde,0.609,0.2423265759128434
passive_kde,0.6120000000000001,0.2430141182468099
passive_kde,0.6150000000000002,0.2439195383830278
passive_kde,0.6179999999999999,0.244959332307862
passive_kde,0.621,0.2460002164593312
passive_kde,0.6240000000000001,0.2469168986781687
passive_kde,0.6270000000000002,0.2476458861293863
passive_kde,0.6299999999999999,0.2482052501667447
passive_kde,0.633,0.2486763064474919
passive_kde,0.6360000000000001,0.2491655530813417
passive_kde,0.6390000000000002,0.2497665704688635
passive_kde,0.6419999999999999,0.2505307743395606
passive_kde,0.645,0.2514507075789673
passive_kde,0.6480000000000001,0.2524618560004631
passive_kde,0.6510000000000002,0.2534665495940665
passive_kde,0.6539999999999999,0.2543714510747122
passive_kde,0.657,0.2551193626985963
passive_kde,0.6600000000000001,0.2556991824870005
passive_kde,0.6630000000000003,0.2561336256493918
passive_kde,0.6659999999999999,0.2564593517663384
passive_kde,0.669,0.2567158890384152
passive_kde,0.6720000000000002,0.2569472604677978
passive_kde,0.6750000000000003,0.257205096713993
passive_kde,0.6779999999999999,0.2575394123455827
passive_kde,0.681,0.2579774685884692
passive_kde,0.6840000000000002,0.2585087337842442
passive_kde,0.6870000000000003,0.259094875478227
passive_kde,0.69,0.259703185366953
passive_kde,0.6930000000000001,0.2603382819178701
passive_kde,0.6960000000000002,0.261044590000952
passive_kde,0.6990000000000003,0.2618756522152011
passive_kde,0.702,0.2628550189909068
passive_kde,0.7050000000000001,0.2639608248195148
passive_kde,0.7080000000000002,0.2651452475964029
passive_kde,0.7110000000000003,0.2663698888423891
passive_kde,0.714,0.2676258252249842
passive_kde,0.7170000000000001,0.2689228277746578
passive_kde,0.7200000000000002,0.2702605852042282
passive_kde,0.7229999999999999,0.2716101008217972
passive_kde,0.726,0.2729235311905327
passive_kde,0.7290000000000001,0.2741658139901668
passive_kde,0.7320000000000002,0.2753428578905453
passive_kde,0.7349999999999999,0.2765030456435876
passive_kde,0.738,0.2777086990503739
passive_kde,0.7410000000000001,0.27899635601837
passive_kde,0.7440000000000002,0.2803529810668798
passive_kde,0.7469999999999999,0.2817242970606545
passive_kde,0.75,0.2830497252109368
passive_kde,0.7530000000000001,0.2843009504370908
passive_kde,0.7560000000000002,0.2854990289934048
passive_kde,0.7589999999999999,0.286699126522227
passive_kde,0.762,0.2879530250051024
passive_kde,0.7650000000000001,0.289273330588704
passive_kde,0.7680000000000002,0.2906205348651762
passive_kde,0.7709999999999999,0.2919180442567877
passive_kde,0.774,0.2930843366279734
passive_kde,0.7770000000000001,0.2940660799156019
passive_kde,0.7800000000000002,0.2948600342496819
passive_kde,0.7829999999999999,0.2955172493063286
passive_kde,0.786,0.2961277995418939
passive_kde,0.7890000000000001,0.2967907923584567
passive_kde,0.7920000000000003,0.2975818029639454
passive_kde,0.7949999999999999,0.2985317987210703
passive_kde,0.798,0.2996249437366073
passive_kde,0.8010000000000002,0.3008131111427618
passive_kde,0.8040000000000003,0.3020395908340623
passive_kde,0.8069999999999999,0.3032630023664842
passive_kde,0.81,0.3044703988758216
passive_kde,0.8130000000000002,0.3056680329350945
passive_kde,0.8160000000000003,0.3068478790602515
passive_kde,0.819,0.3079488421902009
passive_kde,0.8220000000000001,0.3088471625656889
passive_kde,0.8250000000000002,0.3093992938654695
passive_kde,0.8280000000000003,0.3095219288282355
passive_kde,0.831,0.3092573662127371
passive_kde,0.8340000000000001,0.3087732003666757
passive_kde,0.8370000000000002,0.3082883379663898
passive_kde,0.8399999999999999,0.3079688425010715
passive_kde,0.843,0.3078548699155826
passive_kde,0.8460000000000001,0.3078526443557838
passive_kde,0.8490000000000002,0.3077810936781961
passive_kde,0.8519999999999999,0.3074388355303535
passive_kde,0.855,0.3066640904574149
passive_kde,0.8580000000000001,0.3053767879300885
passive_kde,0.8610000000000002,0.303596117913018
passive_kde,0.8639999999999999,0.301421767515951
passive_kde,0.867,0.2989750796527878
passive_kde,0.8700000000000001,0.2963243475258863
passive_kde,0.8730000000000002,0.2934421156234629
passive_kde,0.8759999999999999,0.2902302822416129
passive_kde,0.879,0.2866009610666372
passive_kde,0.8820000000000001,0.2825558372046216
passive_kde,0.8850000000000002,0.2782053052873198
passive_kde,0.8879999999999999,0.2737139993832422
passive_kde,0.891,0.2692131916003156
passive_kde,0.8940000000000001,0.2647399032009662
passive_kde,0.8970000000000002,0.2602369176554205
passive_kde,0.8999999999999999,0.2556029500225387
passive_kde,0.903,0.25075312333073
passive_kde,0.906,0.245653295582616
passive_kde,0.9090000000000004,0.2403187932300143
passive_kde,0.912,0.2347956658075783
passive_kde,0.915,0.2291502997993981
passive_kde,0.918,0.2234769646747728
passive_kde,0.9210000000000004,0.2179083195171353
passive_kde,0.924,0.2126046321968057
passive_kde,0.927,0.2077132603468649
passive_kde,0.9300000000000002,0.2033164778039662
passive_kde,0.9330000000000004,0.1993986375868373
passive_kde,0.936,0.1958528077590646
passive_kde,0.939,0.1925238543110819
passive_kde,0.9420000000000002,0.1892672399307576
passive_kde,0.9450000000000004,0.1859979572901217
passive_kde,0.948,0.1827092680525502
passive_kde,0.951,0.1794533944397354
passive_kde,0.9540000000000002,0.1762948472211901
passive_kde,0.9570000000000004,0.1732644315712337
passive_kde,0.96,0.1703437636786762
passive_kde,0.963,0.1674890675714
passive_kde,0.9660000000000002,0.1646727558493271
passive_kde,0.969,0.1619081106791699
passive_kde,0.972,0.1592387792253401
passive_kde,0.975,0.1567050900212067
passive_kde,0.9780000000000002,0.154315591134465
passive_kde,0.981,0.1520430271565842
passive_kde,0.984,0.1498421057144549
passive_kde,0.987,0.1476723542701581
passive_kde,0.9900000000000002,0.1455115122753042
passive_kde,0.993,0.1433563713281693
passive_kde,0.996,0.141217177864881
passive_kde,0.999,0.1391126984886008
passive_kde,1.0019999999999998,0.1370679927025925
passive_kde,1.005,0.1351120362220064
passive_kde,1.008,0.1332719385873453
passive_kde,1.011,0.1315640171018476
passive_kde,1.0140000000000002,0.1299855584231364
passive_kde,1.0170000000000003,0.128511756494932
passive_kde,1.0200000000000005,0.1271002207365862
passive_kde,1.0229999999999997,0.1257023431421781
passive_kde,1.0259999999999998,0.1242778192291051
passive_kde,1.029,0.1228066786880197
passive_kde,1.032,0.1212941582789737
passive_kde,1.035,0.1197682409042639
passive_kde,1.0380000000000005,0.1182739676190934
passive_kde,1.0410000000000004,0.1168674798710742
passive_kde,1.0440000000000005,0.1156070042510082
passive_kde,1.0469999999999997,0.1145358931234472
passive_kde,1.0499999999999998,0.1136602367166037
passive_kde,1.053,0.1129344290136137
passive_kde,1.056,0.1122691867528751
passive_kde,1.0590000000000002,0.1115628811767864
passive_kde,1.0620000000000005,0.1107395347955398
passive_kde,1.0650000000000004,0.1097718604394218
passive_kde,1.0680000000000005,0.1086798325639466
passive_kde,1.0709999999999995,0.1075125469647185
passive_kde,1.0739999999999998,0.106328128585855
passive_kde,1.077,0.1051798497313474
passive_kde,1.08,0.1041065622869424
passive_kde,1.0830000000000002,0.1031232131155939
passive_kde,1.0860000000000003,0.1022132795460228
passive_kde,1.0890000000000004,0.1013304811571929
passive_kde,1.0920000000000003,0.1004142314502429
passive_kde,1.0949999999999998,0.0994137826659908
passive_kde,1.098,0.0983091256563275
passive_kde,1.101,0.0971190722452256
passive_kde,1.104,0.0958958056916184
passive_kde,1.1070000000000002,0.0947119543944474
passive_kde,1.1100000000000003,0.0936459316414876
passive_kde,1.1130000000000004,0.0927670031153817
passive_kde,1.1159999999999997,0.0921197242671793
passive_kde,1.1189999999999998,0.0917100389194829
passive_kde,1.122,0.0914983619016279
passive_kde,1.125,0.0914038259958215
passive_kde,1.128,0.091319151746486
passive_kde,1.1310000000000002,0.091131954611759
passive_kde,1.1340000000000003,0.0907484155780455
passive_kde,1.1370000000000005,0.0901165329459576
passive_kde,1.1399999999999997,0.0892444984252477
passive_kde,1.1429999999999998,0.0882056322251542
passive_kde,1.146,0.0871209395455034
passive_kde,1.149,0.0861190520755386
passive_kde,1.152,0.085288136053178
passive_kde,1.1550000000000002,0.0846441060200011
passive_kde,1.1580000000000004,0.0841339390983463
passive_kde,1.1610000000000005,0.0836730293107187
passive_kde,1.1639999999999997,0.0831946343213739
passive_kde,1.1669999999999998,0.0826827139154307
passive_kde,1.17,0.0821712919436091
passive_kde,1.173,0.0817145920057416
passive_kde,1.1760000000000002,0.0813480945483576
passive_kde,1.1790000000000005,0.0810627176633824
passive_kde,1.1820000000000004,0.0808040449233376
passive_kde,1.1850000000000005,0.0804939879681428
passive_kde,1.1879999999999995,0.0800619359361357
passive_kde,1.1909999999999998,0.0794706501063572
passive_kde,1.194,0.0787276599677257
passive_kde,1.197,0.077880665577159
passive_kde,1.2000000000000002,0.0770008799773221
passive_kde,1.2030000000000003,0.0761605833412628
passive_kde,1.2060000000000004,0.0754122522028305
passive_kde,1.2090000000000003,0.0747767406319647
passive_kde,1.2119999999999995,0.0742447999048342
passive_kde,1.215,0.0737892798835967
passive_kde,1.218,0.0733794797165835
passive_kde,1.221,0.0729900136852069
passive_kde,1.2240000000000002,0.0726032729845756
passive_kde,1.2270000000000003,0.0722096983505567
passive_kde,1.2300000000000004,0.0718086550610272
passive_kde,1.2329999999999997,0.0714080463636491
passive_kde,1.2359999999999998,0.0710197752909918
passive_kde,1.239,0.0706524504476468
passive_kde,1.242,0.0703070929232803
passive_kde,1.245,0.0699803187399873
passive_kde,1.2480000000000002,0.069672933778122
passive_kde,1.2510000000000003,0.0693963699705312
passive_kde,1.2540000000000004,0.0691706376401239
passive_kde,1.2569999999999997,0.0690146068959881
passive_kde,1.2599999999999998,0.0689357029581899
passive_kde,1.263,0.0689257653171857
passive_kde,1.266,0.068963962352835
passive_kde,1.269,0.0690225712854823
passive_kde,1.2720000000000002,0.0690716731052643
passive_kde,1.2750000000000004,0.0690827579870387
passive_kde,1.2780000000000005,0.069033652702161
passive_kde,1.2809999999999997,0.0689151187429246
passive_kde,1.2839999999999998,0.0687351927765365
passive_kde,1.287,0.0685159635689941
passive_kde,1.29,0.0682818744087558
passive_kde,1.293,0.0680459571283016
passive_kde,1.2960000000000005,0.0678036714492009
passive_kde,1.2990000000000004,0.0675387545536934
passive_kde,1.3020000000000005,0.0672354848494105
passive_kde,1.3049999999999995,0.0668866740646436
passive_kde,1.3079999999999998,0.0664919591127348
passive_kde,1.311,0.0660512073573787
passive_kde,1.314,0.0655624633708874
passive_kde,1.3170000000000002,0.0650286118594966
passive_kde,1.3200000000000005,0.0644677954927829
passive_kde,1.3230000000000004,0.0639183227909038
passive_kde,1.3260000000000003,0.0634321563241333
passive_kde,1.3289999999999995,0.0630584250224896
passive_kde,1.332,0.0628245964184221
passive_kde,1.335,0.0627247945253604
passive_kde,1.338,0.0627214497570337
passive_kde,1.3410000000000002,0.0627595165879083
passive_kde,1.3440000000000003,0.0627855898750783
passive_kde,1.3470000000000004,0.0627616027407682
passive_kde,1.3500000000000003,0.0626664189572534
passive_kde,1.3529999999999998,0.0624868802572814
passive_kde,1.356,0.0622078497447123
passive_kde,1.359,0.0618124825639291
passive_kde,1.362,0.061296206196485
passive_kde,1.3650000000000002,0.0606848570948513
passive_kde,1.3680000000000003,0.060039947274589
passive_kde,1.3710000000000004,0.0594408619578424
passive_kde,1.3739999999999997,0.0589515183197988
passive_kde,1.3769999999999998,0.0585929221909577
passive_kde,1.38,0.0583404059375838
passive_kde,1.383,0.0581468320114572
passive_kde,1.386,0.0579751264903383
passive_kde,1.3890000000000002,0.0578187216346507
passive_kde,1.3920000000000003,0.0576985776760672
passive_kde,1.3950000000000005,0.0576413986420231
passive_kde,1.3979999999999997,0.0576545594124732
passive_kde,1.4009999999999998,0.0577135745834511
passive_kde,1.404,0.0577690122858101
passive_kde,1.407,0.0577676569088162
passive_kde,1.41,0.0576746552597035
passive_kde,1.4130000000000005,0.0574838032348855
passive_kde,1.4160000000000004,0.057211378671993
passive_kde,1.4190000000000005,0.0568797962264833
passive_kde,1.4219999999999997,0.0565039695258983
passive_kde,1.4249999999999998,0.0560907467580265
passive_kde,1.428,0.0556510073677271
passive_kde,1.431,0.0552128054279113
passive_kde,1.4340000000000002,0.0548220855358773
passive_kde,1.4370000000000005,0.0545274314833434
passive_kde,1.4400000000000004,0.0543584867812824
passive_kde,1.4430000000000005,0.0543123758691062
passive_kde,1.4459999999999995,0.0543553806996398
passive_kde,1.4489999999999998,0.0544360289150947
passive_kde,1.452,0.0545006175302411
passive_kde,1.455,0.0545054465515193
passive_kde,1.4580000000000002,0.0544256459823169
passive_kde,1.4610000000000003,0.0542616308904644
passive_kde,1.4640000000000004,0.0540406572096433
passive_kde,1.4670000000000003,0.0538085821492633
passive_kde,1.4699999999999998,0.0536107684414068
passive_kde,1.473,0.0534693098615603
passive_kde,1.476,0.0533691110760414
passive_kde,1.479,0.0532620974147647
passive_kde,1.4820000000000002,0.0530884831752726
passive_kde,1.4850000000000003,0.0528042305397746
passive_kde,1.4880000000000004,0.0524014967074449
passive_kde,1.4909999999999997,0.0519142668056379
passive_kde,1.4939999999999998,0.0514089184344467
passive_kde,1.497,0.0509640029504091
passive_kde,1.5,0.0506449824011709
passive_kde,1.503,0.0504810454219836
passive_kde,1.5060000000000002,0.0504530298662521
passive_kde,1.5090000000000003,0.0505003094537766
passive_kde,1.5120000000000005,0.0505469466063846
passive_kde,1.5149999999999997,0.0505359672343142
passive_kde,1.5179999999999998,0.0504534373272164
passive_kde,1.521,0.0503283009001067
passive_kde,1.524,0.0502086659234951
passive_kde,1.527,0.0501304799906605
passive_kde,1.5300000000000002,0.050098818653281
passive_kde,1.5330000000000004,0.0500918269430039
passive_kde,1.5360000000000005,0.0500806546160615
passive_kde,1.5389999999999997,0.0500485781656816
passive_kde,1.5419999999999998,0.0499961788466521
passive_kde,1.545,0.0499325251937924
passive_kde,1.548,0.0498630730614966
passive_kde,1.5510000000000002,0.0497849839958667
passive_kde,1.5540000000000005,0.0496916018902958
passive_kde,1.5570000000000004,0.049579308015156
passive_kde,1.5600000000000005,0.0494494029889957
passive_kde,1.5629999999999995,0.049303978850727
passive_kde,1.5659999999999998,0.0491407366880825
passive_kde,1.569,0.0489520875156287
passive_kde,1.572,0.0487298336713619
passive_kde,1.5750000000000002,0.0484728506098607
passive_kde,1.5780000000000003,0.0481938750053973
passive_kde,1.5810000000000004,0.0479218173561688
passive_kde,1.5840000000000003,0.0476969260741779
passive_kde,1.5869999999999995,0.0475584936403491
passive_kde,1.59,0.0475292117616406
passive_kde,1.593,0.0476042807362424
passive_kde,1.596,0.0477526004669748
passive_kde,1.5990000000000002,0.0479303543980837
passive_kde,1.6020000000000003,0.0480985567915256
passive_kde,1.6050000000000004,0.048233159735614
passive_kde,1.6080000000000003,0.0483224206130817
passive_kde,1.6109999999999998,0.0483564931577159
passive_kde,1.614,0.0483196561466624
passive_kde,1.617,0.0481920094437477
passive_kde,1.62,0.0479592744822287
passive_kde,1.6230000000000002,0.0476241528298946
passive_kde,1.6260000000000003,0.0472131457168686
passive_kde,1.6290000000000004,0.0467754165207319
passive_kde,1.6319999999999997,0.0463721282322783
passive_kde,1.6349999999999998,0.0460571837414744
passive_kde,1.638,0.0458555939129342
passive_kde,1.641,0.0457508519222658
passive_kde,1.644,0.0456911607516342
passive_kde,1.6470000000000002,0.0456140090533862
passive_kde,1.6500000000000004,0.0454761971600878
passive_kde,1.6530000000000005,0.0452722584708163
passive_kde,1.6559999999999997,0.0450320132057124
passive_kde,1.6589999999999998,0.0448012096379013
passive_kde,1.662,0.0446178022146279
passive_kde,1.665,0.0444960092056034
passive_kde,1.668,0.0444239839298199
passive_kde,1.6710000000000005,0.0443739238256681
passive_kde,1.6740000000000004,0.0443186068734506
passive_kde,1.6770000000000005,0.0442465092426868
passive_kde,1.6799999999999995,0.0441688905069145
passive_kde,1.6829999999999998,0.0441156779704899
passive_kde,1.686,0.0441212352448709
passive_kde,1.689,0.0442054178285706
passive_kde,1.6920000000000002,0.0443588827425003
passive_kde,1.6950000000000005,0.0445416987211873
passive_kde,1.6980000000000004,0.0446980450909848
passive_kde,1.7010000000000003,0.0447793704188153
passive_kde,1.7039999999999995,0.0447619809177548
passive_kde,1.707,0.0446494346725732
passive_kde,1.71,0.0444623519377614
passive_kde,1.713,0.044227086132092
passive_kde,1.7160000000000002,0.0439720116690945
passive_kde,1.7190000000000003,0.0437296280849427
passive_kde,1.7220000000000004,0.0435356300288246
passive_kde,1.7250000000000003,0.0434195952516382
passive_kde,1.7279999999999998,0.0433919906967165
passive_kde,1.731,0.0434384815085754
passive_kde,1.734,0.0435285190582463
passive_kde,1.737,0.0436338607544986
passive_kde,1.7400000000000002,0.0437438141681802
passive_kde,1.7430000000000003,0.0438658051435205
passive_kde,1.7460000000000004,0.0440115514675472
passive_kde,1.7489999999999997,0.0441808675127732
passive_kde,1.7519999999999998,0.0443565626946373
passive_kde,1.755,0.0445139280699554
passive_kde,1.758,0.0446363410635737
passive_kde,1.761,0.0447251406235836
passive_kde,1.7640000000000002,0.0447985798375076
passive_kde,1.7670000000000003,0.0448834455265426
passive_kde,1.7700000000000005,0.0450059089578098
passive_kde,1.7729999999999997,0.0451849267641787
passive_kde,1.7759999999999998,0.0454273248181643
passive_kde,1.779,0.0457228559121857
passive_kde,1.782,0.0460401575872671
passive_kde,1.785,0.046328002969912
passive_kde,1.7880000000000005,0.0465269065781626
passive_kde,1.7910000000000004,0.046591111155284
passive_kde,1.7940000000000005,0.0465115895459167
passive_kde,1.7969999999999997,0.046324610415619
passive_kde,1.7999999999999998,0.0460961199530954
passive_kde,1.803,0.0458887353412781
passive_kde,1.806,0.04573255944574
passive_kde,1.809,0.0456195541496729
passive_kde,1.8120000000000005,0.0455235978922819
passive_kde,1.8150000000000004,0.0454291561541987
passive_kde,1.8180000000000005,0.0453466216258343
passive_kde,1.8209999999999995,0.0453049257835007
passive_kde,1.824,0.0453305893896542
passive_kde,1.827,0.0454316776903766
passive_kde,1.83,0.0455985668047141
passive_kde,1.833,0.0458177988063407
passive_kde,1.8360000000000003,0.0460844995820549
passive_kde,1.8390000000000004,0.0464018225062974
passive_kde,1.8420000000000003,0.0467690528523192
passive_kde,1.845,0.0471708713866336
passive_kde,1.848,0.0475791350406642
passive_kde,1.851,0.0479670835541261
passive_kde,1.854,0.0483248809930027
passive_kde,1.857,0.0486643747487363
passive_kde,1.8600000000000003,0.0490100046762141
passive_kde,1.8630000000000004,0.0493834856569498
passive_kde,1.8659999999999997,0.0497932965513148
passive_kde,1.869,0.0502343245475763
passive_kde,1.872,0.0506943547172322
passive_kde,1.875,0.051160279701854
passive_kde,1.878,0.0516201112795604
passive_kde,1.881,0.0520623748171114
passive_kde,1.8840000000000003,0.0524764123444659
passive_kde,1.8870000000000005,0.0528545989438733
passive_kde,1.8899999999999997,0.0531943834278304
passive_kde,1.893,0.0534981451364927
passive_kde,1.896,0.0537719177679564
passive_kde,1.899,0.0540263693020494
passive_kde,1.902,0.0542814954512096
passive_kde,1.905,0.0545710143207648
passive_kde,1.9080000000000004,0.054939092414002
passive_kde,1.9110000000000005,0.0554260258709757
passive_kde,1.9139999999999997,0.0560489078236955
passive_kde,1.917,0.0567895743901973
passive_kde,1.92,0.0575988294666686
passive_kde,1.923,0.0584156320895531
passive_kde,1.926,0.0591909281190796
passive_kde,1.9290000000000005,0.0599040011136983
passive_kde,1.9320000000000004,0.0605642435267326
passive_kde,1.9350000000000005,0.0611990412168525
passive_kde,1.9379999999999995,0.0618349622423534
passive_kde,1.941,0.0624821098514095
passive_kde,1.944,0.0631294452369087
passive_kde,1.947,0.0637529196344005
passive_kde,1.95,0.0643310288222118
passive_kde,1.9530000000000003,0.0648579680319493
passive_kde,1.9560000000000004,0.065346368503471
passive_kde,1.9590000000000003,0.0658192824845649
passive_kde,1.9619999999999995,0.0662993090407504
passive_kde,1.965,0.0668047374576917
passive_kde,1.968,0.0673559985139188
passive_kde,1.971,0.0679853793217285
passive_kde,1.974,0.068737718641299
passive_kde,1.9770000000000003,0.0696555325987901
passive_kde,1.9800000000000004,0.0707555379436012
passive_kde,1.9830000000000003,0.0720133118116809
passive_kde,1.986,0.0733687570209923
passive_kde,1.989,0.074749412514393
passive_kde,1.992,0.0760953690000091
passive_kde,1.995,0.0773704165536203
passive_kde,1.998,0.0785570207407553
passive_kde,2.0010000000000003,0.0796453342959655
passive_kde,2.0040000000000004,0.0806288716072577
passive_kde,2.0069999999999997,0.0815118195590563
passive_kde,2.01,0.0823220100882975
passive_kde,2.013,0.0831167903070382
passive_kde,2.016,0.0839714796824835
passive_kde,2.019,0.0849518979666
passive_kde,2.022,0.0860860381550865
passive_kde,2.0250000000000004,0.0873536574422137
passive_kde,2.0280000000000005,0.0887012906791179
passive_kde,2.0309999999999997,0.0900723031307142
passive_kde,2.034,0.0914318545134981
passive_kde,2.037,0.092772236029765
passive_kde,2.04,0.0940991857373771
passive_kde,2.043,0.0954128510321944
passive_kde,2.0460000000000003,0.0966999062249865
passive_kde,2.0490000000000004,0.0979446227031845
passive_kde,2.0520000000000005,0.0991514137544511
passive_kde,2.0549999999999997,0.1003596775242921
passive_kde,2.058,0.1016341555350864
passive_kde,2.061,0.1030319412268328
passive_kde,2.064,0.1045677867774921
passive_kde,2.067,0.1062039044721304
passive_kde,2.0700000000000003,0.1078727457011319
passive_kde,2.0730000000000004,0.1095158317719744
passive_kde,2.0760000000000005,0.1111114036147102
passive_kde,2.0789999999999997,0.112676729890168
passive_kde,2.082,0.1142527672173428
passive_kde,2.085,0.1158880526480832
passive_kde,2.088,0.1176296132018092
passive_kde,2.091,0.1195155289805985
passive_kde,2.0940000000000003,0.1215628084252105
passive_kde,2.0970000000000004,0.1237554911450739
passive_kde,2.1000000000000005,0.126046632129399
passive_kde,2.103,0.1283816888843719
passive_kde,2.106,0.130733140182187
passive_kde,2.109,0.1331224640926137
passive_kde,2.112,0.1356092387993364
passive_kde,2.115,0.1382480134376108
passive_kde,2.1180000000000003,0.1410381100688554
passive_kde,2.1210000000000004,0.1439016100939124
passive_kde,2.1239999999999997,0.1467103042008206
passive_kde,2.127,0.149350145591589
passive_kde,2.13,0.1517839248238218
passive_kde,2.133,0.1540717732328831
passive_kde,2.136,0.1563375846815327
passive_kde,2.139,0.1587059187959767
passive_kde,2.1420000000000003,0.1612501584878271
passive_kde,2.1450000000000005,0.163978816016745
passive_kde,2.1479999999999997,0.1668582544018
passive_kde,2.151,0.169849918780015
passive_kde,2.154,0.1729389964888948
passive_kde,2.157,0.1761434994808375
passive_kde,2.16,0.179506169734563
passive_kde,2.1630000000000003,0.1830776711182806
passive_kde,2.1660000000000004,0.1868969980014392
passive_kde,2.1690000000000005,0.1909706928430405
passive_kde,2.1719999999999997,0.1952548418099488
passive_kde,2.175,0.1996514893855623
passive_kde,2.178,0.2040311620473786
passive_kde,2.181,0.208277622756916
passive_kde,2.184,0.2123314420786383
passive_kde,2.1870000000000003,0.2162065587053129
passive_kde,2.1900000000000004,0.2199738993657639
passive_kde,2.1930000000000005,0.223729597140986
passive_kde,2.1959999999999997,0.2275700055497413
passive_kde,2.199,0.2315798168975144
passive_kde,2.202,0.2358227382813314
passive_kde,2.205,0.240324998348506
passive_kde,2.208,0.2450581343663053
passive_kde,2.2110000000000003,0.2499392350885159
passive_kde,2.2140000000000004,0.2548591355972266
passive_kde,2.2170000000000005,0.2597280591284567
passive_kde,2.22,0.2645136451519196
passive_kde,2.223,0.2692507296693887
passive_kde,2.226,0.2740204387469723
passive_kde,2.229,0.278913582495068
passive_kde,2.232,0.2839998356880895
passive_kde,2.2350000000000003,0.289318322070509
passive_kde,2.2380000000000004,0.2948907209433173
passive_kde,2.2410000000000005,0.300741902127469
passive_kde,2.244,0.306905991626932
passive_kde,2.247,0.3134063707779959
passive_kde,2.25,0.3202218586578648
passive_kde,2.253,0.3272682817687274
passive_kde,2.256,0.3344167836532513
passive_kde,2.2590000000000003,0.3415424430221604
passive_kde,2.2620000000000005,0.3485742366842468
passive_kde,2.2649999999999997,0.3555190871609038
passive_kde,2.268,0.3624526553333604
passive_kde,2.271,0.3694875680246682
passive_kde,2.274,0.3767351943326113
passive_kde,2.277,0.3842744931961082
passive_kde,2.28,0.3921373565532778
passive_kde,2.2830000000000004,0.4003135565349766
passive_kde,2.2860000000000005,0.4087687241828269
passive_kde,2.2889999999999997,0.4174622097218237
passive_kde,2.292,0.4263559462236332
passive_kde,2.295,0.4354170410294423
passive_kde,2.298,0.4446224866909902
passive_kde,2.301,0.4539677793837889
passive_kde,2.3040000000000003,0.4634722023306865
passive_kde,2.3070000000000004,0.4731752367488879
passive_kde,2.3100000000000005,0.4831288681474046
passive_kde,2.3129999999999997,0.4933941101784773
passive_kde,2.316,0.5040400679083471
passive_kde,2.319,0.5151339419675718
passive_kde,2.322,0.5267177295714222
passive_kde,2.325,0.5387871826859644
passive_kde,2.3280000000000003,0.5512957383316961
passive_kde,2.3310000000000004,0.5641867839272341
passive_kde,2.3340000000000005,0.577430147633116
passive_kde,2.3369999999999997,0.5910336726117466
passive_kde,2.34,0.6050241016214486
passive_kde,2.343,0.6194187367205667
passive_kde,2.346,0.6342152356957806
passive_kde,2.349,0.6494102616428898
passive_kde,2.3520000000000003,0.6650349544823938
passive_kde,2.3550000000000004,0.6811810892395271
passive_kde,2.3580000000000005,0.6979928229887022
passive_kde,2.361,0.7156171014107614
passive_kde,2.364,0.73413613805631
passive_kde,2.367,0.753528837110772
passive_kde,2.37,0.7736988792903274
passive_kde,2.373,0.7945600986840717
passive_kde,2.3760000000000003,0.8161182273756219
passive_kde,2.3790000000000004,0.8384817776497853
passive_kde,2.3819999999999997,0.8617888569124252
passive_kde,2.385,0.8861081921756592
passive_kde,2.388,0.9113976296539756
passive_kde,2.391,0.937558175128965
passive_kde,2.394,0.9645445907143702
passive_kde,2.397,0.992448433228408
passive_kde,2.4000000000000004,1.0214902159338033
passive_kde,2.4030000000000005,1.0519234147302376
passive_kde,2.4059999999999997,1.0839086364240398
passive_kde,2.409,1.1174142411274213
passive_kde,2.412,1.1521366570761131
passive_kde,2.415,1.1873564018685352
passive_kde,2.418,1.221628578716645
passive_kde,2.4210000000000003,1.2523077186599796
passive_kde,2.4240000000000004,1.2751146664166362
passive_kde,2.4270000000000005,1.2841449332040609
passive_kde,2.4299999999999997,1.2726927596450384
passive_kde,2.433,1.2349020993823248
passive_kde,2.436,1.1677070313016196
passive_kde,2.439,1.0721986631490676
passive_kde,2.442,0.9537731990951708
passive_kde,2.4450000000000003,0.8210406680028451
passive_kde,2.4480000000000004,0.6840100897288156
passive_kde,2.4510000000000005,0.5521809572537647
passive_kde,2.4539999999999997,0.4329934763466852
passive_kde,2.457,0.3309200180182435
passive_kde,2.46,0.247363118015559
passive_kde,2.463,0.1813107868304182
passive_kde,2.466,0.130403185137101
passive_kde,2.4690000000000003,0.0919237512137958
passive_kde,2.4720000000000004,0.0633868245840279
passive_kde,2.4750000000000005,0.0427069898908241
passive_kde,2.478,0.0281440948829924
passive_kde,2.481,0.0182190578314881
passive_kde,2.484,0.0116813009777061
passive_kde,2.487,0.0075129887493276
passive_kde,2.49,0.0049306102505009
passive_kde,2.4930000000000003,0.0033647422604285
passive_kde,2.4960000000000004,0.0024224163952392
passive_kde,2.499000000000001,0.0018448797410925
passive_kde,2.502,0.0014699706790854
passive_kde,2.505,0.0012021594135823
passive_kde,2.508,0.0009898538168498
passive_kde,2.511,0.0008089168437957
passive_kde,2.514,0.0006514115589719
passive_kde,2.5170000000000003,0.0005182321430417
passive_kde,2.5200000000000005,0.0004139472339629
passive_kde,2.5229999999999997,0.0003426310951341
passive_kde,2.526,0.0003045400305467
passive_kde,2.529,0.000294340435183
passive_kde,2.532,0.0003015793442565
passive_kde,2.535,0.0003133062146381
passive_kde,2.5380000000000003,0.0003177905695772
passive_kde,2.5410000000000004,0.0003077486129337
passive_kde,2.5440000000000005,0.0002817377977737
passive_kde,2.5469999999999997,0.0002433149289708
passive_kde,2.55,0.0001986576832007
passive_kde,2.553,0.0001539594309199
passive_kde,2.556,0.0001137064674562
passive_kde,2.559,8.020021906347336e-05
passive_kde,2.5620000000000003,5.3978027914923666e-05
passive_kde,2.5650000000000004,3.4525396038167476e-05
passive_kde,2.5680000000000005,2.0847814283527056e-05
passive_kde,2.5709999999999997,1.179046107874848e-05
passive_kde,2.574,6.195141317260716e-06
passive_kde,2.577,3.0021666905526508e-06
passive_kde,2.58,1.3334336933369962e-06
passive_kde,2.583,5.400746489385001e-07
passive_kde,2.5860000000000003,1.9866843923028438e-07
passive_kde,2.5890000000000004,6.616411366170605e-08
passive_kde,2.5920000000000005,1.990045544010554e-08
passive_kde,2.595,5.395293801298422e-09
passive_kde,2.598,1.316516063690887e-09
passive_kde,2.601,2.8879161916282784e-10
passive_kde,2.604,5.6896776647778365e-11
passive_kde,2.607,1.0060444162330772e-11
passive_kde,2.6100000000000003,1.5955875148987636e-12
passive_kde,2.6130000000000004,2.2688050189846559e-13
passive_kde,2.6160000000000005,2.8912549996029595e-14
passive_kde,2.619,3.301109324073239e-15
passive_kde,2.622,3.376095230091046e-16
passive_kde,2.625,3.0922023481519497e-17
passive_kde,2.628,2.536020892978507e-18
passive_kde,2.631,1.8621540306296413e-19
passive_kde,2.6340000000000003,1.224088178266566e-20
passive_kde,2.6370000000000005,7.202925223456853e-22
passive_kde,2.6399999999999997,3.793810716260718e-23
passive_kde,2.643,1.7885035071218004e-24
passive_kde,2.646,7.546272774098773e-26
passive_kde,2.649,2.849629950046356e-27
passive_kde,2.652,9.630420299353327e-29
passive_kde,2.655,2.9126793404817783e-30
passive_kde,2.6580000000000004,7.883562100798136e-32
passive_kde,2.6610000000000005,1.909536395451373e-33
passive_kde,2.6639999999999997,4.1390769551871474e-35
passive_kde,2.667,8.028689566725386e-37
passive_kde,2.67,1.393630836320033e-38
passive_kde,2.673,2.1647598574725622e-40
passive_kde,2.676,3.0090411692773907e-42
passive_kde,2.6790000000000003,3.742837159146037e-44
passive_kde,2.6820000000000004,4.1660691373959405e-46
passive_kde,2.6850000000000005,4.1495727972825445e-48
passive_kde,2.6879999999999997,3.698542033469397e-50
passive_kde,2.691,2.949898456057388e-52
passive_kde,2.694,2.1053880640695943e-54
passive_kde,2.697,1.3446374661938317e-56
passive_kde,2.7,7.684678642637475e-59
passive_kde,2.7030000000000003,3.9300062900517774e-61
passive_kde,2.7060000000000004,1.7984876763346952e-63
passive_kde,2.7090000000000005,7.36492093649842e-66
passive_kde,2.7119999999999997,2.698825963037318e-68
passive_kde,2.715,8.849681583965512e-71
passive_kde,2.718,2.5967265967566443e-73
passive_kde,2.721,6.818211871633436e-76
passive_kde,2.724,1.6019919738021077e-78
passive_kde,2.7270000000000003,3.3681829042541803e-81
passive_kde,2.7300000000000004,6.336893569323518e-84
passive_kde,2.7330000000000005,1.0668479150674053e-86
passive_kde,2.736,1.60721477625158e-89
passive_kde,2.739,2.1666590885347604e-92
passive_kde,2.742,2.6136803810694824e-95
passive_kde,2.745,2.8213669425398084e-98
passive_kde,2.748,2.725284500740499e-101
passive_kde,2.7510000000000003,2.3556419362450425e-104
passive_kde,2.7540000000000004,1.8220145905078317e-107
passive_kde,2.757000000000001,1.2610710412588102e-110
passive_kde,2.76,7.810383766100758e-114
passive_kde,2.763,4.3286283935147834e-117
passive_kde,2.766,2.146709786504581e-120
passive_kde,2.769,9.52667751899301e-124
passive_kde,2.772,3.783159778083011e-127
passive_kde,2.7750000000000004,1.3443519754188308e-130
passive_kde,2.7780000000000005,4.27480569199084e-134
passive_kde,2.7809999999999997,1.2163676148989273e-137
passive_kde,2.784,3.097122595650498e-141
passive_kde,2.787,7.056624704433339e-145
passive_kde,2.79,1.4387347039628155e-148
passive_kde,2.793,2.624880226506137e-152
passive_kde,2.7960000000000003,4.285320765102458e-156
passive_kde,2.7990000000000004,6.260402418536393e-160
passive_kde,2.8020000000000005,8.184011599572459e-164
passive_kde,2.8049999999999997,9.57360030368799e-168
passive_kde,2.808,1.0021423525465779e-171
passive_kde,2.811,9.38703874577656e-176
passive_kde,2.814,7.868154384054913e-180
passive_kde,2.817,5.901497172458482e-184
passive_kde,2.8200000000000003,3.960924843692329e-188
passive_kde,2.8230000000000004,2.3788993542050955e-192
passive_kde,2.8260000000000005,1.2784996177092825e-196
passive_kde,2.8289999999999997,6.1485145358906274e-201
passive_kde,2.832,2.6459697395791503e-205
passive_kde,2.835,1.0189306104983232e-209
passive_kde,2.838,3.5111502392250302e-214
passive_kde,2.841,1.0826779293741967e-218
passive_kde,2.8440000000000003,2.9874058115347867e-223
passive_kde,2.8470000000000004,7.376226200912067e-228
passive_kde,2.8500000000000005,1.6297436529631684e-232
passive_kde,2.853,3.222177326325908e-237
passive_kde,2.856,5.700653485915778e-242
passive_kde,2.859,9.024952319249002e-247
passive_kde,2.862,1.2785280363480848e-251
passive_kde,2.865,1.620767287911519e-256
passive_kde,2.8680000000000003,1.8385529262427228e-261
passive_kde,2.8710000000000004,1.866279462811642e-266
passive_kde,2.874000000000001,1.6952052333856762e-271
passive_kde,2.877,1.3778849571649386e-276
passive_kde,2.88,1.0021868503610476e-281
passive_kde,2.883,6.522731598101296e-287
passive_kde,2.886,3.7988783214115904e-292
passive_kde,2.889,1.979822817377309e-297
passive_kde,2.8920000000000003,9.23298933587012e-303
passive_kde,2.8950000000000005,3.853039041594573e-308
passive_kde,2.8979999999999997,1.43883022437e-313
passive_kde,2.901,4.80795e-319
passive_kde,2.904,0.0
passive_kde,2.907,0.0
passive_kde,2.91,0.0
passive_kde,2.9130000000000003,0.0
passive_kde,2.9160000000000004,0.0
passive_kde,2.9190000000000005,0.0
passive_kde,2.9219999999999997,0.0
passive_kde,2.925,0.0
passive_kde,2.928,0.0
passive_kde,2.931,0.0
passive_kde,2.934,0.0
passive_kde,2.9370000000000003,0.0
passive_kde,2.9400000000000004,0.0
passive_kde,2.9430000000000005,0.0
passive_kde,2.9459999999999997,0.0
passive_kde,2.949,0.0
passive_kde,2.952,0.0
passive_kde,2.955,0.0
passive_kde,2.958,0.0
passive_kde,2.9610000000000003,0.0
passive_kde,2.9640000000000004,0.0
passive_kde,2.9670000000000005,0.0
passive_kde,2.97,0.0
passive_kde,2.973,0.0
passive_kde,2.976,0.0
passive_kde,2.979,0.0
passive_kde,2.982,0.0
passive_kde,2.9850000000000003,0.0
passive_kde,2.9880000000000004,0.0
passive_kde,2.9910000000000005,0.0
passive_kde,2.994,0.0
passive_kde,2.997,0.0
passive_kde,3.0,0.0
swimmer_hist,-2.9850000000000003,3.3332500020833026e-05
swimmer_hist,-2.955,0.0
swimmer_hist,-2.9250000000000007,0.0
swimmer_hist,-2.8950000000000005,0.0
swimmer_hist,-2.865000000000001,0.0
swimmer_hist,-2.835000000000001,0.0
swimmer_hist,-2.8050000000000015,3.3332500020833026e-05
swimmer_hist,-2.7750000000000012,0.0
swimmer_hist,-2.745000000000002,0.0
swimmer_hist,-2.7150000000000016,0.0
swimmer_hist,-2.6850000000000023,0.0
swimmer_hist,-2.655000000000002,3.3332500020833026e-05
swimmer_hist,-2.6250000000000027,0.0
swimmer_hist,-2.5950000000000024,0.0
swimmer_hist,-2.565000000000003,0.0
swimmer_hist,-2.535000000000003,0.0
swimmer_hist,-2.505000000000003,0.0
swimmer_hist,-2.475000000000003,0.0
swimmer_hist,-2.445000000000004,0.0
swimmer_hist,-2.4150000000000036,0.0
swimmer_hist,-2.385000000000004,0.0
swimmer_hist,-2.355000000000004,9.99975000624991e-05
swimmer_hist,-2.3250000000000046,0.0004666550002916
swimmer_hist,-2.2950000000000044,0.0033332500020833
swimmer_hist,-2.265000000000005,0.0091331050057082
swimmer_hist,-2.2350000000000048,0.0275659775172289
swimmer_hist,-2.2050000000000054,4.68238294042652
swimmer_hist,-2.175000000000005,1.804088231127567
swimmer_hist,-2.145000000000006,0.6492837679058066
swimmer_hist,-2.1150000000000055,0.4009899752506213
swimmer_hist,-2.085000000000006,0.3047257151904555
swimmer_hist,-2.055000000000006,0.2668599951667892
swimmer_hist,-2.0250000000000066,0.2338941526461853
swimmer_hist,-1.9950000000000063,0.2115613776322272
swimmer_hist,-1.9650000000000067,0.2017949551261231
swimmer_hist,-1.935000000000007,0.1916952076198107
swimmer_hist,-1.9050000000000071,0.18206211511379
swimmer_hist,-1.875000000000007,0.1717957051073734
swimmer_hist,-1.8450000000000075,0.1639292351024568
swimmer_hist,-1.8150000000000075,0.1604293226002693
swimmer_hist,-1.785000000000008,0.153896152596186
swimmer_hist,-1.755000000000008,0.1550294575968944
swimmer_hist,-1.7250000000000083,0.145329700090832
swimmer_hist,-1.6950000000000085,0.1432630850895403
swimmer_hist,-1.6650000000000087,0.1422964425889362
swimmer_hist,-1.635000000000009,0.1390631900869154
swimmer_hist,-1.605000000000009,0.1358632700849154
swimmer_hist,-1.5750000000000093,0.1346633000841654
swimmer_hist,-1.5450000000000097,0.1317967050823738
swimmer_hist,-1.5150000000000097,0.1274968125796863
swimmer_hist,-1.48500000000001,0.1263968400789988
swimmer_hist,-1.45500000000001,0.1262301775788946
swimmer_hist,-1.4250000000000105,0.123163587576978
swimmer_hist,-1.3950000000000105,0.1193970150746239
swimmer_hist,-1.3650000000000106,0.1223302750764572
swimmer_hist,-1.3350000000000108,0.1211303050757072
swimmer_hist,-1.305000000000011,0.1251968700782488
swimmer_hist,-1.2750000000000112,0.119763672574853
swimmer_hist,-1.2450000000000114,0.1160970975725614
swimmer_hist,-1.2150000000000116,0.123563577577228
swimmer_hist,-1.1850000000000118,0.1227969300767488
swimmer_hist,-1.155000000000012,0.1195303450747072
swimmer_hist,-1.1250000000000122,0.119363682574603
swimmer_hist,-1.0950000000000124,0.1161970950726239
swimmer_hist,-1.0650000000000126,0.1127305150704573
swimmer_hist,-1.0350000000000128,0.1141971450713739
swimmer_hist,-1.005000000000013,0.1161970950726239
swimmer_hist,-0.9750000000000132,0.1151304550719572
swimmer_hist,-0.9450000000000134,0.1110638900694156
swimmer_hist,-0.9150000000000136,0.1130305075706448
swimmer_hist,-0.8850000000000138,0.1143304750714573
swimmer_hist,-0.855000000000014,0.1088306125680198
swimmer_hist,-0.8250000000000142,0.1107972300692489
swimmer_hist,-0.7950000000000144,0.1150971225719364
swimmer_hist,-0.7650000000000146,0.1084306225677698
swimmer_hist,-0.7350000000000148,0.1114305475696448
swimmer_hist,-0.705000000000015,0.1108972275693115
swimmer_hist,-0.6750000000000151,0.1105639025691031
swimmer_hist,-0.6450000000000153,0.1063306750664573
swimmer_hist,-0.6150000000000155,0.108597285067874
swimmer_hist,-0.5850000000000157,0.1091306050682073
swimmer_hist,-0.5550000000000159,0.107397315067124
swimmer_hist,-0.5250000000000161,0.1072639850670407
swimmer_hist,-0.4950000000000163,0.107397315067124
swimmer_hist,-0.4650000000000165,0.1046640500654157
swimmer_hist,-0.4350000000000167,0.1046307175653948
swimmer_hist,-0.4050000000000169,0.1056306925660198
swimmer_hist,-0.3750000000000171,0.1034974125646865
swimmer_hist,-0.3450000000000173,0.1057306900660823
swimmer_hist,-0.3150000000000175,0.108197295067624
swimmer_hist,-0.2850000000000177,0.1037640725648532
swimmer_hist,-0.2550000000000179,0.108197295067624
swimmer_hist,-0.225000000000018,0.105597360065999
swimmer_hist,-0.1950000000000182,0.1046307175653948
swimmer_hist,-0.1650000000000184,0.1050973725656865
swimmer_hist,-0.1350000000000186,0.105197370065749
swimmer_hist,-0.1050000000000188,0.1031307550644573
swimmer_hist,-0.075000000000019,0.1037307400648323
swimmer_hist,-0.0450000000000192,0.1066640000666657
swimmer_hist,-0.0150000000000194,0.1042640600651657
swimmer_hist,0.0149999999999803,0.0996641750622907
swimmer_hist,0.0449999999999801,0.1032640850645407
swimmer_hist,0.0749999999999799,0.1044640550652907
swimmer_hist,0.1049999999999797,0.1048973775655615
swimmer_hist,0.1349999999999795,0.1034974125646865
swimmer_hist,0.1649999999999793,0.1055306950659573
swimmer_hist,0.1949999999999792,0.1049640425656032
swimmer_hist,0.224999999999979,0.0990308575618949
swimmer_hist,0.2549999999999788,0.1064306725665198
swimmer_hist,0.2849999999999786,0.1027307650642073
swimmer_hist,0.3149999999999784,0.1081306300675823
swimmer_hist,0.3449999999999782,0.104397390065249
swimmer_hist,0.374999999999978,0.103797405064874
swimmer_hist,0.4049999999999778,0.1062306775663948
swimmer_hist,0.4349999999999776,0.102397440063999
swimmer_hist,0.4649999999999774,0.1041307300650823
swimmer_hist,0.4949999999999772,0.1082639600676656
swimmer_hist,0.524999999999977,0.1038307375648948
swimmer_hist,0.5549999999999768,0.1083306250677073
swimmer_hist,0.5849999999999766,0.1049307100655823
swimmer_hist,0.6149999999999765,0.1066640000666657
swimmer_hist,0.6449999999999763,0.1082972925676865
swimmer_hist,0.6749999999999761,0.1086972825679365
swimmer_hist,0.7049999999999759,0.1106305675691448
swimmer_hist,0.7349999999999757,0.1094305975683948
swimmer_hist,0.7649999999999755,0.1152971175720614
swimmer_hist,0.7949999999999753,0.1109305600693323
swimmer_hist,0.8249999999999751,0.1157971050723739
swimmer_hist,0.8549999999999749,0.1099639175687281
swimmer_hist,0.8849999999999747,0.1116638750697906
swimmer_hist,0.9149999999999744,0.1088306125680198
swimmer_hist,0.9449999999999744,0.1119305350699573
swimmer_hist,0.974999999999974,0.1126638500704156
swimmer_hist,1.004999999999974,0.1133638325708531
swimmer_hist,1.0349999999999735,0.1146971325716864
swimmer_hist,1.0649999999999735,0.1171637375732281
swimmer_hist,1.094999999999973,0.1223969400764988
swimmer_hist,1.1249999999999731,0.1181303800738322
swimmer_hist,1.154999999999973,0.1204636550752905
swimmer_hist,1.1849999999999727,0.1213303000758322
swimmer_hist,1.2149999999999723,0.1209303100755822
swimmer_hist,1.2449999999999724,0.1176303925735197
swimmer_hist,1.2749999999999722,0.1158304375723947
swimmer_hist,1.304999999999972,0.1255968600784988
swimmer_hist,1.3349999999999718,0.1212303025757697
swimmer_hist,1.3649999999999716,0.1214302975758947
swimmer_hist,1.3949999999999714,0.1226969325766863
swimmer_hist,1.4249999999999712,0.1224302725765197
swimmer_hist,1.454999999999971,0.1260968475788113
swimmer_hist,1.4849999999999708,0.1295300950809571
swimmer_hist,1.5149999999999706,0.1283301250802071
swimmer_hist,1.5449999999999704,0.1300634150812905
swimmer_hist,1.5749999999999702,0.1333633325833529
swimmer_hist,1.60499999999997,0.1309300600818321
swimmer_hist,1.6349999999999698,0.1354966125846862
swimmer_hist,1.6649999999999696,0.145929685091207
swimmer_hist,1.6949999999999694,0.1408964775880612
swimmer_hist,1.7249999999999692,0.1522295275951444
swimmer_hist,1.754999999999969,0.154096147596311
swimmer_hist,1.7849999999999688,0.1535961600959985
swimmer_hist,1.8149999999999689,0.1639959001024985
swimmer_hist,1.8449999999999684,0.1674958126046859
swimmer_hist,1.874999999999968,0.1736289926085192
swimmer_hist,1.904999999999968,0.17846220511154
swimmer_hist,1.934999999999968,0.1929951751206232
swimmer_hist,1.9649999999999677,0.198828362624269
swimmer_hist,1.9949999999999677,0.2158946026349355
swimmer_hist,2.0249999999999675,0.2295275951434562
swimmer_hist,2.054999999999967,0.2601934951626226
swimmer_hist,2.084999999999967,0.3069256601918305
swimmer_hist,2.1149999999999665,0.4060565152537879
swimmer_hist,2.1449999999999667,0.6543169754089523
swimmer_hist,2.174999999999966,1.812054698632546
swimmer_hist,2.2049999999999663,4.671283217919583
swimmer_hist,2.2349999999999657,0.0255993600159997
swimmer_hist,2.264999999999966,0.009366432505854
swimmer_hist,2.2949999999999653,0.0030665900019166
swimmer_hist,2.3249999999999655,0.0003999900002499
swimmer_hist,2.354999999999965,6.666500004166605e-05
swimmer_hist,2.384999999999965,0.0
swimmer_hist,2.4149999999999645,0.0
swimmer_hist,2.4449999999999648,0.0
swimmer_hist,2.474999999999964,0.0
swimmer_hist,2.5049999999999644,0.0
swimmer_hist,2.5349999999999637,0.0
swimmer_hist,2.564999999999964,0.0
swimmer_hist,2.5949999999999633,0.0
swimmer_hist,2.6249999999999636,0.0
swimmer_hist,2.654999999999963,0.0
swimmer_hist,2.684999999999963,0.0
swimmer_hist,2.7149999999999626,0.0
swimmer_hist,2.744999999999963,0.0
swimmer_hist,2.774999999999962,3.3332500020833026e-05
swimmer_hist,2.8049999999999624,0.0
swimmer_hist,2.8349999999999618,3.3332500020833026e-05
swimmer_hist,2.864999999999962,0.0
swimmer_hist,2.8949999999999614,0.0
swimmer_hist,2.9249999999999616,0.0
swimmer_hist,2.954999999999961,0.0
swimmer_hist,2.9849999999999612,0.0
swimmer_kde,-3.0,3.8736049323136e-05
swimmer_kde,-2.997,4.356653099088267e-05
swimmer_kde,-2.994,4.3846582160533694e-05
swimmer_kde,-2.991,3.9487862094981695e-05
swimmer_kde,-2.988,3.182266939651788e-05
swimmer_kde,-2.985,2.2948521087385387e-05
swimmer_kde,-2.982,1.4808733196427648e-05
swimmer_kde,-2.979,8.551183473113236e-06
swimmer_kde,-2.976,4.418548749178358e-06
swimmer_kde,-2.973,2.043046197997079e-06
swimmer_kde,-2.97,8.453213414551494e-07
swimmer_kde,-2.967,3.129756788449812e-07
swimmer_kde,-2.964,1.036918103217175e-07
swimmer_kde,-2.961,3.07413852508078e-08
swimmer_kde,-2.958,8.155442319232907e-09
swimmer_kde,-2.955,1.9360506614251852e-09
swimmer_kde,-2.952,4.1127378179238557e-10
swimmer_kde,-2.949,7.817905957124779e-11
swimmer_kde,-2.946,1.3298264579662804e-11
swimmer_kde,-2.943,2.0241589209544207e-12
swimmer_kde,-2.94,2.757016431997154e-13
swimmer_kde,-2.937,3.3603089782431805e-14
swimmer_kde,-2.934,3.6649173096009785e-15
swimmer_kde,-2.931,3.576796717277053e-16
swimmer_kde,-2.928,3.1237009267472594e-17
swimmer_kde,-2.925,2.4411234615349413e-18
swimmer_kde,-2.922,1.707085027044821e-19
swimmer_kde,-2.919,1.068232216701142e-20
swimmer_kde,-2.916,5.981654165831412e-22
swimmer_kde,-2.913,2.997243585745662e-23
swimmer_kde,-2.91,1.3439038088179542e-24
swimmer_kde,-2.907,5.395371570302324e-26
swimmer_kde,-2.904,2.9717385656650076e-27
swimmer_kde,-2.901,2.950839867793973e-26
swimmer_kde,-2.898,7.490917741822101e-25
swimmer_kde,-2.895,1.7052333819302846e-23
swimmer_kde,-2.892,3.4735916981563123e-22
swimmer_kde,-2.889,6.3316780173156776e-21
swimmer_kde,-2.886,1.0327708832074921e-19
swimmer_kde,-2.883,1.507419952003183e-18
swimmer_kde,-2.88,1.968836459578179e-17
swimmer_kde,-2.877,2.3010716259227796e-16
swimmer_kde,-2.874,2.406554722087322e-15
swimmer_kde,-2.871,2.2521974155180542e-14
swimmer_kde,-2.868,1.8860894256763638e-13
swimmer_kde,-2.865,1.4133939070045837e-12
swimmer_kde,-2.862,9.47783752499538e-12
swimmer_kde,-2.859,5.687225052357117e-11
swimmer_kde,-2.856,3.0537724957875547e-10
swimmer_kde,-2.853,1.4672970835381543e-09
swimmer_kde,-2.85,6.3087677480559155e-09
swimmer_kde,-2.847,2.4272590825018544e-08
swimmer_kde,-2.844,8.356662068752728e-08
swimmer_kde,-2.841,2.574510431501051e-07
swimmer_kde,-2.838,7.097437577396587e-07
swimmer_kde,-2.835,1.750868854816039e-06
swimmer_kde,-2.832,3.865011258512171e-06
swimmer_kde,-2.829,7.6347183347537e-06
swimmer_kde,-2.826,1.3495232950012882e-05
swimmer_kde,-2.823,2.1345820935395505e-05
swimmer_kde,-2.82,3.021276330845463e-05
swimmer_kde,-2.817,3.8266006852599545e-05
swimmer_kde,-2.814,4.336915411704587e-05
swimmer_kde,-2.811,4.398391350622639e-05
swimmer_kde,-2.808,3.9916448657569737e-05
swimmer_kde,-2.805,3.2415672240566246e-05
swimmer_kde,-2.802,2.35560940540726e-05
swimmer_kde,-2.799,1.5317808544081178e-05
swimmer_kde,-2.796,8.913229817635392e-06
swimmer_kde,-2.793,4.641076018881375e-06
swimmer_kde,-2.79,2.1624564491488363e-06
swimmer_kde,-2.787,9.016150813612732e-07
swimmer_kde,-2.784,3.363876752572665e-07
swimmer_kde,-2.781,1.1230629333047347e-07
swimmer_kde,-2.778,3.3551598939323784e-08
swimmer_kde,-2.775,8.96948401278366e-09
swimmer_kde,-2.772,2.145689166977505e-09
swimmer_kde,-2.769,4.593156753911248e-10
swimmer_kde,-2.766,8.79834192778089e-11
swimmer_kde,-2.763,1.508118664007246e-11
swimmer_kde,-2.76,2.313211291839891e-12
swimmer_kde,-2.757,3.174974215790906e-13
swimmer_kde,-2.754,3.899511557952327e-14
swimmer_kde,-2.751,4.285735172146586e-15
swimmer_kde,-2.748,4.2148833634992163e-16
swimmer_kde,-2.745,3.709291884224161e-17
swimmer_kde,-2.742,2.9212597728685053e-18
swimmer_kde,-2.739,2.094558585365297e-19
swimmer_kde,-2.736,7.320331109303384e-20
swimmer_kde,-2.733,8.99129132706126e-19
swimmer_kde,-2.73,1.1992749029147201e-17
swimmer_kde,-2.727,1.4325565537137622e-16
swimmer_kde,-2.724,1.5312681364941837e-15
swimmer_kde,-2.721,1.464656659067103e-14
swimmer_kde,-2.718,1.2536188838629844e-13
swimmer_kde,-2.715,9.60152751171899e-13
swimmer_kde,-2.7119999999999997,6.5805204930991615e-12
swimmer_kde,-2.709,4.035759440603231e-11
swimmer_kde,-2.706,2.2148045492779218e-10
swimmer_kde,-2.703,1.0876537275027956e-09
swimmer_kde,-2.7,4.779594011824138e-09
swimmer_kde,-2.697,1.879474658013449e-08
swimmer_kde,-2.694,6.613434403791894e-08
swimmer_kde,-2.691,2.0823931977667618e-07
swimmer_kde,-2.688,5.86737076722879e-07
swimmer_kde,-2.685,1.4793449010966228e-06
swimmer_kde,-2.682,3.337647409425232e-06
swimmer_kde,-2.679,6.738396814347353e-06
swimmer_kde,-2.676,1.217356612619018e-05
swimmer_kde,-2.673,1.967995794667553e-05
swimmer_kde,-2.67,2.8469223579459625e-05
swimmer_kde,-2.667,3.685294425865748e-05
swimmer_kde,-2.664,4.2688792213862065e-05
swimmer_kde,-2.661,4.424871416899639e-05
swimmer_kde,-2.658,4.104238146029153e-05
swimmer_kde,-2.655,3.406509152965184e-05
swimmer_kde,-2.652,2.5300649952207565e-05
swimmer_kde,-2.649,1.6815078761850026e-05
swimmer_kde,-2.646,1.000025890446026e-05
swimmer_kde,-2.643,5.321924291682534e-06
swimmer_kde,-2.64,2.5343771854298853e-06
swimmer_kde,-2.637,1.0799879722486216e-06
swimmer_kde,-2.634,4.118240424904448e-07
swimmer_kde,-2.631,1.40523703150458e-07
swimmer_kde,-2.628,4.2907438117752657e-08
swimmer_kde,-2.625,1.1723591941864253e-08
swimmer_kde,-2.622,2.866380975903403e-09
swimmer_kde,-2.619,6.271222966743301e-10
swimmer_kde,-2.616,1.227766222622293e-10
swimmer_kde,-2.613,2.1509198654820107e-11
swimmer_kde,-2.61,3.3719248751286537e-12
swimmer_kde,-2.607,4.730169025263664e-13
swimmer_kde,-2.604,5.93773128716536e-14
swimmer_kde,-2.601,6.669749598556101e-15
swimmer_kde,-2.598,6.7041485626481e-16
swimmer_kde,-2.595,6.030076749494102e-17
swimmer_kde,-2.592,4.853412005426001e-18
swimmer_kde,-2.589,3.4955586273517826e-19
swimmer_kde,-2.586,2.252844058848837e-20
swimmer_kde,-2.583,1.2992441849136256e-21
swimmer_kde,-2.58,6.704949983226273e-23
swimmer_kde,-2.577,3.0963169728889334e-24
swimmer_kde,-2.574,1.279500307119951e-25
swimmer_kde,-2.571,4.731299991067913e-27
swimmer_kde,-2.568,1.5655454738415498e-28
swimmer_kde,-2.565,4.6354937339550985e-30
swimmer_kde,-2.562,1.228206580440163e-31
swimmer_kde,-2.559,2.912003895209568e-33
swimmer_kde,-2.556,6.178137836861002e-35
swimmer_kde,-2.553,1.1729198746438242e-36
swimmer_kde,-2.55,1.9926187258677793e-38
swimmer_kde,-2.547,3.029180688779342e-40
swimmer_kde,-2.544,4.1207025062316706e-42
swimmer_kde,-2.541,5.016056899119637e-44
swimmer_kde,-2.538,5.4638498577694175e-46
swimmer_kde,-2.535,5.3257425613231725e-48
swimmer_kde,-2.532,4.645224332057347e-50
swimmer_kde,-2.529,3.625586951549885e-52
swimmer_kde,-2.526,2.5321828800021017e-54
swimmer_kde,-2.523,1.5825481092562765e-56
swimmer_kde,-2.52,8.850420079449081e-59
swimmer_kde,-2.517,4.4291103202048996e-61
swimmer_kde,-2.514,2.128240743916642e-63
swimmer_kde,-2.511,3.410799307929377e-62
swimmer_kde,-2.508,7.184607795439522e-60
swimmer_kde,-2.505,1.354553876034131e-57
swimmer_kde,-2.502,2.2852547134169828e-55
swimmer_kde,-2.499,3.449991725885546e-53
swimmer_kde,-2.496,4.660651220746402e-51
swimmer_kde,-2.493,5.6340443867418615e-49
swimmer_kde,-2.49,6.094513377860507e-47
swimmer_kde,-2.487,5.899333051962372e-45
swimmer_kde,-2.484,5.1098941754217255e-43
swimmer_kde,-2.481,3.960645815968542e-41
swimmer_kde,-2.478,2.7470414847570267e-39
swimmer_kde,-2.475,1.7049417241715249e-37
swimmer_kde,-2.472,9.468887798921684e-36
swimmer_kde,-2.469,4.705800503160503e-34
swimmer_kde,-2.466,2.092729822858784e-32
swimmer_kde,-2.463,8.327946470585639e-31
swimmer_kde,-2.46,2.9655673854190206e-29
swimmer_kde,-2.457,9.449803518534482e-28
swimmer_kde,-2.4539999999999997,2.694529053896506e-26
swimmer_kde,-2.451,6.875243323220201e-25
swimmer_kde,-2.448,1.569778531839481e-23
swimmer_kde,-2.445,3.2072573430137226e-22
swimmer_kde,-2.442,5.8637350849553776e-21
swimmer_kde,-2.439,9.593122388417796e-20
swimmer_kde,-2.436,1.4043997405022799e-18
swimmer_kde,-2.433,1.8397830298742996e-17
swimmer_kde,-2.4299999999999997,2.1566893416431227e-16
swimmer_kde,-2.427,2.2623182355797816e-15
swimmer_kde,-2.424,2.1235619338696372e-14
swimmer_kde,-2.4210000000000003,1.7836979797229849e-13
swimmer_kde,-2.418,1.3406731321438534e-12
swimmer_kde,-2.415,9.017160018932336e-12
swimmer_kde,-2.412,5.4270286143592836e-11
swimmer_kde,-2.409,2.9228078907606335e-10
swimmer_kde,-2.406,1.4085912506262826e-09
swimmer_kde,-2.403,6.074600702037263e-09
swimmer_kde,-2.4,2.3442369863170428e-08
swimmer_kde,-2.397,8.095475924442337e-08
swimmer_kde,-2.394,2.5018003347987306e-07
swimmer_kde,-2.391,6.919221406963654e-07
swimmer_kde,-2.388,1.7128001846663822e-06
swimmer_kde,-2.385,3.7958028098093024e-06
swimmer_kde,-2.382,7.534526681702291e-06
swimmer_kde,-2.379,1.3408626334268803e-05
swimmer_kde,-2.376,2.1435576732977928e-05
swimmer_kde,-2.373,3.090254704219579e-05
swimmer_kde,-2.37,4.0480133377078146e-05
swimmer_kde,-2.367,4.886194099738949e-05
swimmer_kde,-2.364,5.565475513201031e-05
swimmer_kde,-2.361,6.187754903666404e-05
swimmer_kde,-2.358,6.954444355906334e-05
swimmer_kde,-2.355,8.048797910867175e-05
swimmer_kde,-2.352,9.531304939675885e-05
swimmer_kde,-2.349,0.0001134233559846
swimmer_kde,-2.346,0.0001342154345818
swimmer_kde,-2.343,0.000158458145006
swimmer_kde,-2.34,0.0001885960368059
swimmer_kde,-2.3369999999999997,0.0002276051215772
swimmer_kde,-2.334,0.0002773481138681
swimmer_kde,-2.331,0.0003379426958146
swimmer_kde,-2.328,0.000408976933555
swimmer_kde,-2.325,0.0004920599754677
swimmer_kde,-2.322,0.0005931993256411
swimmer_kde,-2.319,0.0007234518927222
swimmer_kde,-2.316,0.0008971070190296
swimmer_kde,-2.3129999999999997,0.0011278002142042
swimmer_kde,-2.31,0.0014238906505673
swimmer_kde,-2.307,0.0017848408260748
swimmer_kde,-2.304,0.0022000803703979
swimmer_kde,-2.301,0.0026509717603769
swimmer_kde,-2.298,0.0031154046605166
swimmer_kde,-2.295,0.0035737838084729
swimmer_kde,-2.292,0.0040148762552765
swimmer_kde,-2.289,0.0044397743782933
swimmer_kde,-2.286,0.0048621861558497
swimmer_kde,-2.283,0.0053042979372425
swimmer_kde,-2.28,0.0057897893434861
swimmer_kde,-2.277,0.0063374278040209
swimmer_kde,-2.274,0.0069580168580411
swimmer_kde,-2.271,0.0076550339957177
swimmer_kde,-2.268,0.0084278659737774
swimmer_kde,-2.265,0.0092770255854547
swimmer_kde,-2.262,0.0102107923423792
swimmer_kde,-2.259,0.0112507309076874
swimmer_kde,-2.256,0.0124320336369072
swimmer_kde,-2.253,0.0137975033469319
swimmer_kde,-2.25,0.015390960240301
swimmer_kde,-2.247,0.0172635073637639
swimmer_kde,-2.244,0.0195182150546431
swimmer_kde,-2.241,0.022457433031438
swimmer_kde,-2.238,0.0270011750583346
swimmer_kde,-2.235,0.0357417660093015
swimmer_kde,-2.232,0.0552208673695519
swimmer_kde,-2.229,0.0999554826294114
swimmer_kde,-2.226,0.1978022141254572
swimmer_kde,-2.223,0.3939430698378388
swimmer_kde,-2.22,0.7478125645633741
swimmer_kde,-2.217,1.3165732986230652
swimmer_kde,-2.214,2.1241932523905103
swimmer_kde,-2.211,3.1271624705156587
swimmer_kde,-2.208,4.198914247536782
swimmer_kde,-2.205,5.152733714980931
swimmer_kde,-2.202,5.80224170348511
swimmer_kde,-2.199,6.031557346278928
swimmer_kde,-2.1959999999999997,5.836445302924237
swimmer_kde,-2.193,5.314685675430743
swimmer_kde,-2.19,4.615941652035871
swimmer_kde,-2.187,3.883089041361749
swimmer_kde,-2.184,3.2141314639895766
swimmer_kde,-2.181,2.654155794821103
swimmer_kde,-2.178,2.2083968874341755
swimmer_kde,-2.175,1.861436751198163
swimmer_kde,-2.1719999999999997,1.5921529017735945
swimmer_kde,-2.169,1.3814710610357177
swimmer_kde,-2.166,1.2146694869494263
swimmer_kde,-2.1630000000000003,1.0810377767445885
swimmer_kde,-2.16,0.9728204841468712
swimmer_kde,-2.157,0.8842726316940962
swimmer_kde,-2.154,0.8110105891791224
swimmer_kde,-2.151,0.7496161748658277
swimmer_kde,-2.148,0.6974125507369725
swimmer_kde,-2.145,0.6523357853934378
swimmer_kde,-2.142,0.6128409028247168
swimmer_kde,-2.139,0.5778083093761446
swimmer_kde,-2.136,0.5464496000640655
swimmer_kde,-2.133,0.518230165593533
swimmer_kde,-2.13,0.4928148897072246
swimmer_kde,-2.127,0.470016852829178
swimmer_kde,-2.124,0.4497229358110882
swimmer_kde,-2.121,0.4317996425148621
swimmer_kde,-2.118,0.416017887264286
swimmer_kde,-2.115,0.4020360835639376
swimmer_kde,-2.112,0.3894449438892878
swimmer_kde,-2.109,0.3778425001476245
swimmer_kde,-2.106,0.366903250401525
swimmer_kde,-2.103,0.356422827029918
swimmer_kde,-2.1,0.3463341765852676
swimmer_kde,-2.097,0.3366941470570049
swimmer_kde,-2.094,0.3276410559868119
swimmer_kde,-2.091,0.3193333808934364
swimmer_kde,-2.088,0.3118917937179916
swimmer_kde,-2.085,0.3053680863599471
swimmer_kde,-2.082,0.2997489761535504
swimmer_kde,-2.0789999999999997,0.2949793589022242
swimmer_kde,-2.076,0.2909765300664429
swimmer_kde,-2.073,0.2876165220268978
swimmer_kde,-2.07,0.2847010943346013
swimmer_kde,-2.067,0.2819394026538199
swimmer_kde,-2.064,0.2789810794679299
swimmer_kde,-2.061,0.2755098353384475
swimmer_kde,-2.058,0.2713623496003055
swimmer_kde,-2.0549999999999997,0.2666067573708648
swimmer_kde,-2.052,0.2615265823848356
swimmer_kde,-2.049,0.2565094405306796
swimmer_kde,-2.046,0.2518991578021122
swimmer_kde,-2.043,0.2478893112047815
swimmer_kde,-2.04,0.2445016729878438
swimmer_kde,-2.037,0.2416365596099512
swimmer_kde,-2.034,0.2391492573822771
swimmer_kde,-2.031,0.2369122404944364
swimmer_kde,-2.028,0.2348447098840633
swimmer_kde,-2.025,0.2329060452617234
swimmer_kde,-2.022,0.231060723399006
swimmer_kde,-2.019,0.2292394493386319
swimmer_kde,-2.016,0.2273328538718087
swimmer_kde,-2.013,0.225236198688047
swimmer_kde,-2.01,0.2229195670181104
swimmer_kde,-2.007,0.2204677621301922
swimmer_kde,-2.004,0.218052049686032
swimmer_kde,-2.001,0.2158497733854071
swimmer_kde,-1.998,0.2139688614010534
swimmer_kde,-1.995,0.2124257482920135
swimmer_kde,-1.992,0.2111776580842488
swimmer_kde,-1.989,0.2101684605752539
swimmer_kde,-1.986,0.2093469322393951
swimmer_kde,-1.983,0.2086515743737722
swimmer_kde,-1.98,0.207990309780122
swimmer_kde,-1.977,0.2072463940640947
swimmer_kde,-1.974,0.2063160755356646
swimmer_kde,-1.971,0.2051547555089324
swimmer_kde,-1.968,0.2037995751665972
swimmer_kde,-1.965,0.2023514622198795
swimmer_kde,-1.962,0.2009261455237605
swimmer_kde,-1.959,0.1996035715432016
swimmer_kde,-1.956,0.1984056861430624
swimmer_kde,-1.953,0.1973126496421977
swimmer_kde,-1.95,0.1962999360315418
swimmer_kde,-1.947,0.1953639595901094
swimmer_kde,-1.944,0.1945154581827317
swimmer_kde,-1.941,0.19374990512206
swimmer_kde,-1.938,0.1930260088686611
swimmer_kde,-1.935,0.192275704824502
swimmer_kde,-1.932,0.1914390983653212
swimmer_kde,-1.929,0.1904949896550194
swimmer_kde,-1.926,0.1894632751149377
swimmer_kde,-1.923,0.1883820256078996
swimmer_kde,-1.92,0.1872824720736963
swimmer_kde,-1.917,0.1861810842733382
swimmer_kde,-1.914,0.1850869389672496
swimmer_kde,-1.911,0.1840089780265791
swimmer_kde,-1.908,0.1829554492583157
swimmer_kde,-1.905,0.1819335243584354
swimmer_kde,-1.902,0.1809568006113771
swimmer_kde,-1.899,0.1800506857789797
swimmer_kde,-1.896,0.1792370853196572
swimmer_kde,-1.893,0.1784995281369939
swimmer_kde,-1.89,0.1777592572322741
swimmer_kde,-1.887,0.176894731683288
swimmer_kde,-1.884,0.1758027099383857
swimmer_kde,-1.881,0.1744616149858695
swimmer_kde,-1.878,0.1729543717179861
swimmer_kde,-1.875,0.171438942990026
swimmer_kde,-1.872,0.1700883445088692
swimmer_kde,-1.869,0.1690315139045161
swimmer_kde,-1.866,0.168315075433703
swimmer_kde,-1.863,0.1678926669835695
swimmer_kde,-1.86,0.1676417936462813
swimmer_kde,-1.857,0.1674027433824232
swimmer_kde,-1.854,0.1670269159828421
swimmer_kde,-1.851,0.1664195583855952
swimmer_kde,-1.848,0.1655677352181865
swimmer_kde,-1.845,0.1645495898682439
swimmer_kde,-1.842,0.1635181902696731
swimmer_kde,-1.839,0.162652217811676
swimmer_kde,-1.836,0.1620815772538613
swimmer_kde,-1.833,0.1618224080535426
swimmer_kde,-1.83,0.1617642994066288
swimmer_kde,-1.827,0.1617245812739742
swimmer_kde,-1.824,0.1615388061438231
swimmer_kde,-1.821,0.1611325290600894
swimmer_kde,-1.818,0.1605374631402013
swimmer_kde,-1.815,0.1598560335419505
swimmer_kde,-1.812,0.1592056260586936
swimmer_kde,-1.809,0.1586707739506265
swimmer_kde,-1.806,0.1582736810438485
swimmer_kde,-1.803,0.1579645013202329
swimmer_kde,-1.8,0.1576357195386954
swimmer_kde,-1.797,0.1571635471325483
swimmer_kde,-1.794,0.1564642384333948
swimmer_kde,-1.791,0.155537465048998
swimmer_kde,-1.788,0.1544719164561272
swimmer_kde,-1.785,0.1534117703468147
swimmer_kde,-1.782,0.1525070744449102
swimmer_kde,-1.779,0.1518760154036176
swimmer_kde,-1.776,0.1515908414400362
swimmer_kde,-1.773,0.1516783612189575
swimmer_kde,-1.77,0.1521185307174652
swimmer_kde,-1.767,0.1528350568708646
swimmer_kde,-1.764,0.1536890433262236
swimmer_kde,-1.761,0.1544940615974389
swimmer_kde,-1.758,0.1550602397574222
swimmer_kde,-1.755,0.1552527097228329
swimmer_kde,-1.752,0.15503366255438
swimmer_kde,-1.749,0.1544622097000347
swimmer_kde,-1.746,0.1536511709967963
swimmer_kde,-1.743,0.1527071547047077
swimmer_kde,-1.74,0.1516897023826029
swimmer_kde,-1.737,0.1506107710474693
swimmer_kde,-1.734,0.1494693012958758
swimmer_kde,-1.731,0.1482955080042528
swimmer_kde,-1.728,0.1471762889800485
swimmer_kde,-1.725,0.1462446212893228
swimmer_kde,-1.722,0.1456333999721103
swimmer_kde,-1.719,0.1454106628597543
swimmer_kde,-1.716,0.1455246498103066
swimmer_kde,-1.713,0.1457898296840125
swimmer_kde,-1.71,0.1459335301782946
swimmer_kde,-1.707,0.145695673515441
swimmer_kde,-1.704,0.1449419944921987
swimmer_kde,-1.701,0.1437350897472429
swimmer_kde,-1.698,0.1423230638526785
swimmer_kde,-1.695,0.1410461349685854
swimmer_kde,-1.692,0.1402028872064516
swimmer_kde,-1.689,0.1399367788741028
swimmer_kde,-1.686,0.1401924063756169
swimmer_kde,-1.683,0.1407569463981451
swimmer_kde,-1.68,0.1413613481376684
swimmer_kde,-1.677,0.1417892968657107
swimmer_kde,-1.674,0.14194530286129
swimmer_kde,-1.671,0.1418622253549474
swimmer_kde,-1.668,0.1416601803974407
swimmer_kde,-1.665,0.1414835463076774
swimmer_kde,-1.662,0.1414414788392805
swimmer_kde,-1.659,0.1415713674538816
swimmer_kde,-1.656,0.1418365978697557
swimmer_kde,-1.653,0.1421546882617175
swimmer_kde,-1.65,0.1424337545250122
swimmer_kde,-1.647,0.142591098733956
swimmer_kde,-1.644,0.1425465225100871
swimmer_kde,-1.641,0.1422102463495109
swimmer_kde,-1.638,0.1414946187416247
swimmer_kde,-1.635,0.1403585482792717
swimmer_kde,-1.632,0.1388598116089879
swimmer_kde,-1.629,0.1371732009558579
swimmer_kde,-1.626,0.1355497475014641
swimmer_kde,-1.623,0.1342330436401905
swimmer_kde,-1.62,0.133380523714782
swimmer_kde,-1.617,0.1330333875778691
swimmer_kde,-1.614,0.1331416193920927
swimmer_kde,-1.611,0.1336120891301108
swimmer_kde,-1.608,0.1343402480834835
swimmer_kde,-1.605,0.1352123587647628
swimmer_kde,-1.602,0.1360976608642946
swimmer_kde,-1.599,0.1368578485469294
swimmer_kde,-1.596,0.1373802629411161
swimmer_kde,-1.593,0.1376139956354558
swimmer_kde,-1.59,0.1375802566226831
swimmer_kde,-1.587,0.1373456175231101
swimmer_kde,-1.584,0.1369738616452683
swimmer_kde,-1.581,0.1364885051942761
swimmer_kde,-1.578,0.1358722494453761
swimmer_kde,-1.575,0.1351048765995614
swimmer_kde,-1.572,0.1342130857498915
swimmer_kde,-1.569,0.1332945215508712
swimmer_kde,-1.566,0.132494127912561
swimmer_kde,-1.563,0.1319438104362529
swimmer_kde,-1.56,0.1317016223293393
swimmer_kde,-1.557,0.1317261042936884
swimmer_kde,-1.554,0.1318980171413749
swimmer_kde,-1.551,0.1320739232022355
swimmer_kde,-1.548,0.1321408812848913
swimmer_kde,-1.545,0.1320449120210575
swimmer_kde,-1.542,0.1317840671885121
swimmer_kde,-1.539,0.1313794738317211
swimmer_kde,-1.536,0.1308504409686053
swimmer_kde,-1.533,0.1302127464871222
swimmer_kde,-1.53,0.129497238901187
swimmer_kde,-1.527,0.1287671367257187
swimmer_kde,-1.524,0.1281129433317095
swimmer_kde,-1.521,0.1276226364405379
swimmer_kde,-1.518,0.1273452543132395
swimmer_kde,-1.515,0.1272716101136497
swimmer_kde,-1.512,0.1273433767536842
swimmer_kde,-1.509,0.1274824561936519
swimmer_kde,-1.506,0.1276216761544615
swimmer_kde,-1.503,0.1277215539443205
swimmer_kde,-1.5,0.1277692582079163
swimmer_kde,-1.497,0.1277647357370402
swimmer_kde,-1.494,0.1277026367086282
swimmer_kde,-1.491,0.1275604693144164
swimmer_kde,-1.488,0.1273027747632492
swimmer_kde,-1.485,0.1269030471781512
swimmer_kde,-1.482,0.1263711581172422
swimmer_kde,-1.479,0.1257663729499396
swimmer_kde,-1.476,0.1251846222115254
swimmer_kde,-1.473,0.1247274696517005
swimmer_kde,-1.47,0.1244722618842454
swimmer_kde,-1.467,0.124458394146375
swimmer_kde,-1.464,0.1246894655590554
swimmer_kde,-1.461,0.1251393545565993
swimmer_kde,-1.458,0.1257513534215042
swimmer_kde,-1.455,0.1264316708981576
swimmer_kde,-1.452,0.1270503646798458
swimmer_kde,-1.449,0.127462052224642
swimmer_kde,-1.446,0.1275446202798456
swimmer_kde,-1.443,0.1272389997061095
swimmer_kde,-1.44,0.1265702531263552
swimmer_kde,-1.437,0.1256404354260849
swimmer_kde,-1.434,0.1245965653048966
swimmer_kde,-1.431,0.1235845535296552
swimmer_kde,-1.428,0.1227032599441423
swimmer_kde,-1.425,0.1219755226470845
swimmer_kde,-1.422,0.1213521196849228
swimmer_kde,-1.419,0.1207532450760931
swimmer_kde,-1.416,0.1201303869084627
swimmer_kde,-1.413,0.1195129203647905
swimmer_kde,-1.41,0.1190063603501742
swimmer_kde,-1.407,0.1187378822632979
swimmer_kde,-1.404,0.1187814115961473
swimmer_kde,-1.401,0.1191103587766921
swimmer_kde,-1.398,0.1196067010706106
swimmer_kde,-1.395,0.1201159418624595
swimmer_kde,-1.392,0.1205105791395416
swimmer_kde,-1.389,0.1207290449952384
swimmer_kde,-1.386,0.1207819612304976
swimmer_kde,-1.383,0.1207369897183157
swimmer_kde,-1.38,0.1206944848083381
swimmer_kde,-1.377,0.1207581118044656
swimmer_kde,-1.374,0.1210025369441808
swimmer_kde,-1.371,0.1214458260371161
swimmer_kde,-1.368,0.1220378110449054
swimmer_kde,-1.365,0.122671344015016
swimmer_kde,-1.362,0.1232138713828407
swimmer_kde,-1.359,0.1235478501714277
swimmer_kde,-1.356,0.1236043822467429
swimmer_kde,-1.353,0.1233780094716022
swimmer_kde,-1.35,0.1229213739006368
swimmer_kde,-1.347,0.1223289866480069
swimmer_kde,-1.344,0.1217202516541862
swimmer_kde,-1.341,0.1212230925947212
swimmer_kde,-1.338,0.1209526043146313
swimmer_kde,-1.335,0.1209841725908213
swimmer_kde,-1.332,0.1213325880379245
swimmer_kde,-1.329,0.1219520850736918
swimmer_kde,-1.326,0.1227590326354095
swimmer_kde,-1.323,0.1236605212079299
swimmer_kde,-1.32,0.1245681222135415
swimmer_kde,-1.317,0.1253923541886066
swimmer_kde,-1.314,0.1260335238798904
swimmer_kde,-1.311,0.1263878976890299
swimmer_kde,-1.308,0.1263727086058086
swimmer_kde,-1.305,0.12595682859772
swimmer_kde,-1.302,0.1251811829242617
swimmer_kde,-1.299,0.1241611616323087
swimmer_kde,-1.296,0.1230697734960379
swimmer_kde,-1.293,0.1221010634693745
swimmer_kde,-1.29,0.1214161913082563
swimmer_kde,-1.287,0.121085593591092
swimmer_kde,-1.284,0.1210531648457613
swimmer_kde,-1.281,0.1211481441693879
swimmer_kde,-1.278,0.121150148200152
swimmer_kde,-1.275,0.1208815656090753
swimmer_kde,-1.272,0.1202804942137514
swimmer_kde,-1.269,0.1194149311500801
swimmer_kde,-1.266,0.1184344433511159
swimmer_kde,-1.263,0.1174951805879491
swimmer_kde,-1.26,0.1167066176707677
swimmer_kde,-1.257,0.1161232894491638
swimmer_kde,-1.254,0.115765803183985
swimmer_kde,-1.251,0.1156394137788538
swimmer_kde,-1.248,0.1157363779248606
swimmer_kde,-1.245,0.1160338094336334
swimmer_kde,-1.242,0.1165011712271136
swimmer_kde,-1.239,0.117112949407849
swimmer_kde,-1.236,0.1178509540649523
swimmer_kde,-1.233,0.1186925009906136
swimmer_kde,-1.23,0.1195987854314707
swimmer_kde,-1.227,0.1205176888707786
swimmer_kde,-1.224,0.1213972387168949
swimmer_kde,-1.221,0.1221930732246703
swimmer_kde,-1.218,0.1228616755990726
swimmer_kde,-1.215,0.1233509284294366
swimmer_kde,-1.212,0.123607330994903
swimmer_kde,-1.209,0.123604676685957
swimmer_kde,-1.206,0.1233756818392561
swimmer_kde,-1.203,0.1230192872425145
swimmer_kde,-1.2,0.1226717246552868
swimmer_kde,-1.197,0.1224556202038927
swimmer_kde,-1.194,0.1224356769934286
swimmer_kde,-1.191,0.1226017360922129
swimmer_kde,-1.188,0.1228807351852688
swimmer_kde,-1.185,0.123166334225919
swimmer_kde,-1.182,0.1233553587947897
swimmer_kde,-1.179,0.1233840804272234
swimmer_kde,-1.176,0.1232534517475539
swimmer_kde,-1.173,0.1230253464246984
swimmer_kde,-1.17,0.1227793593095384
swimmer_kde,-1.167,0.1225482758492261
swimmer_kde,-1.164,0.1222780503549323
swimmer_kde,-1.161,0.1218522274589621
swimmer_kde,-1.158,0.1211753031117191
swimmer_kde,-1.155,0.1202594611840196
swimmer_kde,-1.152,0.1192496698243029
swimmer_kde,-1.149,0.1183646936846266
swimmer_kde,-1.146,0.1177921582789969
swimmer_kde,-1.143,0.1176059966856037
swimmer_kde,-1.14,0.1177531711064725
swimmer_kde,-1.137,0.1181043647078634
swimmer_kde,-1.134,0.1185231088576
swimmer_kde,-1.131,0.1189084492303442
swimmer_kde,-1.128,0.119200322095333
swimmer_kde,-1.125,0.11936924663939
swimmer_kde,-1.122,0.1194136916994039
swimmer_kde,-1.119,0.1193642090274554
swimmer_kde,-1.116,0.1192743824617512
swimmer_kde,-1.113,0.1191877137664179
swimmer_kde,-1.11,0.119097201920044
swimmer_kde,-1.107,0.1189305295824793
swimmer_kde,-1.104,0.11857973967614
swimmer_kde,-1.101,0.1179606096813674
swimmer_kde,-1.098,0.1170630831516485
swimmer_kde,-1.095,0.1159616796825703
swimmer_kde,-1.092,0.1147869325150773
swimmer_kde,-1.089,0.1136851614469816
swimmer_kde,-1.086,0.1127901287937096
swimmer_kde,-1.083,0.1122051413278718
swimmer_kde,-1.08,0.1119806643772215
swimmer_kde,-1.077,0.112088060502854
swimmer_kde,-1.074,0.1124139963158568
swimmer_kde,-1.071,0.1127978047308391
swimmer_kde,-1.068,0.1131008023336604
swimmer_kde,-1.065,0.1132653025231325
swimmer_kde,-1.062,0.1133251476523481
swimmer_kde,-1.059,0.1133657677485481
swimmer_kde,-1.056,0.1134661887305101
swimmer_kde,-1.053,0.1136601581084184
swimmer_kde,-1.05,0.1139311893671523
swimmer_kde,-1.047,0.1142311662473445
swimmer_kde,-1.044,0.1145041626661533
swimmer_kde,-1.041,0.1147057488504734
swimmer_kde,-1.038,0.1148178599016144
swimmer_kde,-1.035,0.1148584925088858
swimmer_kde,-1.032,0.114878157691314
swimmer_kde,-1.029,0.114935391082172
swimmer_kde,-1.026,0.1150582937566546
swimmer_kde,-1.023,0.1152165857447247
swimmer_kde,-1.02,0.1153296018713393
swimmer_kde,-1.017,0.1153136186664249
swimmer_kde,-1.014,0.1151420892961491
swimmer_kde,-1.011,0.1148786673671846
swimmer_kde,-1.008,0.114657307410575
swimmer_kde,-1.005,0.1146171477722678
swimmer_kde,-1.002,0.1148293690368685
swimmer_kde,-0.999,0.1152583228505862
swimmer_kde,-0.996,0.1157768460335522
swimmer_kde,-0.993,0.1162228699826156
swimmer_kde,-0.9899999999999998,0.1164645132751875
swimmer_kde,-0.987,0.1164437641514954
swimmer_kde,-0.984,0.1161857201806364
swimmer_kde,-0.981,0.1157766388475512
swimmer_kde,-0.9779999999999998,0.11532371152436
swimmer_kde,-0.975,0.1149138552198673
swimmer_kde,-0.972,0.1145878082681709
swimmer_kde,-0.969,0.1143374381548695
swimmer_kde,-0.9659999999999996,0.1141216662225901
swimmer_kde,-0.963,0.1138884975832652
swimmer_kde,-0.96,0.113592410616739
swimmer_kde,-0.957,0.113204019008079
swimmer_kde,-0.9539999999999996,0.1127151679783037
swimmer_kde,-0.951,0.1121437396321055
swimmer_kde,-0.948,0.1115388739773388
swimmer_kde,-0.9449999999999998,0.1109816554419236
swimmer_kde,-0.9420000000000002,0.1105732640436899
swimmer_kde,-0.939,0.1104070499889256
swimmer_kde,-0.936,0.1105322410830191
swimmer_kde,-0.9329999999999998,0.1109266791238885
swimmer_kde,-0.9300000000000002,0.1114953549545757
swimmer_kde,-0.927,0.1120999028378386
swimmer_kde,-0.924,0.1126086539746137
swimmer_kde,-0.9209999999999998,0.1129455592217314
swimmer_kde,-0.918,0.1131148990628468
swimmer_kde,-0.915,0.1131894683121122
swimmer_kde,-0.912,0.1132690772333368
swimmer_kde,-0.9089999999999998,0.1134322750091169
swimmer_kde,-0.906,0.1137051476115455
swimmer_kde,-0.903,0.1140567020603218
swimmer_kde,-0.8999999999999999,0.114414400990668
swimmer_kde,-0.8969999999999998,0.1146887925236471
swimmer_kde,-0.8940000000000001,0.1148007043087085
swimmer_kde,-0.891,0.1147061450588231
swimmer_kde,-0.8879999999999999,0.1144094036644699
swimmer_kde,-0.8849999999999998,0.1139543285735158
swimmer_kde,-0.8820000000000001,0.1133960043471147
swimmer_kde,-0.879,0.1127716255281731
swimmer_kde,-0.8759999999999999,0.1120923413397662
swimmer_kde,-0.8729999999999998,0.1113612623855288
swimmer_kde,-0.8700000000000001,0.1106012689819822
swimmer_kde,-0.867,0.1098694948315878
swimmer_kde,-0.8639999999999999,0.1092476132788248
swimmer_kde,-0.8609999999999998,0.1088149519967792
swimmer_kde,-0.8580000000000001,0.1086204220596032
swimmer_kde,-0.855,0.1086667807474712
swimmer_kde,-0.8519999999999999,0.1089131242036471
swimmer_kde,-0.8489999999999998,0.1092934997589899
swimmer_kde,-0.8460000000000001,0.1097422861632488
swimmer_kde,-0.843,0.1102129372945474
swimmer_kde,-0.8399999999999999,0.1106800614622499
swimmer_kde,-0.8369999999999997,0.1111257495839977
swimmer_kde,-0.8340000000000001,0.1115225452474269
swimmer_kde,-0.831,0.1118285601612552
swimmer_kde,-0.8279999999999998,0.112001952889823
swimmer_kde,-0.8249999999999997,0.112027465363321
swimmer_kde,-0.8220000000000001,0.111936623559095
swimmer_kde,-0.819,0.1118041260275686
swimmer_kde,-0.8159999999999998,0.1117177426907816
swimmer_kde,-0.8130000000000002,0.1117390380815735
swimmer_kde,-0.81,0.1118814069000735
swimmer_kde,-0.8069999999999999,0.1121198560823567
swimmer_kde,-0.8039999999999998,0.112421400918683
swimmer_kde,-0.8010000000000002,0.1127679364174488
swimmer_kde,-0.798,0.1131509119287338
swimmer_kde,-0.7949999999999999,0.1135425407002306
swimmer_kde,-0.7919999999999998,0.1138693099054937
swimmer_kde,-0.7890000000000001,0.1140138878723075
swimmer_kde,-0.786,0.1138532223846519
swimmer_kde,-0.7829999999999999,0.1133176186222173
swimmer_kde,-0.7799999999999998,0.1124410388668099
swimmer_kde,-0.7770000000000001,0.1113735503523543
swimmer_kde,-0.774,0.1103430751521207
swimmer_kde,-0.7709999999999999,0.1095788939084391
swimmer_kde,-0.7679999999999998,0.1092310652201579
swimmer_kde,-0.7650000000000001,0.1093244399818697
swimmer_kde,-0.762,0.1097675639726163
swimmer_kde,-0.7589999999999999,0.1104046375219831
swimmer_kde,-0.7559999999999998,0.111074695503903
swimmer_kde,-0.7530000000000001,0.1116455006728001
swimmer_kde,-0.75,0.1120177770845566
swimmer_kde,-0.7469999999999999,0.1121222857103636
swimmer_kde,-0.7439999999999998,0.1119320870028953
swimmer_kde,-0.7410000000000001,0.1114865253006155
swimmer_kde,-0.738,0.1108996522877354
swimmer_kde,-0.7349999999999999,0.1103293882156016
swimmer_kde,-0.7319999999999998,0.1099132945516989
swimmer_kde,-0.7290000000000001,0.1097071928327868
swimmer_kde,-0.726,0.1096678135467595
swimmer_kde,-0.7229999999999999,0.1096936169248707
swimmer_kde,-0.7199999999999998,0.1096972979464718
swimmer_kde,-0.7170000000000001,0.1096604034155835
swimmer_kde,-0.714,0.1096344506282244
swimmer_kde,-0.7109999999999999,0.1096931695601315
swimmer_kde,-0.7079999999999997,0.1098737179966623
swimmer_kde,-0.7050000000000001,0.1101460699415688
swimmer_kde,-0.702,0.110424772449885
swimmer_kde,-0.6989999999999998,0.110610895386572
swimmer_kde,-0.6959999999999997,0.110640796009731
swimmer_kde,-0.6930000000000001,0.1105197835878945
swimmer_kde,-0.69,0.1103250022484744
swimmer_kde,-0.6869999999999998,0.1101724679478696
swimmer_kde,-0.6840000000000002,0.1101601409658677
swimmer_kde,-0.681,0.1103153323060732
swimmer_kde,-0.6779999999999999,0.1105768775639285
swimmer_kde,-0.6749999999999998,0.110823724795547
swimmer_kde,-0.6720000000000002,0.1109322008331115
swimmer_kde,-0.669,0.1108259020359799
swimmer_kde,-0.6659999999999999,0.1104901861910606
swimmer_kde,-0.6629999999999998,0.1099518331761519
swimmer_kde,-0.6600000000000001,0.1092500195867369
swimmer_kde,-0.657,0.1084263601768507
swimmer_kde,-0.6539999999999999,0.1075394120704059
swimmer_kde,-0.6509999999999998,0.1066827004885849
swimmer_kde,-0.6480000000000001,0.1059777170889596
swimmer_kde,-0.645,0.105532330972052
swimmer_kde,-0.6419999999999999,0.1053871726207673
swimmer_kde,-0.6389999999999998,0.1054910852544584
swimmer_kde,-0.6360000000000001,0.1057320643823698
swimmer_kde,-0.633,0.1060092098038599
swimmer_kde,-0.6299999999999999,0.1062964090423446
swimmer_kde,-0.6269999999999998,0.1066507247071154
swimmer_kde,-0.6240000000000001,0.1071584082238395
swimmer_kde,-0.621,0.1078574275402619
swimmer_kde,-0.6179999999999999,0.1086912185385755
swimmer_kde,-0.6149999999999998,0.109523877565275
swimmer_kde,-0.6120000000000001,0.1102034599481521
swimmer_kde,-0.609,0.1106297494108555
swimmer_kde,-0.6059999999999999,0.1107846490121326
swimmer_kde,-0.6029999999999998,0.1107126183292369
swimmer_kde,-0.6000000000000001,0.1104737117032299
swimmer_kde,-0.597,0.1101085405225286
swimmer_kde,-0.5939999999999999,0.109640867982631
swimmer_kde,-0.5909999999999997,0.1091088657680127
swimmer_kde,-0.5880000000000001,0.1085877623740165
swimmer_kde,-0.585,0.1081712462336183
swimmer_kde,-0.5819999999999999,0.1079171552658846
swimmer_kde,-0.5789999999999997,0.1078021160884775
swimmer_kde,-0.5760000000000001,0.1077305886599293
swimmer_kde,-0.573,0.1076005937408623
swimmer_kde,-0.5699999999999998,0.1073793681412229
swimmer_kde,-0.5670000000000002,0.1071323235635131
swimmer_kde,-0.5640000000000001,0.1069849437412096
swimmer_kde,-0.5609999999999999,0.1070455286768357
swimmer_kde,-0.5579999999999998,0.1073394380360616
swimmer_kde,-0.5550000000000002,0.1077932027482419
swimmer_kde,-0.552,0.1082746961261054
swimmer_kde,-0.5489999999999999,0.1086633700623421
swimmer_kde,-0.5459999999999998,0.1089075960606963
swimmer_kde,-0.5430000000000001,0.1090340354424168
swimmer_kde,-0.54,0.1091048559310575
swimmer_kde,-0.5369999999999999,0.1091540116533547
swimmer_kde,-0.5339999999999998,0.1091484579861873
swimmer_kde,-0.5310000000000001,0.1090024931776991
swimmer_kde,-0.528,0.108636009224008
swimmer_kde,-0.5249999999999999,0.1080373478594971
swimmer_kde,-0.5219999999999998,0.1072893919296824
swimmer_kde,-0.5190000000000001,0.1065429000298719
swimmer_kde,-0.516,0.1059541092290641
swimmer_kde,-0.5129999999999999,0.1056220797168454
swimmer_kde,-0.5099999999999998,0.1055570081919539
swimmer_kde,-0.5070000000000001,0.1056913960720638
swimmer_kde,-0.504,0.1059240248638321
swimmer_kde,-0.5009999999999999,0.1061711917001981
swimmer_kde,-0.4979999999999998,0.1063965857929243
swimmer_kde,-0.4950000000000001,0.1066040940523996
swimmer_kde,-0.492,0.106802354300405
swimmer_kde,-0.4889999999999999,0.1069705114752246
swimmer_kde,-0.4859999999999997,0.1070540290615509
swimmer_kde,-0.4830000000000001,0.1069952047208437
swimmer_kde,-0.48,0.106774161994372
swimmer_kde,-0.4769999999999998,0.1064277908984298
swimmer_kde,-0.4739999999999997,0.1060336288672582
swimmer_kde,-0.4710000000000001,0.1056741172854129
swimmer_kde,-0.4679999999999999,0.1054078562618528
swimmer_kde,-0.4649999999999998,0.1052612220959299
swimmer_kde,-0.4619999999999997,0.1052330716654482
swimmer_kde,-0.4590000000000001,0.1052986790222804
swimmer_kde,-0.4559999999999999,0.1054102518203223
swimmer_kde,-0.4529999999999998,0.1055044013726419
swimmer_kde,-0.4499999999999997,0.1055244846275784
swimmer_kde,-0.447,0.105448566677242
swimmer_kde,-0.4439999999999999,0.1053010992776245
swimmer_kde,-0.4409999999999998,0.1051353860534337
swimmer_kde,-0.4380000000000001,0.1049989036438376
swimmer_kde,-0.435,0.1049097231802989
swimmer_kde,-0.4319999999999999,0.1048618614961691
swimmer_kde,-0.4289999999999998,0.1048500100630527
swimmer_kde,-0.4260000000000001,0.1048870111234979
swimmer_kde,-0.423,0.1049964057570611
swimmer_kde,-0.4199999999999999,0.1051863380223064
swimmer_kde,-0.4169999999999998,0.1054266972490131
swimmer_kde,-0.4140000000000001,0.1056474467987021
swimmer_kde,-0.411,0.1057604565352755
swimmer_kde,-0.4079999999999999,0.1056934485674418
swimmer_kde,-0.4049999999999998,0.1054194234890208
swimmer_kde,-0.4020000000000001,0.1049679254052274
swimmer_kde,-0.399,0.1044139983607565
swimmer_kde,-0.3959999999999999,0.103852810948583
swimmer_kde,-0.3929999999999998,0.1033745782517274
swimmer_kde,-0.3900000000000001,0.1030493811464332
swimmer_kde,-0.387,0.1029196423857043
swimmer_kde,-0.3839999999999999,0.1029926125662906
swimmer_kde,-0.3809999999999998,0.1032326655222311
swimmer_kde,-0.3780000000000001,0.1035640063743515
swimmer_kde,-0.375,0.1038933568109073
swimmer_kde,-0.3719999999999999,0.1041466958221845
swimmer_kde,-0.3689999999999998,0.1042987447766321
swimmer_kde,-0.3660000000000001,0.1043754301347562
swimmer_kde,-0.363,0.1044290118836729
swimmer_kde,-0.3599999999999999,0.1045058525809065
swimmer_kde,-0.3569999999999997,0.1046292343204452
swimmer_kde,-0.3540000000000001,0.1048027468827633
swimmer_kde,-0.351,0.1050210457954445
swimmer_kde,-0.3479999999999998,0.105272669817956
swimmer_kde,-0.3449999999999997,0.1055345757386587
swimmer_kde,-0.3420000000000001,0.1057727492456746
swimmer_kde,-0.3389999999999999,0.1059608261121745
swimmer_kde,-0.3359999999999998,0.1061094476909061
swimmer_kde,-0.3329999999999997,0.1062806140768766
swimmer_kde,-0.33,0.1065635251034547
swimmer_kde,-0.3269999999999999,0.1070156140191739
swimmer_kde,-0.3239999999999998,0.1076052871739154
swimmer_kde,-0.3209999999999997,0.1082008603704406
swimmer_kde,-0.318,0.108620546795197
swimmer_kde,-0.3149999999999999,0.1087133481918985
swimmer_kde,-0.3119999999999998,0.1084196477571308
swimmer_kde,-0.3090000000000001,0.1077807693596643
swimmer_kde,-0.306,0.1069073163071697
swimmer_kde,-0.3029999999999999,0.1059395957736304
swimmer_kde,-0.2999999999999998,0.1050236075082697
swimmer_kde,-0.2970000000000001,0.1042992362035722
swimmer_kde,-0.294,0.1038824027325899
swimmer_kde,-0.2909999999999999,0.1038337225666556
swimmer_kde,-0.2879999999999998,0.1041300986822249
swimmer_kde,-0.2850000000000001,0.1046665145218479
swimmer_kde,-0.282,0.1052984660304048
swimmer_kde,-0.2789999999999999,0.1059033968235197
swimmer_kde,-0.2759999999999998,0.106421780620706
swimmer_kde,-0.2730000000000001,0.1068535011407093
swimmer_kde,-0.27,0.1072205882026993
swimmer_kde,-0.2669999999999999,0.1075310884954825
swimmer_kde,-0.2639999999999998,0.1077705854865037
swimmer_kde,-0.2610000000000001,0.1079185989495263
swimmer_kde,-0.258,0.1079662991801531
swimmer_kde,-0.2549999999999999,0.1079174286050432
swimmer_kde,-0.2519999999999998,0.1077761561330706
swimmer_kde,-0.2490000000000001,0.1075393643291515
swimmer_kde,-0.246,0.1072038036601713
swimmer_kde,-0.2429999999999998,0.1067811615148258
swimmer_kde,-0.2399999999999997,0.1063063185454315
swimmer_kde,-0.2370000000000001,0.1058324425728127
swimmer_kde,-0.2339999999999999,0.1054187676207106
swimmer_kde,-0.2309999999999998,0.1051189386281219
swimmer_kde,-0.2279999999999997,0.1049712258741944
swimmer_kde,-0.2250000000000001,0.1049890018053693
swimmer_kde,-0.2219999999999999,0.1051549028546891
swimmer_kde,-0.2189999999999998,0.1054254237675585
swimmer_kde,-0.2159999999999997,0.1057455456806654
swimmer_kde,-0.213,0.1060618276856842
swimmer_kde,-0.2099999999999999,0.1063223958517559
swimmer_kde,-0.2069999999999998,0.1064676517591368
swimmer_kde,-0.2039999999999997,0.1064311303430474
swimmer_kde,-0.201,0.1061657869085508
swimmer_kde,-0.1979999999999999,0.105685401036462
swimmer_kde,-0.1949999999999998,0.1050867372259641
swimmer_kde,-0.1919999999999997,0.1045228466954446
swimmer_kde,-0.189,0.1041338018415249
swimmer_kde,-0.1859999999999999,0.1039787182469422
swimmer_kde,-0.1829999999999998,0.1040168296958116
swimmer_kde,-0.1800000000000001,0.1041493661997255
swimmer_kde,-0.177,0.1042884657494125
swimmer_kde,-0.1739999999999999,0.1044031387518676
swimmer_kde,-0.1709999999999998,0.1045166337388144
swimmer_kde,-0.1680000000000001,0.1046696964625248
swimmer_kde,-0.165,0.1048848757483309
swimmer_kde,-0.1619999999999999,0.1051549197186752
swimmer_kde,-0.1589999999999998,0.1054511227320088
swimmer_kde,-0.1560000000000001,0.1057333255443675
swimmer_kde,-0.153,0.105952476604362
swimmer_kde,-0.1499999999999999,0.1060538482074977
swimmer_kde,-0.1469999999999998,0.1059920527340726
swimmer_kde,-0.1440000000000001,0.1057539328492854
swimmer_kde,-0.141,0.1053701742283411
swimmer_kde,-0.1379999999999999,0.1049003849362602
swimmer_kde,-0.1349999999999998,0.1043982991687921
swimmer_kde,-0.1320000000000001,0.1038830545950104
swimmer_kde,-0.129,0.103340273949421
swimmer_kde,-0.1259999999999999,0.1027541510630552
swimmer_kde,-0.1229999999999997,0.1021478188510161
swimmer_kde,-0.1200000000000001,0.1016026453153422
swimmer_kde,-0.1169999999999999,0.1012411503253923
swimmer_kde,-0.1139999999999998,0.1011808551489098
swimmer_kde,-0.1109999999999997,0.101481920156132
swimmer_kde,-0.1080000000000001,0.1021128643400374
swimmer_kde,-0.1049999999999999,0.102949534222193
swimmer_kde,-0.1019999999999998,0.1038094311373924
swimmer_kde,-0.0989999999999997,0.1045102366989969
swimmer_kde,-0.096,0.1049306615496302
swimmer_kde,-0.0929999999999999,0.1050486347702851
swimmer_kde,-0.0899999999999998,0.1049403536493759
swimmer_kde,-0.0869999999999997,0.1047410430158081
swimmer_kde,-0.084,0.1045855179163516
swimmer_kde,-0.0809999999999999,0.1045552056452673
swimmer_kde,-0.0779999999999998,0.1046546508526855
swimmer_kde,-0.0749999999999997,0.1048265118459568
swimmer_kde,-0.072,0.1049953678697258
swimmer_kde,-0.0689999999999999,0.1051156301971928
swimmer_kde,-0.0659999999999998,0.1051960289342054
swimmer_kde,-0.0629999999999997,0.10528657301302
swimmer_kde,-0.06,0.1054378986856561
swimmer_kde,-0.0569999999999999,0.1056620563072274
swimmer_kde,-0.0539999999999998,0.1059225787869765
swimmer_kde,-0.0510000000000001,0.1061593473816628
swimmer_kde,-0.048,0.1063279507237595
swimmer_kde,-0.0449999999999999,0.1064246641738876
swimmer_kde,-0.0419999999999998,0.106481264967902
swimmer_kde,-0.0390000000000001,0.1065351480325614
swimmer_kde,-0.036,0.1065942119284762
swimmer_kde,-0.0329999999999999,0.1066176489282576
swimmer_kde,-0.0299999999999998,0.1065255082996508
swimmer_kde,-0.0270000000000001,0.1062350705545944
swimmer_kde,-0.024,0.1057059775510074
swimmer_kde,-0.0209999999999999,0.1049682547644978
swimmer_kde,-0.0179999999999997,0.1041155584212535
swimmer_kde,-0.0150000000000001,0.1032668568755633
swimmer_kde,-0.012,0.10251916236139
swimmer_kde,-0.0089999999999998,0.1019179804438933
swimmer_kde,-0.0059999999999997,0.101458442523492
swimmer_kde,-0.0030000000000001,0.1011095356526052
swimmer_kde,0.0,0.1008419813967278
swimmer_kde,0.0030000000000001,0.1006443340050742
swimmer_kde,0.0060000000000002,0.100524454004523
swimmer_kde,0.0089999999999998,0.1005014637612941
swimmer_kde,0.012,0.1005926817573119
swimmer_kde,0.0150000000000001,0.1007985375439685
swimmer_kde,0.0180000000000002,0.1010915118127615
swimmer_kde,0.0209999999999999,0.1014170438408671
swimmer_kde,0.024,0.101708364413729
swimmer_kde,0.0270000000000001,0.101907877440164
swimmer_kde,0.0300000000000002,0.1019851423395153
swimmer_kde,0.0329999999999999,0.1019468766493109
swimmer_kde,0.036,0.1018390931074735
swimmer_kde,0.0390000000000001,0.1017400473579868
swimmer_kde,0.0420000000000002,0.1017401034515385
swimmer_kde,0.0449999999999999,0.1019092039606186
swimmer_kde,0.048,0.1022644738515042
swimmer_kde,0.0510000000000001,0.1027588030012272
swimmer_kde,0.0540000000000002,0.1033036119711203
swimmer_kde,0.0569999999999999,0.1038155133262021
swimmer_kde,0.06,0.1042550875025062
swimmer_kde,0.0630000000000001,0.1046285376870157
swimmer_kde,0.0660000000000002,0.1049525229047339
swimmer_kde,0.0689999999999999,0.1052147918995784
swimmer_kde,0.072,0.1053676545310816
swimmer_kde,0.0750000000000001,0.1053617011688246
swimmer_kde,0.0779999999999998,0.1051902005084168
swimmer_kde,0.0809999999999999,0.1049046399169912
swimmer_kde,0.084,0.1045876678105196
swimmer_kde,0.0870000000000001,0.104306705376646
swimmer_kde,0.0899999999999998,0.104086354542657
swimmer_kde,0.0929999999999999,0.1039192032512076
swimmer_kde,0.096,0.1038013183113942
swimmer_kde,0.0990000000000002,0.1037592691343499
swimmer_kde,0.1019999999999998,0.103843465439429
swimmer_kde,0.1049999999999999,0.1040889197775467
swimmer_kde,0.1080000000000001,0.1044694864625435
swimmer_kde,0.1110000000000002,0.1048794792320217
swimmer_kde,0.1139999999999998,0.1051625350443298
swimmer_kde,0.1169999999999999,0.1051788519542779
swimmer_kde,0.1200000000000001,0.1048756837544698
swimmer_kde,0.1230000000000002,0.104320635971068
swimmer_kde,0.1259999999999999,0.1036783328997102
swimmer_kde,0.129,0.1031444505109871
swimmer_kde,0.1320000000000001,0.1028738884312949
swimmer_kde,0.1350000000000002,0.1029379913516026
swimmer_kde,0.1379999999999999,0.1033234710913746
swimmer_kde,0.141,0.1039600175806757
swimmer_kde,0.1440000000000001,0.1047512945862968
swimmer_kde,0.1470000000000002,0.1055908815492353
swimmer_kde,0.1499999999999999,0.106363052863538
swimmer_kde,0.153,0.106943610650519
swimmer_kde,0.1560000000000001,0.1072174153686994
swimmer_kde,0.1590000000000002,0.107115686131196
swimmer_kde,0.1619999999999999,0.1066560498073464
swimmer_kde,0.165,0.1059558090690555
swimmer_kde,0.1680000000000001,0.1051966843255537
swimmer_kde,0.1710000000000002,0.1045484886558593
swimmer_kde,0.1739999999999999,0.1040926216116552
swimmer_kde,0.177,0.103796170564709
swimmer_kde,0.1800000000000001,0.1035584095692302
swimmer_kde,0.1830000000000002,0.1032999445910394
swimmer_kde,0.1859999999999999,0.1030310529799438
swimmer_kde,0.189,0.1028497720535809
swimmer_kde,0.1920000000000001,0.1028720306087857
swimmer_kde,0.1950000000000002,0.1031437248820361
swimmer_kde,0.1979999999999999,0.1035928993126064
swimmer_kde,0.201,0.1040493313687734
swimmer_kde,0.2040000000000001,0.1043167205432107
swimmer_kde,0.2069999999999998,0.1042562805670466
swimmer_kde,0.2099999999999999,0.1038393598451747
swimmer_kde,0.213,0.103146703904723
swimmer_kde,0.2160000000000002,0.1023223479455867
swimmer_kde,0.2189999999999998,0.1015145113985663
swimmer_kde,0.2219999999999999,0.1008380808053261
swimmer_kde,0.2250000000000001,0.100371403346029
swimmer_kde,0.2280000000000002,0.1001719961287576
swimmer_kde,0.2309999999999998,0.1002840550693514
swimmer_kde,0.2339999999999999,0.1007226876856902
swimmer_kde,0.2370000000000001,0.1014441434449586
swimmer_kde,0.2400000000000002,0.1023295926807446
swimmer_kde,0.2429999999999998,0.1032083076275215
swimmer_kde,0.246,0.1039214579931421
swimmer_kde,0.2490000000000001,0.1043937355739798
swimmer_kde,0.2520000000000002,0.1046640430380366
swimmer_kde,0.2549999999999999,0.1048484047990283
swimmer_kde,0.258,0.1050561635519331
swimmer_kde,0.2610000000000001,0.1053153596136813
swimmer_kde,0.2640000000000002,0.1055552311673577
swimmer_kde,0.2669999999999999,0.105651812054681
swimmer_kde,0.27,0.1055026626478845
swimmer_kde,0.2730000000000001,0.1050860442841139
swimmer_kde,0.2760000000000002,0.1044772934582056
swimmer_kde,0.2789999999999999,0.1038224811484559
swimmer_kde,0.282,0.103289988066392
swimmer_kde,0.2850000000000001,0.1030259104357786
swimmer_kde,0.2880000000000002,0.1031281918555022
swimmer_kde,0.2909999999999999,0.103635404823559
swimmer_kde,0.294,0.1045157376616301
swimmer_kde,0.2970000000000001,0.1056516181002976
swimmer_kde,0.3000000000000002,0.1068371744405046
swimmer_kde,0.3029999999999999,0.1078146558427485
swimmer_kde,0.306,0.108355231425231
swimmer_kde,0.3090000000000001,0.1083512344607827
swimmer_kde,0.3120000000000003,0.1078646751391401
swimmer_kde,0.3149999999999999,0.1070957295515664
swimmer_kde,0.318,0.1062857850279965
swimmer_kde,0.3210000000000002,0.1056137473613511
swimmer_kde,0.3240000000000003,0.1051457780515237
swimmer_kde,0.3269999999999999,0.104856426236599
swimmer_kde,0.33,0.1046887414965873
swimmer_kde,0.3330000000000002,0.1046025548011668
swimmer_kde,0.3359999999999998,0.1045831758445032
swimmer_kde,0.3389999999999999,0.1046209283597974
swimmer_kde,0.3420000000000001,0.1046910228370548
swimmer_kde,0.3450000000000002,0.1047526514271213
swimmer_kde,0.3479999999999998,0.1047636172235794
swimmer_kde,0.351,0.1046956728328415
swimmer_kde,0.3540000000000001,0.1045416945315828
swimmer_kde,0.3570000000000002,0.104316251087282
swimmer_kde,0.3599999999999999,0.1040535298423273
swimmer_kde,0.363,0.1038021395972432
swimmer_kde,0.3660000000000001,0.1036145458894164
swimmer_kde,0.3690000000000002,0.1035334704100959
swimmer_kde,0.3719999999999999,0.1035822565625796
swimmer_kde,0.375,0.1037644491103247
swimmer_kde,0.3780000000000001,0.1040714198390684
swimmer_kde,0.3810000000000002,0.1044920043449018
swimmer_kde,0.3839999999999999,0.1050171094575518
swimmer_kde,0.387,0.105633836456956
swimmer_kde,0.3900000000000001,0.1063086267335102
swimmer_kde,0.3930000000000002,0.1069681978126826
swimmer_kde,0.3959999999999999,0.1074945258838553
swimmer_kde,0.399,0.1077458477892927
swimmer_kde,0.4020000000000001,0.1075992641794506
swimmer_kde,0.4050000000000002,0.106995624054771
swimmer_kde,0.4079999999999999,0.1059670553724299
swimmer_kde,0.411,0.1046393528032568
swimmer_kde,0.4140000000000001,0.1032120135161225
swimmer_kde,0.4170000000000002,0.10192069474672
swimmer_kde,0.4199999999999999,0.1009858591434048
swimmer_kde,0.423,0.1005558632492109
swimmer_kde,0.4260000000000001,0.100662192252755
swimmer_kde,0.4290000000000002,0.101209086911818
swimmer_kde,0.4319999999999999,0.1020096887366849
swimmer_kde,0.435,0.102856786862464
swimmer_kde,0.4380000000000001,0.1035932060594837
swimmer_kde,0.4410000000000003,0.1041448435057809
swimmer_kde,0.4439999999999999,0.1045046417040279
swimmer_kde,0.447,0.1046905309934389
swimmer_kde,0.4500000000000002,0.1047159275540908
swimmer_kde,0.4530000000000003,0.1045947046542473
swimmer_kde,0.4559999999999999,0.1043686477740845
swimmer_kde,0.4590000000000001,0.1041238340434711
swimmer_kde,0.4620000000000002,0.1039718737465864
swimmer_kde,0.4649999999999998,0.1040042542713157
swimmer_kde,0.4679999999999999,0.1042537419739105
swimmer_kde,0.4710000000000001,0.1046912220680854
swimmer_kde,0.4740000000000002,0.1052546118047293
swimmer_kde,0.4769999999999998,0.1058805005710291
swimmer_kde,0.48,0.1065144443786017
swimmer_kde,0.4830000000000001,0.107103347053588
swimmer_kde,0.4860000000000002,0.1075908700210669
swimmer_kde,0.4889999999999999,0.1079269858366435
swimmer_kde,0.492,0.1080816839650121
swimmer_kde,0.4950000000000001,0.1080474965332816
swimmer_kde,0.4980000000000002,0.1078304961295856
swimmer_kde,0.5009999999999999,0.1074436327342293
swimmer_kde,0.504,0.1069114446707896
swimmer_kde,0.5070000000000001,0.1062785012338562
swimmer_kde,0.5100000000000002,0.1056073499271841
swimmer_kde,0.5129999999999999,0.1049634488732744
swimmer_kde,0.516,0.1043995805923984
swimmer_kde,0.5190000000000001,0.1039523288120461
swimmer_kde,0.5220000000000002,0.1036491006051876
swimmer_kde,0.5249999999999999,0.1035130253177404
swimmer_kde,0.528,0.1035571688444393
swimmer_kde,0.5310000000000001,0.103773488009179
swimmer_kde,0.5340000000000003,0.1041305174446609
swimmer_kde,0.5369999999999999,0.1045877023517471
swimmer_kde,0.54,0.1051181652486483
swimmer_kde,0.5430000000000001,0.1057197883124495
swimmer_kde,0.5460000000000003,0.1063995451162783
swimmer_kde,0.5489999999999999,0.1071374939701887
swimmer_kde,0.552,0.1078579932623608
swimmer_kde,0.5550000000000002,0.1084364035056867
swimmer_kde,0.5580000000000003,0.1087460332215159
swimmer_kde,0.5609999999999999,0.1087202743941387
swimmer_kde,0.5640000000000001,0.1083919149869345
swimmer_kde,0.5670000000000002,0.1078838782447218
swimmer_kde,0.5700000000000003,0.1073534752120553
swimmer_kde,0.573,0.1069191863947612
swimmer_kde,0.5760000000000001,0.1066110156338184
swimmer_kde,0.5790000000000002,0.1063741680998154
swimmer_kde,0.5820000000000003,0.106123598800984
swimmer_kde,0.585,0.1058128873274539
swimmer_kde,0.5880000000000001,0.1054716106212532
swimmer_kde,0.5910000000000002,0.1051903423729364
swimmer_kde,0.5939999999999999,0.105070082067387
swimmer_kde,0.597,0.1051709107188231
swimmer_kde,0.6000000000000001,0.1054838129514612
swimmer_kde,0.6030000000000002,0.1059299888984124
swimmer_kde,0.6059999999999999,0.1063839827648005
swimmer_kde,0.609,0.1067170037500001
swimmer_kde,0.6120000000000001,0.1068493918920426
swimmer_kde,0.6150000000000002,0.1067870671406769
swimmer_kde,0.6179999999999999,0.1066159485717935
swimmer_kde,0.621,0.1064525874478403
swimmer_kde,0.6240000000000001,0.1063819957801473
swimmer_kde,0.6270000000000002,0.1064243275856491
swimmer_kde,0.6299999999999999,0.1065490987565895
swimmer_kde,0.633,0.1067191830315409
swimmer_kde,0.6360000000000001,0.1069279917592259
swimmer_kde,0.6390000000000002,0.1072041888063148
swimmer_kde,0.6419999999999999,0.1075848998053827
swimmer_kde,0.645,0.1080785340267525
swimmer_kde,0.6480000000000001,0.1086415316255455
swimmer_kde,0.6510000000000002,0.1091828151977414
swimmer_kde,0.6539999999999999,0.1095935808379681
swimmer_kde,0.657,0.1097864014963954
swimmer_kde,0.6600000000000001,0.1097240552799666
swimmer_kde,0.6630000000000003,0.1094278194630522
swimmer_kde,0.6659999999999999,0.1089694649682316
swimmer_kde,0.669,0.1084572615324736
swimmer_kde,0.6720000000000002,0.1080190477977085
swimmer_kde,0.6750000000000003,0.1077758664378195
swimmer_kde,0.6779999999999999,0.1078030661288025
swimmer_kde,0.681,0.1080926298937539
swimmer_kde,0.6840000000000002,0.1085432349616995
swimmer_kde,0.6870000000000003,0.1089957402965968
swimmer_kde,0.69,0.1093040184785812
swimmer_kde,0.6930000000000001,0.1094057512231826
swimmer_kde,0.6960000000000002,0.1093545996213649
swimmer_kde,0.6990000000000003,0.109295109424607
swimmer_kde,0.702,0.1093907381406331
swimmer_kde,0.7050000000000001,0.1097383944235116
swimmer_kde,0.7080000000000002,0.1103109734188739
swimmer_kde,0.7110000000000003,0.1109587057300517
swimmer_kde,0.714,0.1114726601749791
swimmer_kde,0.7170000000000001,0.1116810555176758
swimmer_kde,0.7200000000000002,0.1115297398324168
swimmer_kde,0.7229999999999999,0.1111057610190752
swimmer_kde,0.726,0.1105944193299691
swimmer_kde,0.7290000000000001,0.1101966440273899
swimmer_kde,0.7320000000000002,0.1100525361384182
swimmer_kde,0.7349999999999999,0.1102076237214376
swimmer_kde,0.738,0.1106285979983829
swimmer_kde,0.7410000000000001,0.1112457951198022
swimmer_kde,0.7440000000000002,0.1119896715857156
swimmer_kde,0.7469999999999999,0.1128020983425153
swimmer_kde,0.75,0.1136267104102044
swimmer_kde,0.7530000000000001,0.1143960534877179
swimmer_kde,0.7560000000000002,0.1150290000894471
swimmer_kde,0.7589999999999999,0.1154398331246818
swimmer_kde,0.762,0.1155547549917563
swimmer_kde,0.7650000000000001,0.1153337573099446
swimmer_kde,0.7680000000000002,0.1147951957608936
swimmer_kde,0.7709999999999999,0.1140316019230575
swimmer_kde,0.774,0.1131980164737499
swimmer_kde,0.7770000000000001,0.1124630537984302
swimmer_kde,0.7800000000000002,0.1119388817978449
swimmer_kde,0.7829999999999999,0.1116308950069617
swimmer_kde,0.786,0.1114471098288933
swimmer_kde,0.7890000000000001,0.1112731677421823
swimmer_kde,0.7920000000000003,0.1110706174878182
swimmer_kde,0.7949999999999999,0.110930498502664
swimmer_kde,0.798,0.1110369788106391
swimmer_kde,0.8010000000000002,0.1115564772521905
swimmer_kde,0.8040000000000003,0.1125220694686451
swimmer_kde,0.8069999999999999,0.1137876394353918
swimmer_kde,0.81,0.1150774039588889
swimmer_kde,0.8130000000000002,0.1160945099897193
swimmer_kde,0.8160000000000003,0.1166248362746663
swimmer_kde,0.819,0.1165911245509727
swimmer_kde,0.8220000000000001,0.116050827982014
swimmer_kde,0.8250000000000002,0.1151559046126839
swimmer_kde,0.8280000000000003,0.1140966809700551
swimmer_kde,0.831,0.1130479902196613
swimmer_kde,0.8340000000000001,0.1121330400218198
swimmer_kde,0.8370000000000002,0.1114143325367216
swimmer_kde,0.8399999999999999,0.1109073753203484
swimmer_kde,0.843,0.110600583557265
swimmer_kde,0.8460000000000001,0.1104662573580037
swimmer_kde,0.8490000000000002,0.110462005758029
swimmer_kde,0.8519999999999999,0.1105341821347963
swimmer_kde,0.855,0.1106320650259675
swimmer_kde,0.8580000000000001,0.1107273727660913
swimmer_kde,0.8610000000000002,0.1108235904003333
swimmer_kde,0.8639999999999999,0.1109443712490799
swimmer_kde,0.867,0.1111063866492662
swimmer_kde,0.8700000000000001,0.111295649337941
swimmer_kde,0.8730000000000002,0.1114657635264516
swimmer_kde,0.8759999999999999,0.1115613324673744
swimmer_kde,0.879,0.1115509409781413
swimmer_kde,0.8820000000000001,0.1114461900073013
swimmer_kde,0.8850000000000002,0.1112931424126254
swimmer_kde,0.8879999999999999,0.1111430842811422
swimmer_kde,0.891,0.1110237691617608
swimmer_kde,0.8940000000000001,0.1109284017238587
swimmer_kde,0.8970000000000002,0.1108231719943009
swimmer_kde,0.8999999999999999,0.1106628741351468
swimmer_kde,0.903,0.1104074721425927
swimmer_kde,0.906,0.1100406317243244
swimmer_kde,0.9090000000000004,0.1095892445223881
swimmer_kde,0.912,0.1091321039445439
swimmer_kde,0.915,0.1087830631425223
swimmer_kde,0.918,0.1086489599694423
swimmer_kde,0.9210000000000004,0.1087834523709697
swimmer_kde,0.924,0.1091640697505624
swimmer_kde,0.927,0.1097049385412454
swimmer_kde,0.9300000000000002,0.1102950123896534
swimmer_kde,0.9330000000000004,0.1108388165010374
swimmer_kde,0.936,0.1112802983484489
swimmer_kde,0.939,0.1116044724466742
swimmer_kde,0.9420000000000002,0.1118253341186133
swimmer_kde,0.9450000000000004,0.1119733041420938
swimmer_kde,0.948,0.1120891849322042
swimmer_kde,0.951,0.1122207148928375
swimmer_kde,0.9540000000000002,0.1124129462277633
swimmer_kde,0.9570000000000004,0.112689749010069
swimmer_kde,0.96,0.1130345859305329
swimmer_kde,0.963,0.1133836963722822
swimmer_kde,0.9660000000000002,0.1136398615711305
swimmer_kde,0.969,0.1137046049425226
swimmer_kde,0.972,0.113517570235441
swimmer_kde,0.975,0.1130872026081218
swimmer_kde,0.9780000000000002,0.112497893775309
swimmer_kde,0.981,0.1118865733986034
swimmer_kde,0.984,0.1113956380126724
swimmer_kde,0.987,0.1111232526991739
swimmer_kde,0.9900000000000002,0.1110963245680679
swimmer_kde,0.993,0.1112791062047299
swimmer_kde,0.996,0.1116071645471331
swimmer_kde,0.999,0.1120198870627291
swimmer_kde,1.0019999999999998,0.1124697090096756
swimmer_kde,1.005,0.1129094326301439
swimmer_kde,1.008,0.1132796768201839
swimmer_kde,1.011,0.1135177194670382
swimmer_kde,1.0140000000000002,0.1135877741669457
swimmer_kde,1.0170000000000003,0.1135107369068384
swimmer_kde,1.0200000000000005,0.1133681870512925
swimmer_kde,1.0229999999999997,0.1132731875372103
swimmer_kde,1.0259999999999998,0.1133240334000445
swimmer_kde,1.029,0.113568169721532
swimmer_kde,1.032,0.1139947397361623
swimmer_kde,1.035,0.1145535051766135
swimmer_kde,1.0380000000000005,0.1151815298008969
swimmer_kde,1.0410000000000004,0.1158191247990297
swimmer_kde,1.0440000000000005,0.1164108998019614
swimmer_kde,1.0469999999999997,0.116902057454035
swimmer_kde,1.0499999999999998,0.117242185600124
swimmer_kde,1.053,0.117399891496843
swimmer_kde,1.056,0.1173817530248947
swimmer_kde,1.0590000000000002,0.1172450085610096
swimmer_kde,1.0620000000000005,0.1170946452928515
swimmer_kde,1.0650000000000004,0.117059954210599
swimmer_kde,1.0680000000000005,0.1172533694147189
swimmer_kde,1.0709999999999995,0.1177247770117909
swimmer_kde,1.0739999999999998,0.1184321957658933
swimmer_kde,1.077,0.1192475368191727
swimmer_kde,1.08,0.1200015883974831
swimmer_kde,1.0830000000000002,0.120551695823472
swimmer_kde,1.0860000000000003,0.120840682435762
swimmer_kde,1.0890000000000004,0.1209164106045116
swimmer_kde,1.0920000000000003,0.1208999246095655
swimmer_kde,1.0949999999999998,0.120917977282132
swimmer_kde,1.098,0.1210369749345133
swimmer_kde,1.101,0.1212350229136244
swimmer_kde,1.104,0.1214246400804296
swimmer_kde,1.1070000000000002,0.1215065440915011
swimmer_kde,1.1100000000000003,0.1214181344035058
swimmer_kde,1.1130000000000004,0.1211506670959802
swimmer_kde,1.1159999999999997,0.1207360142486568
swimmer_kde,1.1189999999999998,0.1202239168443999
swimmer_kde,1.122,0.1196690346924074
swimmer_kde,1.125,0.119130319227463
swimmer_kde,1.128,0.1186720615628262
swimmer_kde,1.1310000000000002,0.1183573918274797
swimmer_kde,1.1340000000000003,0.1182351515045125
swimmer_kde,1.1370000000000005,0.1183274194847948
swimmer_kde,1.1399999999999997,0.1186230864714183
swimmer_kde,1.1429999999999998,0.1190781826271765
swimmer_kde,1.146,0.1196220748241677
swimmer_kde,1.149,0.1201697708678836
swimmer_kde,1.152,0.1206401622438795
swimmer_kde,1.1550000000000002,0.1209761786766348
swimmer_kde,1.1580000000000004,0.1211585951621223
swimmer_kde,1.1610000000000005,0.1212059808847042
swimmer_kde,1.1639999999999997,0.1211608134048477
swimmer_kde,1.1669999999999998,0.121070700622086
swimmer_kde,1.17,0.1209753962251639
swimmer_kde,1.173,0.120902849469455
swimmer_kde,1.1760000000000002,0.1208691775182356
swimmer_kde,1.1790000000000005,0.1208773945881985
swimmer_kde,1.1820000000000004,0.1209164009301086
swimmer_kde,1.1850000000000005,0.1209651853749396
swimmer_kde,1.1879999999999995,0.1210029392430499
swimmer_kde,1.1909999999999998,0.1210200636720785
swimmer_kde,1.194,0.1210244742434271
swimmer_kde,1.197,0.1210401116101621
swimmer_kde,1.2000000000000002,0.1210956644659925
swimmer_kde,1.2030000000000003,0.1212037687062863
swimmer_kde,1.2060000000000004,0.1213390653741876
swimmer_kde,1.2090000000000003,0.1214320326908306
swimmer_kde,1.2119999999999995,0.121391264596293
swimmer_kde,1.215,0.121147057964612
swimmer_kde,1.218,0.1206901469728598
swimmer_kde,1.221,0.1200805670031451
swimmer_kde,1.2240000000000002,0.1194228397026284
swimmer_kde,1.2270000000000003,0.1188251916518761
swimmer_kde,1.2300000000000004,0.1183651656940413
swimmer_kde,1.2329999999999997,0.1180735600952999
swimmer_kde,1.2359999999999998,0.1179365513235497
swimmer_kde,1.239,0.1179099048363984
swimmer_kde,1.242,0.11793725886454
swimmer_kde,1.245,0.1179640318892605
swimmer_kde,1.2480000000000002,0.1179421073798339
swimmer_kde,1.2510000000000003,0.1178292538214306
swimmer_kde,1.2540000000000004,0.1175940500215145
swimmer_kde,1.2569999999999997,0.1172321399560054
swimmer_kde,1.2599999999999998,0.1167843623538983
swimmer_kde,1.263,0.1163374573775096
swimmer_kde,1.266,0.1159978352141349
swimmer_kde,1.269,0.1158521732224915
swimmer_kde,1.2720000000000002,0.1159419696037201
swimmer_kde,1.2750000000000004,0.1162673324420549
swimmer_kde,1.2780000000000005,0.1168096641467562
swimmer_kde,1.2809999999999997,0.1175494129987251
swimmer_kde,1.2839999999999998,0.1184651215819101
swimmer_kde,1.287,0.1195201924749564
swimmer_kde,1.29,0.1206539252991691
swimmer_kde,1.293,0.1217873483056945
swimmer_kde,1.2960000000000005,0.1228409568330621
swimmer_kde,1.2990000000000004,0.1237519369027918
swimmer_kde,1.3020000000000005,0.1244786772392039
swimmer_kde,1.3049999999999995,0.1249902679137649
swimmer_kde,1.3079999999999998,0.1252519832411268
swimmer_kde,1.311,0.1252235495262859
swimmer_kde,1.314,0.1248782978494987
swimmer_kde,1.3170000000000002,0.1242339030003256
swimmer_kde,1.3200000000000005,0.1233740808254671
swimmer_kde,1.3230000000000004,0.1224443084981213
swimmer_kde,1.3260000000000003,0.1216187036304341
swimmer_kde,1.3289999999999995,0.121049276340822
swimmer_kde,1.332,0.1208171067598957
swimmer_kde,1.335,0.120906040597392
swimmer_kde,1.338,0.1212113684468102
swimmer_kde,1.3410000000000002,0.12157979489363
swimmer_kde,1.3440000000000003,0.1218621607641223
swimmer_kde,1.3470000000000004,0.1219579844286669
swimmer_kde,1.3500000000000003,0.1218406534990364
swimmer_kde,1.3529999999999998,0.1215617422334339
swimmer_kde,1.356,0.1212339478128799
swimmer_kde,1.359,0.1209912754543654
swimmer_kde,1.362,0.1209342129012113
swimmer_kde,1.3650000000000002,0.1210839903413719
swimmer_kde,1.3680000000000003,0.1213747766704781
swimmer_kde,1.3710000000000004,0.1216929830112127
swimmer_kde,1.3739999999999997,0.121940697122521
swimmer_kde,1.3769999999999998,0.1220830510345096
swimmer_kde,1.38,0.1221523576162818
swimmer_kde,1.383,0.1222135933986122
swimmer_kde,1.386,0.1223196612428563
swimmer_kde,1.3890000000000002,0.1224837293133802
swimmer_kde,1.3920000000000003,0.1226763010204964
swimmer_kde,1.3950000000000005,0.1228380304476954
swimmer_kde,1.3979999999999997,0.1228990907303349
swimmer_kde,1.4009999999999998,0.1228041088647092
swimmer_kde,1.404,0.122541307520738
swimmer_kde,1.407,0.1221632330267959
swimmer_kde,1.41,0.1217807545372925
swimmer_kde,1.4130000000000005,0.1215253086929562
swimmer_kde,1.4160000000000004,0.1214976467905457
swimmer_kde,1.4190000000000005,0.1217320353460598
swimmer_kde,1.4219999999999997,0.1221928162140374
swimmer_kde,1.4249999999999998,0.1227983092230834
swimmer_kde,1.428,0.123454643263107
swimmer_kde,1.431,0.1240843430133922
swimmer_kde,1.4340000000000002,0.1246419589065819
swimmer_kde,1.4370000000000005,0.1251137027277048
swimmer_kde,1.4400000000000004,0.1255020748136075
swimmer_kde,1.4430000000000005,0.1258042727922228
swimmer_kde,1.4459999999999995,0.1260007273102942
swimmer_kde,1.4489999999999998,0.1260668830276615
swimmer_kde,1.452,0.126003770210366
swimmer_kde,1.455,0.1258635447091383
swimmer_kde,1.4580000000000002,0.1257446753187392
swimmer_kde,1.4610000000000003,0.1257532661216234
swimmer_kde,1.4640000000000004,0.1259540821784217
swimmer_kde,1.4670000000000003,0.1263429450107475
swimmer_kde,1.4699999999999998,0.1268557436472566
swimmer_kde,1.473,0.1274043883800475
swimmer_kde,1.476,0.1279151345332432
swimmer_kde,1.479,0.1283464238143331
swimmer_kde,1.4820000000000002,0.1286784994464989
swimmer_kde,1.4850000000000003,0.1288876509995602
swimmer_kde,1.4880000000000004,0.12893154798514
swimmer_kde,1.4909999999999997,0.1287661901981225
swimmer_kde,1.4939999999999998,0.1283895006583014
swimmer_kde,1.497,0.1278798399853513
swimmer_kde,1.5,0.1273935882853984
swimmer_kde,1.503,0.1271117393956714
swimmer_kde,1.5060000000000002,0.1271624121407078
swimmer_kde,1.5090000000000003,0.12756412410368
swimmer_kde,1.5120000000000005,0.1282193782737668
swimmer_kde,1.5149999999999997,0.1289546886149224
swimmer_kde,1.5179999999999998,0.129580434935911
swimmer_kde,1.521,0.1299458173717939
swimmer_kde,1.524,0.129978978636345
swimmer_kde,1.527,0.1297099622037719
swimmer_kde,1.5300000000000002,0.1292696966212729
swimmer_kde,1.5330000000000004,0.128855337145859
swimmer_kde,1.5360000000000005,0.1286643266902985
swimmer_kde,1.5389999999999997,0.1288211130338766
swimmer_kde,1.5419999999999998,0.1293315861147503
swimmer_kde,1.545,0.1300878932002454
swimmer_kde,1.548,0.1309185257302065
swimmer_kde,1.5510000000000002,0.1316563609797108
swimmer_kde,1.5540000000000005,0.1321941173569614
swimmer_kde,1.5570000000000004,0.1325091133621626
swimmer_kde,1.5600000000000005,0.1326553643992691
swimmer_kde,1.5629999999999995,0.1327323503273589
swimmer_kde,1.5659999999999998,0.1328442958325052
swimmer_kde,1.569,0.1330629241658869
swimmer_kde,1.572,0.133402825425792
swimmer_kde,1.5750000000000002,0.1338145670711884
swimmer_kde,1.5780000000000003,0.1341977182639976
swimmer_kde,1.5810000000000004,0.1344326157135741
swimmer_kde,1.5840000000000003,0.13442375458811
swimmer_kde,1.5869999999999995,0.1341398812581462
swimmer_kde,1.59,0.1336316544321757
swimmer_kde,1.593,0.1330140265114489
swimmer_kde,1.596,0.1324180357829129
swimmer_kde,1.5990000000000002,0.13193566368596
swimmer_kde,1.6020000000000003,0.1315876323165
swimmer_kde,1.6050000000000004,0.1313315669467652
swimmer_kde,1.6080000000000003,0.1311046506804309
swimmer_kde,1.6109999999999998,0.1308755866284926
swimmer_kde,1.614,0.1306764430068242
swimmer_kde,1.617,0.1305972594826426
swimmer_kde,1.62,0.1307474088879023
swimmer_kde,1.6230000000000002,0.1312055742044011
swimmer_kde,1.6260000000000003,0.131985270628242
swimmer_kde,1.6290000000000004,0.133032814985439
swimmer_kde,1.6319999999999997,0.134255086896481
swimmer_kde,1.6349999999999998,0.1355569142194593
swimmer_kde,1.638,0.1368649153858509
swimmer_kde,1.641,0.1381294800893809
swimmer_kde,1.644,0.1393166604418881
swimmer_kde,1.6470000000000002,0.1404075237271311
swimmer_kde,1.6500000000000004,0.1414077676901092
swimmer_kde,1.6530000000000005,0.1423509367768909
swimmer_kde,1.6559999999999997,0.1432768836891841
swimmer_kde,1.6589999999999998,0.1441886300813208
swimmer_kde,1.662,0.1450170257114382
swimmer_kde,1.665,0.1456277332249749
swimmer_kde,1.668,0.145879621235244
swimmer_kde,1.6710000000000005,0.145704553082429
swimmer_kde,1.6740000000000004,0.1451568428402021
swimmer_kde,1.6770000000000005,0.1443963964581303
swimmer_kde,1.6799999999999995,0.1436139886839965
swimmer_kde,1.6829999999999998,0.1429474529894833
swimmer_kde,1.686,0.1424425985656183
swimmer_kde,1.689,0.1420786602080834
swimmer_kde,1.6920000000000002,0.1418318173062105
swimmer_kde,1.6950000000000005,0.1417265031098245
swimmer_kde,1.6980000000000004,0.141838025846544
swimmer_kde,1.7010000000000003,0.1422479549485636
swimmer_kde,1.7039999999999995,0.1429868989210033
swimmer_kde,1.707,0.1440052739559257
swimmer_kde,1.71,0.1451902529043048
swimmer_kde,1.713,0.1464154609323835
swimmer_kde,1.7160000000000002,0.1475925416251098
swimmer_kde,1.7190000000000003,0.1486989321816103
swimmer_kde,1.7220000000000004,0.1497732262829009
swimmer_kde,1.7250000000000003,0.1508830903792817
swimmer_kde,1.7279999999999998,0.1520774381874565
swimmer_kde,1.731,0.1533407198349242
swimmer_kde,1.734,0.154572745905427
swimmer_kde,1.737,0.1556114657679475
swimmer_kde,1.7400000000000002,0.1562930293028881
swimmer_kde,1.7430000000000003,0.1565181646594008
swimmer_kde,1.7460000000000004,0.1562896911919412
swimmer_kde,1.7489999999999997,0.1557069774083192
swimmer_kde,1.7519999999999998,0.1549283558000284
swimmer_kde,1.755,0.1541213756440716
swimmer_kde,1.758,0.1534158269759408
swimmer_kde,1.761,0.1528712554909366
swimmer_kde,1.7640000000000002,0.1524726421776815
swimmer_kde,1.7670000000000003,0.1521626788961202
swimmer_kde,1.7700000000000005,0.1518992847876716
swimmer_kde,1.7729999999999997,0.1517053730618681
swimmer_kde,1.7759999999999998,0.1516764503159178
swimmer_kde,1.779,0.151937862376139
swimmer_kde,1.782,0.1525790799515346
swimmer_kde,1.785,0.1536075132569598
swimmer_kde,1.7880000000000005,0.1549455050729426
swimmer_kde,1.7910000000000004,0.156459087089313
swimmer_kde,1.7940000000000005,0.1579890656712916
swimmer_kde,1.7969999999999997,0.1593695769865524
swimmer_kde,1.7999999999999998,0.1604472603920913
swimmer_kde,1.803,0.1611212204437826
swimmer_kde,1.806,0.1613978286273848
swimmer_kde,1.809,0.1614208491458011
swimmer_kde,1.8120000000000005,0.1614350577596157
swimmer_kde,1.8150000000000004,0.1616819063552137
swimmer_kde,1.8180000000000005,0.1622792943128466
swimmer_kde,1.8209999999999995,0.1631595692573947
swimmer_kde,1.824,0.1641096569348498
swimmer_kde,1.827,0.1648938152668494
swimmer_kde,1.83,0.1653863233607109
swimmer_kde,1.833,0.1656351469580559
swimmer_kde,1.8360000000000003,0.165823146248521
swimmer_kde,1.8390000000000004,0.1661591681770832
swimmer_kde,1.8420000000000003,0.1667708778963749
swimmer_kde,1.845,0.1676587412005865
swimmer_kde,1.848,0.168721804194826
swimmer_kde,1.851,0.1698217331748597
swimmer_kde,1.854,0.1708408257763415
swimmer_kde,1.857,0.1717087592897661
swimmer_kde,1.8600000000000003,0.1723987996827255
swimmer_kde,1.8630000000000004,0.1729098407576249
swimmer_kde,1.8659999999999997,0.1732527588947088
swimmer_kde,1.869,0.1734508199616302
swimmer_kde,1.872,0.1735485691843534
swimmer_kde,1.875,0.1736122716957114
swimmer_kde,1.878,0.1737107135367132
swimmer_kde,1.881,0.1738868891817799
swimmer_kde,1.8840000000000003,0.1741466828876099
swimmer_kde,1.8870000000000005,0.1744790698292516
swimmer_kde,1.8899999999999997,0.1748915755937742
swimmer_kde,1.893,0.1754267158279782
swimmer_kde,1.896,0.1761400326535141
swimmer_kde,1.899,0.177053901100516
swimmer_kde,1.902,0.1781224536064228
swimmer_kde,1.905,0.1792365789719819
swimmer_kde,1.9080000000000004,0.1802732499447895
swimmer_kde,1.9110000000000005,0.181167222158554
swimmer_kde,1.9139999999999997,0.1819665299100001
swimmer_kde,1.917,0.1828341150010465
swimmer_kde,1.92,0.1839819504485916
swimmer_kde,1.923,0.1855635872131661
swimmer_kde,1.926,0.1875814264630323
swimmer_kde,1.9290000000000005,0.1898622315047671
swimmer_kde,1.9320000000000004,0.1921176539272819
swimmer_kde,1.9350000000000005,0.1940592936178616
swimmer_kde,1.9379999999999995,0.1955089012367552
swimmer_kde,1.941,0.1964496900114043
swimmer_kde,1.944,0.1969999217244906
swimmer_kde,1.947,0.1973331317758475
swimmer_kde,1.95,0.197594273301148
swimmer_kde,1.9530000000000003,0.1978546260038252
swimmer_kde,1.9560000000000004,0.198119133085118
swimmer_kde,1.9590000000000003,0.1983696157381857
swimmer_kde,1.9619999999999995,0.1986137709067123
swimmer_kde,1.965,0.1989154041182881
swimmer_kde,1.968,0.1993953338540627
swimmer_kde,1.971,0.2002036004461665
swimmer_kde,1.974,0.2014704709917766
swimmer_kde,1.9770000000000003,0.2032510850907886
swimmer_kde,1.9800000000000004,0.2054859742585051
swimmer_kde,1.9830000000000003,0.2079988159617622
swimmer_kde,1.986,0.2105387966756461
swimmer_kde,1.989,0.2128548419750383
swimmer_kde,1.992,0.2147744095477547
swimmer_kde,1.995,0.2162557787231629
swimmer_kde,1.998,0.2173898842624986
swimmer_kde,2.0010000000000003,0.2183474294042539
swimmer_kde,2.0040000000000004,0.2192968255083006
swimmer_kde,2.0069999999999997,0.2203401253626107
swimmer_kde,2.01,0.2215031276559929
swimmer_kde,2.013,0.2227731600141786
swimmer_kde,2.016,0.224140950683731
swimmer_kde,2.019,0.2256088138389874
swimmer_kde,2.022,0.2271689284054858
swimmer_kde,2.0250000000000004,0.2287876711131894
swimmer_kde,2.0280000000000005,0.2304240172986776
swimmer_kde,2.0309999999999997,0.2320764535762212
swimmer_kde,2.034,0.2338280455910331
swimmer_kde,2.037,0.2358582139298938
swimmer_kde,2.04,0.238404904154309
swimmer_kde,2.043,0.2416834876862596
swimmer_kde,2.0460000000000003,0.2457938504535905
swimmer_kde,2.0490000000000004,0.2506623008585905
swimmer_kde,2.0520000000000005,0.2560540456386312
swimmer_kde,2.0549999999999997,0.2616551200235675
swimmer_kde,2.058,0.2671826411674601
swimmer_kde,2.061,0.2724665647125953
swimmer_kde,2.064,0.2774650645040276
swimmer_kde,2.067,0.2822166449024855
swimmer_kde,2.0700000000000003,0.2867693646129675
swimmer_kde,2.0730000000000004,0.2911379682994277
swimmer_kde,2.0760000000000005,0.2953173362743587
swimmer_kde,2.0789999999999997,0.2993414421647815
swimmer_kde,2.082,0.3033474168866755
swimmer_kde,2.085,0.3076011803162408
swimmer_kde,2.088,0.3124617044043443
swimmer_kde,2.091,0.3182916319613222
swimmer_kde,2.0940000000000003,0.325350474742366
swimmer_kde,2.0970000000000004,0.3337223238111524
swimmer_kde,2.1000000000000005,0.3433200888813666
swimmer_kde,2.103,0.3539683634171087
swimmer_kde,2.106,0.365517760531822
swimmer_kde,2.109,0.3779229829828916
swimmer_kde,2.112,0.3912452402500618
swimmer_kde,2.115,0.4055959626893479
swimmer_kde,2.1180000000000003,0.4210790582467247
swimmer_kde,2.1210000000000004,0.4377850914861415
swimmer_kde,2.1239999999999997,0.4558493187234289
swimmer_kde,2.127,0.4755366304399949
swimmer_kde,2.13,0.4972925236133764
swimmer_kde,2.133,0.5217174897544045
swimmer_kde,2.136,0.549473604999906
swimmer_kde,2.139,0.5811834571954186
swimmer_kde,2.1420000000000003,0.6173970102882538
swimmer_kde,2.1450000000000005,0.6586703767411882
swimmer_kde,2.1479999999999997,0.7057437577389822
swimmer_kde,2.151,0.7597619926603285
swimmer_kde,2.154,0.8224770445803256
swimmer_kde,2.157,0.896406148446985
swimmer_kde,2.16,0.984967367769954
swimmer_kde,2.1630000000000003,1.092651780780494
swimmer_kde,2.1660000000000004,1.2253192863074367
swimmer_kde,2.1690000000000005,1.3907355125817076
swimmer_kde,2.1719999999999997,1.599456367886812
swimmer_kde,2.175,1.8659416162558935
swimmer_kde,2.178,2.20908644000138
swimmer_kde,2.181,2.6501720524641748
swimmer_kde,2.184,3.2052843949838725
swimmer_kde,2.1870000000000003,3.8702874393983975
swimmer_kde,2.1900000000000004,4.601229958773056
swimmer_kde,2.1930000000000005,5.300718121080717
swimmer_kde,2.1959999999999997,5.825564254879696
swimmer_kde,2.199,6.024943797824526
swimmer_kde,2.202,5.799608029189768
swimmer_kde,2.205,5.152693058509499
swimmer_kde,2.208,4.199745015759224
swimmer_kde,2.2110000000000003,3.127508765856738
swimmer_kde,2.2140000000000004,2.1233909250895873
swimmer_kde,2.2170000000000005,1.3145868233084734
swimmer_kde,2.22,0.7449720502461279
swimmer_kde,2.223,0.39068793510262
swimmer_kde,2.226,0.1945335661559417
swimmer_kde,2.229,0.0969886980458459
swimmer_kde,2.232,0.0527819291571272
swimmer_kde,2.2350000000000003,0.0339651269822162
swimmer_kde,2.2380000000000004,0.0259236166119513
swimmer_kde,2.2410000000000005,0.0220232162566473
swimmer_kde,2.244,0.0196045496019444
swimmer_kde,2.247,0.0177175668192253
swimmer_kde,2.25,0.0160614293876928
swimmer_kde,2.253,0.0145509384841301
swimmer_kde,2.256,0.0131569880536371
swimmer_kde,2.2590000000000003,0.0118588512102387
swimmer_kde,2.2620000000000005,0.0106414325240612
swimmer_kde,2.2649999999999997,0.0095050699962784
swimmer_kde,2.268,0.0084684837008401
swimmer_kde,2.271,0.0075573797352085
swimmer_kde,2.274,0.0067846503402588
swimmer_kde,2.277,0.0061361070756931
swimmer_kde,2.28,0.0055722774329877
swimmer_kde,2.2830000000000004,0.0050449405988403
swimmer_kde,2.2860000000000005,0.0045170844784305
swimmer_kde,2.2889999999999997,0.0039746922154527
swimmer_kde,2.292,0.0034264487769515
swimmer_kde,2.295,0.0028950844841295
swimmer_kde,2.298,0.0024063635069106
swimmer_kde,2.301,0.0019799394481045
swimmer_kde,2.3040000000000003,0.0016241620151644
swimmer_kde,2.3070000000000004,0.001335710417643
swimmer_kde,2.3100000000000005,0.001103581192411
swimmer_kde,2.3129999999999997,0.0009150867035133
swimmer_kde,2.316,0.0007604938451312
swimmer_kde,2.319,0.0006340726493443
swimmer_kde,2.322,0.0005320546631257
swimmer_kde,2.325,0.0004501311231581
swimmer_kde,2.3280000000000003,0.0003828704433643
swimmer_kde,2.3310000000000004,0.0003251855232955
swimmer_kde,2.3340000000000005,0.000273984436903
swimmer_kde,2.3369999999999997,0.0002282718637539
swimmer_kde,2.34,0.0001878169841663
swimmer_kde,2.343,0.0001519307980561
swimmer_kde,2.346,0.0001194901837636
swimmer_kde,2.349,8.984837696320341e-05
swimmer_kde,2.3520000000000003,6.343834940818786e-05
swimmer_kde,2.3550000000000004,4.1411809729470114e-05
swimmer_kde,2.3580000000000005,2.470747583403249e-05
swimmer_kde,2.361,1.3368570973992592e-05
swimmer_kde,2.364,6.527344260480184e-06
swimmer_kde,2.367,2.8671523955210117e-06
swimmer_kde,2.37,1.1308891375472372e-06
swimmer_kde,2.373,4.000909425066725e-07
swimmer_kde,2.3760000000000003,1.2687483860288692e-07
swimmer_kde,2.3790000000000004,3.6049145369703747e-08
swimmer_kde,2.3819999999999997,9.175094657276718e-09
swimmer_kde,2.385,2.091493049465051e-09
swimmer_kde,2.388,4.2696361989832543e-10
swimmer_kde,2.391,7.805242594480049e-11
swimmer_kde,2.394,1.2776853992172314e-11
swimmer_kde,2.397,1.8727908897940185e-12
swimmer_kde,2.4000000000000004,2.457939581434268e-13
swimmer_kde,2.4030000000000005,2.8884183269388745e-14
swimmer_kde,2.4059999999999997,3.03911648024319e-15
swimmer_kde,2.409,2.8630235537047315e-16
swimmer_kde,2.412,2.414821881240621e-17
swimmer_kde,2.415,1.823561314005078e-18
swimmer_kde,2.418,1.2328871592423583e-19
swimmer_kde,2.4210000000000003,7.462540053078864e-21
swimmer_kde,2.4240000000000004,4.0439258197092044e-22
swimmer_kde,2.4270000000000005,1.9618495303807545e-23
swimmer_kde,2.4299999999999997,8.520540597988793e-25
swimmer_kde,2.433,3.3128408229869813e-26
swimmer_kde,2.436,1.1530790383868275e-27
swimmer_kde,2.439,3.5928237432298893e-29
swimmer_kde,2.442,1.0021308568462373e-30
swimmer_kde,2.4450000000000003,2.5021776423715087e-32
swimmer_kde,2.4480000000000004,5.592560111726205e-34
swimmer_kde,2.4510000000000005,1.1189116198559906e-35
swimmer_kde,2.4539999999999997,2.0038603348144447e-37
swimmer_kde,2.457,3.21232705821862e-39
swimmer_kde,2.46,4.60942731718009e-41
swimmer_kde,2.463,5.9202974760150354e-43
swimmer_kde,2.466,6.806189465773698e-45
swimmer_kde,2.4690000000000003,7.00363112752419e-47
swimmer_kde,2.4720000000000004,6.450541419434103e-49
swimmer_kde,2.4750000000000005,5.3176269735569103e-51
swimmer_kde,2.478,3.923590370630579e-53
swimmer_kde,2.481,2.5911288318112405e-55
swimmer_kde,2.484,1.5315442262494613e-57
swimmer_kde,2.487,8.102164684553089e-60
swimmer_kde,2.49,3.8361849911369534e-62
swimmer_kde,2.4930000000000003,1.6256277048360777e-64
swimmer_kde,2.4960000000000004,6.165410499423601e-67
swimmer_kde,2.499000000000001,2.0927564641035337e-69
swimmer_kde,2.502,6.357520340282373e-72
swimmer_kde,2.505,1.7284862333296357e-74
swimmer_kde,2.508,4.2058139909714905e-77
swimmer_kde,2.511,9.158770449659074e-80
swimmer_kde,2.514,1.7849432077073646e-82
swimmer_kde,2.5170000000000003,3.113214277845178e-85
swimmer_kde,2.5200000000000005,4.859464326816346e-88
swimmer_kde,2.5229999999999997,6.78828499817383e-91
swimmer_kde,2.526,8.486363813742247e-94
swimmer_kde,2.529,9.494473159468125e-97
swimmer_kde,2.532,9.506170179955035e-100
swimmer_kde,2.535,8.517727310445356e-103
swimmer_kde,2.5380000000000003,6.830041724950866e-106
swimmer_kde,2.5410000000000004,4.901201927359019e-109
swimmer_kde,2.5440000000000005,3.1474560628414323e-112
swimmer_kde,2.5469999999999997,1.8088098427684338e-115
swimmer_kde,2.55,9.302521900810705e-119
swimmer_kde,2.553,4.2813646359126013e-122
swimmer_kde,2.556,1.9853700558149588e-124
swimmer_kde,2.559,4.243854520976171e-121
swimmer_kde,2.5620000000000003,8.908788333817e-118
swimmer_kde,2.5650000000000004,1.6734853312985233e-114
swimmer_kde,2.5680000000000005,2.8130036100011467e-111
swimmer_kde,2.5709999999999997,4.231202193707806e-108
swimmer_kde,2.574,5.695113437771552e-105
swimmer_kde,2.577,6.8593993648101315e-102
swimmer_kde,2.58,7.392901313763433e-99
swimmer_kde,2.583,7.129988659690706e-96
swimmer_kde,2.5860000000000003,6.153297025451465e-93
swimmer_kde,2.5890000000000004,4.751951832377592e-90
swimmer_kde,2.5920000000000005,3.2838347201202673e-87
swimmer_kde,2.595,2.0306527379746647e-84
swimmer_kde,2.598,1.123660570987042e-81
swimmer_kde,2.601,5.563905341526605e-79
swimmer_kde,2.604,2.465298059107163e-76
swimmer_kde,2.607,9.774718182014501e-74
swimmer_kde,2.6100000000000003,3.468040545603618e-71
swimmer_kde,2.6130000000000004,1.1010554671338371e-68
swimmer_kde,2.6160000000000005,3.1280907155053943e-66
swimmer_kde,2.619,7.952333609147659e-64
swimmer_kde,2.622,1.8090682544802856e-61
swimmer_kde,2.625,3.682649824175006e-59
swimmer_kde,2.628,6.708277299027477e-57
swimmer_kde,2.631,1.09346956299006e-54
swimmer_kde,2.6340000000000003,1.5949515725943753e-52
swimmer_kde,2.6370000000000005,2.0817732013303297e-50
swimmer_kde,2.6399999999999997,2.431444921414897e-48
swimmer_kde,2.643,2.541210076711596e-46
swimmer_kde,2.646,2.3766312952971653e-44
swimmer_kde,2.649,1.9889696880030188e-42
swimmer_kde,2.652,1.489496981876081e-40
swimmer_kde,2.655,9.981508954821783e-39
swimmer_kde,2.6580000000000004,5.98546484036787e-37
swimmer_kde,2.6610000000000005,3.211771776777973e-35
swimmer_kde,2.6639999999999997,1.542185377608796e-33
swimmer_kde,2.667,6.626338149905842e-32
swimmer_kde,2.67,2.5477435951350463e-30
swimmer_kde,2.673,8.765626314500217e-29
swimmer_kde,2.676,2.6987042714792984e-27
swimmer_kde,2.6790000000000003,7.434859238997881e-26
swimmer_kde,2.6820000000000004,1.8328854130903e-24
swimmer_kde,2.6850000000000005,4.043365390097473e-23
swimmer_kde,2.6879999999999997,7.981706864923579e-22
swimmer_kde,2.691,1.4099173945305296e-20
swimmer_kde,2.694,2.228623334243824e-19
swimmer_kde,2.697,3.1522800126394125e-18
swimmer_kde,2.7,3.98986327368704e-17
swimmer_kde,2.7030000000000003,4.518937643069266e-16
swimmer_kde,2.7060000000000004,4.579940056050119e-15
swimmer_kde,2.7090000000000005,4.1536351811665624e-14
swimmer_kde,2.7119999999999997,3.370870084174301e-13
swimmer_kde,2.715,2.447940121862395e-12
swimmer_kde,2.718,1.5907600522658116e-11
swimmer_kde,2.721,9.250254301462032e-11
swimmer_kde,2.724,4.813353723629872e-10
swimmer_kde,2.7270000000000003,2.241232927958179e-09
swimmer_kde,2.7300000000000004,9.338375234337555e-09
swimmer_kde,2.7330000000000005,3.4817754374474274e-08
swimmer_kde,2.736,1.1616500186624113e-07
swimmer_kde,2.739,3.468126742920628e-07
swimmer_kde,2.742,9.26530514939672e-07
swimmer_kde,2.745,2.2149789544685236e-06
swimmer_kde,2.748,4.738322225395893e-06
swimmer_kde,2.7510000000000003,9.070363424241118e-06
swimmer_kde,2.7540000000000004,1.5537097664916865e-05
swimmer_kde,2.757000000000001,2.381552792731156e-05
swimmer_kde,2.76,3.26659761519669e-05
swimmer_kde,2.763,4.009370386762283e-05
swimmer_kde,2.766,4.403538788329669e-05
swimmer_kde,2.769,4.3278538270902495e-05
swimmer_kde,2.772,3.806172368818144e-05
swimmer_kde,2.7750000000000004,2.9953627891231436e-05
swimmer_kde,2.7780000000000005,2.109383374107443e-05
swimmer_kde,2.7809999999999997,1.3292501474495256e-05
swimmer_kde,2.784,7.495541746157307e-06
swimmer_kde,2.787,3.782199838843288e-06
swimmer_kde,2.79,1.7077780353528617e-06
swimmer_kde,2.793,6.900332092609879e-07
swimmer_kde,2.7960000000000003,2.49551549964495e-07
swimmer_kde,2.7990000000000004,8.108453914165577e-08
swimmer_kde,2.8020000000000005,2.511513112302434e-08
swimmer_kde,2.8049999999999997,1.3468485464777852e-08
swimmer_kde,2.808,2.9566136075173888e-08
swimmer_kde,2.811,9.601284577280465e-08
swimmer_kde,2.814,2.911873772575305e-07
swimmer_kde,2.817,7.92361673444418e-07
swimmer_kde,2.8200000000000003,1.929703381340044e-06
swimmer_kde,2.8230000000000004,4.205397995969314e-06
swimmer_kde,2.8260000000000005,8.201041769964306e-06
swimmer_kde,2.8289999999999997,1.4311200644669064e-05
swimmer_kde,2.832,2.234746308119861e-05
swimmer_kde,2.835,3.122665726049685e-05
swimmer_kde,2.838,3.9045220044812486e-05
swimmer_kde,2.841,4.368731590384664e-05
swimmer_kde,2.8440000000000003,4.374092484821318e-05
swimmer_kde,2.8470000000000004,3.91891343078305e-05
swimmer_kde,2.8500000000000005,3.1418720054888005e-05
swimmer_kde,2.853,2.254013004880385e-05
swimmer_kde,2.856,1.4470030827997572e-05
swimmer_kde,2.859,8.312422427107599e-06
swimmer_kde,2.862,4.272980044507353e-06
swimmer_kde,2.865,1.9655279952059557e-06
swimmer_kde,2.8680000000000003,8.09045065367063e-07
swimmer_kde,2.8710000000000004,2.979965957904591e-07
swimmer_kde,2.874000000000001,9.82188856612466e-08
swimmer_kde,2.877,2.8968353555251443e-08
swimmer_kde,2.88,7.645356342902845e-09
swimmer_kde,2.883,1.8055801114878923e-09
swimmer_kde,2.886,3.8157586948499456e-10
swimmer_kde,2.889,7.215894131686451e-11
swimmer_kde,2.8920000000000003,1.2210811112207829e-11
swimmer_kde,2.8950000000000005,1.8490301118250783e-12
swimmer_kde,2.8979999999999997,2.5054662934592333e-13
swimmer_kde,2.901,3.0379334460882826e-14
swimmer_kde,2.904,3.296196213850117e-15
swimmer_kde,2.907,3.2003167698230795e-16
swimmer_kde,2.91,2.7804685583963706e-17
swimmer_kde,2.9130000000000003,2.161663650507477e-18
swimmer_kde,2.9160000000000004,1.5038459867187336e-19
swimmer_kde,2.9190000000000005,9.361893853243403e-21
swimmer_kde,2.9219999999999997,5.215178461237281e-22
swimmer_kde,2.925,2.5996791209261893e-23
swimmer_kde,2.928,1.1596192819753443e-24
swimmer_kde,2.931,4.62867001303377e-26
swimmer_kde,2.934,1.6532636700313937e-27
swimmer_kde,2.9370000000000003,5.284125633108413e-29
swimmer_kde,2.9400000000000004,1.5112950402728489e-30
swimmer_kde,2.9430000000000005,3.8678577161127005e-32
swimmer_kde,2.9459999999999997,8.85802358594229e-34
swimmer_kde,2.949,1.8152994878970693e-35
swimmer_kde,2.952,3.3289314185242972e-37
swimmer_kde,2.955,5.4626895661908986e-39
swimmer_kde,2.958,8.021457822820072e-41
swimmer_kde,2.9610000000000003,1.054011131712922e-42
swimmer_kde,2.9640000000000004,1.2393164121082385e-44
swimmer_kde,2.9670000000000005,1.3039601360777956e-46
swimmer_kde,2.97,1.2276979715323724e-48
swimmer_kde,2.973,1.0343413147681516e-50
swimmer_kde,2.976,7.797965618153045e-53
swimmer_kde,2.979,5.260704044875181e-55
swimmer_kde,2.982,3.17578822595204e-57
swimmer_kde,2.9850000000000003,1.7155536673691984e-59
swimmer_kde,2.9880000000000004,8.292819123569628e-62
swimmer_kde,2.9910000000000005,3.587114071008017e-64
swimmer_kde,2.994,1.38845974269018e-66
swimmer_kde,2.997,4.809129889284345e-69
swimmer_kde,3.0,1.490544107420581e-71
