series,x,y
KDE,-0.5,0.0
KDE,0.0,0.0
KDE,-0.498046875,0.0
KDE,-0.494140625,0.0
KDE,-0.490234375,0.0
KDE,-0.486328125,0.0
KDE,-0.482421875,0.0
KDE,-0.478515625,0.0
KDE,-0.474609375,0.0
KDE,-0.470703125,0.0
KDE,-0.466796875,0.0
KDE,-0.462890625,0.0
KDE,-0.458984375,0.0
KDE,-0.455078125,0.0
KDE,-0.451171875,0.0
KDE,-0.447265625,0.0
KDE,-0.443359375,0.0
KDE,-0.439453125,0.0
KDE,-0.435546875,0.0
KDE,-0.431640625,0.0
KDE,-0.427734375,0.0
KDE,-0.423828125,0.0
KDE,-0.419921875,0.0
KDE,-0.416015625,0.0
KDE,-0.412109375,0.0
KDE,-0.408203125,0.0
KDE,-0.404296875,0.0
KDE,-0.400390625,0.0
KDE,-0.396484375,0.0
KDE,-0.392578125,0.0
KDE,-0.388671875,0.0
KDE,-0.384765625,0.0
KDE,-0.380859375,0.0
KDE,-0.376953125,0.0
KDE,-0.373046875,0.0
KDE,-0.369140625,0.0
KDE,-0.365234375,0.0
KDE,-0.361328125,0.0
KDE,-0.357421875,0.0
KDE,-0.353515625,0.0
KDE,-0.349609375,0.0
KDE,-0.345703125,0.0
KDE,-0.341796875,0.0
KDE,-0.337890625,0.0
KDE,-0.333984375,0.0
KDE,-0.330078125,0.0
KDE,-0.326171875,0.0
KDE,-0.322265625,0.0
KDE,-0.318359375,0.0
KDE,-0.314453125,0.0
KDE,-0.310546875,0.0
KDE,-0.306640625,0.0
KDE,-0.302734375,0.0
KDE,-0.298828125,0.0
KDE,-0.294921875,0.0
KDE,-0.291015625,0.0
KDE,-0.287109375,0.0
KDE,-0.283203125,0.0
KDE,-0.279296875,0.0
KDE,-0.275390625,0.0
KDE,-0.271484375,0.0
KDE,-0.267578125,0.0
KDE,-0.263671875,0.0
KDE,-0.259765625,0.0
KDE,-0.255859375,0.0
KDE,-0.251953125,0.0
KDE,-0.248046875,0.0
KDE,-0.244140625,0.0
KDE,-0.240234375,0.0
KDE,-0.236328125,0.0
KDE,-0.232421875,0.0
KDE,-0.228515625,0.0
KDE,-0.224609375,0.0
KDE,-0.220703125,0.0
KDE,-0.216796875,0.0
KDE,-0.212890625,0.0
KDE,-0.208984375,0.0
KDE,-0.205078125,0.0
KDE,-0.201171875,0.0
KDE,-0.197265625,0.0
KDE,-0.193359375,0.0
KDE,-0.189453125,0.0
KDE,-0.185546875,0.0
KDE,-0.181640625,0.0
KDE,-0.177734375,0.0
KDE,-0.173828125,0.0
KDE,-0.169921875,0.0
KDE,-0.166015625,0.0
KDE,-0.162109375,0.0
KDE,-0.158203125,0.0
KDE,-0.154296875,0.0
KDE,-0.150390625,0.0
KDE,-0.146484375,0.0
KDE,-0.142578125,0.0
KDE,-0.138671875,0.0
KDE,-0.134765625,0.0
KDE,-0.130859375,0.0
KDE,-0.126953125,0.0
KDE,-0.123046875,0.0
KDE,-0.119140625,0.0
KDE,-0.115234375,0.0
KDE,-0.111328125,0.0
KDE,-0.107421875,0.0
KDE,-0.103515625,0.0
KDE,-0.099609375,0.0
KDE,-0.095703125,1.1843964388805277e-12
KDE,-0.091796875,2.0832653502388078e-11
KDE,-0.087890625,1.9682289418320782e-10
KDE,-0.083984375,1.0954118808047222e-09
KDE,-0.080078125,3.85274096605366e-09
KDE,-0.076171875,9.652006873291508e-09
KDE,-0.072265625,2.0754132492120426e-08
KDE,-0.068359375,4.5993535301395256e-08
KDE,-0.064453125,1.0875968141617206e-07
KDE,-0.060546875,2.531500462724484e-07
KDE,-0.056640625,5.460703382697429e-07
KDE,-0.052734375,1.0745881065462326e-06
KDE,-0.048828125,1.9133397937079453e-06
KDE,-0.044921875,3.0527803947153393e-06
KDE,-0.041015625,4.371255916418201e-06
KDE,-0.037109375,5.690561438019796e-06
KDE,-0.033203125,6.8527950797484225e-06
KDE,-0.029296875,7.790216355563183e-06
KDE,-0.025390625,8.569467234746795e-06
KDE,-0.021484375,9.386461826473371e-06
KDE,-0.017578125,1.054501264226683e-05
KDE,-0.013671875,1.240377676761321e-05
KDE,-0.009765625,1.5239013131193501e-05
KDE,-0.005859375,1.9181989755126617e-05
KDE,-0.001953125,2.4378194126584544e-05
KDE,0.001953125,3.122405889701973e-05
KDE,0.005859375,4.0655350004298184e-05
KDE,0.009765625,5.4702694213757076e-05
KDE,0.013671875,7.761278895468438e-05
KDE,0.017578125,0.00011825667404150408
KDE,0.021484375,0.0001951677763527538
KDE,0.025390625,0.00034529359134972607
KDE,0.029296875,0.0006351731307184014
KDE,0.033203125,0.0011677130084700668
KDE,0.037109375,0.0020714002902781667
KDE,0.041015625,0.0034832551899808143
KDE,0.044921875,0.0056004202695328804
KDE,0.048828125,0.008785374350686923
KDE,0.052734375,0.013479859502020703
KDE,0.056640625,0.01996665149258378
KDE,0.060546875,0.028317617121339886
KDE,0.064453125,0.038323084434841115
KDE,0.068359375,0.04935105072301742
KDE,0.072265625,0.06062071544832258
KDE,0.076171875,0.07163662861710832
KDE,0.080078125,0.08223541177626488
KDE,0.083984375,0.09240040970614548
KDE,0.087890625,0.10214681216231433
KDE,0.091796875,0.11149457912074034
KDE,0.095703125,0.12046637643744787
KDE,0.099609375,0.12908508529892976
KDE,0.103515625,0.13736950892403738
KDE,0.107421875,0.14533305930908008
KDE,0.111328125,0.15298746437454608
KDE,0.115234375,0.16034751299954614
KDE,0.119140625,0.16743105005050835
KDE,0.123046875,0.1742557894151992
KDE,0.126953125,0.18083672700381953
KDE,0.130859375,0.1871855782474026
KDE,0.134765625,0.19331255115758447
KDE,0.138671875,0.19922683798540172
KDE,0.142578125,0.20493614389255466
KDE,0.146484375,0.2104482674760746
KDE,0.150390625,0.21577149855636696
KDE,0.154296875,0.22091364797761312
KDE,0.158203125,0.22588350295659845
KDE,0.162109375,0.23069130912458216
KDE,0.166015625,0.2353454321134906
KDE,0.169921875,0.239851771140052
KDE,0.173828125,0.24421725822186513
KDE,0.177734375,0.24844979053258281
KDE,0.181640625,0.25255455088101525
KDE,0.185546875,0.25653337722881503
KDE,0.189453125,0.2603877076310842
KDE,0.193359375,0.2641209595030321
KDE,0.197265625,0.26773918227461424
KDE,0.201171875,0.2712494257604801
KDE,0.205078125,0.2746563316095381
KDE,0.208984375,0.2779621989960726
KDE,0.212890625,0.2811710016399363
KDE,0.216796875,0.2842897158996101
KDE,0.220703125,0.28732572558364283
KDE,0.224609375,0.29028415433280425
KDE,0.228515625,0.29316732807404444
KDE,0.232421875,0.29597656835436786
KDE,0.236328125,0.29871363349209445
KDE,0.240234375,0.3013806768048971
KDE,0.244140625,0.303980609087411
KDE,0.248046875,0.3065169786086932
KDE,0.251953125,0.3089921778527485
KDE,0.255859375,0.31140639681456733
KDE,0.259765625,0.3137590486056375
KDE,0.263671875,0.31605077422358285
KDE,0.267578125,0.31828387483450826
KDE,0.271484375,0.32046162000954087
KDE,0.275390625,0.32258718828892113
KDE,0.279296875,0.3246621588193827
KDE,0.283203125,0.3266857416589822
KDE,0.287109375,0.3286562678178896
KDE,0.291015625,0.33057399630641854
KDE,0.294921875,0.3324415339692205
KDE,0.298828125,0.33426132144352233
KDE,0.302734375,0.33603471005392954
KDE,0.306640625,0.33776322152710425
KDE,0.310546875,0.3394485578984858
KDE,0.314453125,0.34109217128618236
KDE,0.318359375,0.34269591033488733
KDE,0.322265625,0.3442619053788359
KDE,0.326171875,0.34579191601892545
KDE,0.330078125,0.3472874042101685
KDE,0.333984375,0.348749266303293
KDE,0.337890625,0.35017756009305234
KDE,0.341796875,0.3515724636010447
KDE,0.345703125,0.35293513483776784
KDE,0.349609375,0.35426739719720124
KDE,0.353515625,0.3555710333182695
KDE,0.357421875,0.35684721273485376
KDE,0.361328125,0.3580962548948362
KDE,0.365234375,0.359318146896602
KDE,0.369140625,0.36051296038543557
KDE,0.373046875,0.361680627817386
KDE,0.376953125,0.36282110120622446
KDE,0.380859375,0.36393468320172084
KDE,0.384765625,0.36502237798559345
KDE,0.388671875,0.3660862942113567
KDE,0.392578125,0.3671291685549177
KDE,0.396484375,0.36815338864068314
KDE,0.400390625,0.36916054804013276
KDE,0.404296875,0.37015140779621064
KDE,0.408203125,0.371126160104339
KDE,0.412109375,0.3720849341784444
KDE,0.416015625,0.3730276535569856
KDE,0.419921875,0.37395355459613244
KDE,0.423828125,0.3748615398727974
KDE,0.427734375,0.3757509616726242
KDE,0.431640625,0.3766222768510856
KDE,0.435546875,0.3774769973189011
KDE,0.439453125,0.3783163684692435
KDE,0.443359375,0.37914058440538395
KDE,0.447265625,0.37994958160471837
KDE,0.451171875,0.3807436138413945
KDE,0.455078125,0.3815229375893229
KDE,0.458984375,0.38228760331072964
KDE,0.462890625,0.3830376746857697
KDE,0.466796875,0.38377380688046614
KDE,0.470703125,0.3844973041407905
KDE,0.474609375,0.38520891237578725
KDE,0.478515625,0.38590826859837757
KDE,0.482421875,0.3865947712358581
KDE,0.486328125,0.387268100268889
KDE,0.490234375,0.38792841980699255
KDE,0.494140625,0.38857661443850006
KDE,0.498046875,0.38921383472405824
KDE,0.501953125,0.3898410466182691
KDE,0.505859375,0.3904591214431267
KDE,0.509765625,0.3910687619355492
KDE,0.513671875,0.39167038968559376
KDE,0.517578125,0.3922642045545756
KDE,0.521484375,0.3928501996821371
KDE,0.525390625,0.39342828219560755
KDE,0.529296875,0.39399876813054263
KDE,0.533203125,0.3945625718947333
KDE,0.537109375,0.3951202363469082
KDE,0.541015625,0.39567133150826905
KDE,0.544921875,0.3962152088601571
KDE,0.548828125,0.3967516138949408
KDE,0.552734375,0.3972805083145383
KDE,0.556640625,0.3978018794847125
KDE,0.560546875,0.3983160553810362
KDE,0.564453125,0.39882355535624353
KDE,0.568359375,0.3993241511747472
KDE,0.572265625,0.39981686978334735
KDE,0.576171875,0.40030080881252195
KDE,0.580078125,0.40077559272502106
KDE,0.583984375,0.40124190416579764
KDE,0.587890625,0.40170145100913696
KDE,0.591796875,0.4021557445769147
KDE,0.595703125,0.4026052683209459
KDE,0.599609375,0.40304981387838945
KDE,0.603515625,0.40348911265967446
KDE,0.607421875,0.4039231840359231
KDE,0.611328125,0.4043524543557813
KDE,0.615234375,0.4047775524771072
KDE,0.619140625,0.4051988297777475
KDE,0.623046875,0.4056162492413906
KDE,0.626953125,0.40602975856813084
KDE,0.630859375,0.4064396875523866
KDE,0.634765625,0.4068467501991093
KDE,0.638671875,0.4072515275480142
KDE,0.642578125,0.40765412195218603
KDE,0.646484375,0.40805438150281254
KDE,0.650390625,0.40845189325661524
KDE,0.654296875,0.4088459111834728
KDE,0.658203125,0.4092358917717739
KDE,0.662109375,0.4096216769322083
KDE,0.666015625,0.41000319553309084
KDE,0.669921875,0.41038058916409653
KDE,0.673828125,0.41075441858507317
KDE,0.677734375,0.41112550663588426
KDE,0.681640625,0.41149462596331526
KDE,0.685546875,0.41186211210542
KDE,0.689453125,0.4122276125578028
KDE,0.693359375,0.41259039741850345
KDE,0.697265625,0.4129499562256317
KDE,0.701171875,0.41330635512282227
KDE,0.705078125,0.4136602031743998
KDE,0.708984375,0.4140121745637718
KDE,0.712890625,0.41436252373648247
KDE,0.716796875,0.4147109602927083
KDE,0.720703125,0.41505701783772175
KDE,0.724609375,0.41540081395165424
KDE,0.728515625,0.4157431273295689
KDE,0.732421875,0.416084518094788
KDE,0.736328125,0.4164249758408944
KDE,0.740234375,0.41676443758668896
KDE,0.744140625,0.4171028879455027
KDE,0.748046875,0.41744015775020293
KDE,0.751953125,0.41777626300692083
KDE,0.755859375,0.4181117045993076
KDE,0.759765625,0.41844723545212054
KDE,0.763671875,0.418783510355714
KDE,0.767578125,0.4191207163308522
KDE,0.771484375,0.41945851720051086
KDE,0.775390625,0.41979663408700785
KDE,0.779296875,0.42013510670479737
KDE,0.783203125,0.4204737645458743
KDE,0.787109375,0.42081216051989206
KDE,0.791015625,0.4211501645908524
KDE,0.794921875,0.4214878767091699
KDE,0.798828125,0.421825150677055
KDE,0.802734375,0.4221620158024533
KDE,0.806640625,0.4224994251646597
KDE,0.810546875,0.4228386783089197
KDE,0.814453125,0.423180084937222
KDE,0.818359375,0.42352284897267917
KDE,0.822265625,0.4238660264064914
KDE,0.826171875,0.42420916280634874
KDE,0.830078125,0.4245523039948469
KDE,0.833984375,0.4248957232305256
KDE,0.837890625,0.42523960234164765
KDE,0.841796875,0.4255840003412441
KDE,0.845703125,0.42592906757342247
KDE,0.849609375,0.4262748499297696
KDE,0.853515625,0.4266209198761887
KDE,0.857421875,0.42696692731805674
KDE,0.861328125,0.42731323568287405
KDE,0.865234375,0.42766037382618716
KDE,0.869140625,0.42800873240720294
KDE,0.873046875,0.4283589454923993
KDE,0.876953125,0.4287114236972423
KDE,0.880859375,0.4290655806805106
KDE,0.884765625,0.42942021489344473
KDE,0.888671875,0.42977472126791805
KDE,0.892578125,0.43012943889760336
KDE,0.896484375,0.43048462221707556
KDE,0.900390625,0.4308398080650418
KDE,0.904296875,0.43119441471636727
KDE,0.908203125,0.43154834456105545
KDE,0.912109375,0.43190206243481083
KDE,0.916015625,0.4322563367971592
KDE,0.919921875,0.4326117029028225
KDE,0.923828125,0.43296843341668567
KDE,0.927734375,0.4333270003837016
KDE,0.931640625,0.4336877770434408
KDE,0.935546875,0.4340505643538046
KDE,0.939453125,0.43441516488543364
KDE,0.943359375,0.4347819219399594
KDE,0.947265625,0.43515132539037754
KDE,0.951171875,0.4355233729447775
KDE,0.955078125,0.4358973322079503
KDE,0.958984375,0.4362722811545419
KDE,0.962890625,0.43664814118424167
KDE,0.966796875,0.43702603978974885
KDE,0.970703125,0.43740730935644
KDE,0.974609375,0.43779226411379657
KDE,0.978515625,0.4381801981550452
KDE,0.982421875,0.4385699431975575
KDE,0.986328125,0.43896042348473524
KDE,0.990234375,0.43935139364569653
KDE,0.994140625,0.4397433616381687
KDE,0.998046875,0.4401368352797219
KDE,1.001953125,0.4405320210255724
KDE,1.005859375,0.4409286593677468
KDE,1.009765625,0.4413260649996031
KDE,1.013671875,0.44172390501882514
KDE,1.017578125,0.4421227375800107
KDE,1.021484375,0.44252337160732436
KDE,1.025390625,0.4429259407619795
KDE,1.029296875,0.443329958184166
KDE,1.033203125,0.44373497834369663
KDE,1.037109375,0.4441408930885804
KDE,1.041015625,0.4445478152865183
KDE,1.044921875,0.44495590239338983
KDE,1.048828125,0.4453653770414853
KDE,1.052734375,0.44577648933430913
KDE,1.056640625,0.4461893710092719
KDE,1.060546875,0.44660413486629924
KDE,1.064453125,0.44702090108452897
KDE,1.068359375,0.44743999559862635
KDE,1.072265625,0.4478622231321463
KDE,1.076171875,0.4482879165239974
KDE,1.080078125,0.44871591527948773
KDE,1.083984375,0.44914458348188685
KDE,1.087890625,0.44957364601521665
KDE,1.091796875,0.4500044035273653
KDE,1.095703125,0.45043803371766844
KDE,1.099609375,0.45087422672529237
KDE,1.103515625,0.45131193785071533
KDE,1.107421875,0.4517507179173924
KDE,1.111328125,0.4521907591490389
KDE,1.115234375,0.4526323296124276
KDE,1.119140625,0.453075682282997
KDE,1.123046875,0.4535210251377518
KDE,1.126953125,0.4539683678383712
KDE,1.130859375,0.45441781990472085
KDE,1.134765625,0.45486958113874304
KDE,1.138671875,0.4553233500603362
KDE,1.142578125,0.4557783820927946
KDE,1.146484375,0.45623400664966074
KDE,1.150390625,0.45668996289996167
KDE,1.154296875,0.45714693048054567
KDE,1.158203125,0.4576068216947795
KDE,1.162109375,0.45807165800008476
KDE,1.166015625,0.4585417590809331
KDE,1.169921875,0.4590154863072289
KDE,1.173828125,0.4594907933815159
KDE,1.177734375,0.45996663101093704
KDE,1.181640625,0.46044298739129
KDE,1.185546875,0.46092054688003226
KDE,1.189453125,0.46140064107491013
KDE,1.193359375,0.46188456995175226
KDE,1.197265625,0.4623727910798824
KDE,1.201171875,0.462865160345005
KDE,1.205078125,0.4633612466610304
KDE,1.208984375,0.46386017600362456
KDE,1.212890625,0.4643611214602498
KDE,1.216796875,0.4648640387599189
KDE,1.220703125,0.4653693601956637
KDE,1.224609375,0.46587715890899767
KDE,1.228515625,0.46638716791474316
KDE,1.232421875,0.46689959247275953
KDE,1.236328125,0.4674150902930551
KDE,1.240234375,0.4679342147005032
KDE,1.244140625,0.4684575703309381
KDE,1.248046875,0.46898559032051895
KDE,1.251953125,0.469517945681972
KDE,1.255859375,0.470053891885449
KDE,1.259765625,0.470593067538468
KDE,1.263671875,0.471135650225751
KDE,1.267578125,0.47168172731854086
KDE,1.271484375,0.47223082659734794
KDE,1.275390625,0.47278235560187454
KDE,1.279296875,0.47333625015853875
KDE,1.283203125,0.4738931021176552
KDE,1.287109375,0.4744538775728132
KDE,1.291015625,0.4750193686037609
KDE,1.294921875,0.4755898025763235
KDE,1.298828125,0.47616506517408014
KDE,1.302734375,0.47674521069971776
KDE,1.306640625,0.47733059926415444
KDE,1.310546875,0.47792159459178984
KDE,1.314453125,0.4785183427323173
KDE,1.318359375,0.47912091348213565
KDE,1.322265625,0.47972936635834945
KDE,1.326171875,0.4803433982881677
KDE,1.330078125,0.48096235583241786
KDE,1.333984375,0.48158599168993516
KDE,1.337890625,0.4822147337880329
KDE,1.341796875,0.4828490725863035
KDE,1.345703125,0.48348931512454085
KDE,1.349609375,0.4841355815023599
KDE,1.353515625,0.4847873681719079
KDE,1.357421875,0.4854438348354388
KDE,1.361328125,0.48610494058430886
KDE,1.365234375,0.48677170741715114
KDE,1.369140625,0.48744512306562704
KDE,1.373046875,0.4881252609732612
KDE,1.376953125,0.48881185199626365
KDE,1.380859375,0.4895051121699449
KDE,1.384765625,0.4902058386376189
KDE,1.388671875,0.4909151423942484
KDE,1.392578125,0.4916338251817153
KDE,1.396484375,0.49236192237913395
KDE,1.400390625,0.4930987398602049
KDE,1.404296875,0.4938433490587452
KDE,1.408203125,0.49459528401053116
KDE,1.412109375,0.495354310519106
KDE,1.416015625,0.49612011421364627
KDE,1.419921875,0.4968931844380615
KDE,1.423828125,0.49767510351514055
KDE,1.427734375,0.49846727850272654
KDE,1.431640625,0.49927019403649653
KDE,1.435546875,0.5000839735763517
KDE,1.439453125,0.5009086323435733
KDE,1.443359375,0.5017437726637916
KDE,1.447265625,0.5025886351993808
KDE,1.451171875,0.5034424546971391
KDE,1.455078125,0.5043050720764695
KDE,1.458984375,0.5051774072177888
KDE,1.462890625,0.5060609456958308
KDE,1.466796875,0.5069568532052563
KDE,1.470703125,0.5078654084379735
KDE,1.474609375,0.508785931487944
KDE,1.478515625,0.5097186234765708
KDE,1.482421875,0.5106664283034599
KDE,1.486328125,0.5116329063278124
KDE,1.490234375,0.512619320970343
KDE,1.494140625,0.5136253750758276
KDE,1.498046875,0.5146509628594034
KDE,1.501953125,0.5156963978277369
KDE,1.505859375,0.5167620862311273
KDE,1.509765625,0.5178481826615511
KDE,1.513671875,0.5189545959146964
KDE,1.517578125,0.5200816789200016
KDE,1.521484375,0.5212305575673943
KDE,1.525390625,0.5224027523197475
KDE,1.529296875,0.5236003510804768
KDE,1.533203125,0.5248260341059107
KDE,1.537109375,0.5260817339170819
KDE,1.541015625,0.5273682338960919
KDE,1.544921875,0.5286863867063835
KDE,1.548828125,0.5300372378884528
KDE,1.552734375,0.5314216517113581
KDE,1.556640625,0.5328413045332353
KDE,1.560546875,0.534298857216505
KDE,1.564453125,0.535796619265392
KDE,1.568359375,0.5373364240961678
KDE,1.572265625,0.5389208215134764
KDE,1.576171875,0.5405535148761024
KDE,1.580078125,0.5422380828072669
KDE,1.583984375,0.5439766003173085
KDE,1.587890625,0.5457703477815838
KDE,1.591796875,0.5476214437188538
KDE,1.595703125,0.5495326891905221
KDE,1.599609375,0.5515056038633419
KDE,1.603515625,0.5535392120122098
KDE,1.607421875,0.555631208191956
KDE,1.611328125,0.5577798376857429
KDE,1.615234375,0.5599834917106705
KDE,1.619140625,0.5622386208279738
KDE,1.623046875,0.5645395520076821
KDE,1.626953125,0.5668804287494219
KDE,1.630859375,0.569256473569211
KDE,1.634765625,0.5716640777525874
KDE,1.638671875,0.574099489327326
KDE,1.642578125,0.5765566744145328
KDE,1.646484375,0.579028277553598
KDE,1.650390625,0.5815085767058112
KDE,1.654296875,0.5839940738071593
KDE,1.658203125,0.5864821189194974
KDE,1.662109375,0.5889692480037354
KDE,1.666015625,0.5914508687170597
KDE,1.669921875,0.59392304641686
KDE,1.673828125,0.5963833544555696
KDE,1.677734375,0.5988297092116868
KDE,1.681640625,0.6012608609387333
KDE,1.685546875,0.603677372226431
KDE,1.689453125,0.6060798803191312
KDE,1.693359375,0.6084676304591788
KDE,1.697265625,0.6108393857326457
KDE,1.701171875,0.6131944039894325
KDE,1.705078125,0.6155328808727886
KDE,1.708984375,0.6178565576174243
KDE,1.712890625,0.6201675866912524
KDE,1.716796875,0.6224665695664953
KDE,1.720703125,0.6247526850622613
KDE,1.724609375,0.6270243299119442
KDE,1.728515625,0.6292796281712022
KDE,1.732421875,0.6315179269201663
KDE,1.736328125,0.6337399601216448
KDE,1.740234375,0.6359460578238326
KDE,1.744140625,0.638135605491873
KDE,1.748046875,0.6403085793411356
KDE,1.751953125,0.6424660170474707
KDE,1.755859375,0.6446085670394036
KDE,1.759765625,0.6467359155365255
KDE,1.763671875,0.6488473472048057
KDE,1.767578125,0.6509422206236798
KDE,1.771484375,0.6530205609260907
KDE,1.775390625,0.6550837379724113
KDE,1.779296875,0.6571338492101585
KDE,1.783203125,0.6591725879447808
KDE,1.787109375,0.6612019488911767
KDE,1.791015625,0.6632242968504749
KDE,1.794921875,0.6652409376163809
KDE,1.798828125,0.6672521225659578
KDE,1.802734375,0.6692577708302558
KDE,1.806640625,0.6712576034204855
KDE,1.810546875,0.6732510931613938
KDE,1.814453125,0.6752374434412199
KDE,1.818359375,0.6772158438419998
KDE,1.822265625,0.6791859212938821
KDE,1.826171875,0.6811476788571709
KDE,1.830078125,0.6831009620492114
KDE,1.833984375,0.6850459219697183
KDE,1.837890625,0.6869835367520823
KDE,1.841796875,0.6889147773181974
KDE,1.845703125,0.6908411870120427
KDE,1.849609375,0.6927656180127271
KDE,1.853515625,0.6946892568245274
KDE,1.857421875,0.6966098331678894
KDE,1.861328125,0.6985247046425566
KDE,1.865234375,0.7004334794542548
KDE,1.869140625,0.7023375087662627
KDE,1.873046875,0.7042383518036773
KDE,1.876953125,0.7061361982222841
KDE,1.880859375,0.7080295868704931
KDE,1.884765625,0.7099173406534126
KDE,1.888671875,0.7117997954217324
KDE,1.892578125,0.7136778867031808
KDE,1.896484375,0.7155528004989057
KDE,1.900390625,0.7174256355613418
KDE,1.904296875,0.7192959647378369
KDE,1.908203125,0.721162612094878
KDE,1.912109375,0.7230263066188332
KDE,1.916015625,0.7248896149093811
KDE,1.919921875,0.7267540475570682
KDE,1.923828125,0.7286187737934595
KDE,1.927734375,0.7304821730683184
KDE,1.931640625,0.732343375996744
KDE,1.935546875,0.7342028058743414
KDE,1.939453125,0.7360620022270674
KDE,1.943359375,0.7379224591577032
KDE,1.947265625,0.7397840101468051
KDE,1.951171875,0.7416447230827496
KDE,1.955078125,0.743503499387239
KDE,1.958984375,0.7453618270278825
KDE,1.962890625,0.7472217373238154
KDE,1.966796875,0.7490834712646326
KDE,1.970703125,0.750946046920234
KDE,1.974609375,0.7528087619955209
KDE,1.978515625,0.7546714659839804
KDE,1.982421875,0.756533684312303
KDE,1.986328125,0.7583934671917516
KDE,1.990234375,0.7602480857736366
KDE,1.994140625,0.7620967769326611
KDE,1.998046875,0.7639416139730334
KDE,2.001953125,0.7657852190224356
KDE,2.005859375,0.7676288441775906
KDE,2.009765625,0.7694727170510292
KDE,2.013671875,0.7713170412530611
KDE,2.017578125,0.7731614734033042
KDE,2.021484375,0.7750042189213525
KDE,2.025390625,0.7768437418141972
KDE,2.029296875,0.7786808963071382
KDE,2.033203125,0.7805175981270089
KDE,2.037109375,0.782354788662893
KDE,2.041015625,0.7841926520037852
KDE,2.044921875,0.7860308594981806
KDE,2.048828125,0.7878684688864955
KDE,2.052734375,0.7897044430364736
KDE,2.056640625,0.7915386885893948
KDE,2.060546875,0.7933730661076591
KDE,2.064453125,0.7952096986408828
KDE,2.068359375,0.7970480290655794
KDE,2.072265625,0.7988854600824423
KDE,2.076171875,0.8007200150040863
KDE,2.080078125,0.8025513855616315
KDE,2.083984375,0.8043806191674537
KDE,2.087890625,0.806208552398667
KDE,2.091796875,0.8080348625869784
KDE,2.095703125,0.8098599720880465
KDE,2.099609375,0.8116855750261341
KDE,2.103515625,0.813511764054455
KDE,2.107421875,0.8153364798624899
KDE,2.111328125,0.8171582319592516
KDE,2.115234375,0.8189769587930816
KDE,2.119140625,0.8207936604480461
KDE,2.123046875,0.8226108973744969
KDE,2.126953125,0.8244316020187705
KDE,2.130859375,0.8262567837485265
KDE,2.134765625,0.828085373378057
KDE,2.138671875,0.8299159304673536
KDE,2.142578125,0.8317480475420315
KDE,2.146484375,0.8335820689813768
KDE,2.150390625,0.8354178844699458
KDE,2.154296875,0.837254587358499
KDE,2.158203125,0.8390910999178514
KDE,2.162109375,0.8409268246873631
KDE,2.166015625,0.8427617488964309
KDE,2.169921875,0.8445961581171163
KDE,2.173828125,0.8464303230980694
KDE,2.177734375,0.8482644097602233
KDE,2.181640625,0.8500984642724517
KDE,2.185546875,0.8519324887288174
KDE,2.189453125,0.8537671005047976
KDE,2.193359375,0.8556040132692424
KDE,2.197265625,0.8574447404855026
KDE,2.201171875,0.8592887809640934
KDE,2.205078125,0.8611345229942884
KDE,2.208984375,0.862981121289094
KDE,2.212890625,0.8648284618676764
KDE,2.216796875,0.8666768631159646
KDE,2.220703125,0.8685267346014142
KDE,2.224609375,0.8703778426679123
KDE,2.228515625,0.8722294832420178
KDE,2.232421875,0.8740811736769809
KDE,2.236328125,0.8759331230336161
KDE,2.240234375,0.8777858611892762
KDE,2.244140625,0.8796395725134711
KDE,2.248046875,0.8814945504898044
KDE,2.251953125,0.8833511596144141
KDE,2.255859375,0.8852086109183088
KDE,2.259765625,0.8870649556623151
KDE,2.263671875,0.8889186137028979
KDE,2.267578125,0.890769911284444
KDE,2.271484375,0.8926210622774355
KDE,2.275390625,0.8944737037043164
KDE,2.279296875,0.8963268491008588
KDE,2.283203125,0.8981784076218515
KDE,2.287109375,0.9000272312857873
KDE,2.291015625,0.9018728650585757
KDE,2.294921875,0.9037156518718769
KDE,2.298828125,0.9055573941223515
KDE,2.302734375,0.9074003986944823
KDE,2.306640625,0.9092461238621201
KDE,2.310546875,0.9110950733143228
KDE,2.314453125,0.9129469207652289
KDE,2.318359375,0.91480024588411
KDE,2.322265625,0.9166531870907807
KDE,2.326171875,0.9185045042842954
KDE,2.330078125,0.9203532752464213
KDE,2.333984375,0.9221987409216279
KDE,2.337890625,0.9240414455840849
KDE,2.341796875,0.9258824958363822
KDE,2.345703125,0.9277218686965731
KDE,2.349609375,0.9295598288555943
KDE,2.353515625,0.9313979460018362
KDE,2.357421875,0.9332368426293609
KDE,2.361328125,0.9350753153411365
KDE,2.365234375,0.9369122625976478
KDE,2.369140625,0.938748068833645
KDE,2.373046875,0.9405843264677489
KDE,2.376953125,0.9424226592013739
KDE,2.380859375,0.9442637437529848
KDE,2.384765625,0.9461072403389783
KDE,2.388671875,0.9479524350004784
KDE,2.392578125,0.9497995768461636
KDE,2.396484375,0.9516501172530474
KDE,2.400390625,0.9535047662153946
KDE,2.404296875,0.9553622254226822
KDE,2.408203125,0.9572203383748352
KDE,2.412109375,0.9590780235979267
KDE,2.416015625,0.9609359231449952
KDE,2.419921875,0.9627955590279904
KDE,2.423828125,0.9646581408709245
KDE,2.427734375,0.966523663663371
KDE,2.431640625,0.968390948964389
KDE,2.435546875,0.970258651476948
KDE,2.439453125,0.9721255556239419
KDE,2.443359375,0.9739902292908105
KDE,2.447265625,0.9758511377754386
KDE,2.451171875,0.9777072438329455
KDE,2.455078125,0.9795587035496457
KDE,2.458984375,0.9814064439413441
KDE,2.462890625,0.9832515614814752
KDE,2.466796875,0.9850959400427342
KDE,2.470703125,0.98694249344853
KDE,2.474609375,0.9887941538063115
KDE,2.478515625,0.9906525821801496
KDE,2.482421875,0.9925175128990708
KDE,2.486328125,0.9943868109300452
KDE,2.490234375,0.9962576559466029
KDE,2.494140625,0.9981286474043232
KDE,2.498046875,1.0
MTM full,-0.5,0.0
MTM full,0.0,0.0
MTM full,-0.498046875,0.0
MTM full,-0.494140625,0.0
MTM full,-0.490234375,0.0
MTM full,-0.486328125,0.0
MTM full,-0.482421875,0.0
MTM full,-0.478515625,0.0
MTM full,-0.474609375,0.0
MTM full,-0.470703125,0.0
MTM full,-0.466796875,0.0
MTM full,-0.462890625,0.0
MTM full,-0.458984375,0.0
MTM full,-0.455078125,0.0
MTM full,-0.451171875,0.0
MTM full,-0.447265625,0.0
MTM full,-0.443359375,0.0
MTM full,-0.439453125,0.0
MTM full,-0.435546875,0.0
MTM full,-0.431640625,0.0
MTM full,-0.427734375,0.0
MTM full,-0.423828125,0.0
MTM full,-0.419921875,0.0
MTM full,-0.416015625,0.0
MTM full,-0.412109375,0.0
MTM full,-0.408203125,0.0
MTM full,-0.404296875,0.0
MTM full,-0.400390625,0.0
MTM full,-0.396484375,0.0
MTM full,-0.392578125,0.0
MTM full,-0.388671875,0.0
MTM full,-0.384765625,0.0
MTM full,-0.380859375,0.0
MTM full,-0.376953125,0.0
MTM full,-0.373046875,0.0
MTM full,-0.369140625,0.0
MTM full,-0.365234375,0.0
MTM full,-0.361328125,0.0
MTM full,-0.357421875,0.0
MTM full,-0.353515625,0.0
MTM full,-0.349609375,0.0
MTM full,-0.345703125,0.0
MTM full,-0.341796875,0.0
MTM full,-0.337890625,0.0
MTM full,-0.333984375,0.0
MTM full,-0.330078125,0.0
MTM full,-0.326171875,0.0
MTM full,-0.322265625,0.0
MTM full,-0.318359375,0.0
MTM full,-0.314453125,0.0
MTM full,-0.310546875,0.0
MTM full,-0.306640625,0.0
MTM full,-0.302734375,0.0
MTM full,-0.298828125,0.0
MTM full,-0.294921875,0.0
MTM full,-0.291015625,0.0
MTM full,-0.287109375,0.0
MTM full,-0.283203125,0.0
MTM full,-0.279296875,0.0
MTM full,-0.275390625,0.0
MTM full,-0.271484375,0.0
MTM full,-0.267578125,0.0
MTM full,-0.263671875,0.0
MTM full,-0.259765625,0.0
MTM full,-0.255859375,0.0
MTM full,-0.251953125,0.0
MTM full,-0.248046875,0.0
MTM full,-0.244140625,0.0
MTM full,-0.240234375,0.0
MTM full,-0.236328125,0.0
MTM full,-0.232421875,0.0
MTM full,-0.228515625,0.0
MTM full,-0.224609375,0.0
MTM full,-0.220703125,0.0
MTM full,-0.216796875,0.0
MTM full,-0.212890625,0.0
MTM full,-0.208984375,0.0
MTM full,-0.205078125,0.0
MTM full,-0.201171875,0.0
MTM full,-0.197265625,0.0
MTM full,-0.193359375,0.0
MTM full,-0.189453125,0.0
MTM full,-0.185546875,0.0
MTM full,-0.181640625,0.0
MTM full,-0.177734375,0.0
MTM full,-0.173828125,0.0
MTM full,-0.169921875,0.0
MTM full,-0.166015625,0.0
MTM full,-0.162109375,0.0
MTM full,-0.158203125,0.0
MTM full,-0.154296875,0.0
MTM full,-0.150390625,0.0
MTM full,-0.146484375,0.0
MTM full,-0.142578125,0.0
MTM full,-0.138671875,0.0
MTM full,-0.134765625,0.0
MTM full,-0.130859375,0.0
MTM full,-0.126953125,0.0
MTM full,-0.123046875,0.0
MTM full,-0.119140625,0.0
MTM full,-0.115234375,0.0
MTM full,-0.111328125,0.0
MTM full,-0.107421875,0.0
MTM full,-0.103515625,0.0
MTM full,-0.099609375,0.0
MTM full,-0.095703125,0.0
MTM full,-0.091796875,0.0
MTM full,-0.087890625,0.0
MTM full,-0.083984375,0.0
MTM full,-0.080078125,0.0
MTM full,-0.076171875,7.819819167463736e-09
MTM full,-0.072265625,1.5639638334927472e-08
MTM full,-0.068359375,2.3459457502391208e-08
MTM full,-0.064453125,5.4738734172246154e-08
MTM full,-0.060546875,1.329369258468835e-07
MTM full,-0.056640625,3.753513200382593e-07
MTM full,-0.052734375,7.741620975789098e-07
MTM full,-0.048828125,1.5874232909951384e-06
MTM full,-0.044921875,2.901152911129046e-06
MTM full,-0.041015625,4.371278914612229e-06
MTM full,-0.037109375,5.857044556430339e-06
MTM full,-0.033203125,7.108215623224537e-06
MTM full,-0.029296875,7.976215550813011e-06
MTM full,-0.025390625,8.562701988372791e-06
MTM full,-0.021484375,9.172647883434962e-06
MTM full,-0.017578125,9.946809981013872e-06
MTM full,-0.013671875,1.1440395441999445e-05
MTM full,-0.009765625,1.4365007810630883e-05
MTM full,-0.005859375,1.8274917394362748e-05
MTM full,-0.001953125,2.3170124193195045e-05
MTM full,0.001953125,2.9504177718840672e-05
MTM full,0.005859375,3.76055103763331e-05
MTM full,0.009765625,4.8928608530820586e-05
MTM full,0.013671875,6.628860708259008e-05
MTM full,0.017578125,9.531577583221547e-05
MTM full,0.021484375,0.00014747396967919858
MTM full,0.025390625,0.0002476849523102463
MTM full,0.029296875,0.00045334619641454254
MTM full,0.033203125,0.000862056865021202
MTM full,0.037109375,0.0016408717550047526
MTM full,0.041015625,0.002988985120017998
MTM full,0.044921875,0.004907077284328508
MTM full,0.048828125,0.0073119922909094725
MTM full,0.052734375,0.01193137842806699
MTM full,0.056640625,0.018515361194123923
MTM full,0.060546875,0.026532138146958567
MTM full,0.064453125,0.037406237924488626
MTM full,0.068359375,0.04943966499269102
MTM full,0.072265625,0.06096302089623809
MTM full,0.076171875,0.07200670127223377
MTM full,0.080078125,0.08259343833499787
MTM full,0.083984375,0.09274324300177994
MTM full,0.087890625,0.10247595415380782
MTM full,0.091796875,0.11180314512344937
MTM full,0.095703125,0.12075309237681414
MTM full,0.099609375,0.12935619155100606
MTM full,0.103515625,0.13763040477065278
MTM full,0.107421875,0.14559005012464993
MTM full,0.111328125,0.15323024804583701
MTM full,0.115234375,0.16057308170354295
MTM full,0.119140625,0.1676431053299536
MTM full,0.123046875,0.17445220505020348
MTM full,0.126953125,0.18102752345662285
MTM full,0.130859375,0.1873681534501883
MTM full,0.134765625,0.1934840809399767
MTM full,0.138671875,0.19939620830262264
MTM full,0.142578125,0.2050989521872406
MTM full,0.146484375,0.21060137576424562
MTM full,0.150390625,0.2159203072844861
MTM full,0.154296875,0.2210579988558823
MTM full,0.158203125,0.22601448957752998
MTM full,0.162109375,0.23081409908704006
MTM full,0.166015625,0.2354694094734529
MTM full,0.169921875,0.23996862062964483
MTM full,0.173828125,0.2443241738879113
MTM full,0.177734375,0.2485521155171839
MTM full,0.181640625,0.25265876393135
MTM full,0.185546875,0.2566364713472638
MTM full,0.189453125,0.26048809199892137
MTM full,0.193359375,0.26421730902115065
MTM full,0.197265625,0.2678258584138068
MTM full,0.201171875,0.27133144424748495
MTM full,0.205078125,0.27474172212515
MTM full,0.208984375,0.2780441334172192
MTM full,0.212890625,0.28124448042951455
MTM full,0.216796875,0.2843571438094852
MTM full,0.220703125,0.28738722989904736
MTM full,0.224609375,0.2903459679585256
MTM full,0.228515625,0.2932293151414103
MTM full,0.232421875,0.2960352461145372
MTM full,0.236328125,0.2987717683727336
MTM full,0.240234375,0.3014370051593995
MTM full,0.244140625,0.30403218418614397
MTM full,0.248046875,0.3065657821369447
MTM full,0.251953125,0.30904200607451376
MTM full,0.255859375,0.31145821289997255
MTM full,0.259765625,0.31381014081187475
MTM full,0.263671875,0.31609918955785143
MTM full,0.267578125,0.3183300197501263
MTM full,0.271484375,0.3205037261633829
MTM full,0.275390625,0.32262766724745773
MTM full,0.279296875,0.3247036181013018
MTM full,0.283203125,0.3267307185448068
MTM full,0.287109375,0.3287022748127652
MTM full,0.291015625,0.33061440045505097
MTM full,0.294921875,0.3324795680832361
MTM full,0.298828125,0.3343008274267959
MTM full,0.302734375,0.3360720086484072
MTM full,0.306640625,0.3377977645404748
MTM full,0.310546875,0.3394840929043
MTM full,0.314453125,0.3411254260286356
MTM full,0.318359375,0.3427263385076947
MTM full,0.322265625,0.34429202270140424
MTM full,0.326171875,0.34582059403334503
MTM full,0.330078125,0.34731410129613893
MTM full,0.333984375,0.3487775022551381
MTM full,0.337890625,0.35020595644227787
MTM full,0.341796875,0.35159947949719655
MTM full,0.345703125,0.35296025314944196
MTM full,0.349609375,0.35429110035373346
MTM full,0.353515625,0.3555932566414995
MTM full,0.357421875,0.3568694354899913
MTM full,0.361328125,0.35811971509740037
MTM full,0.365234375,0.35933981802264225
MTM full,0.369140625,0.36053592192285916
MTM full,0.373046875,0.36170345220383815
MTM full,0.376953125,0.3628433863429752
MTM full,0.380859375,0.3639572257455504
MTM full,0.384765625,0.36504253062798353
MTM full,0.388671875,0.3661035002331675
MTM full,0.392578125,0.3671444667409211
MTM full,0.396484375,0.36816751022314287
MTM full,0.400390625,0.3691736941752396
MTM full,0.404296875,0.3701652394258548
MTM full,0.408203125,0.37113983912833415
MTM full,0.412109375,0.3720976183997843
MTM full,0.416015625,0.3730417599066063
MTM full,0.419921875,0.3739689636851117
MTM full,0.423828125,0.37487722004177426
MTM full,0.427734375,0.375767459535075
MTM full,0.431640625,0.37663585045362186
MTM full,0.435546875,0.37748885196804716
MTM full,0.439453125,0.37832938869071947
MTM full,0.443359375,0.3791538869642793
MTM full,0.447265625,0.37996194797794924
MTM full,0.451171875,0.3807559880558518
MTM full,0.455078125,0.3815353268737196
MTM full,0.458984375,0.38229987841354174
MTM full,0.462890625,0.38305060451307577
MTM full,0.466796875,0.38378401753297303
MTM full,0.470703125,0.3845061856529075
MTM full,0.474609375,0.3852199396474178
MTM full,0.478515625,0.3859192035170107
MTM full,0.482421875,0.3866058383786482
MTM full,0.486328125,0.3872799458899794
MTM full,0.490234375,0.38793879693411487
MTM full,0.494140625,0.3885854803396258
MTM full,0.498046875,0.3892228268810508
MTM full,0.501953125,0.38984866264866125
MTM full,0.505859375,0.3904662641466884
MTM full,0.509765625,0.3910757564922388
MTM full,0.513671875,0.39167696764929094
MTM full,0.517578125,0.392271078410539
MTM full,0.521484375,0.39285684542473537
MTM full,0.525390625,0.39343594213318195
MTM full,0.529296875,0.3940042944100924
MTM full,0.533203125,0.3945669147595531
MTM full,0.537109375,0.39512638372188924
MTM full,0.541015625,0.3956778139101213
MTM full,0.544921875,0.39622193256743177
MTM full,0.548828125,0.3967579342524464
MTM full,0.552734375,0.39728710923532784
MTM full,0.556640625,0.3978090117863835
MTM full,0.560546875,0.39832097534727734
MTM full,0.564453125,0.3988290211787683
MTM full,0.568359375,0.3993316478755762
MTM full,0.572265625,0.39982423392457306
MTM full,0.576171875,0.40030918001024335
MTM full,0.580078125,0.4007840385291876
MTM full,0.583984375,0.40124737063467897
MTM full,0.587890625,0.40170549474060485
MTM full,0.591796875,0.402159802774777
MTM full,0.595703125,0.402609809908407
MTM full,0.599609375,0.40305467942084405
MTM full,0.603515625,0.40349390302384214
MTM full,0.607421875,0.4039278951678172
MTM full,0.611328125,0.40435590515012915
MTM full,0.615234375,0.4047808810426042
MTM full,0.619140625,0.4052024162146455
MTM full,0.623046875,0.40562003365728383
MTM full,0.626953125,0.406033436217391
MTM full,0.630859375,0.4064424283994877
MTM full,0.634765625,0.4068484803295774
MTM full,0.638671875,0.4072537893768462
MTM full,0.642578125,0.40765664300089643
MTM full,0.646484375,0.4080562670396305
MTM full,0.650390625,0.4084556252045129
MTM full,0.654296875,0.4088500177842239
MTM full,0.658203125,0.409239366580572
MTM full,0.662109375,0.409625822043828
MTM full,0.666015625,0.4100072415435402
MTM full,0.669921875,0.4103840160706669
MTM full,0.673828125,0.41075705272423163
MTM full,0.677734375,0.4111274462789177
MTM full,0.681640625,0.41149589269863107
MTM full,0.685546875,0.41186390120847105
MTM full,0.689453125,0.41223056470941427
MTM full,0.693359375,0.41259354507552964
MTM full,0.697265625,0.4129534678923505
MTM full,0.701171875,0.41330880047532004
MTM full,0.705078125,0.413661865310731
MTM full,0.708984375,0.41401378845254355
MTM full,0.712890625,0.41436410853142674
MTM full,0.716796875,0.4147137717454999
MTM full,0.720703125,0.41505994732022433
MTM full,0.724609375,0.4154021738862692
MTM full,0.728515625,0.415743602830759
MTM full,0.732421875,0.4160860874508364
MTM full,0.736328125,0.41642632778281274
MTM full,0.740234375,0.4167652934842648
MTM full,0.744140625,0.41710439994246185
MTM full,0.748046875,0.41744202845483624
MTM full,0.751953125,0.41777712334580047
MTM full,0.755859375,0.4181121243989346
MTM full,0.759765625,0.4184468986773129
MTM full,0.763671875,0.41878261915381043
MTM full,0.767578125,0.419120771594069
MTM full,0.771484375,0.4194591899081794
MTM full,0.775390625,0.4197965290872446
MTM full,0.779296875,0.42013479100497153
MTM full,0.783203125,0.42047505479640535
MTM full,0.787109375,0.42081304302046146
MTM full,0.791015625,0.42115046821753754
MTM full,0.794921875,0.421488472081232
MTM full,0.798828125,0.4218267496385973
MTM full,0.802734375,0.4221625092141907
MTM full,0.806640625,0.4224973538709415
MTM full,0.810546875,0.4228367105633519
MTM full,0.814453125,0.4231795392554727
MTM full,0.818359375,0.42352325940697855
MTM full,0.822265625,0.4238666667657177
MTM full,0.826171875,0.424209753511871
MTM full,0.830078125,0.42455240234815095
MTM full,0.833984375,0.42489559075195343
MTM full,0.837890625,0.42523974881333265
MTM full,0.841796875,0.42558409455037194
MTM full,0.845703125,0.42592835426940034
MTM full,0.849609375,0.426274772258519
MTM full,0.853515625,0.4266225274367153
MTM full,0.857421875,0.4269668966332121
MTM full,0.861328125,0.42731237624403057
MTM full,0.865234375,0.4276606318906536
MTM full,0.869140625,0.428007456510369
MTM full,0.873046875,0.42835684603077123
MTM full,0.876953125,0.4287099968841931
MTM full,0.880859375,0.42906599415179186
MTM full,0.884765625,0.4294217255455389
MTM full,0.888671875,0.4297747356422158
MTM full,0.892578125,0.43012869193701186
MTM full,0.896484375,0.43048526005140986
MTM full,0.900390625,0.4308410461838912
MTM full,0.904296875,0.43119549512729477
MTM full,0.908203125,0.43154935758426083
MTM full,0.912109375,0.431901820293596
MTM full,0.916015625,0.43225537777761447
MTM full,0.919921875,0.43261153926141577
MTM full,0.923828125,0.4329675443488338
MTM full,0.927734375,0.43332472240912684
MTM full,0.931640625,0.4336867722167612
MTM full,0.935546875,0.43405008883510077
MTM full,0.939453125,0.4344137338858453
MTM full,0.943359375,0.43478006113456436
MTM full,0.947265625,0.43514909404071533
MTM full,0.951171875,0.43552200557717335
MTM full,0.955078125,0.4358974585548608
MTM full,0.958984375,0.4362727551361648
MTM full,0.962890625,0.4366472697355522
MTM full,0.966796875,0.43702266797450545
MTM full,0.970703125,0.4374043220687927
MTM full,0.974609375,0.43779042564018616
MTM full,0.978515625,0.4381786327429358
MTM full,0.982421875,0.4385705777192474
MTM full,0.986328125,0.4389610682091939
MTM full,0.990234375,0.4393505186631911
MTM full,0.994140625,0.4397426591349819
MTM full,0.998046875,0.4401357770841686
MTM full,1.001953125,0.4405306779521255
MTM full,1.005859375,0.44092874584684527
MTM full,1.009765625,0.4413268450208417
MTM full,1.013671875,0.4417237634021438
MTM full,1.017578125,0.4421210727744043
MTM full,1.021484375,0.44252181504727933
MTM full,1.025390625,0.44292550539198045
MTM full,1.029296875,0.4433296492861933
MTM full,1.033203125,0.44373490359472795
MTM full,1.037109375,0.4441404159572951
MTM full,1.041015625,0.44454727332875904
MTM full,1.044921875,0.444955530447854
MTM full,1.048828125,0.4453640378011623
MTM full,1.052734375,0.4457757043614143
MTM full,1.056640625,0.446188387498158
MTM full,1.060546875,0.44660250166180937
MTM full,1.064453125,0.4470203302395653
MTM full,1.068359375,0.44743787730383117
MTM full,1.072265625,0.44785834116064654
MTM full,1.076171875,0.4482862651249477
MTM full,1.080078125,0.4487167461701166
MTM full,1.083984375,0.449145804008197
MTM full,1.087890625,0.44957277395455963
MTM full,1.091796875,0.45000101853144664
MTM full,1.095703125,0.4504361132699243
MTM full,1.099609375,0.4508741560802281
MTM full,1.103515625,0.4513118626383077
MTM full,1.107421875,0.45174992108824985
MTM full,1.111328125,0.45218991103352635
MTM full,1.115234375,0.45263166043811554
MTM full,1.119140625,0.453073980689504
MTM full,1.123046875,0.45351996061626276
MTM full,1.126953125,0.45396767654287673
MTM full,1.130859375,0.4544155957847891
MTM full,1.134765625,0.4548682538371169
MTM full,1.138671875,0.4553230076009816
MTM full,1.142578125,0.4557783478512838
MTM full,1.146484375,0.45623450918259867
MTM full,1.150390625,0.4566904515589768
MTM full,1.154296875,0.4571454555570549
MTM full,1.158203125,0.45760194532077475
MTM full,1.162109375,0.4580666537144396
MTM full,1.166015625,0.4585391115488994
MTM full,1.169921875,0.4590155340316771
MTM full,1.173828125,0.45949133092892147
MTM full,1.177734375,0.4599665100604516
MTM full,1.181640625,0.4604431358585277
MTM full,1.185546875,0.4609191282512512
MTM full,1.189453125,0.4613969974005749
MTM full,1.193359375,0.4618814039187226
MTM full,1.197265625,0.4623701426166891
MTM full,1.201171875,0.4628619936026842
MTM full,1.205078125,0.4633592324440857
MTM full,1.208984375,0.4638598338077292
MTM full,1.212890625,0.4643601301984252
MTM full,1.216796875,0.4648623424448172
MTM full,1.220703125,0.46536717433063035
MTM full,1.224609375,0.46587635403590055
MTM full,1.228515625,0.4663863861014601
MTM full,1.232421875,0.4668965432841262
MTM full,1.236328125,0.4674132221959781
MTM full,1.240234375,0.46793130085546086
MTM full,1.244140625,0.4684533989019958
MTM full,1.248046875,0.46898241748849384
MTM full,1.251953125,0.4695157213358957
MTM full,1.255859375,0.4700521687506029
MTM full,1.259765625,0.47059074315612365
MTM full,1.263671875,0.47113266444424806
MTM full,1.267578125,0.47167968425446966
MTM full,1.271484375,0.4722297850734432
MTM full,1.275390625,0.4727810588652919
MTM full,1.279296875,0.4733346238641567
MTM full,1.283203125,0.47389026893492
MTM full,1.287109375,0.4744500819692996
MTM full,1.291015625,0.4750156034716714
MTM full,1.294921875,0.4755864971898113
MTM full,1.298828125,0.4761618169255999
MTM full,1.302734375,0.4767413280844623
MTM full,1.306640625,0.47732633657619944
MTM full,1.310546875,0.477917249031408
MTM full,1.314453125,0.47851433132393967
MTM full,1.318359375,0.479116347922366
MTM full,1.322265625,0.47972479241214805
MTM full,1.326171875,0.48034014962207405
MTM full,1.330078125,0.4809597451739889
MTM full,1.333984375,0.481582015104059
MTM full,1.337890625,0.48221030629488804
MTM full,1.341796875,0.4828452443320094
MTM full,1.345703125,0.483484209576002
MTM full,1.349609375,0.4841310650175346
MTM full,1.353515625,0.4847847393413813
MTM full,1.357421875,0.4854411975208515
MTM full,1.361328125,0.4861009243847338
MTM full,1.365234375,0.48676571849143657
MTM full,1.369140625,0.48743999803878946
MTM full,1.373046875,0.48812118248646724
MTM full,1.376953125,0.4888066678346871
MTM full,1.380859375,0.48950011375881947
MTM full,1.384765625,0.49019897099781573
MTM full,1.388671875,0.4909074387945688
MTM full,1.392578125,0.4916266041039429
MTM full,1.396484375,0.49235458234951873
MTM full,1.400390625,0.4930936569184933
MTM full,1.404296875,0.49383811934287414
MTM full,1.408203125,0.4945891269558982
MTM full,1.412109375,0.49534992498251984
MTM full,1.416015625,0.4961157120537704
MTM full,1.419921875,0.49688612063814896
MTM full,1.423828125,0.4976662414379335
MTM full,1.427734375,0.4984592102006101
MTM full,1.431640625,0.49926199283634193
MTM full,1.435546875,0.5000750116153639
MTM full,1.439453125,0.5009005812041498
MTM full,1.443359375,0.5017362305398425
MTM full,1.447265625,0.5025818736044312
MTM full,1.451171875,0.5034366189385309
MTM full,1.455078125,0.5042979876594653
MTM full,1.458984375,0.505168138037325
MTM full,1.462890625,0.5060514413510241
MTM full,1.466796875,0.506946122501612
MTM full,1.470703125,0.5078555127320538
MTM full,1.474609375,0.5087796120423497
MTM full,1.478515625,0.5097072224514517
MTM full,1.482421875,0.5106488928954168
MTM full,1.486328125,0.5116168301119655
MTM full,1.490234375,0.512604465452997
MTM full,1.494140625,0.5136097423060703
MTM full,1.498046875,0.514635444526809
MTM full,1.501953125,0.5156802349261355
MTM full,1.505859375,0.5167454428733083
MTM full,1.509765625,0.5178323429988515
MTM full,1.513671875,0.5189389412488776
MTM full,1.517578125,0.5200642132270757
MTM full,1.521484375,0.5212118029691777
MTM full,1.525390625,0.5223838140065397
MTM full,1.529296875,0.5235770949520372
MTM full,1.533203125,0.5248006307778935
MTM full,1.537109375,0.5260578778441808
MTM full,1.541015625,0.5273432997189285
MTM full,1.544921875,0.528658976474035
MTM full,1.548828125,0.5300110310279087
MTM full,1.552734375,0.5313947011106764
MTM full,1.556640625,0.5328096191908374
MTM full,1.560546875,0.5342662872855333
MTM full,1.564453125,0.5357630710525584
MTM full,1.568359375,0.5373013624197244
MTM full,1.572265625,0.5388820606662355
MTM full,1.576171875,0.540510084458348
MTM full,1.580078125,0.542193973038593
MTM full,1.583984375,0.5439327332899361
MTM full,1.587890625,0.5457247699692671
MTM full,1.591796875,0.5475719285539096
MTM full,1.595703125,0.5494812077820183
MTM full,1.599609375,0.5514555088065046
MTM full,1.603515625,0.5534929157716723
MTM full,1.607421875,0.5555860936871422
MTM full,1.611328125,0.5577338773998586
MTM full,1.615234375,0.559940215918501
MTM full,1.619140625,0.562202294108169
MTM full,1.623046875,0.5645080850869832
MTM full,1.626953125,0.5668521384409838
MTM full,1.630859375,0.5692327729090498
MTM full,1.634765625,0.5716392987983793
MTM full,1.638671875,0.5740808965766748
MTM full,1.642578125,0.5765477992897962
MTM full,1.646484375,0.5790221542905843
MTM full,1.650390625,0.5815056897590749
MTM full,1.654296875,0.5839920090831892
MTM full,1.658203125,0.5864823086952596
MTM full,1.662109375,0.588974469424292
MTM full,1.666015625,0.5914615472708655
MTM full,1.669921875,0.5939320705602615
MTM full,1.673828125,0.5963952197601826
MTM full,1.677734375,0.5988453802404665
MTM full,1.681640625,0.6012726912091432
MTM full,1.685546875,0.6036882646292494
MTM full,1.689453125,0.6060924523926478
MTM full,1.693359375,0.608482298607693
MTM full,1.697265625,0.6108530175450546
MTM full,1.701171875,0.6132100596186923
MTM full,1.705078125,0.615546551207558
MTM full,1.708984375,0.6178653543654669
MTM full,1.712890625,0.6201779329473184
MTM full,1.716796875,0.6224780232779595
MTM full,1.720703125,0.6247637876998858
MTM full,1.724609375,0.6270396678703845
MTM full,1.728515625,0.6292954041867077
MTM full,1.732421875,0.6315312156037923
MTM full,1.736328125,0.6337526150941513
MTM full,1.740234375,0.6359606192342763
MTM full,1.744140625,0.6381515683487972
MTM full,1.748046875,0.6403206297894682
MTM full,1.751953125,0.6424785949067406
MTM full,1.755859375,0.644621616349584
MTM full,1.759765625,0.6467495377216151
MTM full,1.763671875,0.6488618350949497
MTM full,1.767578125,0.6509567959291899
MTM full,1.771484375,0.6530352804044443
MTM full,1.775390625,0.6550930345390857
MTM full,1.779296875,0.657144618836404
MTM full,1.783203125,0.6591822603961467
MTM full,1.787109375,0.6612063423894531
MTM full,1.791015625,0.6632297831575876
MTM full,1.794921875,0.6652460062326306
MTM full,1.798828125,0.6672571307855765
MTM full,1.802734375,0.6692632975731702
MTM full,1.806640625,0.6712631459468765
MTM full,1.810546875,0.6732576846633681
MTM full,1.814453125,0.6752447085336399
MTM full,1.818359375,0.6772239829631167
MTM full,1.822265625,0.6791930212493033
MTM full,1.826171875,0.68115473236493
MTM full,1.830078125,0.6831103362017867
MTM full,1.833984375,0.6850517470668547
MTM full,1.837890625,0.6869885755178904
MTM full,1.841796875,0.6889224793565575
MTM full,1.845703125,0.6908423075207232
MTM full,1.849609375,0.6927632226397532
MTM full,1.853515625,0.6946934824426884
MTM full,1.857421875,0.6966168999038518
MTM full,1.861328125,0.6985307615459927
MTM full,1.865234375,0.7004384064318955
MTM full,1.869140625,0.7023402724714335
MTM full,1.873046875,0.7042398864030514
MTM full,1.876953125,0.7061407671453742
MTM full,1.880859375,0.7080368856178241
MTM full,1.884765625,0.7099217122713962
MTM full,1.888671875,0.7118038645468131
MTM full,1.892578125,0.7136826464801688
MTM full,1.896484375,0.7155533036214095
MTM full,1.900390625,0.7174274562218179
MTM full,1.904296875,0.7193014758853006
MTM full,1.908203125,0.7211673238377533
MTM full,1.912109375,0.7230264623853603
MTM full,1.916015625,0.7248872509148117
MTM full,1.919921875,0.7267549990833221
MTM full,1.923828125,0.7286208783150514
MTM full,1.927734375,0.7304851935829474
MTM full,1.931640625,0.7323464669411871
MTM full,1.935546875,0.7342035566961723
MTM full,1.939453125,0.7360613189556058
MTM full,1.943359375,0.7379203167464679
MTM full,1.947265625,0.7397858988250687
MTM full,1.951171875,0.7416496667056229
MTM full,1.955078125,0.7435046451094328
MTM full,1.958984375,0.7453594827564977
MTM full,1.962890625,0.7472205293399815
MTM full,1.966796875,0.7490841955628865
MTM full,1.970703125,0.7509467826507463
MTM full,1.974609375,0.752809784189022
MTM full,1.978515625,0.7546717456913484
MTM full,1.982421875,0.7565350834818483
MTM full,1.986328125,0.7583998835785326
MTM full,1.990234375,0.7602560896939518
MTM full,1.994140625,0.7621002689274914
MTM full,1.998046875,0.7639424619269625
MTM full,2.001953125,0.7657853196110628
MTM full,2.005859375,0.7676298116373691
MTM full,2.009765625,0.7694735451412162
MTM full,2.013671875,0.7713159805550815
MTM full,2.017578125,0.7731632798964689
MTM full,2.021484375,0.7750101804270789
MTM full,2.025390625,0.7768471419675269
MTM full,2.029296875,0.7786800059227312
MTM full,2.033203125,0.7805187112828537
MTM full,2.037109375,0.7823547813639167
MTM full,2.041015625,0.7841922433727915
MTM full,2.044921875,0.7860329349669825
MTM full,2.048828125,0.7878698183092389
MTM full,2.052734375,0.7897085940477337
MTM full,2.056640625,0.7915404179669887
MTM full,2.060546875,0.7933691921567684
MTM full,2.064453125,0.7952078505979758
MTM full,2.068359375,0.7970510679937578
MTM full,2.072265625,0.7988887724170268
MTM full,2.076171875,0.8007243733089398
MTM full,2.080078125,0.8025545707058079
MTM full,2.083984375,0.8043800840309949
MTM full,2.087890625,0.8062116186169408
MTM full,2.091796875,0.8080389070410786
MTM full,2.095703125,0.8098587040784541
MTM full,2.099609375,0.8116833728631709
MTM full,2.103515625,0.8135156894310336
MTM full,2.107421875,0.8153405928103253
MTM full,2.111328125,0.8171606009828184
MTM full,2.115234375,0.8189813285786748
MTM full,2.119140625,0.8207945647877687
MTM full,2.123046875,0.8226070893933184
MTM full,2.126953125,0.8244278560882706
MTM full,2.130859375,0.8262546284043436
MTM full,2.134765625,0.8280854279272877
MTM full,2.138671875,0.8299162352700509
MTM full,2.142578125,0.8317465421443875
MTM full,2.146484375,0.8335811733787236
MTM full,2.150390625,0.8354177673876708
MTM full,2.154296875,0.8372560973964731
MTM full,2.158203125,0.8390927617837928
MTM full,2.162109375,0.8409285268919082
MTM full,2.166015625,0.8427629548109461
MTM full,2.169921875,0.8445970386579406
MTM full,2.173828125,0.8464314822166167
MTM full,2.177734375,0.8482648544600669
MTM full,2.181640625,0.8500996968295207
MTM full,2.185546875,0.8519335069828443
MTM full,2.189453125,0.853766855766837
MTM full,2.193359375,0.8555996649833071
MTM full,2.197265625,0.8574418814422358
MTM full,2.201171875,0.85929024427903
MTM full,2.205078125,0.8611339934225154
MTM full,2.208984375,0.8629817072143188
MTM full,2.212890625,0.8648291942313662
MTM full,2.216796875,0.8666752736809635
MTM full,2.220703125,0.8685268817427122
MTM full,2.224609375,0.8703781770116943
MTM full,2.228515625,0.8722306452535514
MTM full,2.232421875,0.8740826755855353
MTM full,2.236328125,0.8759321722961088
MTM full,2.240234375,0.8777862983396294
MTM full,2.244140625,0.8796403070858626
MTM full,2.248046875,0.8814927518682623
MTM full,2.251953125,0.8833507565420899
MTM full,2.255859375,0.8852106692517946
MTM full,2.259765625,0.8870688068625481
MTM full,2.263671875,0.8889230267438988
MTM full,2.267578125,0.8907709594906387
MTM full,2.271484375,0.8926182353725687
MTM full,2.275390625,0.8944734796502304
MTM full,2.279296875,0.8963311324321955
MTM full,2.283203125,0.8981808089986099
MTM full,2.287109375,0.9000308374568867
MTM full,2.291015625,0.9018775972307517
MTM full,2.294921875,0.903717514662845
MTM full,2.298828125,0.9055565015364574
MTM full,2.302734375,0.9073986085179176
MTM full,2.306640625,0.9092446097693234
MTM full,2.310546875,0.9110926676331701
MTM full,2.314453125,0.9129461759109765
MTM full,2.318359375,0.914802350747119
MTM full,2.322265625,0.9166558746645639
MTM full,2.326171875,0.9185063097534374
MTM full,2.330078125,0.9203582775268678
MTM full,2.333984375,0.9222033951387076
MTM full,2.337890625,0.9240410526430616
MTM full,2.341796875,0.9258852553360588
MTM full,2.345703125,0.9277263848401232
MTM full,2.349609375,0.9295590689394866
MTM full,2.353515625,0.9313966638852873
MTM full,2.357421875,0.9332388725243966
MTM full,2.361328125,0.9350782660286058
MTM full,2.365234375,0.9369147192808079
MTM full,2.369140625,0.9387489126052707
MTM full,2.373046875,0.9405824803442001
MTM full,2.376953125,0.942421435938536
MTM full,2.380859375,0.9442620024156202
MTM full,2.384765625,0.9461071982256516
MTM full,2.388671875,0.9479535279094623
MTM full,2.392578125,0.949796776584521
MTM full,2.396484375,0.9516464375112971
MTM full,2.400390625,0.9535028938609296
MTM full,2.404296875,0.9553634634354443
MTM full,2.408203125,0.9572227349199771
MTM full,2.412109375,0.9590790974317797
MTM full,2.416015625,0.9609352253490072
MTM full,2.419921875,0.9627938165092725
MTM full,2.423828125,0.9646553948404598
MTM full,2.427734375,0.9665237764143227
MTM full,2.431640625,0.9683918608350573
MTM full,2.435546875,0.9702595855441102
MTM full,2.439453125,0.972128897676454
MTM full,2.443359375,0.9739937290524149
MTM full,2.447265625,0.9758572701582132
MTM full,2.451171875,0.9777126004538856
MTM full,2.455078125,0.9795617843716925
MTM full,2.458984375,0.9814105694787217
MTM full,2.462890625,0.9832536461177588
MTM full,2.466796875,0.9850952995497074
MTM full,2.470703125,0.9869385951436811
MTM full,2.474609375,0.9887886079623197
MTM full,2.478515625,0.9906477699693842
MTM full,2.482421875,0.9925136883002094
MTM full,2.486328125,0.9943878799997138
MTM full,2.490234375,0.9962600932849688
MTM full,2.494140625,0.9981284123002784
MTM full,2.498046875,1.0
MTM moments,-0.5,0.0
MTM moments,0.0,0.0
MTM moments,-0.076171875,-3.393071487029714e-06
MTM moments,-0.068359375,-2.478784025455787e-06
MTM moments,-0.064453125,-1.8981114116792517e-06
MTM moments,-0.060546875,-1.2512822970611867e-06
MTM moments,-0.056640625,-4.7462331863081044e-07
MTM moments,-0.052734375,4.112201148892826e-07
MTM moments,-0.048828125,1.452893818220163e-06
MTM moments,-0.044921875,2.7549247557782854e-06
MTM moments,-0.041015625,4.331814022444469e-06
MTM moments,-0.037109375,6.410584139624625e-06
MTM moments,-0.033203125,9.381872409397987e-06
MTM moments,-0.029296875,1.3170465582109535e-05
MTM moments,-0.025390625,1.7458111256400998e-05
MTM moments,-0.021484375,2.2920879676988595e-05
MTM moments,-0.017578125,3.1944914399919855e-05
MTM moments,-0.013671875,4.4430638225599926e-05
MTM moments,-0.009765625,6.014130710910868e-05
MTM moments,-0.005859375,8.00218134247974e-05
MTM moments,-0.001953125,0.000101306867245319
MTM moments,0.001953125,0.0001241367880977747
MTM moments,0.005859375,0.00015208667858713097
MTM moments,0.009765625,0.00018859082601395264
MTM moments,0.013671875,0.00023622960665912372
MTM moments,0.017578125,0.0003001836322632733
MTM moments,0.021484375,0.0003940972734814931
MTM moments,0.025390625,0.0005403485316976814
MTM moments,0.029296875,0.0007864280497784181
MTM moments,0.033203125,0.0012258022127731509
MTM moments,0.037109375,0.002056935748407512
MTM moments,0.041015625,0.0037607480390822083
MTM moments,0.044921875,0.00729265667220927
MTM moments,0.048828125,0.014056288633267603
MTM moments,0.052734375,0.028955038644928332
MTM moments,0.056640625,0.047995798570831597
MTM moments,0.060546875,0.059365574077900184
MTM moments,0.064453125,0.0688416862622349
MTM moments,0.068359375,0.08394802463821444
MTM moments,0.072265625,0.10045343716217808
MTM moments,0.076171875,0.11562393100731096
MTM moments,0.080078125,0.12935117503758556
MTM moments,0.083984375,0.14214916789417653
MTM moments,0.087890625,0.1542202295986061
MTM moments,0.091796875,0.1657268318049723
MTM moments,0.095703125,0.1767010512405648
MTM moments,0.099609375,0.18710224389339797
MTM moments,0.103515625,0.19701467375127363
MTM moments,0.107421875,0.20647743838786745
MTM moments,0.111328125,0.21547782743791447
MTM moments,0.115234375,0.2239799710718299
MTM moments,0.119140625,0.2320051626161039
MTM moments,0.123046875,0.23966691784600513
MTM moments,0.126953125,0.24698920343964206
MTM moments,0.130859375,0.25389778067305213
MTM moments,0.134765625,0.26041537290525363
MTM moments,0.138671875,0.2667227865124993
MTM moments,0.142578125,0.27281525168826587
MTM moments,0.146484375,0.27859703788479484
MTM moments,0.150390625,0.2840728341019744
MTM moments,0.154296875,0.2893255009024524
MTM moments,0.158203125,0.2943980681694639
MTM moments,0.162109375,0.29925168006875263
MTM moments,0.166015625,0.303911606024681
MTM moments,0.169921875,0.30839996039440176
MTM moments,0.173828125,0.31271186101422754
MTM moments,0.177734375,0.31684757546827774
MTM moments,0.181640625,0.32088964044289725
MTM moments,0.185546875,0.32483888603562494
MTM moments,0.189453125,0.3286693596653612
MTM moments,0.193359375,0.33234541529802203
MTM moments,0.197265625,0.3358531977968596
MTM moments,0.201171875,0.33926502052917323
MTM moments,0.205078125,0.3427115128692431
MTM moments,0.208984375,0.34601154692252006
MTM moments,0.212890625,0.3491349218660904
MTM moments,0.216796875,0.35223153630885035
MTM moments,0.220703125,0.3551857740641466
MTM moments,0.224609375,0.3581158843865562
MTM moments,0.228515625,0.360962006820926
MTM moments,0.232421875,0.3635499806789917
MTM moments,0.236328125,0.36605697284728206
MTM moments,0.240234375,0.3686465043393204
MTM moments,0.244140625,0.3712162581494256
MTM moments,0.248046875,0.37367704795105633
MTM moments,0.251953125,0.37611652915280336
MTM moments,0.255859375,0.3785773729780997
MTM moments,0.259765625,0.38090750684994384
MTM moments,0.263671875,0.3831723293568743
MTM moments,0.267578125,0.38533362897868284
MTM moments,0.271484375,0.38736888659403557
MTM moments,0.275390625,0.3893954889826911
MTM moments,0.279296875,0.3913705373317216
MTM moments,0.283203125,0.393373210022178
MTM moments,0.287109375,0.39542262969942743
MTM moments,0.291015625,0.39731412348654827
MTM moments,0.294921875,0.39902682996695404
MTM moments,0.298828125,0.40072744195694426
MTM moments,0.302734375,0.4024704235071023
MTM moments,0.306640625,0.40423573695256854
MTM moments,0.310546875,0.4059291983582643
MTM moments,0.314453125,0.4075108341147211
MTM moments,0.318359375,0.4090602243423044
MTM moments,0.322265625,0.41060747043636553
MTM moments,0.326171875,0.41212586497440695
MTM moments,0.330078125,0.4136790847778821
MTM moments,0.333984375,0.41519416040542073
MTM moments,0.337890625,0.4166197145109852
MTM moments,0.341796875,0.41800248489247355
MTM moments,0.345703125,0.4192834372789079
MTM moments,0.349609375,0.42045935352351943
MTM moments,0.353515625,0.4215985729644468
MTM moments,0.357421875,0.42275036786932835
MTM moments,0.361328125,0.4239101924110322
MTM moments,0.365234375,0.42506775204031816
MTM moments,0.369140625,0.42624153109770035
MTM moments,0.373046875,0.4274011228416807
MTM moments,0.376953125,0.4285152488091123
MTM moments,0.380859375,0.4296168306776476
MTM moments,0.384765625,0.4307320335828187
MTM moments,0.388671875,0.4317613358971107
MTM moments,0.392578125,0.4326974320502831
MTM moments,0.396484375,0.43361672734420653
MTM moments,0.400390625,0.434489821238823
MTM moments,0.404296875,0.4353031236085241
MTM moments,0.408203125,0.4361357475526107
MTM moments,0.412109375,0.4370081570158008
MTM moments,0.416015625,0.4378693438148457
MTM moments,0.419921875,0.4387057612298288
MTM moments,0.423828125,0.43954078092126053
MTM moments,0.427734375,0.44036464637952655
MTM moments,0.431640625,0.44113910712696863
MTM moments,0.435546875,0.44191039985703245
MTM moments,0.439453125,0.44266541136256826
MTM moments,0.443359375,0.4433792667811876
MTM moments,0.447265625,0.4441227994847994
MTM moments,0.451171875,0.444905055333037
MTM moments,0.455078125,0.44563471914946773
MTM moments,0.458984375,0.44626913864959156
MTM moments,0.462890625,0.4468902011506403
MTM moments,0.466796875,0.44755103217480785
MTM moments,0.470703125,0.44822308691309803
MTM moments,0.474609375,0.4488705233514948
MTM moments,0.478515625,0.4494703160558894
MTM moments,0.482421875,0.4500480052234636
MTM moments,0.486328125,0.4506478713859599
MTM moments,0.490234375,0.45122646982606934
MTM moments,0.494140625,0.45182997030041805
MTM moments,0.498046875,0.4524164966242347
MTM moments,0.501953125,0.4529428524534023
MTM moments,0.505859375,0.45344788811236814
MTM moments,0.509765625,0.4540002994197016
MTM moments,0.513671875,0.4545848138244151
MTM moments,0.517578125,0.45510508929158444
MTM moments,0.521484375,0.4556128755935166
MTM moments,0.525390625,0.45609075385609504
MTM moments,0.529296875,0.45657511570826376
MTM moments,0.533203125,0.4570656779613949
MTM moments,0.537109375,0.4575343949770835
MTM moments,0.541015625,0.4580120806617116
MTM moments,0.544921875,0.4584931698693786
MTM moments,0.548828125,0.4589791927571006
MTM moments,0.552734375,0.4594442969020913
MTM moments,0.556640625,0.4598994517338024
MTM moments,0.560546875,0.4603263352544042
MTM moments,0.564453125,0.4607261385376479
MTM moments,0.568359375,0.4611519451762464
MTM moments,0.572265625,0.4615805713069354
MTM moments,0.576171875,0.462000167475614
MTM moments,0.580078125,0.46240389987653135
MTM moments,0.583984375,0.4627936517640074
MTM moments,0.587890625,0.4631830717875439
MTM moments,0.591796875,0.4635599146077536
MTM moments,0.595703125,0.46394180283447856
MTM moments,0.599609375,0.4643334630745422
MTM moments,0.603515625,0.46471547012535547
MTM moments,0.607421875,0.4650970609252638
MTM moments,0.611328125,0.46547986843747047
MTM moments,0.615234375,0.4658442331084815
MTM moments,0.619140625,0.4662148978479446
MTM moments,0.623046875,0.4665819648975461
MTM moments,0.626953125,0.4669320201203695
MTM moments,0.630859375,0.46729163195286416
MTM moments,0.634765625,0.4676507817886475
MTM moments,0.638671875,0.46799896963925075
MTM moments,0.642578125,0.4683430465398085
MTM moments,0.646484375,0.4686943883113064
MTM moments,0.650390625,0.46903555773094996
MTM moments,0.654296875,0.46935629103027743
MTM moments,0.658203125,0.4696711949863942
MTM moments,0.662109375,0.46999819601457105
MTM moments,0.666015625,0.4703267605556695
MTM moments,0.669921875,0.4706680028697658
MTM moments,0.673828125,0.4710053849808718
MTM moments,0.677734375,0.47131712152028127
MTM moments,0.681640625,0.4716214436043961
MTM moments,0.685546875,0.471936016725187
MTM moments,0.689453125,0.4722585213091512
MTM moments,0.693359375,0.4725699456282335
MTM moments,0.697265625,0.47287939388411016
MTM moments,0.701171875,0.47318875418650125
MTM moments,0.705078125,0.4735097965221406
MTM moments,0.708984375,0.47383511759265284
MTM moments,0.712890625,0.4741469781108082
MTM moments,0.716796875,0.47444131100050074
MTM moments,0.720703125,0.47472973164484866
MTM moments,0.724609375,0.47504201762579545
MTM moments,0.728515625,0.47536336733617485
MTM moments,0.732421875,0.4756696127358059
MTM moments,0.736328125,0.47596997188011503
MTM moments,0.740234375,0.4762567868412973
MTM moments,0.744140625,0.4765334199921429
MTM moments,0.748046875,0.47682411775224687
MTM moments,0.751953125,0.477130562362492
MTM moments,0.755859375,0.47744637864757583
MTM moments,0.759765625,0.47775130479635075
MTM moments,0.763671875,0.4780421941194322
MTM moments,0.767578125,0.4783415355836491
MTM moments,0.771484375,0.47864333429998174
MTM moments,0.775390625,0.4789329352619362
MTM moments,0.779296875,0.4792183199034891
MTM moments,0.783203125,0.4795100370332596
MTM moments,0.787109375,0.4798105848840445
MTM moments,0.791015625,0.48009520570760317
MTM moments,0.794921875,0.4803583351408622
MTM moments,0.798828125,0.48063917084472446
MTM moments,0.802734375,0.4809451679450952
MTM moments,0.806640625,0.48126462154629135
MTM moments,0.810546875,0.48158605856168146
MTM moments,0.814453125,0.48189095422803147
MTM moments,0.818359375,0.48218215379083207
MTM moments,0.822265625,0.48249013467996055
MTM moments,0.826171875,0.48279848440266737
MTM moments,0.830078125,0.48309278202235845
MTM moments,0.833984375,0.4833841903915078
MTM moments,0.837890625,0.4836785544475611
MTM moments,0.841796875,0.4839816817558966
MTM moments,0.845703125,0.48428807681194747
MTM moments,0.849609375,0.48459191646218097
MTM moments,0.853515625,0.48490953935732944
MTM moments,0.857421875,0.4852341064409024
MTM moments,0.861328125,0.4855422697308591
MTM moments,0.865234375,0.4858367829391822
MTM moments,0.869140625,0.4861327065716769
MTM moments,0.873046875,0.48644356322225607
MTM moments,0.876953125,0.4867389083648691
MTM moments,0.880859375,0.4870244154110685
MTM moments,0.884765625,0.4873245704885541
MTM moments,0.888671875,0.4876331572900715
MTM moments,0.892578125,0.48796091658240326
MTM moments,0.896484375,0.488307319214294
MTM moments,0.900390625,0.4886344873629297
MTM moments,0.904296875,0.4889279475038995
MTM moments,0.908203125,0.48921892877983275
MTM moments,0.912109375,0.4895566957225969
MTM moments,0.916015625,0.48991014269792355
MTM moments,0.919921875,0.49023729482899936
MTM moments,0.923828125,0.4905575052240288
MTM moments,0.927734375,0.4908842444094197
MTM moments,0.931640625,0.4912318317082026
MTM moments,0.935546875,0.49155561335025316
MTM moments,0.939453125,0.49186473302617323
MTM moments,0.943359375,0.4921853120592068
MTM moments,0.947265625,0.4925079444515152
MTM moments,0.951171875,0.49284528307849135
MTM moments,0.955078125,0.49319091106277535
MTM moments,0.958984375,0.49354653402212045
MTM moments,0.962890625,0.49388575096900617
MTM moments,0.966796875,0.49422234530146186
MTM moments,0.970703125,0.49456327529316413
MTM moments,0.974609375,0.4948907662404767
MTM moments,0.978515625,0.4952402692841194
MTM moments,0.982421875,0.4955959813731712
MTM moments,0.986328125,0.4959582875569468
MTM moments,0.990234375,0.496327296589163
MTM moments,0.994140625,0.4966761518506453
MTM moments,0.998046875,0.4970424187593119
MTM moments,1.001953125,0.49740847393729837
MTM moments,1.005859375,0.4977496076339127
MTM moments,1.009765625,0.49809020934938025
MTM moments,1.013671875,0.4984541864684724
MTM moments,1.017578125,0.4988278775234064
MTM moments,1.021484375,0.49919339799574697
MTM moments,1.025390625,0.4995710277235582
MTM moments,1.029296875,0.49993981584897945
MTM moments,1.033203125,0.5002951232519043
MTM moments,1.037109375,0.5006584454135448
MTM moments,1.041015625,0.5010257775187565
MTM moments,1.044921875,0.5013837036715123
MTM moments,1.048828125,0.5017405087355901
MTM moments,1.052734375,0.5021167976347223
MTM moments,1.056640625,0.5025132135815309
MTM moments,1.060546875,0.5028925239916883
MTM moments,1.064453125,0.5032552053165251
MTM moments,1.068359375,0.50361835253672
MTM moments,1.072265625,0.5039940025732722
MTM moments,1.076171875,0.5043936962433937
MTM moments,1.080078125,0.5047847358008222
MTM moments,1.083984375,0.5051788452605108
MTM moments,1.087890625,0.5055905402533324
MTM moments,1.091796875,0.5059930083674757
MTM moments,1.095703125,0.5063904989660298
MTM moments,1.099609375,0.5067785979956391
MTM moments,1.103515625,0.5071699674216007
MTM moments,1.107421875,0.5075737046959286
MTM moments,1.111328125,0.5079758177717748
MTM moments,1.115234375,0.5083696559918409
MTM moments,1.119140625,0.5087770204070948
MTM moments,1.123046875,0.5091939643809928
MTM moments,1.126953125,0.5095898391473697
MTM moments,1.130859375,0.5099734377004365
MTM moments,1.134765625,0.5103670131721891
MTM moments,1.138671875,0.5107682028670172
MTM moments,1.142578125,0.5111617001485905
MTM moments,1.146484375,0.511552044868353
MTM moments,1.150390625,0.5119419922499634
MTM moments,1.154296875,0.5123104203084393
MTM moments,1.158203125,0.5126422105601857
MTM moments,1.162109375,0.5129468713307181
MTM moments,1.166015625,0.5132207083218037
MTM moments,1.169921875,0.5135072442650562
MTM moments,1.173828125,0.5138385129691889
MTM moments,1.177734375,0.5142062431343853
MTM moments,1.181640625,0.5146050481033931
MTM moments,1.185546875,0.5150226233657262
MTM moments,1.189453125,0.5154592927664804
MTM moments,1.193359375,0.5158987398436892
MTM moments,1.197265625,0.5163457337368962
MTM moments,1.201171875,0.5168159329585151
MTM moments,1.205078125,0.5173005113368901
MTM moments,1.208984375,0.517769223791774
MTM moments,1.212890625,0.5182406351756789
MTM moments,1.216796875,0.518736218266778
MTM moments,1.220703125,0.5192256703411781
MTM moments,1.224609375,0.5197129466525874
MTM moments,1.228515625,0.5202118554945334
MTM moments,1.232421875,0.5207086197612479
MTM moments,1.236328125,0.521192025268924
MTM moments,1.240234375,0.5216909076875118
MTM moments,1.244140625,0.5221854304162623
MTM moments,1.248046875,0.5226775144048084
MTM moments,1.251953125,0.523190523964149
MTM moments,1.255859375,0.5236909307085734
MTM moments,1.259765625,0.5242040536564243
MTM moments,1.263671875,0.5247284074507432
MTM moments,1.267578125,0.5252491184859085
MTM moments,1.271484375,0.5257800739871924
MTM moments,1.275390625,0.5263127358137192
MTM moments,1.279296875,0.5268411756356928
MTM moments,1.283203125,0.527408877990991
MTM moments,1.287109375,0.5279928237555929
MTM moments,1.291015625,0.5285568029830658
MTM moments,1.294921875,0.5291223483990855
MTM moments,1.298828125,0.5296945018285989
MTM moments,1.302734375,0.5302715102677134
MTM moments,1.306640625,0.5308557769747152
MTM moments,1.310546875,0.5314642750141001
MTM moments,1.314453125,0.5320721422113892
MTM moments,1.318359375,0.5326933804696283
MTM moments,1.322265625,0.5333354722470947
MTM moments,1.326171875,0.5339872012905796
MTM moments,1.330078125,0.5346368667807697
MTM moments,1.333984375,0.5352639893041278
MTM moments,1.337890625,0.5359155998457572
MTM moments,1.341796875,0.5366175807746095
MTM moments,1.345703125,0.5373397331371512
MTM moments,1.349609375,0.5380716706134414
MTM moments,1.353515625,0.5387656503927408
MTM moments,1.357421875,0.5394397211507107
MTM moments,1.361328125,0.5401598880825602
MTM moments,1.365234375,0.5408912623952151
MTM moments,1.369140625,0.5416306662510412
MTM moments,1.373046875,0.5423849574873016
MTM moments,1.376953125,0.5431475702471374
MTM moments,1.380859375,0.5439632329816756
MTM moments,1.384765625,0.5447583543745433
MTM moments,1.388671875,0.545539630489335
MTM moments,1.392578125,0.5463599020030022
MTM moments,1.396484375,0.5472116022368411
MTM moments,1.400390625,0.5480709905669539
MTM moments,1.404296875,0.54892667312256
MTM moments,1.408203125,0.5497903867753297
MTM moments,1.412109375,0.5506476389981402
MTM moments,1.416015625,0.5515391425038979
MTM moments,1.419921875,0.552424579830588
MTM moments,1.423828125,0.5533267697191737
MTM moments,1.427734375,0.5542472761344924
MTM moments,1.431640625,0.5551531178149831
MTM moments,1.435546875,0.556082864008469
MTM moments,1.439453125,0.5570217651686691
MTM moments,1.443359375,0.5579314092978958
MTM moments,1.447265625,0.5588568225944517
MTM moments,1.451171875,0.5598210249775816
MTM moments,1.455078125,0.5608005810487295
MTM moments,1.458984375,0.5618098057701312
MTM moments,1.462890625,0.562777757215471
MTM moments,1.466796875,0.5637648478049783
MTM moments,1.470703125,0.5648075379095899
MTM moments,1.474609375,0.5658345019784498
MTM moments,1.478515625,0.5668504929032036
MTM moments,1.482421875,0.5679081602236545
MTM moments,1.486328125,0.5690151388920909
MTM moments,1.490234375,0.570153035563623
MTM moments,1.494140625,0.571297011725609
MTM moments,1.498046875,0.5724261408695224
MTM moments,1.501953125,0.5736242899839097
MTM moments,1.505859375,0.5748182762912772
MTM moments,1.509765625,0.57600906426881
MTM moments,1.513671875,0.5772837686788641
MTM moments,1.517578125,0.5785572403864323
MTM moments,1.521484375,0.5797791871136805
MTM moments,1.525390625,0.5810332896647156
MTM moments,1.529296875,0.5822583484083781
MTM moments,1.533203125,0.5834531543757545
MTM moments,1.537109375,0.5847548352702157
MTM moments,1.541015625,0.5861158640624958
MTM moments,1.544921875,0.5875057424387875
MTM moments,1.548828125,0.5889014819835796
MTM moments,1.552734375,0.5902851150914689
MTM moments,1.556640625,0.5917173577824106
MTM moments,1.560546875,0.5931795731993998
MTM moments,1.564453125,0.5946619684944754
MTM moments,1.568359375,0.596186802184558
MTM moments,1.572265625,0.5977510807572437
MTM moments,1.576171875,0.5992938789193094
MTM moments,1.580078125,0.6007990591391013
MTM moments,1.583984375,0.6023939138520983
MTM moments,1.587890625,0.6040159987468748
MTM moments,1.591796875,0.6056352219473032
MTM moments,1.595703125,0.6073955865547742
MTM moments,1.599609375,0.6092114411974704
MTM moments,1.603515625,0.6109637297928816
MTM moments,1.607421875,0.6127768251322793
MTM moments,1.611328125,0.6146145716533592
MTM moments,1.615234375,0.6164050863093412
MTM moments,1.619140625,0.618242925477073
MTM moments,1.623046875,0.6200720539165304
MTM moments,1.626953125,0.6219291481471617
MTM moments,1.630859375,0.6238790236439804
MTM moments,1.634765625,0.6257715117318966
MTM moments,1.638671875,0.6276359608358094
MTM moments,1.642578125,0.629493778742727
MTM moments,1.646484375,0.6313476933186223
MTM moments,1.650390625,0.6332793530008735
MTM moments,1.654296875,0.6351869244458268
MTM moments,1.658203125,0.6370622348732944
MTM moments,1.662109375,0.6389359369967865
MTM moments,1.666015625,0.6408164583216969
MTM moments,1.669921875,0.6426846119851308
MTM moments,1.673828125,0.644604707901652
MTM moments,1.677734375,0.6465333005185816
MTM moments,1.681640625,0.6484171502085148
MTM moments,1.685546875,0.6503000213508519
MTM moments,1.689453125,0.6521415008445798
MTM moments,1.693359375,0.6540532516009229
MTM moments,1.697265625,0.6559865108402392
MTM moments,1.701171875,0.6578388922977482
MTM moments,1.705078125,0.6595973380581794
MTM moments,1.708984375,0.6612744045162878
MTM moments,1.712890625,0.6630338395769205
MTM moments,1.716796875,0.6648391186479113
MTM moments,1.720703125,0.6666422267507122
MTM moments,1.724609375,0.6685000013237627
MTM moments,1.728515625,0.6703632157480907
MTM moments,1.732421875,0.6722330582687202
MTM moments,1.736328125,0.6740209564512961
MTM moments,1.740234375,0.6758219868286264
MTM moments,1.744140625,0.6776312271126631
MTM moments,1.748046875,0.6794148802538431
MTM moments,1.751953125,0.6812532028542585
MTM moments,1.755859375,0.6831080894752649
MTM moments,1.759765625,0.6848901101889825
MTM moments,1.763671875,0.6866725533313831
MTM moments,1.767578125,0.6885123038991726
MTM moments,1.771484375,0.6902698194747681
MTM moments,1.775390625,0.6919568569943341
MTM moments,1.779296875,0.6936414520192911
MTM moments,1.783203125,0.6953845894935757
MTM moments,1.787109375,0.6971357363432426
MTM moments,1.791015625,0.6988163611583044
MTM moments,1.794921875,0.70052331705607
MTM moments,1.798828125,0.7022591863946032
MTM moments,1.802734375,0.703939933539145
MTM moments,1.806640625,0.7056968021899088
MTM moments,1.810546875,0.7074470805799923
MTM moments,1.814453125,0.7091387433330688
MTM moments,1.818359375,0.7108404790065882
MTM moments,1.822265625,0.7126049886622479
MTM moments,1.826171875,0.7143830756125682
MTM moments,1.830078125,0.7160610160360812
MTM moments,1.833984375,0.717685321707005
MTM moments,1.837890625,0.7192996688005193
MTM moments,1.841796875,0.7209600200703193
MTM moments,1.845703125,0.7226421946315229
MTM moments,1.849609375,0.7243181437140306
MTM moments,1.853515625,0.7260184659379251
MTM moments,1.857421875,0.7276372553226528
MTM moments,1.861328125,0.729240947954979
MTM moments,1.865234375,0.7309425151325784
MTM moments,1.869140625,0.7326162970040475
MTM moments,1.873046875,0.7342715724703186
MTM moments,1.876953125,0.7359319014795027
MTM moments,1.880859375,0.7376043315135357
MTM moments,1.884765625,0.7391879821572261
MTM moments,1.888671875,0.7407673583669554
MTM moments,1.892578125,0.7424190607250931
MTM moments,1.896484375,0.7441268508567038
MTM moments,1.900390625,0.7459151595542768
MTM moments,1.904296875,0.7476173353281409
MTM moments,1.908203125,0.7492726139960373
MTM moments,1.912109375,0.7510053424782255
MTM moments,1.916015625,0.7526840846510761
MTM moments,1.919921875,0.7543203555568333
MTM moments,1.923828125,0.7559972593720118
MTM moments,1.927734375,0.7577125780671256
MTM moments,1.931640625,0.7593938059152273
MTM moments,1.935546875,0.7609380586255499
MTM moments,1.939453125,0.7625406488560762
MTM moments,1.943359375,0.7642372605081029
MTM moments,1.947265625,0.7659277467546475
MTM moments,1.951171875,0.7676420030345862
MTM moments,1.955078125,0.7693753931410912
MTM moments,1.958984375,0.7710535964517337
MTM moments,1.962890625,0.7726559212105683
MTM moments,1.966796875,0.77426234285339
MTM moments,1.970703125,0.775895081325248
MTM moments,1.974609375,0.7775894035617262
MTM moments,1.978515625,0.77924992210547
MTM moments,1.982421875,0.780875735296069
MTM moments,1.986328125,0.7824616611873699
MTM moments,1.990234375,0.7840633676254374
MTM moments,1.994140625,0.7856857196672823
MTM moments,1.998046875,0.7872487794923703
MTM moments,2.001953125,0.7888693528458555
MTM moments,2.005859375,0.7904947490966694
MTM moments,2.009765625,0.7921625381226964
MTM moments,2.013671875,0.7938144543159118
MTM moments,2.017578125,0.7954137907413602
MTM moments,2.021484375,0.7970065229693446
MTM moments,2.025390625,0.7986770269765664
MTM moments,2.029296875,0.8003962648392359
MTM moments,2.033203125,0.8020394500802592
MTM moments,2.037109375,0.8036141625047356
MTM moments,2.041015625,0.8051236735995885
MTM moments,2.044921875,0.8066667876994043
MTM moments,2.048828125,0.8082763375906271
MTM moments,2.052734375,0.8098687129394295
MTM moments,2.056640625,0.8114085314847368
MTM moments,2.060546875,0.8129862827735129
MTM moments,2.064453125,0.8146413187784991
MTM moments,2.068359375,0.8163058718390038
MTM moments,2.072265625,0.8179487091852816
MTM moments,2.076171875,0.8195681387460958
MTM moments,2.080078125,0.8211925088833403
MTM moments,2.083984375,0.8227803104156065
MTM moments,2.087890625,0.8243419391889371
MTM moments,2.091796875,0.8259952273678213
MTM moments,2.095703125,0.8276644319793702
MTM moments,2.099609375,0.8292798748484159
MTM moments,2.103515625,0.8309462657411197
MTM moments,2.107421875,0.8326669885856808
MTM moments,2.111328125,0.8343816775970367
MTM moments,2.115234375,0.8360746474454309
MTM moments,2.119140625,0.8377085332915469
MTM moments,2.123046875,0.8392880801701178
MTM moments,2.126953125,0.8409411470002575
MTM moments,2.130859375,0.8426872120030191
MTM moments,2.134765625,0.8443716492280788
MTM moments,2.138671875,0.8460639492181286
MTM moments,2.142578125,0.8477595269990762
MTM moments,2.146484375,0.8494679105831628
MTM moments,2.150390625,0.8511758121888732
MTM moments,2.154296875,0.8528051823925835
MTM moments,2.158203125,0.854458700021362
MTM moments,2.162109375,0.856051471757044
MTM moments,2.166015625,0.8576401489782826
MTM moments,2.169921875,0.8592875457050316
MTM moments,2.173828125,0.8608830092289519
MTM moments,2.177734375,0.862526949909795
MTM moments,2.181640625,0.8642090697003549
MTM moments,2.185546875,0.8658750544185995
MTM moments,2.189453125,0.8674937972355102
MTM moments,2.193359375,0.8691240261024427
MTM moments,2.197265625,0.8708053165721218
MTM moments,2.201171875,0.8725111240184996
MTM moments,2.205078125,0.874244234373816
MTM moments,2.208984375,0.8758840050626352
MTM moments,2.212890625,0.8775402821160299
MTM moments,2.216796875,0.8791815425423408
MTM moments,2.220703125,0.8808318108638711
MTM moments,2.224609375,0.8825646447356672
MTM moments,2.228515625,0.8843073811408615
MTM moments,2.232421875,0.885950676128716
MTM moments,2.236328125,0.8876118836960178
MTM moments,2.240234375,0.8893377749263962
MTM moments,2.244140625,0.8909944192771749
MTM moments,2.248046875,0.8926239707840086
MTM moments,2.251953125,0.8942889196843534
MTM moments,2.255859375,0.8960611842181939
MTM moments,2.259765625,0.8977902253253434
MTM moments,2.263671875,0.8994043966493619
MTM moments,2.267578125,0.9010266086237003
MTM moments,2.271484375,0.902701888008003
MTM moments,2.275390625,0.9044409024127215
MTM moments,2.279296875,0.9061805650303842
MTM moments,2.283203125,0.9078245448277704
MTM moments,2.287109375,0.9094593437331879
MTM moments,2.291015625,0.9111073914996756
MTM moments,2.294921875,0.9127417169367644
MTM moments,2.298828125,0.9143715294905249
MTM moments,2.302734375,0.9160296485334913
MTM moments,2.306640625,0.9177062745868454
MTM moments,2.310546875,0.919368579713836
MTM moments,2.314453125,0.9210493824355894
MTM moments,2.318359375,0.9227542711491495
MTM moments,2.322265625,0.9244546580532226
MTM moments,2.326171875,0.9261578590356514
MTM moments,2.330078125,0.927850505575963
MTM moments,2.333984375,0.9295739019627839
MTM moments,2.337890625,0.9313566095030008
MTM moments,2.341796875,0.9330681002920173
MTM moments,2.345703125,0.9347284793217263
MTM moments,2.349609375,0.9364375847120352
MTM moments,2.353515625,0.9381205532776679
MTM moments,2.357421875,0.9397673509111284
MTM moments,2.361328125,0.941478323938561
MTM moments,2.365234375,0.9431739219467333
MTM moments,2.369140625,0.9448725341217111
MTM moments,2.373046875,0.9465934711166238
MTM moments,2.376953125,0.948245426356639
MTM moments,2.380859375,0.9498488906281167
MTM moments,2.384765625,0.9514942316956527
MTM moments,2.388671875,0.9531461041970742
MTM moments,2.392578125,0.9547778309501652
MTM moments,2.396484375,0.9564415848183784
MTM moments,2.400390625,0.9580595252786793
MTM moments,2.404296875,0.9596310176545045
MTM moments,2.408203125,0.96126784358387
MTM moments,2.412109375,0.9629230484818319
MTM moments,2.416015625,0.9645809512744533
MTM moments,2.419921875,0.9662718006675818
MTM moments,2.423828125,0.9679615918746021
MTM moments,2.427734375,0.9696578883716765
MTM moments,2.431640625,0.9713372252894523
MTM moments,2.435546875,0.9730385585502863
MTM moments,2.439453125,0.9747664569815098
MTM moments,2.443359375,0.9764585176594041
MTM moments,2.447265625,0.9781483207291765
MTM moments,2.451171875,0.9798083723230234
MTM moments,2.455078125,0.9813819196489003
MTM moments,2.458984375,0.9829696133209093
MTM moments,2.462890625,0.9846233622018588
MTM moments,2.466796875,0.9862985461741746
MTM moments,2.470703125,0.9879703283782366
MTM moments,2.474609375,0.9896781348000506
MTM moments,2.478515625,0.9913797230591641
MTM moments,2.482421875,0.9930954259264353
MTM moments,2.486328125,0.9948638114089174
MTM moments,2.490234375,0.9966035292608345
MTM moments,2.494140625,0.9983008520233335
MTM moments,2.498046875,1.0
Jump KM corr.,0.001953125,0.0
Jump KM corr.,0.005859375,0.00039081472812277666
Jump KM corr.,0.009765625,0.0005904591115015101
Jump KM corr.,0.013671875,0.0007595169162137504
Jump KM corr.,0.017578125,0.0009922925488239538
Jump KM corr.,0.021484375,0.0014826572253192009
Jump KM corr.,0.025390625,0.003683482380408754
Jump KM corr.,0.029296875,0.006415494709293592
Jump KM corr.,0.033203125,0.007686798399375526
Jump KM corr.,0.037109375,0.008475430487109355
Jump KM corr.,0.041015625,0.009166828780325422
Jump KM corr.,0.044921875,0.009829091360379337
Jump KM corr.,0.048828125,0.010507586185943654
Jump KM corr.,0.052734375,0.011319622449640163
Jump KM corr.,0.056640625,0.012492566726329367
Jump KM corr.,0.060546875,0.013816011825272312
Jump KM corr.,0.064453125,0.015077553494070816
Jump KM corr.,0.068359375,0.01629335592496833
Jump KM corr.,0.072265625,0.017469400498394128
Jump KM corr.,0.076171875,0.01862918388669992
Jump KM corr.,0.080078125,0.019771072285791533
Jump KM corr.,0.083984375,0.020946110895654235
Jump KM corr.,0.087890625,0.022237109999875642
Jump KM corr.,0.091796875,0.023592379273497822
Jump KM corr.,0.095703125,0.024978267100416635
Jump KM corr.,0.099609375,0.026372178565565833
Jump KM corr.,0.103515625,0.027762888135130552
Jump KM corr.,0.107421875,0.029159253421070754
Jump KM corr.,0.111328125,0.030558126832480246
Jump KM corr.,0.115234375,0.03207041313885861
Jump KM corr.,0.119140625,0.03372913248181922
Jump KM corr.,0.123046875,0.03547427916272247
Jump KM corr.,0.126953125,0.037208033103292404
Jump KM corr.,0.130859375,0.03896254256011463
Jump KM corr.,0.134765625,0.04069981715553469
Jump KM corr.,0.138671875,0.042391191674486316
Jump KM corr.,0.142578125,0.04408607997734861
Jump KM corr.,0.146484375,0.04578478563182756
Jump KM corr.,0.150390625,0.047496668316973335
Jump KM corr.,0.154296875,0.04918253516082781
Jump KM corr.,0.158203125,0.05091182334242836
Jump KM corr.,0.162109375,0.05273656830730742
Jump KM corr.,0.166015625,0.0545746461786066
Jump KM corr.,0.169921875,0.05643737516580383
Jump KM corr.,0.173828125,0.05825334129565936
Jump KM corr.,0.177734375,0.05996833896153479
Jump KM corr.,0.181640625,0.061639779780884654
Jump KM corr.,0.185546875,0.06330679466636738
Jump KM corr.,0.189453125,0.06503478429159136
Jump KM corr.,0.193359375,0.06674927712615948
Jump KM corr.,0.197265625,0.06842268410991807
Jump KM corr.,0.201171875,0.07007910840529835
Jump KM corr.,0.205078125,0.07170074995459318
Jump KM corr.,0.208984375,0.07328492531776148
Jump KM corr.,0.212890625,0.074740049998173
Jump KM corr.,0.216796875,0.076053174804891
Jump KM corr.,0.220703125,0.07734111042217329
Jump KM corr.,0.224609375,0.07867892124385355
Jump KM corr.,0.228515625,0.08012493465530711
Jump KM corr.,0.232421875,0.0815877330886922
Jump KM corr.,0.236328125,0.0829670016615328
Jump KM corr.,0.240234375,0.08424766368185876
Jump KM corr.,0.244140625,0.08536803344536281
Jump KM corr.,0.248046875,0.08630900309040691
Jump KM corr.,0.251953125,0.0871473743117367
Jump KM corr.,0.255859375,0.08794890142755
Jump KM corr.,0.259765625,0.08876170827001459
Jump KM corr.,0.263671875,0.08956273319903249
Jump KM corr.,0.267578125,0.09032662270498401
Jump KM corr.,0.271484375,0.09105502352492284
Jump KM corr.,0.275390625,0.09174037127186178
Jump KM corr.,0.279296875,0.09241115388173286
Jump KM corr.,0.283203125,0.09305433613789058
Jump KM corr.,0.287109375,0.09367251961278135
Jump KM corr.,0.291015625,0.09427637119408996
Jump KM corr.,0.294921875,0.09487168692823836
Jump KM corr.,0.298828125,0.09547423272295238
Jump KM corr.,0.302734375,0.0960697618196685
Jump KM corr.,0.306640625,0.09665673746746514
Jump KM corr.,0.310546875,0.0972446162371082
Jump KM corr.,0.314453125,0.09785129016149267
Jump KM corr.,0.318359375,0.09847636462766335
Jump KM corr.,0.322265625,0.09906883606793886
Jump KM corr.,0.326171875,0.09961172013369345
Jump KM corr.,0.330078125,0.1001395296546699
Jump KM corr.,0.333984375,0.10069848615446586
Jump KM corr.,0.337890625,0.10129273126039288
Jump KM corr.,0.341796875,0.10188672513757316
Jump KM corr.,0.345703125,0.10246127193761383
Jump KM corr.,0.349609375,0.10302385766037485
Jump KM corr.,0.353515625,0.10361130696170129
Jump KM corr.,0.357421875,0.10422968925865389
Jump KM corr.,0.361328125,0.10485328060307472
Jump KM corr.,0.365234375,0.1054531043329088
Jump KM corr.,0.369140625,0.10601691417913839
Jump KM corr.,0.373046875,0.10656674246369653
Jump KM corr.,0.376953125,0.10711431541965755
Jump KM corr.,0.380859375,0.10768474464723504
Jump KM corr.,0.384765625,0.10828501717906559
Jump KM corr.,0.388671875,0.10890888181806246
Jump KM corr.,0.392578125,0.10952557364293093
Jump KM corr.,0.396484375,0.1101240010403734
Jump KM corr.,0.400390625,0.11071074033264766
Jump KM corr.,0.404296875,0.11129472807973652
Jump KM corr.,0.408203125,0.11187053040193272
Jump KM corr.,0.412109375,0.11242398518527502
Jump KM corr.,0.416015625,0.11300011718876209
Jump KM corr.,0.419921875,0.11360389770836749
Jump KM corr.,0.423828125,0.11422906402087811
Jump KM corr.,0.427734375,0.11483992640169352
Jump KM corr.,0.431640625,0.11544524600186234
Jump KM corr.,0.435546875,0.11608030162996565
Jump KM corr.,0.439453125,0.11672176844977952
Jump KM corr.,0.443359375,0.11734475816496732
Jump KM corr.,0.447265625,0.11792648489239255
Jump KM corr.,0.451171875,0.11848205825691138
Jump KM corr.,0.455078125,0.11903321615984531
Jump KM corr.,0.458984375,0.11961233098145327
Jump KM corr.,0.462890625,0.12022083940763094
Jump KM corr.,0.466796875,0.12080580265989167
Jump KM corr.,0.470703125,0.12135738235018412
Jump KM corr.,0.474609375,0.12188993059855095
Jump KM corr.,0.478515625,0.12244740417781662
Jump KM corr.,0.482421875,0.12304563086232231
Jump KM corr.,0.486328125,0.12364595005471402
Jump KM corr.,0.490234375,0.12425715567490495
Jump KM corr.,0.494140625,0.12485870477975221
Jump KM corr.,0.498046875,0.12545011409090295
Jump KM corr.,0.501953125,0.12603296052189242
Jump KM corr.,0.505859375,0.1266057832299524
Jump KM corr.,0.509765625,0.12719078850354154
Jump KM corr.,0.513671875,0.12779899895004745
Jump KM corr.,0.517578125,0.12846615316249918
Jump KM corr.,0.521484375,0.12918480164928514
Jump KM corr.,0.525390625,0.12987480939473964
Jump KM corr.,0.529296875,0.1305038523900233
Jump KM corr.,0.533203125,0.1311192683504032
Jump KM corr.,0.537109375,0.13173479840556082
Jump KM corr.,0.541015625,0.13234277897758168
Jump KM corr.,0.544921875,0.1329408788940117
Jump KM corr.,0.548828125,0.13354797645830727
Jump KM corr.,0.552734375,0.13413803052441417
Jump KM corr.,0.556640625,0.13469109672582957
Jump KM corr.,0.560546875,0.1352266472111703
Jump KM corr.,0.564453125,0.13574798059202633
Jump KM corr.,0.568359375,0.13627748530433284
Jump KM corr.,0.572265625,0.13681705045018963
Jump KM corr.,0.576171875,0.13737966741159693
Jump KM corr.,0.580078125,0.13794682112873788
Jump KM corr.,0.583984375,0.13850558206814922
Jump KM corr.,0.587890625,0.1391195650782325
Jump KM corr.,0.591796875,0.13975184469304047
Jump KM corr.,0.595703125,0.140379686739043
Jump KM corr.,0.599609375,0.14097301728850054
Jump KM corr.,0.603515625,0.14153106473232327
Jump KM corr.,0.607421875,0.14210369036276996
Jump KM corr.,0.611328125,0.14269824351646787
Jump KM corr.,0.615234375,0.14335852747564798
Jump KM corr.,0.619140625,0.14404566139952277
Jump KM corr.,0.623046875,0.14470733161091712
Jump KM corr.,0.626953125,0.1453369064696698
Jump KM corr.,0.630859375,0.1459437491032294
Jump KM corr.,0.634765625,0.14656638129594549
Jump KM corr.,0.638671875,0.14720122994093385
Jump KM corr.,0.642578125,0.14780587387686528
Jump KM corr.,0.646484375,0.1483971309658617
Jump KM corr.,0.650390625,0.1490221154947573
Jump KM corr.,0.654296875,0.1497381601228285
Jump KM corr.,0.658203125,0.1505055799362806
Jump KM corr.,0.662109375,0.15120309981040833
Jump KM corr.,0.666015625,0.1518282483890042
Jump KM corr.,0.669921875,0.15242807811951048
Jump KM corr.,0.673828125,0.15305908519375477
Jump KM corr.,0.677734375,0.15375064419611317
Jump KM corr.,0.681640625,0.15446954626482035
Jump KM corr.,0.685546875,0.15522349597919172
Jump KM corr.,0.689453125,0.15601185169338166
Jump KM corr.,0.693359375,0.15681783548412767
Jump KM corr.,0.697265625,0.1575607272354468
Jump KM corr.,0.701171875,0.1582079587085087
Jump KM corr.,0.705078125,0.15881485032822468
Jump KM corr.,0.708984375,0.15943688578752
Jump KM corr.,0.712890625,0.16010207464700713
Jump KM corr.,0.716796875,0.16077892334574284
Jump KM corr.,0.720703125,0.16142029085533435
Jump KM corr.,0.724609375,0.1620440796913059
Jump KM corr.,0.728515625,0.16270846917316198
Jump KM corr.,0.732421875,0.16340407767242604
Jump KM corr.,0.736328125,0.1640710019382799
Jump KM corr.,0.740234375,0.16469783385309958
Jump KM corr.,0.744140625,0.16537611825039597
Jump KM corr.,0.748046875,0.1661313748306765
Jump KM corr.,0.751953125,0.16689269839100718
Jump KM corr.,0.755859375,0.167615365495422
Jump KM corr.,0.759765625,0.1683479357905869
Jump KM corr.,0.763671875,0.1691273018856674
Jump KM corr.,0.767578125,0.16991292578156839
Jump KM corr.,0.771484375,0.1706141229004537
Jump KM corr.,0.775390625,0.17122107832676528
Jump KM corr.,0.779296875,0.1718295890588792
Jump KM corr.,0.783203125,0.17251016607655872
Jump KM corr.,0.787109375,0.17330126669289975
Jump KM corr.,0.791015625,0.17413299096494503
Jump KM corr.,0.794921875,0.17493898477324518
Jump KM corr.,0.798828125,0.17572166148589857
Jump KM corr.,0.802734375,0.176485804102505
Jump KM corr.,0.806640625,0.17725890283766696
Jump KM corr.,0.810546875,0.17804102424975363
Jump KM corr.,0.814453125,0.17881454111798323
Jump KM corr.,0.818359375,0.17953313742326965
Jump KM corr.,0.822265625,0.18019127093696255
Jump KM corr.,0.826171875,0.18085850066802545
Jump KM corr.,0.830078125,0.18156999988641515
Jump KM corr.,0.833984375,0.18231305300641173
Jump KM corr.,0.837890625,0.1830512445382007
Jump KM corr.,0.841796875,0.1838589202793411
Jump KM corr.,0.845703125,0.18473444138976977
Jump KM corr.,0.849609375,0.18560256099000827
Jump KM corr.,0.853515625,0.18642845978036446
Jump KM corr.,0.857421875,0.18719535980627708
Jump KM corr.,0.861328125,0.1879921166249201
Jump KM corr.,0.865234375,0.18882134754980961
Jump KM corr.,0.869140625,0.1897085150634871
Jump KM corr.,0.873046875,0.19063371038631788
Jump KM corr.,0.876953125,0.19153147051518854
Jump KM corr.,0.880859375,0.19242309499726487
Jump KM corr.,0.884765625,0.1933378795383001
Jump KM corr.,0.888671875,0.1942178217149037
Jump KM corr.,0.892578125,0.19501330785446525
Jump KM corr.,0.896484375,0.1957476563040376
Jump KM corr.,0.900390625,0.19645631780099093
Jump KM corr.,0.904296875,0.19718657023611866
Jump KM corr.,0.908203125,0.19792423864367045
Jump KM corr.,0.912109375,0.19873607204577665
Jump KM corr.,0.916015625,0.19969113648900305
Jump KM corr.,0.919921875,0.20071661041304617
Jump KM corr.,0.923828125,0.20172503967609154
Jump KM corr.,0.927734375,0.20269167808115596
Jump KM corr.,0.931640625,0.2036465247168254
Jump KM corr.,0.935546875,0.20459422699140845
Jump KM corr.,0.939453125,0.20550817546700278
Jump KM corr.,0.943359375,0.20640873337746313
Jump KM corr.,0.947265625,0.2073160439806343
Jump KM corr.,0.951171875,0.2081977116967477
Jump KM corr.,0.955078125,0.2090624015335585
Jump KM corr.,0.958984375,0.20996823088876182
Jump KM corr.,0.962890625,0.2109682074163241
Jump KM corr.,0.966796875,0.21201648245428373
Jump KM corr.,0.970703125,0.21304706637437923
Jump KM corr.,0.974609375,0.21407324769485522
Jump KM corr.,0.978515625,0.21515186147822532
Jump KM corr.,0.982421875,0.21623608947183948
Jump KM corr.,0.986328125,0.21724167761431995
Jump KM corr.,0.990234375,0.21820162633622409
Jump KM corr.,0.994140625,0.21919865230942945
Jump KM corr.,0.998046875,0.22025626099833098
Jump KM corr.,1.001953125,0.22132472438244846
Jump KM corr.,1.005859375,0.2223975648875064
Jump KM corr.,1.009765625,0.22344705156739236
Jump KM corr.,1.013671875,0.22447390009053406
Jump KM corr.,1.017578125,0.2255289330588998
Jump KM corr.,1.021484375,0.2266549621429684
Jump KM corr.,1.025390625,0.22791602137435246
Jump KM corr.,1.029296875,0.22931838049446274
Jump KM corr.,1.033203125,0.23088748443467924
Jump KM corr.,1.037109375,0.23252911831023274
Jump KM corr.,1.041015625,0.23407929841400668
Jump KM corr.,1.044921875,0.23551087112489238
Jump KM corr.,1.048828125,0.23681391881791075
Jump KM corr.,1.052734375,0.23797759016921458
Jump KM corr.,1.056640625,0.23904105684934918
Jump KM corr.,1.060546875,0.24012077816172803
Jump KM corr.,1.064453125,0.24128561297313958
Jump KM corr.,1.068359375,0.2425287666423425
Jump KM corr.,1.072265625,0.24378374521677343
Jump KM corr.,1.076171875,0.24500685707443118
Jump KM corr.,1.080078125,0.24619700410218537
Jump KM corr.,1.083984375,0.24742955593666188
Jump KM corr.,1.087890625,0.24873578897425724
Jump KM corr.,1.091796875,0.25007636567972613
Jump KM corr.,1.095703125,0.2513914190812811
Jump KM corr.,1.099609375,0.252718525736855
Jump KM corr.,1.103515625,0.25412866066499606
Jump KM corr.,1.107421875,0.2555128908504048
Jump KM corr.,1.111328125,0.25678393979406045
Jump KM corr.,1.115234375,0.25805586334930286
Jump KM corr.,1.119140625,0.2594350656866407
Jump KM corr.,1.123046875,0.26086972748460363
Jump KM corr.,1.126953125,0.2622762271738247
Jump KM corr.,1.130859375,0.26364269520935235
Jump KM corr.,1.134765625,0.2649840323572747
Jump KM corr.,1.138671875,0.2662643214098311
Jump KM corr.,1.142578125,0.2675091785674224
Jump KM corr.,1.146484375,0.26880444964049416
Jump KM corr.,1.150390625,0.2702120659442043
Jump KM corr.,1.154296875,0.27179746387323994
Jump KM corr.,1.158203125,0.2733542754029788
Jump KM corr.,1.162109375,0.27471177373620237
Jump KM corr.,1.166015625,0.27595223912475914
Jump KM corr.,1.169921875,0.27723569884639304
Jump KM corr.,1.173828125,0.27857883852466553
Jump KM corr.,1.177734375,0.279869133904482
Jump KM corr.,1.181640625,0.28122764465359373
Jump KM corr.,1.185546875,0.2827589535172404
Jump KM corr.,1.189453125,0.2844527065090663
Jump KM corr.,1.193359375,0.28618530082839694
Jump KM corr.,1.197265625,0.2878692300289903
Jump KM corr.,1.201171875,0.28943986336981614
Jump KM corr.,1.205078125,0.29090834208281097
Jump KM corr.,1.208984375,0.2924290697364905
Jump KM corr.,1.212890625,0.2941491537237167
Jump KM corr.,1.216796875,0.29595018957074226
Jump KM corr.,1.220703125,0.2975878129488429
Jump KM corr.,1.224609375,0.2991258968802773
Jump KM corr.,1.228515625,0.3006715779042546
Jump KM corr.,1.232421875,0.30228756622326064
Jump KM corr.,1.236328125,0.30394482029992886
Jump KM corr.,1.240234375,0.30560449521549177
Jump KM corr.,1.244140625,0.3072526918534999
Jump KM corr.,1.248046875,0.3088235984091477
Jump KM corr.,1.251953125,0.31039048647330614
Jump KM corr.,1.255859375,0.31195559096203535
Jump KM corr.,1.259765625,0.3135561387923095
Jump KM corr.,1.263671875,0.3152151426609837
Jump KM corr.,1.267578125,0.3168600279446412
Jump KM corr.,1.271484375,0.3184665139519889
Jump KM corr.,1.275390625,0.3199634696004777
Jump KM corr.,1.279296875,0.3214295829342755
Jump KM corr.,1.283203125,0.32302092279922917
Jump KM corr.,1.287109375,0.32485224397516876
Jump KM corr.,1.291015625,0.32690127355254783
Jump KM corr.,1.294921875,0.3288500569171208
Jump KM corr.,1.298828125,0.33061531760257323
Jump KM corr.,1.302734375,0.3323789366945727
Jump KM corr.,1.306640625,0.3342813052490407
Jump KM corr.,1.310546875,0.3363524444966829
Jump KM corr.,1.314453125,0.33842792477706907
Jump KM corr.,1.318359375,0.34046578238671843
Jump KM corr.,1.322265625,0.3424011232636271
Jump KM corr.,1.326171875,0.3443300663513083
Jump KM corr.,1.330078125,0.3463669585387234
Jump KM corr.,1.333984375,0.34837274586835143
Jump KM corr.,1.337890625,0.350344596071963
Jump KM corr.,1.341796875,0.3523351414273553
Jump KM corr.,1.345703125,0.35444760636407874
Jump KM corr.,1.349609375,0.3566003072817612
Jump KM corr.,1.353515625,0.3586178029845725
Jump KM corr.,1.357421875,0.36047159638587767
Jump KM corr.,1.361328125,0.3622839320031131
Jump KM corr.,1.365234375,0.3641793267153509
Jump KM corr.,1.369140625,0.3663083149983035
Jump KM corr.,1.373046875,0.3686465627430714
Jump KM corr.,1.376953125,0.37103889433128906
Jump KM corr.,1.380859375,0.3734895621344923
Jump KM corr.,1.384765625,0.37575263144466037
Jump KM corr.,1.388671875,0.37778814413346073
Jump KM corr.,1.392578125,0.37979132209494526
Jump KM corr.,1.396484375,0.3819043272226427
Jump KM corr.,1.400390625,0.38410477527899023
Jump KM corr.,1.404296875,0.3861928713641279
Jump KM corr.,1.408203125,0.3881713788719505
Jump KM corr.,1.412109375,0.39013649386099636
Jump KM corr.,1.416015625,0.39220520159913624
Jump KM corr.,1.419921875,0.39432846438678026
Jump KM corr.,1.423828125,0.3964010813895527
Jump KM corr.,1.427734375,0.3983940982365341
Jump KM corr.,1.431640625,0.4005254689073802
Jump KM corr.,1.435546875,0.40293794988054366
Jump KM corr.,1.439453125,0.4054122292002103
Jump KM corr.,1.443359375,0.40787072363394095
Jump KM corr.,1.447265625,0.41033316680624243
Jump KM corr.,1.451171875,0.4127754148477378
Jump KM corr.,1.455078125,0.4151515023343668
Jump KM corr.,1.458984375,0.417404170185199
Jump KM corr.,1.462890625,0.41969317270080114
Jump KM corr.,1.466796875,0.42201235566459944
Jump KM corr.,1.470703125,0.4243048433840879
Jump KM corr.,1.474609375,0.4267328591279327
Jump KM corr.,1.478515625,0.42928329807812865
Jump KM corr.,1.482421875,0.4319124467128282
Jump KM corr.,1.486328125,0.434627995797465
Jump KM corr.,1.490234375,0.43742429475870126
Jump KM corr.,1.494140625,0.4401838779896823
Jump KM corr.,1.498046875,0.44272215508722246
Jump KM corr.,1.501953125,0.44501681838333784
Jump KM corr.,1.505859375,0.4472722470328864
Jump KM corr.,1.509765625,0.4496115910028304
Jump KM corr.,1.513671875,0.45203619391981553
Jump KM corr.,1.517578125,0.4544694328669612
Jump KM corr.,1.521484375,0.456960158522982
Jump KM corr.,1.525390625,0.4595260305239328
Jump KM corr.,1.529296875,0.462077780937802
Jump KM corr.,1.533203125,0.46440921946252417
Jump KM corr.,1.537109375,0.46655761109707655
Jump KM corr.,1.541015625,0.46873941042787043
Jump KM corr.,1.544921875,0.47105827050932714
Jump KM corr.,1.548828125,0.47340916399852917
Jump KM corr.,1.552734375,0.4756463233341275
Jump KM corr.,1.556640625,0.4777883039638147
Jump KM corr.,1.560546875,0.4798666244213269
Jump KM corr.,1.564453125,0.481970611412604
Jump KM corr.,1.568359375,0.4840828222922945
Jump KM corr.,1.572265625,0.48616299945141284
Jump KM corr.,1.576171875,0.4881627084334055
Jump KM corr.,1.580078125,0.49015382041906297
Jump KM corr.,1.583984375,0.49221509292410986
Jump KM corr.,1.587890625,0.49436796490754675
Jump KM corr.,1.591796875,0.49650816950740845
Jump KM corr.,1.595703125,0.4985505386970895
Jump KM corr.,1.599609375,0.5004872659496956
Jump KM corr.,1.603515625,0.5022905225192749
Jump KM corr.,1.607421875,0.5040161284622933
Jump KM corr.,1.611328125,0.5056623302971317
Jump KM corr.,1.615234375,0.5072696980177033
Jump KM corr.,1.619140625,0.5088968191307355
Jump KM corr.,1.623046875,0.510574355764059
Jump KM corr.,1.626953125,0.5123017911266787
Jump KM corr.,1.630859375,0.5139397993004547
Jump KM corr.,1.634765625,0.5155060776112432
Jump KM corr.,1.638671875,0.5171024417595603
Jump KM corr.,1.642578125,0.5187590174553136
Jump KM corr.,1.646484375,0.5204382895937324
Jump KM corr.,1.650390625,0.5220447349098806
Jump KM corr.,1.654296875,0.5235692375470582
Jump KM corr.,1.658203125,0.5250661344774835
Jump KM corr.,1.662109375,0.5265962533955204
Jump KM corr.,1.666015625,0.5281975659622683
Jump KM corr.,1.669921875,0.5298605465989646
Jump KM corr.,1.673828125,0.5315582515275433
Jump KM corr.,1.677734375,0.5332588410848931
Jump KM corr.,1.681640625,0.5349168664108278
Jump KM corr.,1.685546875,0.5365607734401696
Jump KM corr.,1.689453125,0.538235570056877
Jump KM corr.,1.693359375,0.5399440161661577
Jump KM corr.,1.697265625,0.5416711589813916
Jump KM corr.,1.701171875,0.5434239335215657
Jump KM corr.,1.705078125,0.5452541379117416
Jump KM corr.,1.708984375,0.5471361170080212
Jump KM corr.,1.712890625,0.5490258671807372
Jump KM corr.,1.716796875,0.5509333202770634
Jump KM corr.,1.720703125,0.552852015108763
Jump KM corr.,1.724609375,0.5547954075780258
Jump KM corr.,1.728515625,0.5567720324170206
Jump KM corr.,1.732421875,0.5587699168709964
Jump KM corr.,1.736328125,0.5608303726433584
Jump KM corr.,1.740234375,0.5629010733596621
Jump KM corr.,1.744140625,0.5649550354635869
Jump KM corr.,1.748046875,0.567009898682029
Jump KM corr.,1.751953125,0.5691072391143865
Jump KM corr.,1.755859375,0.5712385942124338
Jump KM corr.,1.759765625,0.5733449146923824
Jump KM corr.,1.763671875,0.5753331746978516
Jump KM corr.,1.767578125,0.5772634396339075
Jump KM corr.,1.771484375,0.5792288132993771
Jump KM corr.,1.775390625,0.581251815829709
Jump KM corr.,1.779296875,0.5833781257492074
Jump KM corr.,1.783203125,0.5856076990425945
Jump KM corr.,1.787109375,0.587925976636258
Jump KM corr.,1.791015625,0.5902036568069715
Jump KM corr.,1.794921875,0.5924422861060009
Jump KM corr.,1.798828125,0.5947125308114192
Jump KM corr.,1.802734375,0.5969207382728307
Jump KM corr.,1.806640625,0.5990537802282369
Jump KM corr.,1.810546875,0.6011307680414766
Jump KM corr.,1.814453125,0.6032527026698964
Jump KM corr.,1.818359375,0.6054021713217008
Jump KM corr.,1.822265625,0.6075241059975048
Jump KM corr.,1.826171875,0.6096407716401256
Jump KM corr.,1.830078125,0.6117183040567754
Jump KM corr.,1.833984375,0.6138434331563504
Jump KM corr.,1.837890625,0.6160217293571333
Jump KM corr.,1.841796875,0.6181945729389478
Jump KM corr.,1.845703125,0.6203588794852872
Jump KM corr.,1.849609375,0.6225180994228432
Jump KM corr.,1.853515625,0.6246849706950925
Jump KM corr.,1.857421875,0.6268817677836167
Jump KM corr.,1.861328125,0.6291495831653426
Jump KM corr.,1.865234375,0.6314805010627892
Jump KM corr.,1.869140625,0.6338441244029928
Jump KM corr.,1.873046875,0.6362182751213314
Jump KM corr.,1.876953125,0.6385072883074009
Jump KM corr.,1.880859375,0.640633724761507
Jump KM corr.,1.884765625,0.6426929111931224
Jump KM corr.,1.888671875,0.6449409824763565
Jump KM corr.,1.892578125,0.6473999587574808
Jump KM corr.,1.896484375,0.6498658246696184
Jump KM corr.,1.900390625,0.6521500456713553
Jump KM corr.,1.904296875,0.6543253042018192
Jump KM corr.,1.908203125,0.6564813230746147
Jump KM corr.,1.912109375,0.6586858459993983
Jump KM corr.,1.916015625,0.6609896582867074
Jump KM corr.,1.919921875,0.6633725565570858
Jump KM corr.,1.923828125,0.6656802258442412
Jump KM corr.,1.927734375,0.667854078540399
Jump KM corr.,1.931640625,0.6699827141087905
Jump KM corr.,1.935546875,0.6720613976820616
Jump KM corr.,1.939453125,0.6741721797071771
Jump KM corr.,1.943359375,0.676369683668288
Jump KM corr.,1.947265625,0.6787054110396095
Jump KM corr.,1.951171875,0.6810689597943149
Jump KM corr.,1.955078125,0.6833603882225949
Jump KM corr.,1.958984375,0.6856141647315102
Jump KM corr.,1.962890625,0.6878609636973811
Jump KM corr.,1.966796875,0.6900929941330494
Jump KM corr.,1.970703125,0.692353422793277
Jump KM corr.,1.974609375,0.694687601139002
Jump KM corr.,1.978515625,0.6970715349132219
Jump KM corr.,1.982421875,0.6994865039946285
Jump KM corr.,1.986328125,0.7019105526482031
Jump KM corr.,1.990234375,0.7043062515451899
Jump KM corr.,1.994140625,0.7066268392587498
Jump KM corr.,1.998046875,0.7088958789663906
Jump KM corr.,2.001953125,0.7111330284478333
Jump KM corr.,2.005859375,0.713462876396157
Jump KM corr.,2.009765625,0.7158863482273724
Jump KM corr.,2.013671875,0.718414538926896
Jump KM corr.,2.017578125,0.7208834807330439
Jump KM corr.,2.021484375,0.7230728690317757
Jump KM corr.,2.025390625,0.7251416219008565
Jump KM corr.,2.029296875,0.7273379366389161
Jump KM corr.,2.033203125,0.729857622568964
Jump KM corr.,2.037109375,0.7324965190574513
Jump KM corr.,2.041015625,0.7349472393215423
Jump KM corr.,2.044921875,0.7372145825374771
Jump KM corr.,2.048828125,0.7394883488853734
Jump KM corr.,2.052734375,0.7418874713400774
Jump KM corr.,2.056640625,0.7443451335189314
Jump KM corr.,2.060546875,0.7467947807086421
Jump KM corr.,2.064453125,0.7490915430604204
Jump KM corr.,2.068359375,0.7512299970258175
Jump KM corr.,2.072265625,0.7533152854036235
Jump KM corr.,2.076171875,0.7554697874419402
Jump KM corr.,2.080078125,0.7577212645320893
Jump KM corr.,2.083984375,0.7599437091641278
Jump KM corr.,2.087890625,0.7621093617280053
Jump KM corr.,2.091796875,0.7642518278490129
Jump KM corr.,2.095703125,0.7664988745125215
Jump KM corr.,2.099609375,0.76883776342435
Jump KM corr.,2.103515625,0.7712033114240057
Jump KM corr.,2.107421875,0.7735072380287271
Jump KM corr.,2.111328125,0.7757991498487692
Jump KM corr.,2.115234375,0.7781952160994338
Jump KM corr.,2.119140625,0.7806468221391757
Jump KM corr.,2.123046875,0.7830739049991275
Jump KM corr.,2.126953125,0.7854393601778134
Jump KM corr.,2.130859375,0.7877633732048274
Jump KM corr.,2.134765625,0.7900253570948947
Jump KM corr.,2.138671875,0.7922006357606596
Jump KM corr.,2.142578125,0.7943225536403908
Jump KM corr.,2.146484375,0.7965110085928397
Jump KM corr.,2.150390625,0.7987920464293239
Jump KM corr.,2.154296875,0.8011611076257987
Jump KM corr.,2.158203125,0.803474711411187
Jump KM corr.,2.162109375,0.805695977047579
Jump KM corr.,2.166015625,0.8078978629789451
Jump KM corr.,2.169921875,0.810153486477276
Jump KM corr.,2.173828125,0.8124969477336506
Jump KM corr.,2.177734375,0.8148362333374048
Jump KM corr.,2.181640625,0.8171976619294465
Jump KM corr.,2.185546875,0.8195215677939259
Jump KM corr.,2.189453125,0.8218373796987017
Jump KM corr.,2.193359375,0.8242024602644591
Jump KM corr.,2.197265625,0.8266803362290304
Jump KM corr.,2.201171875,0.829172537462803
Jump KM corr.,2.205078125,0.8316121749147474
Jump KM corr.,2.208984375,0.8340437479298594
Jump KM corr.,2.212890625,0.8363794925015607
Jump KM corr.,2.216796875,0.8385735710426998
Jump KM corr.,2.220703125,0.8406285061572799
Jump KM corr.,2.224609375,0.8426851273782391
Jump KM corr.,2.228515625,0.8448354661655159
Jump KM corr.,2.232421875,0.8469923740154442
Jump KM corr.,2.236328125,0.8490871554441586
Jump KM corr.,2.240234375,0.851146553624361
Jump KM corr.,2.244140625,0.853237252359566
Jump KM corr.,2.248046875,0.8554808419885429
Jump KM corr.,2.251953125,0.8578366587836822
Jump KM corr.,2.255859375,0.8602514258235295
Jump KM corr.,2.259765625,0.862602488738273
Jump KM corr.,2.263671875,0.8648167397607542
Jump KM corr.,2.267578125,0.8670021130708545
Jump KM corr.,2.271484375,0.8691873477163776
Jump KM corr.,2.275390625,0.8713383006619813
Jump KM corr.,2.279296875,0.8734618558869721
Jump KM corr.,2.283203125,0.8756695518071235
Jump KM corr.,2.287109375,0.8780459428523749
Jump KM corr.,2.291015625,0.8804954838738543
Jump KM corr.,2.294921875,0.8828294825020998
Jump KM corr.,2.298828125,0.8850304550986935
Jump KM corr.,2.302734375,0.8871044017781319
Jump KM corr.,2.306640625,0.8891074516836602
Jump KM corr.,2.310546875,0.8911346065572584
Jump KM corr.,2.314453125,0.8933534457517978
Jump KM corr.,2.318359375,0.8958106809179905
Jump KM corr.,2.322265625,0.8983667332133095
Jump KM corr.,2.326171875,0.9008230828531066
Jump KM corr.,2.330078125,0.9031689079942781
Jump KM corr.,2.333984375,0.9054694207575253
Jump KM corr.,2.337890625,0.9077269381832688
Jump KM corr.,2.341796875,0.9099741926973878
Jump KM corr.,2.345703125,0.9122297965759899
Jump KM corr.,2.349609375,0.9145773632943472
Jump KM corr.,2.353515625,0.9169326015498962
Jump KM corr.,2.357421875,0.9192952104163539
Jump KM corr.,2.361328125,0.9216372332942931
Jump KM corr.,2.365234375,0.9239539280636122
Jump KM corr.,2.369140625,0.9262459128804714
Jump KM corr.,2.373046875,0.9284664273915315
Jump KM corr.,2.376953125,0.9307467269915868
Jump KM corr.,2.380859375,0.933116502441137
Jump KM corr.,2.384765625,0.9355620856391443
Jump KM corr.,2.388671875,0.9379137819254763
Jump KM corr.,2.392578125,0.9401412888771519
Jump KM corr.,2.396484375,0.9424235592629756
Jump KM corr.,2.400390625,0.9447679151834684
Jump KM corr.,2.404296875,0.9471465792998459
Jump KM corr.,2.408203125,0.949434138460404
Jump KM corr.,2.412109375,0.9516475237339196
Jump KM corr.,2.416015625,0.9538054122754476
Jump KM corr.,2.419921875,0.9559387902495741
Jump KM corr.,2.423828125,0.9581100326905762
Jump KM corr.,2.427734375,0.9602567917652307
Jump KM corr.,2.431640625,0.9623156960087089
Jump KM corr.,2.435546875,0.9642986027510856
Jump KM corr.,2.439453125,0.9662807890337001
Jump KM corr.,2.443359375,0.9683515508534254
Jump KM corr.,2.447265625,0.9705341671315423
Jump KM corr.,2.451171875,0.9728279913986501
Jump KM corr.,2.455078125,0.9751026261827819
Jump KM corr.,2.458984375,0.9772065834622217
Jump KM corr.,2.462890625,0.9792276819154104
Jump KM corr.,2.466796875,0.9813366705654697
Jump KM corr.,2.470703125,0.9837083315988335
Jump KM corr.,2.474609375,0.9862466326118696
Jump KM corr.,2.478515625,0.9887107444760768
Jump KM corr.,2.482421875,0.9910118257480311
Jump KM corr.,2.486328125,0.9932310190268697
Jump KM corr.,2.490234375,0.995491425760256
Jump KM corr.,2.494140625,0.9977681843776345
Jump KM corr.,2.498046875,1.0
Jump KM flag,0.001953125,0.0
Jump KM flag,0.005859375,0.01306922729604473
Jump KM flag,0.009765625,0.026522658527074146
Jump KM flag,0.013671875,0.040325173756837744
Jump KM flag,0.017578125,0.05442545892521557
Jump KM flag,0.021484375,0.06882476759110244
Jump KM flag,0.025390625,0.08348439792683551
Jump KM flag,0.029296875,0.09834224198097002
Jump KM flag,0.033203125,0.11323346102022319
Jump KM flag,0.037109375,0.12803759345740212
Jump KM flag,0.041015625,0.142691162125339
Jump KM flag,0.044921875,0.1572507887475287
Jump KM flag,0.048828125,0.17182127212476933
Jump KM flag,0.052734375,0.18644504047602092
Jump KM flag,0.056640625,0.2011203885053518
Jump KM flag,0.060546875,0.2153125728182401
Jump KM flag,0.064453125,0.22890770449142478
Jump KM flag,0.068359375,0.2422437716143927
Jump KM flag,0.072265625,0.2555765491909053
Jump KM flag,0.076171875,0.26864232436117486
Jump KM flag,0.080078125,0.2810936398513912
Jump KM flag,0.083984375,0.2931063369666274
Jump KM flag,0.087890625,0.30482377407703787
Jump KM flag,0.091796875,0.3162496745921888
Jump KM flag,0.095703125,0.327237447764454
Jump KM flag,0.099609375,0.3377966100118597
Jump KM flag,0.103515625,0.347951581508818
Jump KM flag,0.107421875,0.35758246892671786
Jump KM flag,0.111328125,0.36671551618821646
Jump KM flag,0.115234375,0.37550556419618875
Jump KM flag,0.119140625,0.3840560470858193
Jump KM flag,0.123046875,0.39238222483329416
Jump KM flag,0.126953125,0.4003871672803535
Jump KM flag,0.130859375,0.40806943009295127
Jump KM flag,0.134765625,0.4154158522858564
Jump KM flag,0.138671875,0.42243862364357515
Jump KM flag,0.142578125,0.42920121799472066
Jump KM flag,0.146484375,0.43574101196460974
Jump KM flag,0.150390625,0.4420515299877353
Jump KM flag,0.154296875,0.4481462371153071
Jump KM flag,0.158203125,0.4540406240972026
Jump KM flag,0.162109375,0.4596791165354626
Jump KM flag,0.166015625,0.464845128212035
Jump KM flag,0.169921875,0.46960966624775713
Jump KM flag,0.173828125,0.4742211854305613
Jump KM flag,0.177734375,0.4788564946793097
Jump KM flag,0.181640625,0.4834806206582835
Jump KM flag,0.185546875,0.48771197429053176
Jump KM flag,0.189453125,0.49154677499320437
Jump KM flag,0.193359375,0.49511608922405614
Jump KM flag,0.197265625,0.4985629002993976
Jump KM flag,0.201171875,0.5020012936043419
Jump KM flag,0.205078125,0.5053800446172869
Jump KM flag,0.208984375,0.5086338595946063
Jump KM flag,0.212890625,0.5114653289177916
Jump KM flag,0.216796875,0.5137780152895287
Jump KM flag,0.220703125,0.5157475825073055
Jump KM flag,0.224609375,0.5175699867121057
Jump KM flag,0.228515625,0.5192631830452699
Jump KM flag,0.232421875,0.5206917796452921
Jump KM flag,0.236328125,0.5218351300862359
Jump KM flag,0.240234375,0.5227787021982774
Jump KM flag,0.244140625,0.52358912671293
Jump KM flag,0.248046875,0.5243053796543466
Jump KM flag,0.251953125,0.5249232498837784
Jump KM flag,0.255859375,0.5254292601158078
Jump KM flag,0.259765625,0.5258804264301535
Jump KM flag,0.263671875,0.5263171722479607
Jump KM flag,0.267578125,0.5267806171569595
Jump KM flag,0.271484375,0.5272394748767035
Jump KM flag,0.275390625,0.527672054692021
Jump KM flag,0.279296875,0.5280884799695249
Jump KM flag,0.283203125,0.5284908283144704
Jump KM flag,0.287109375,0.5288803840146933
Jump KM flag,0.291015625,0.5292458373629816
Jump KM flag,0.294921875,0.5295963968489051
Jump KM flag,0.298828125,0.5299245346923597
Jump KM flag,0.302734375,0.5302291323558636
Jump KM flag,0.306640625,0.5305250066123495
Jump KM flag,0.310546875,0.5308318655605557
Jump KM flag,0.314453125,0.5311627527821612
Jump KM flag,0.318359375,0.5315040696663572
Jump KM flag,0.322265625,0.5318436157090675
Jump KM flag,0.326171875,0.5321853992994059
Jump KM flag,0.330078125,0.5325331075661355
Jump KM flag,0.333984375,0.5328984865886669
Jump KM flag,0.337890625,0.5332670742830014
Jump KM flag,0.341796875,0.5336219486994866
Jump KM flag,0.345703125,0.5339680631844078
Jump KM flag,0.349609375,0.5343225872519136
Jump KM flag,0.353515625,0.5346975665089665
Jump KM flag,0.357421875,0.5350769250755436
Jump KM flag,0.361328125,0.5354355912312057
Jump KM flag,0.365234375,0.5357730567961709
Jump KM flag,0.369140625,0.5361188968155312
Jump KM flag,0.373046875,0.5364821128796913
Jump KM flag,0.376953125,0.536848866790588
Jump KM flag,0.380859375,0.5372021094857311
Jump KM flag,0.384765625,0.5375588830638668
Jump KM flag,0.388671875,0.5379244420035361
Jump KM flag,0.392578125,0.5382876076873225
Jump KM flag,0.396484375,0.5386488008362839
Jump KM flag,0.400390625,0.5390190836098421
Jump KM flag,0.404296875,0.5394105909327377
Jump KM flag,0.408203125,0.5398024340501717
Jump KM flag,0.412109375,0.5401939532298339
Jump KM flag,0.416015625,0.5405938807219497
Jump KM flag,0.419921875,0.5410016302439459
Jump KM flag,0.423828125,0.5414186941148424
Jump KM flag,0.427734375,0.5418379140647419
Jump KM flag,0.431640625,0.5422563237790263
Jump KM flag,0.435546875,0.5426792468564191
Jump KM flag,0.439453125,0.5431183586179849
Jump KM flag,0.443359375,0.5435749497568585
Jump KM flag,0.447265625,0.5440281956333421
Jump KM flag,0.451171875,0.5444697891847115
Jump KM flag,0.455078125,0.5449122068074923
Jump KM flag,0.458984375,0.5453624816479944
Jump KM flag,0.462890625,0.5457941912280102
Jump KM flag,0.466796875,0.5461953955592935
Jump KM flag,0.470703125,0.5465758621298616
Jump KM flag,0.474609375,0.5469580161490276
Jump KM flag,0.478515625,0.5473694539017508
Jump KM flag,0.482421875,0.547817444073774
Jump KM flag,0.486328125,0.5482588128127083
Jump KM flag,0.490234375,0.5486744197197686
Jump KM flag,0.494140625,0.5490810729055573
Jump KM flag,0.498046875,0.549497373120289
Jump KM flag,0.501953125,0.5499293042587614
Jump KM flag,0.505859375,0.5503459331976646
Jump KM flag,0.509765625,0.550742167710172
Jump KM flag,0.513671875,0.5511216056329196
Jump KM flag,0.517578125,0.5515146313043475
Jump KM flag,0.521484375,0.5519409269986367
Jump KM flag,0.525390625,0.5523671297832033
Jump KM flag,0.529296875,0.5527752458770766
Jump KM flag,0.533203125,0.5531884325000639
Jump KM flag,0.537109375,0.553626966699005
Jump KM flag,0.541015625,0.5540850899969478
Jump KM flag,0.544921875,0.5545528852626269
Jump KM flag,0.548828125,0.5550300439327428
Jump KM flag,0.552734375,0.5555068031370348
Jump KM flag,0.556640625,0.5559724956760648
Jump KM flag,0.560546875,0.5564525760178091
Jump KM flag,0.564453125,0.5569706110048465
Jump KM flag,0.568359375,0.5575102075171685
Jump KM flag,0.572265625,0.5580321014818431
Jump KM flag,0.576171875,0.5585248100314404
Jump KM flag,0.580078125,0.5590233339208421
Jump KM flag,0.583984375,0.5595495523105568
Jump KM flag,0.587890625,0.5600820845127396
Jump KM flag,0.591796875,0.560596500738204
Jump KM flag,0.595703125,0.5611196914173795
Jump KM flag,0.599609375,0.5617026573185377
Jump KM flag,0.603515625,0.5623202809004363
Jump KM flag,0.607421875,0.5628829526049866
Jump KM flag,0.611328125,0.5633960800008438
Jump KM flag,0.615234375,0.5639063959402486
Jump KM flag,0.619140625,0.5644679773717276
Jump KM flag,0.623046875,0.5650744741851867
Jump KM flag,0.626953125,0.565656667682123
Jump KM flag,0.630859375,0.5662065439349179
Jump KM flag,0.634765625,0.5667395521330008
Jump KM flag,0.638671875,0.5672880440362658
Jump KM flag,0.642578125,0.5678476637759169
Jump KM flag,0.646484375,0.5684003122771565
Jump KM flag,0.650390625,0.5689363109395383
Jump KM flag,0.654296875,0.5694365689978188
Jump KM flag,0.658203125,0.5699133007514801
Jump KM flag,0.662109375,0.5703717181116985
Jump KM flag,0.666015625,0.5708212735820433
Jump KM flag,0.669921875,0.5712689197161366
Jump KM flag,0.673828125,0.5717257041914371
Jump KM flag,0.677734375,0.5722081184701063
Jump KM flag,0.681640625,0.5726992460020268
Jump KM flag,0.685546875,0.5732150777838941
Jump KM flag,0.689453125,0.5737623644242937
Jump KM flag,0.693359375,0.5743561981126358
Jump KM flag,0.697265625,0.5749732355365045
Jump KM flag,0.701171875,0.57554031584494
Jump KM flag,0.705078125,0.5760647555813836
Jump KM flag,0.708984375,0.5765720347803178
Jump KM flag,0.712890625,0.5770700931135875
Jump KM flag,0.716796875,0.577539929004197
Jump KM flag,0.720703125,0.5780011281511209
Jump KM flag,0.724609375,0.5784655606682455
Jump KM flag,0.728515625,0.578917385479568
Jump KM flag,0.732421875,0.5793478299079792
Jump KM flag,0.736328125,0.5797778634041708
Jump KM flag,0.740234375,0.5802325019785848
Jump KM flag,0.744140625,0.5806980200495004
Jump KM flag,0.748046875,0.581183702896756
Jump KM flag,0.751953125,0.5816745603470759
Jump KM flag,0.755859375,0.5821887884389901
Jump KM flag,0.759765625,0.5826742119728379
Jump KM flag,0.763671875,0.5831332309961986
Jump KM flag,0.767578125,0.5836120037899917
Jump KM flag,0.771484375,0.5841525257729554
Jump KM flag,0.775390625,0.5847103009860163
Jump KM flag,0.779296875,0.5851992468257546
Jump KM flag,0.783203125,0.5856834357754057
Jump KM flag,0.787109375,0.5861905214093132
Jump KM flag,0.791015625,0.5867197114640984
Jump KM flag,0.794921875,0.5872451594183331
Jump KM flag,0.798828125,0.5877796626114469
Jump KM flag,0.802734375,0.5883460159573631
Jump KM flag,0.806640625,0.5889294993007299
Jump KM flag,0.810546875,0.5894980102795448
Jump KM flag,0.814453125,0.5900303412761712
Jump KM flag,0.818359375,0.5905422036347209
Jump KM flag,0.822265625,0.5910460567507286
Jump KM flag,0.826171875,0.5915536584395091
Jump KM flag,0.830078125,0.5920335966657011
Jump KM flag,0.833984375,0.5924905019001325
Jump KM flag,0.837890625,0.5929782746878606
Jump KM flag,0.841796875,0.5935176234619693
Jump KM flag,0.845703125,0.5941021036041921
Jump KM flag,0.849609375,0.5946742940898039
Jump KM flag,0.853515625,0.5952045132124371
Jump KM flag,0.857421875,0.5957083653504327
Jump KM flag,0.861328125,0.5962152121404696
Jump KM flag,0.865234375,0.5967617609335509
Jump KM flag,0.869140625,0.597346611445867
Jump KM flag,0.873046875,0.5979429329621637
Jump KM flag,0.876953125,0.598538585420503
Jump KM flag,0.880859375,0.5991314470830313
Jump KM flag,0.884765625,0.5997256131325726
Jump KM flag,0.888671875,0.6003387706450495
Jump KM flag,0.892578125,0.6009489178030168
Jump KM flag,0.896484375,0.60153124297744
Jump KM flag,0.900390625,0.6021132638498308
Jump KM flag,0.904296875,0.6027237004711742
Jump KM flag,0.908203125,0.6034056251892771
Jump KM flag,0.912109375,0.6041392744601107
Jump KM flag,0.916015625,0.6048921038949032
Jump KM flag,0.919921875,0.6056351109960293
Jump KM flag,0.923828125,0.6063568014373653
Jump KM flag,0.927734375,0.6071131889156104
Jump KM flag,0.931640625,0.6078982182628235
Jump KM flag,0.935546875,0.6086716934181676
Jump KM flag,0.939453125,0.6094354975008192
Jump KM flag,0.943359375,0.6101862052846883
Jump KM flag,0.947265625,0.6108998484879395
Jump KM flag,0.951171875,0.6115505497696748
Jump KM flag,0.955078125,0.6121726303258261
Jump KM flag,0.958984375,0.6128403397639322
Jump KM flag,0.962890625,0.6135651533969588
Jump KM flag,0.966796875,0.614326053307519
Jump KM flag,0.970703125,0.6150889771029421
Jump KM flag,0.974609375,0.6158232973901694
Jump KM flag,0.978515625,0.6165326247992151
Jump KM flag,0.982421875,0.6172471425035752
Jump KM flag,0.986328125,0.617990001348331
Jump KM flag,0.990234375,0.6187433020547146
Jump KM flag,0.994140625,0.6194968820651642
Jump KM flag,0.998046875,0.6202483252001111
Jump KM flag,1.001953125,0.6209913555927206
Jump KM flag,1.005859375,0.6217358125989589
Jump KM flag,1.009765625,0.62251829178518
Jump KM flag,1.013671875,0.6233515749234186
Jump KM flag,1.017578125,0.6242297273086531
Jump KM flag,1.021484375,0.6251296381622344
Jump KM flag,1.025390625,0.6260050853312356
Jump KM flag,1.029296875,0.6268291820734221
Jump KM flag,1.033203125,0.6276241460329379
Jump KM flag,1.037109375,0.6284168091129606
Jump KM flag,1.041015625,0.6292297522661031
Jump KM flag,1.044921875,0.630007683853187
Jump KM flag,1.048828125,0.6307075956406647
Jump KM flag,1.052734375,0.6313758065401117
Jump KM flag,1.056640625,0.632101230502135
Jump KM flag,1.060546875,0.6329485062215966
Jump KM flag,1.064453125,0.6338372481689324
Jump KM flag,1.068359375,0.6346937275139529
Jump KM flag,1.072265625,0.6355552702233818
Jump KM flag,1.076171875,0.636428545976615
Jump KM flag,1.080078125,0.637275543990041
Jump KM flag,1.083984375,0.638065965436753
Jump KM flag,1.087890625,0.6387645770074601
Jump KM flag,1.091796875,0.6393956896168347
Jump KM flag,1.095703125,0.640008499275568
Jump KM flag,1.099609375,0.6406851304148579
Jump KM flag,1.103515625,0.6414414858523416
Jump KM flag,1.107421875,0.6422166016612628
Jump KM flag,1.111328125,0.6429629423533832
Jump KM flag,1.115234375,0.6436861930643163
Jump KM flag,1.119140625,0.6444247364235338
Jump KM flag,1.123046875,0.6451876841844163
Jump KM flag,1.126953125,0.6459541730668031
Jump KM flag,1.130859375,0.6467118160592696
Jump KM flag,1.134765625,0.6474640926911005
Jump KM flag,1.138671875,0.6482108104921745
Jump KM flag,1.142578125,0.6489658213970235
Jump KM flag,1.146484375,0.6497725977717054
Jump KM flag,1.150390625,0.6506345226048086
Jump KM flag,1.154296875,0.6515359742052853
Jump KM flag,1.158203125,0.6524581620261434
Jump KM flag,1.162109375,0.6534586728720261
Jump KM flag,1.166015625,0.6545390393429978
Jump KM flag,1.169921875,0.6556595554250636
Jump KM flag,1.173828125,0.6567905858354764
Jump KM flag,1.177734375,0.6579052937999481
Jump KM flag,1.181640625,0.658984499888236
Jump KM flag,1.185546875,0.6600311200306314
Jump KM flag,1.189453125,0.6610975008796999
Jump KM flag,1.193359375,0.662199729602154
Jump KM flag,1.197265625,0.663319566945948
Jump KM flag,1.201171875,0.6643965922259509
Jump KM flag,1.205078125,0.6654167164730989
Jump KM flag,1.208984375,0.666396781143331
Jump KM flag,1.212890625,0.6674005760437555
Jump KM flag,1.216796875,0.6684913745358041
Jump KM flag,1.220703125,0.6696650446057403
Jump KM flag,1.224609375,0.6708715924487606
Jump KM flag,1.228515625,0.6721156347210583
Jump KM flag,1.232421875,0.6734036770722198
Jump KM flag,1.236328125,0.6746953891817052
Jump KM flag,1.240234375,0.6758995400603188
Jump KM flag,1.244140625,0.6770155131850256
Jump KM flag,1.248046875,0.678103931438869
Jump KM flag,1.251953125,0.6792019216484789
Jump KM flag,1.255859375,0.680350027133922
Jump KM flag,1.259765625,0.6815534035645009
Jump KM flag,1.263671875,0.6828046657328006
Jump KM flag,1.267578125,0.6840504709980798
Jump KM flag,1.271484375,0.6852460851396553
Jump KM flag,1.275390625,0.6864267094098248
Jump KM flag,1.279296875,0.6876418209016151
Jump KM flag,1.283203125,0.6889119985059625
Jump KM flag,1.287109375,0.6902114003320517
Jump KM flag,1.291015625,0.6915188617855536
Jump KM flag,1.294921875,0.6928235328179319
Jump KM flag,1.298828125,0.6941088428613379
Jump KM flag,1.302734375,0.6953445989686718
Jump KM flag,1.306640625,0.6965401831254884
Jump KM flag,1.310546875,0.6977468854667055
Jump KM flag,1.314453125,0.6989574472760558
Jump KM flag,1.318359375,0.7002208498410014
Jump KM flag,1.322265625,0.7015469387127905
Jump KM flag,1.326171875,0.702914931974778
Jump KM flag,1.330078125,0.7042979649054094
Jump KM flag,1.333984375,0.7056899776139397
Jump KM flag,1.337890625,0.7070955109383145
Jump KM flag,1.341796875,0.7085105601515673
Jump KM flag,1.345703125,0.7099426450935253
Jump KM flag,1.349609375,0.711385783839522
Jump KM flag,1.353515625,0.7127319901935353
Jump KM flag,1.357421875,0.7139690038726982
Jump KM flag,1.361328125,0.7152084026484667
Jump KM flag,1.365234375,0.7165412767671181
Jump KM flag,1.369140625,0.7179310399886538
Jump KM flag,1.373046875,0.7193681026999326
Jump KM flag,1.376953125,0.7209035672495111
Jump KM flag,1.380859375,0.7224824806482554
Jump KM flag,1.384765625,0.7239520147028169
Jump KM flag,1.388671875,0.7252291158458022
Jump KM flag,1.392578125,0.726463388803973
Jump KM flag,1.396484375,0.7277359741095285
Jump KM flag,1.400390625,0.729032651872031
Jump KM flag,1.404296875,0.7302875240028396
Jump KM flag,1.408203125,0.7314549961553757
Jump KM flag,1.412109375,0.7325478299133815
Jump KM flag,1.416015625,0.7335908700174129
Jump KM flag,1.419921875,0.7346384952546888
Jump KM flag,1.423828125,0.7357673695805113
Jump KM flag,1.427734375,0.7369479625906652
Jump KM flag,1.431640625,0.7381605029372226
Jump KM flag,1.435546875,0.7393448331032874
Jump KM flag,1.439453125,0.7404595417257962
Jump KM flag,1.443359375,0.7415341646201711
Jump KM flag,1.447265625,0.7426083796340293
Jump KM flag,1.451171875,0.7437110117062005
Jump KM flag,1.455078125,0.7447976975340495
Jump KM flag,1.458984375,0.7458437504183879
Jump KM flag,1.462890625,0.7469246894371012
Jump KM flag,1.466796875,0.7481157490695981
Jump KM flag,1.470703125,0.7493816581957753
Jump KM flag,1.474609375,0.7506288419498772
Jump KM flag,1.478515625,0.751822492897388
Jump KM flag,1.482421875,0.7529934604680103
Jump KM flag,1.486328125,0.7541453016931483
Jump KM flag,1.490234375,0.755251433146381
Jump KM flag,1.494140625,0.7563274942481683
Jump KM flag,1.498046875,0.7574353892766486
Jump KM flag,1.501953125,0.7585620266432791
Jump KM flag,1.505859375,0.7596392546909003
Jump KM flag,1.509765625,0.7606409434869595
Jump KM flag,1.513671875,0.7616578433942942
Jump KM flag,1.517578125,0.7627500662020084
Jump KM flag,1.521484375,0.7639049305875052
Jump KM flag,1.525390625,0.7650498889951411
Jump KM flag,1.529296875,0.766198041772125
Jump KM flag,1.533203125,0.7673088333295079
Jump KM flag,1.537109375,0.7683084961808878
Jump KM flag,1.541015625,0.76925422865383
Jump KM flag,1.544921875,0.7701903500315914
Jump KM flag,1.548828125,0.7711929172207149
Jump KM flag,1.552734375,0.7722461582117177
Jump KM flag,1.556640625,0.773317059690007
Jump KM flag,1.560546875,0.7743531400776201
Jump KM flag,1.564453125,0.7753494373647156
Jump KM flag,1.568359375,0.7763769518050953
Jump KM flag,1.572265625,0.7774585587161181
Jump KM flag,1.576171875,0.7785604187895315
Jump KM flag,1.580078125,0.7796394739497249
Jump KM flag,1.583984375,0.7807508807752523
Jump KM flag,1.587890625,0.7818723317199735
Jump KM flag,1.591796875,0.7829893559721764
Jump KM flag,1.595703125,0.7840808988884396
Jump KM flag,1.599609375,0.7851391811617748
Jump KM flag,1.603515625,0.7861982799717023
Jump KM flag,1.607421875,0.7872524101749583
Jump KM flag,1.611328125,0.7882702729931308
Jump KM flag,1.615234375,0.7892416448164014
Jump KM flag,1.619140625,0.7902188250895564
Jump KM flag,1.623046875,0.7912626131959237
Jump KM flag,1.626953125,0.792360229589665
Jump KM flag,1.630859375,0.7934523504656249
Jump KM flag,1.634765625,0.794520536055761
Jump KM flag,1.638671875,0.795528696097959
Jump KM flag,1.642578125,0.7964839297567412
Jump KM flag,1.646484375,0.7974186379680612
Jump KM flag,1.650390625,0.7984298736600377
Jump KM flag,1.654296875,0.7995320747752346
Jump KM flag,1.658203125,0.8006337361177933
Jump KM flag,1.662109375,0.8016792532265513
Jump KM flag,1.666015625,0.8026654842061004
Jump KM flag,1.669921875,0.8036325113641165
Jump KM flag,1.673828125,0.8046103228740508
Jump KM flag,1.677734375,0.8056179310275082
Jump KM flag,1.681640625,0.8066712159228184
Jump KM flag,1.685546875,0.8077302081452808
Jump KM flag,1.689453125,0.8087877745597303
Jump KM flag,1.693359375,0.8098721159022894
Jump KM flag,1.697265625,0.8109860668041018
Jump KM flag,1.701171875,0.8121319110301869
Jump KM flag,1.705078125,0.8132978807344969
Jump KM flag,1.708984375,0.8144769687288855
Jump KM flag,1.712890625,0.8156129909060235
Jump KM flag,1.716796875,0.8167130428879605
Jump KM flag,1.720703125,0.8178092074476088
Jump KM flag,1.724609375,0.8188935866889407
Jump KM flag,1.728515625,0.8199409771896888
Jump KM flag,1.732421875,0.8209535809187442
Jump KM flag,1.736328125,0.8219884532099367
Jump KM flag,1.740234375,0.8231097055309141
Jump KM flag,1.744140625,0.8243047231567824
Jump KM flag,1.748046875,0.8255634598738171
Jump KM flag,1.751953125,0.8268552879912427
Jump KM flag,1.755859375,0.8281637811921502
Jump KM flag,1.759765625,0.8294427143234234
Jump KM flag,1.763671875,0.8306614148606144
Jump KM flag,1.767578125,0.8318890093730996
Jump KM flag,1.771484375,0.8331317306886775
Jump KM flag,1.775390625,0.8343782808557123
Jump KM flag,1.779296875,0.8355976498832407
Jump KM flag,1.783203125,0.836790603559305
Jump KM flag,1.787109375,0.8379774979543869
Jump KM flag,1.791015625,0.8391693478521933
Jump KM flag,1.794921875,0.8404044606696698
Jump KM flag,1.798828125,0.841647324205717
Jump KM flag,1.802734375,0.8428383392395787
Jump KM flag,1.806640625,0.843950847600106
Jump KM flag,1.810546875,0.8450562042747073
Jump KM flag,1.814453125,0.8462348646360728
Jump KM flag,1.818359375,0.8475314516324489
Jump KM flag,1.822265625,0.8489006029510215
Jump KM flag,1.826171875,0.8502393176368254
Jump KM flag,1.830078125,0.8515441812627224
Jump KM flag,1.833984375,0.8528154062161182
Jump KM flag,1.837890625,0.8540710866208593
Jump KM flag,1.841796875,0.8552994643149422
Jump KM flag,1.845703125,0.8564729098154329
Jump KM flag,1.849609375,0.8576288020575891
Jump KM flag,1.853515625,0.8588402543001771
Jump KM flag,1.857421875,0.8601558805982316
Jump KM flag,1.861328125,0.8615760081487169
Jump KM flag,1.865234375,0.8630025148048663
Jump KM flag,1.869140625,0.8643805515911867
Jump KM flag,1.873046875,0.8656876556127807
Jump KM flag,1.876953125,0.8669662125287844
Jump KM flag,1.880859375,0.8682626161774856
Jump KM flag,1.884765625,0.8695509913526113
Jump KM flag,1.888671875,0.8708453446925125
Jump KM flag,1.892578125,0.8720935470014763
Jump KM flag,1.896484375,0.873304771771658
Jump KM flag,1.900390625,0.8745160731502708
Jump KM flag,1.904296875,0.8757175394138061
Jump KM flag,1.908203125,0.8769443800803214
Jump KM flag,1.912109375,0.8781629208331087
Jump KM flag,1.916015625,0.8794030656393987
Jump KM flag,1.919921875,0.8806466204367964
Jump KM flag,1.923828125,0.8818427595735566
Jump KM flag,1.927734375,0.8830026231043533
Jump KM flag,1.931640625,0.884120419757738
Jump KM flag,1.935546875,0.8851961538420641
Jump KM flag,1.939453125,0.886279516442321
Jump KM flag,1.943359375,0.8873962496718452
Jump KM flag,1.947265625,0.8885412177914954
Jump KM flag,1.951171875,0.8896935151417416
Jump KM flag,1.955078125,0.8908045556072435
Jump KM flag,1.958984375,0.8919052071678587
Jump KM flag,1.962890625,0.8930044645554018
Jump KM flag,1.966796875,0.8941336181900507
Jump KM flag,1.970703125,0.8952951743891365
Jump KM flag,1.974609375,0.8964399333586685
Jump KM flag,1.978515625,0.8975966918433678
Jump KM flag,1.982421875,0.8987776234429145
Jump KM flag,1.986328125,0.8999750389048597
Jump KM flag,1.990234375,0.9011560987276339
Jump KM flag,1.994140625,0.9023497026160685
Jump KM flag,1.998046875,0.9035718626789959
Jump KM flag,2.001953125,0.9047728494858075
Jump KM flag,2.005859375,0.9059143859744949
Jump KM flag,2.009765625,0.9069925461299357
Jump KM flag,2.013671875,0.9080733543890861
Jump KM flag,2.017578125,0.9091826354343111
Jump KM flag,2.021484375,0.9103561359310617
Jump KM flag,2.025390625,0.9115846526046778
Jump KM flag,2.029296875,0.912822309227486
Jump KM flag,2.033203125,0.9140085435964368
Jump KM flag,2.037109375,0.9150879517664028
Jump KM flag,2.041015625,0.9160999683159639
Jump KM flag,2.044921875,0.9171085551535273
Jump KM flag,2.048828125,0.9181377895131135
Jump KM flag,2.052734375,0.9191739135129638
Jump KM flag,2.056640625,0.9201945766088623
Jump KM flag,2.060546875,0.9212155835572817
Jump KM flag,2.064453125,0.9222810691651023
Jump KM flag,2.068359375,0.9233796630017661
Jump KM flag,2.072265625,0.9244384988844833
Jump KM flag,2.076171875,0.9254507898385844
Jump KM flag,2.080078125,0.9264669886571708
Jump KM flag,2.083984375,0.9275417323728877
Jump KM flag,2.087890625,0.9286273296347634
Jump KM flag,2.091796875,0.9296933222864889
Jump KM flag,2.095703125,0.9307890380067633
Jump KM flag,2.099609375,0.9318742598808893
Jump KM flag,2.103515625,0.9329084307679071
Jump KM flag,2.107421875,0.9338844259132306
Jump KM flag,2.111328125,0.9347935413884335
Jump KM flag,2.115234375,0.9356302718419287
Jump KM flag,2.119140625,0.936442878439045
Jump KM flag,2.123046875,0.9373011595110674
Jump KM flag,2.126953125,0.9382228244072177
Jump KM flag,2.130859375,0.9391638918465571
Jump KM flag,2.134765625,0.9401092241362599
Jump KM flag,2.138671875,0.9410991702795253
Jump KM flag,2.142578125,0.9420775061840064
Jump KM flag,2.146484375,0.9430405662153084
Jump KM flag,2.150390625,0.944016163398396
Jump KM flag,2.154296875,0.9450731864870765
Jump KM flag,2.158203125,0.9461611526967156
Jump KM flag,2.162109375,0.9471947930689539
Jump KM flag,2.166015625,0.9481355918601043
Jump KM flag,2.169921875,0.9489876141681276
Jump KM flag,2.173828125,0.9498426276581318
Jump KM flag,2.177734375,0.9507052754667628
Jump KM flag,2.181640625,0.9515666705303416
Jump KM flag,2.185546875,0.9523746997835566
Jump KM flag,2.189453125,0.9531651346411015
Jump KM flag,2.193359375,0.95399316932378
Jump KM flag,2.197265625,0.9548609677281346
Jump KM flag,2.201171875,0.9557794654802675
Jump KM flag,2.205078125,0.9567208392428124
Jump KM flag,2.208984375,0.9576535299495141
Jump KM flag,2.212890625,0.9585505073123799
Jump KM flag,2.216796875,0.959435380396468
Jump KM flag,2.220703125,0.9603221720257702
Jump KM flag,2.224609375,0.9611928610413817
Jump KM flag,2.228515625,0.9620128985413502
Jump KM flag,2.232421875,0.9627833883591219
Jump KM flag,2.236328125,0.9635434830032032
Jump KM flag,2.240234375,0.9642961869459377
Jump KM flag,2.244140625,0.9650580466016356
Jump KM flag,2.248046875,0.9658388442112671
Jump KM flag,2.251953125,0.9666732986370277
Jump KM flag,2.255859375,0.967570646684235
Jump KM flag,2.259765625,0.9684298033184532
Jump KM flag,2.263671875,0.9691780520357138
Jump KM flag,2.267578125,0.9698854340909584
Jump KM flag,2.271484375,0.9706317362427854
Jump KM flag,2.275390625,0.9713947177499996
Jump KM flag,2.279296875,0.9720974796265438
Jump KM flag,2.283203125,0.9727310688399686
Jump KM flag,2.287109375,0.9733674778328705
Jump KM flag,2.291015625,0.9740346237617867
Jump KM flag,2.294921875,0.97472537577037
Jump KM flag,2.298828125,0.9754120243280336
Jump KM flag,2.302734375,0.9760820262552862
Jump KM flag,2.306640625,0.9767241303051709
Jump KM flag,2.310546875,0.9773399740214505
Jump KM flag,2.314453125,0.9779665640632133
Jump KM flag,2.318359375,0.9786132753256711
Jump KM flag,2.322265625,0.9792797083263567
Jump KM flag,2.326171875,0.979913412550685
Jump KM flag,2.330078125,0.9805258219868082
Jump KM flag,2.333984375,0.9811115745658168
Jump KM flag,2.337890625,0.981660900630545
Jump KM flag,2.341796875,0.9821983231906691
Jump KM flag,2.345703125,0.9827580806053879
Jump KM flag,2.349609375,0.9833641621762014
Jump KM flag,2.353515625,0.983976645557112
Jump KM flag,2.357421875,0.9845464565930917
Jump KM flag,2.361328125,0.985062828246466
Jump KM flag,2.365234375,0.9855561591139678
Jump KM flag,2.369140625,0.9860531409856029
Jump KM flag,2.373046875,0.9865667160660604
Jump KM flag,2.376953125,0.9870900677055698
Jump KM flag,2.380859375,0.9876235362892677
Jump KM flag,2.384765625,0.9881361383188322
Jump KM flag,2.388671875,0.9886341536493042
Jump KM flag,2.392578125,0.9891288323007731
Jump KM flag,2.396484375,0.9896214139012949
Jump KM flag,2.400390625,0.9901044171577181
Jump KM flag,2.404296875,0.9905767497045744
Jump KM flag,2.408203125,0.9910567032737475
Jump KM flag,2.412109375,0.9915309752702315
Jump KM flag,2.416015625,0.9919898237007067
Jump KM flag,2.419921875,0.9924262309457843
Jump KM flag,2.423828125,0.9928452392800332
Jump KM flag,2.427734375,0.9932499567758566
Jump KM flag,2.431640625,0.9936460164620237
Jump KM flag,2.435546875,0.994044076793053
Jump KM flag,2.439453125,0.9944503735576127
Jump KM flag,2.443359375,0.9948681708634282
Jump KM flag,2.447265625,0.995299559911647
Jump KM flag,2.451171875,0.9957313221355019
Jump KM flag,2.455078125,0.9961535773218857
Jump KM flag,2.458984375,0.9965496642956307
Jump KM flag,2.462890625,0.9969244187134717
Jump KM flag,2.466796875,0.9972881724489229
Jump KM flag,2.470703125,0.9976493444632868
Jump KM flag,2.474609375,0.9980069754133499
Jump KM flag,2.478515625,0.9983576585605825
Jump KM flag,2.482421875,0.9987086395799166
Jump KM flag,2.486328125,0.9990603375287997
Jump KM flag,2.490234375,0.9993971831702152
Jump KM flag,2.494140625,0.9997074909959438
Jump KM flag,2.498046875,1.0
